data_czas,kod_stacji,nazwa_stacji,rok,miesiac,dzien,godzina,temperatura_C,wilgotnosc_proc,punkt_rosy_C,cisnienie_hPa,cisnienie_msl_hPa,kierunek_wiatru,predkosc_wiatru,poryw_wiatru,zachmurzenie_oktanty,pogoda_biezaca,pogoda_ubiegla,opad_mm_6h,status_opadu_6h,rodzaj_opadu_6h,snieg_cm
2025-01-01 00:00:00,351150400,ZIELONA GÓRA,2025,1,1,0,-0.2,85,-2.4,996.5,1020.8,245.0,5.0,11.0,,0,,,9.0,,
2025-01-01 01:00:00,351150400,ZIELONA GÓRA,2025,1,1,1,0.2,80,-2.8,996.3,1020.6,245.0,5.0,11.0,,0,,,8.0,,
2025-01-01 02:00:00,351150400,ZIELONA GÓRA,2025,1,1,2,0.6,81,-2.3,995.0,1019.2,230.0,6.0,12.0,,0,,,8.0,,
2025-01-01 03:00:00,351150400,ZIELONA GÓRA,2025,1,1,3,0.9,79,-2.3,994.4,1018.6,225.0,6.0,11.0,,0,,,8.0,,
2025-01-01 04:00:00,351150400,ZIELONA GÓRA,2025,1,1,4,1.2,78,-2.2,994.0,1018.1,234.0,6.0,11.0,,0,,,8.0,,
2025-01-01 05:00:00,351150400,ZIELONA GÓRA,2025,1,1,5,1.5,79,-1.7,993.6,1017.7,230.0,5.0,10.0,,0,,,8.0,,
2025-01-01 06:00:00,351150400,ZIELONA GÓRA,2025,1,1,6,1.8,81,-1.1,993.2,1017.3,220.0,6.0,11.0,7.0,0,,,9.0,,
2025-01-01 07:00:00,351150400,ZIELONA GÓRA,2025,1,1,7,2.4,81,-0.5,992.6,1016.6,225.0,5.0,10.0,7.0,3,2.0,,8.0,,
2025-01-01 08:00:00,351150400,ZIELONA GÓRA,2025,1,1,8,2.7,80,-0.4,992.3,1016.3,225.0,5.0,11.0,7.0,2,2.0,,8.0,,
2025-01-01 09:00:00,351150400,ZIELONA GÓRA,2025,1,1,9,2.9,79,-0.4,992.2,1016.1,228.0,5.0,10.0,8.0,3,2.0,,8.0,,
2025-01-01 10:00:00,351150400,ZIELONA GÓRA,2025,1,1,10,3.5,77,-0.2,991.7,1015.6,223.0,6.0,,7.0,3,2.0,,8.0,,
2025-01-01 11:00:00,351150400,ZIELONA GÓRA,2025,1,1,11,4.1,75,0.1,991.0,1014.8,226.0,5.0,11.0,7.0,1,2.0,,8.0,,
2025-01-01 12:00:00,351150400,ZIELONA GÓRA,2025,1,1,12,4.5,73,0.1,989.9,1013.7,231.0,6.0,12.0,8.0,3,2.0,,9.0,,
2025-01-01 13:00:00,351150400,ZIELONA GÓRA,2025,1,1,13,5.0,69,-0.2,988.8,1012.5,222.0,5.0,,8.0,1,2.0,,8.0,,
2025-01-01 14:00:00,351150400,ZIELONA GÓRA,2025,1,1,14,4.3,72,-0.3,987.8,1011.5,213.0,5.0,,8.0,3,2.0,,8.0,,
2025-01-01 15:00:00,351150400,ZIELONA GÓRA,2025,1,1,15,4.1,73,-0.3,987.1,1010.8,222.0,4.0,,8.0,3,2.0,,8.0,,
2025-01-01 16:00:00,351150400,ZIELONA GÓRA,2025,1,1,16,4.1,71,-0.7,986.5,1010.2,218.0,4.0,,8.0,1,2.0,,8.0,,
2025-01-01 17:00:00,351150400,ZIELONA GÓRA,2025,1,1,17,4.0,68,-1.4,985.8,1009.5,222.0,3.0,,8.0,3,2.0,,8.0,,
2025-01-01 18:00:00,351150400,ZIELONA GÓRA,2025,1,1,18,4.9,59,-2.5,984.9,1008.5,222.0,4.0,,8.0,2,2.0,,9.0,,
2025-01-01 19:00:00,351150400,ZIELONA GÓRA,2025,1,1,19,5.4,55,-2.9,984.4,1007.9,231.0,4.0,,8.0,2,2.0,,8.0,,
2025-01-01 20:00:00,351150400,ZIELONA GÓRA,2025,1,1,20,6.3,48,-3.9,983.8,1007.3,239.0,4.0,,8.0,2,2.0,,8.0,,
2025-01-01 21:00:00,351150400,ZIELONA GÓRA,2025,1,1,21,6.3,47,-4.2,983.4,1006.8,229.0,3.0,,8.0,2,2.0,,8.0,,
2025-01-01 22:00:00,351150400,ZIELONA GÓRA,2025,1,1,22,9.0,40,-3.9,983.0,1006.2,254.0,6.0,13.0,,0,,,8.0,,
2025-01-01 23:00:00,351150400,ZIELONA GÓRA,2025,1,1,23,9.0,42,-3.2,982.4,1005.6,252.0,8.0,17.0,,0,,,8.0,,
2025-01-02 00:00:00,351150400,ZIELONA GÓRA,2025,1,2,0,8.8,46,-2.2,981.9,1005.1,255.0,7.0,14.0,,61,,0.0,,,
2025-01-02 01:00:00,351150400,ZIELONA GÓRA,2025,1,2,1,8.0,56,-0.3,981.4,1004.7,247.0,6.0,13.0,,81,,,8.0,,
2025-01-02 02:00:00,351150400,ZIELONA GÓRA,2025,1,2,2,8.5,53,-0.5,980.7,1003.9,242.0,7.0,15.0,,0,,,8.0,,
2025-01-02 03:00:00,351150400,ZIELONA GÓRA,2025,1,2,3,8.9,54,0.1,980.2,1003.3,254.0,8.0,16.0,,0,,,8.0,,
2025-01-02 04:00:00,351150400,ZIELONA GÓRA,2025,1,2,4,8.5,59,0.9,980.1,1003.3,255.0,7.0,16.0,,0,,,8.0,,
2025-01-02 05:00:00,351150400,ZIELONA GÓRA,2025,1,2,5,6.8,78,3.2,980.4,1003.7,257.0,6.0,13.0,,61,,,8.0,,
2025-01-02 06:00:00,351150400,ZIELONA GÓRA,2025,1,2,6,5.6,92,4.4,980.9,1004.3,263.0,5.0,12.0,8.0,80,,0.2,,6.0,
2025-01-02 07:00:00,351150400,ZIELONA GÓRA,2025,1,2,7,5.0,90,3.5,981.4,1004.9,269.0,5.0,10.0,7.0,25,8.0,,8.0,,
2025-01-02 08:00:00,351150400,ZIELONA GÓRA,2025,1,2,8,5.0,86,2.9,982.1,1005.6,269.0,5.0,11.0,8.0,1,2.0,,8.0,,
2025-01-02 09:00:00,351150400,ZIELONA GÓRA,2025,1,2,9,4.1,63,-2.3,983.7,1007.3,303.0,7.0,13.0,7.0,25,8.0,,8.0,,
2025-01-02 10:00:00,351150400,ZIELONA GÓRA,2025,1,2,10,3.5,61,-3.3,984.5,1008.2,304.0,4.0,,7.0,1,2.0,,8.0,,
2025-01-02 11:00:00,351150400,ZIELONA GÓRA,2025,1,2,11,3.2,68,-2.1,984.9,1008.6,290.0,4.0,9.0,7.0,1,2.0,,8.0,,
2025-01-02 12:00:00,351150400,ZIELONA GÓRA,2025,1,2,12,2.8,69,-2.3,985.1,1008.9,279.0,3.0,,7.0,1,8.0,0.2,,6.0,
2025-01-02 13:00:00,351150400,ZIELONA GÓRA,2025,1,2,13,2.6,76,-1.2,984.9,1008.7,269.0,4.0,,7.0,1,2.0,,8.0,,
2025-01-02 14:00:00,351150400,ZIELONA GÓRA,2025,1,2,14,2.6,76,-1.2,984.9,1008.7,264.0,3.0,,6.0,3,2.0,,8.0,,
2025-01-02 15:00:00,351150400,ZIELONA GÓRA,2025,1,2,15,2.2,81,-0.7,985.3,1009.1,264.0,3.0,,4.0,3,1.0,,8.0,,
2025-01-02 16:00:00,351150400,ZIELONA GÓRA,2025,1,2,16,1.8,85,-0.5,985.4,1009.3,264.0,3.0,,3.0,1,0.0,,8.0,,
2025-01-02 17:00:00,351150400,ZIELONA GÓRA,2025,1,2,17,1.8,86,-0.3,985.4,1009.3,260.0,3.0,,6.0,1,1.0,,8.0,,
2025-01-02 18:00:00,351150400,ZIELONA GÓRA,2025,1,2,18,1.6,85,-0.7,985.6,1009.5,265.0,3.0,8.0,2.0,1,1.0,,9.0,,
2025-01-02 19:00:00,351150400,ZIELONA GÓRA,2025,1,2,19,1.3,89,-0.3,986.0,1009.9,287.0,4.0,9.0,3.0,3,0.0,,8.0,,
2025-01-02 20:00:00,351150400,ZIELONA GÓRA,2025,1,2,20,0.9,92,-0.3,986.5,1010.5,263.0,3.0,,6.0,1,1.0,,8.0,,
2025-01-02 21:00:00,351150400,ZIELONA GÓRA,2025,1,2,21,0.9,91,-0.4,986.6,1010.6,253.0,3.0,,7.0,3,1.0,,8.0,,
2025-01-02 22:00:00,351150400,ZIELONA GÓRA,2025,1,2,22,0.8,93,-0.2,986.9,1010.9,255.0,3.0,,,21,,,8.0,,
2025-01-02 23:00:00,351150400,ZIELONA GÓRA,2025,1,2,23,0.7,94,-0.2,987.0,1011.0,253.0,3.0,,,0,,,8.0,,
2025-01-03 00:00:00,351150400,ZIELONA GÓRA,2025,1,3,0,0.6,94,-0.3,987.0,1011.0,271.0,4.0,,,0,,0.0,,,
2025-01-03 01:00:00,351150400,ZIELONA GÓRA,2025,1,3,1,0.7,92,-0.5,987.1,1011.1,268.0,4.0,,,0,,,8.0,,
2025-01-03 02:00:00,351150400,ZIELONA GÓRA,2025,1,3,2,0.8,91,-0.5,987.4,1011.4,268.0,4.0,,,0,,,8.0,,
2025-01-03 03:00:00,351150400,ZIELONA GÓRA,2025,1,3,3,0.8,90,-0.7,987.4,1011.4,272.0,3.0,,,80,,,8.0,,
2025-01-03 04:00:00,351150400,ZIELONA GÓRA,2025,1,3,4,0.9,86,-1.2,987.2,1011.2,270.0,5.0,,,0,,,8.0,,
2025-01-03 05:00:00,351150400,ZIELONA GÓRA,2025,1,3,5,0.9,86,-1.2,986.8,1010.8,271.0,5.0,12.0,,0,,,8.0,,
2025-01-03 06:00:00,351150400,ZIELONA GÓRA,2025,1,3,6,0.7,90,-0.8,986.7,1010.7,266.0,3.0,,8.0,85,,0.1,,7.0,0.0
2025-01-03 07:00:00,351150400,ZIELONA GÓRA,2025,1,3,7,0.7,89,-0.9,986.8,1010.8,276.0,4.0,,7.0,88,8.0,,8.0,,
2025-01-03 08:00:00,351150400,ZIELONA GÓRA,2025,1,3,8,1.1,84,-1.3,986.9,1010.9,268.0,4.0,,7.0,26,2.0,,8.0,,
2025-01-03 09:00:00,351150400,ZIELONA GÓRA,2025,1,3,9,1.2,84,-1.2,986.8,1010.8,268.0,4.0,,7.0,83,8.0,,8.0,,
2025-01-03 10:00:00,351150400,ZIELONA GÓRA,2025,1,3,10,0.1,94,-0.8,986.8,1010.9,269.0,4.0,9.0,7.0,86,8.0,,8.0,,
2025-01-03 11:00:00,351150400,ZIELONA GÓRA,2025,1,3,11,0.7,87,-1.2,986.1,1010.1,270.0,5.0,,6.0,26,2.0,,8.0,,
2025-01-03 12:00:00,351150400,ZIELONA GÓRA,2025,1,3,12,1.1,80,-2.0,985.6,1009.5,266.0,5.0,11.0,7.0,3,8.0,0.8,,7.0,
2025-01-03 13:00:00,351150400,ZIELONA GÓRA,2025,1,3,13,1.2,75,-2.7,984.9,1008.8,263.0,4.0,9.0,7.0,83,8.0,,8.0,,
2025-01-03 14:00:00,351150400,ZIELONA GÓRA,2025,1,3,14,1.6,71,-3.1,984.1,1008.0,257.0,5.0,10.0,6.0,26,8.0,,8.0,,
2025-01-03 15:00:00,351150400,ZIELONA GÓRA,2025,1,3,15,1.6,72,-2.9,983.7,1007.6,256.0,6.0,11.0,8.0,26,8.0,,8.0,,
2025-01-03 16:00:00,351150400,ZIELONA GÓRA,2025,1,3,16,1.2,78,-2.2,983.9,1007.8,274.0,7.0,15.0,8.0,86,8.0,,8.0,,
2025-01-03 17:00:00,351150400,ZIELONA GÓRA,2025,1,3,17,0.0,92,-1.1,984.8,1008.8,294.0,5.0,11.0,7.0,26,8.0,,8.0,,
2025-01-03 18:00:00,351150400,ZIELONA GÓRA,2025,1,3,18,-0.8,82,-3.5,985.7,1009.8,294.0,5.0,10.0,3.0,26,8.0,0.6,,7.0,3.0
2025-01-03 19:00:00,351150400,ZIELONA GÓRA,2025,1,3,19,-0.9,80,-3.9,986.6,1010.7,289.0,5.0,11.0,7.0,3,1.0,,8.0,,
2025-01-03 20:00:00,351150400,ZIELONA GÓRA,2025,1,3,20,-1.6,87,-3.5,987.9,1012.1,297.0,4.0,9.0,1.0,26,1.0,,8.0,,
2025-01-03 21:00:00,351150400,ZIELONA GÓRA,2025,1,3,21,-2.0,79,-5.2,988.7,1013.0,281.0,4.0,9.0,0.0,1,8.0,,8.0,,
2025-01-03 22:00:00,351150400,ZIELONA GÓRA,2025,1,3,22,-2.5,86,-4.5,989.2,1013.6,281.0,5.0,10.0,,0,,,8.0,,
2025-01-03 23:00:00,351150400,ZIELONA GÓRA,2025,1,3,23,-2.6,90,-4.0,989.9,1014.3,274.0,4.0,9.0,,0,,,8.0,,
2025-01-04 00:00:00,351150400,ZIELONA GÓRA,2025,1,4,0,-2.5,92,-3.6,990.0,1014.4,275.0,5.0,12.0,,0,,0.7,,,
2025-01-04 01:00:00,351150400,ZIELONA GÓRA,2025,1,4,1,-2.0,88,-3.7,990.7,1015.0,283.0,5.0,11.0,,0,,,8.0,,
2025-01-04 02:00:00,351150400,ZIELONA GÓRA,2025,1,4,2,-1.7,84,-4.0,991.5,1015.8,287.0,5.0,,,0,,,8.0,,
2025-01-04 03:00:00,351150400,ZIELONA GÓRA,2025,1,4,3,-1.3,82,-4.0,992.3,1016.6,297.0,4.0,,,0,,,8.0,,
2025-01-04 04:00:00,351150400,ZIELONA GÓRA,2025,1,4,4,-1.6,83,-4.1,992.9,1017.3,292.0,4.0,9.0,,0,,,8.0,,
2025-01-04 05:00:00,351150400,ZIELONA GÓRA,2025,1,4,5,-1.7,83,-4.2,993.4,1017.8,284.0,4.0,9.0,,0,,,8.0,,
2025-01-04 06:00:00,351150400,ZIELONA GÓRA,2025,1,4,6,-2.3,83,-4.8,994.2,1018.7,283.0,3.0,,2.0,0,,,9.0,,3.0
2025-01-04 07:00:00,351150400,ZIELONA GÓRA,2025,1,4,7,-2.2,87,-4.1,994.9,1019.4,293.0,2.0,,7.0,3,1.0,,8.0,,
2025-01-04 08:00:00,351150400,ZIELONA GÓRA,2025,1,4,8,-1.9,87,-3.8,995.7,1020.2,298.0,2.0,,7.0,1,2.0,,8.0,,
2025-01-04 09:00:00,351150400,ZIELONA GÓRA,2025,1,4,9,-1.5,85,-3.7,996.2,1020.6,280.0,3.0,,7.0,1,1.0,,8.0,,
2025-01-04 10:00:00,351150400,ZIELONA GÓRA,2025,1,4,10,-1.3,83,-3.8,996.4,1020.8,263.0,2.0,,7.0,3,2.0,,8.0,,
2025-01-04 11:00:00,351150400,ZIELONA GÓRA,2025,1,4,11,-1.2,82,-3.9,996.3,1020.7,264.0,3.0,,7.0,2,2.0,,8.0,,
2025-01-04 12:00:00,351150400,ZIELONA GÓRA,2025,1,4,12,-1.0,82,-3.7,995.9,1020.3,246.0,2.0,,7.0,2,1.0,,9.0,,
2025-01-04 13:00:00,351150400,ZIELONA GÓRA,2025,1,4,13,-0.8,81,-3.7,995.5,1019.9,233.0,3.0,,7.0,2,2.0,,8.0,,
2025-01-04 14:00:00,351150400,ZIELONA GÓRA,2025,1,4,14,-0.7,81,-3.6,995.2,1019.5,217.0,2.0,,7.0,2,2.0,,8.0,,
2025-01-04 15:00:00,351150400,ZIELONA GÓRA,2025,1,4,15,-1.0,85,-3.2,995.0,1019.4,254.0,2.0,,7.0,2,2.0,,8.0,,
2025-01-04 16:00:00,351150400,ZIELONA GÓRA,2025,1,4,16,-1.7,89,-3.3,994.9,1019.3,215.0,2.0,,7.0,1,2.0,,8.0,,
2025-01-04 17:00:00,351150400,ZIELONA GÓRA,2025,1,4,17,-2.4,93,-3.4,994.7,1019.2,205.0,2.0,,7.0,1,2.0,,8.0,,
2025-01-04 18:00:00,351150400,ZIELONA GÓRA,2025,1,4,18,-2.6,94,-3.4,994.4,1018.9,221.0,2.0,,5.0,1,2.0,,9.0,,
2025-01-04 19:00:00,351150400,ZIELONA GÓRA,2025,1,4,19,-2.9,96,-3.4,994.0,1018.5,209.0,2.0,,5.0,3,2.0,,8.0,,
2025-01-04 20:00:00,351150400,ZIELONA GÓRA,2025,1,4,20,-3.0,94,-3.8,993.5,1018.0,212.0,2.0,,7.0,3,2.0,,8.0,,
2025-01-04 21:00:00,351150400,ZIELONA GÓRA,2025,1,4,21,-3.2,95,-3.9,993.0,1017.5,212.0,2.0,,7.0,2,2.0,,8.0,,
2025-01-04 22:00:00,351150400,ZIELONA GÓRA,2025,1,4,22,-3.1,94,-3.9,992.6,1017.1,209.0,2.0,,,0,,,8.0,,
2025-01-04 23:00:00,351150400,ZIELONA GÓRA,2025,1,4,23,-3.2,92,-4.3,992.1,1016.6,223.0,2.0,,,0,,,8.0,,
2025-01-05 00:00:00,351150400,ZIELONA GÓRA,2025,1,5,0,-4.0,93,-5.0,991.5,1016.1,195.0,2.0,,,0,,,9.0,,
2025-01-05 01:00:00,351150400,ZIELONA GÓRA,2025,1,5,1,-4.7,95,-5.4,991.3,1015.9,178.0,2.0,,,10,,,8.0,,
2025-01-05 02:00:00,351150400,ZIELONA GÓRA,2025,1,5,2,-4.0,95,-4.7,990.8,1015.3,184.0,2.0,,,0,,,8.0,,
2025-01-05 03:00:00,351150400,ZIELONA GÓRA,2025,1,5,3,-4.3,94,-5.1,990.0,1014.5,176.0,1.0,,,0,,,8.0,,
2025-01-05 04:00:00,351150400,ZIELONA GÓRA,2025,1,5,4,-4.6,95,-5.3,989.4,1014.0,189.0,1.0,,,0,,,8.0,,
2025-01-05 05:00:00,351150400,ZIELONA GÓRA,2025,1,5,5,-4.8,95,-5.5,989.0,1013.6,169.0,1.0,,,0,,,8.0,,
2025-01-05 06:00:00,351150400,ZIELONA GÓRA,2025,1,5,6,-4.9,96,-5.4,988.7,1013.3,154.0,2.0,,8.0,0,,,9.0,,2.0
2025-01-05 07:00:00,351150400,ZIELONA GÓRA,2025,1,5,7,-4.6,95,-5.3,988.3,1012.8,154.0,2.0,,7.0,1,2.0,,8.0,,
2025-01-05 08:00:00,351150400,ZIELONA GÓRA,2025,1,5,8,-4.1,92,-5.2,987.8,1012.3,147.0,2.0,,7.0,2,2.0,,8.0,,
2025-01-05 09:00:00,351150400,ZIELONA GÓRA,2025,1,5,9,-3.1,83,-5.6,987.3,1011.7,151.0,2.0,,8.0,3,2.0,,8.0,,
2025-01-05 10:00:00,351150400,ZIELONA GÓRA,2025,1,5,10,-2.6,81,-5.4,986.4,1010.7,137.0,2.0,,8.0,2,2.0,,8.0,,
2025-01-05 11:00:00,351150400,ZIELONA GÓRA,2025,1,5,11,-2.0,77,-5.5,985.4,1009.6,143.0,3.0,,8.0,1,2.0,,8.0,,
2025-01-05 12:00:00,351150400,ZIELONA GÓRA,2025,1,5,12,-1.8,79,-5.0,984.2,1008.4,136.0,3.0,,8.0,2,2.0,,9.0,,
2025-01-05 13:00:00,351150400,ZIELONA GÓRA,2025,1,5,13,-1.6,78,-4.9,982.8,1006.9,139.0,3.0,,8.0,2,2.0,,8.0,,
2025-01-05 14:00:00,351150400,ZIELONA GÓRA,2025,1,5,14,-1.5,77,-5.0,982.1,1006.2,135.0,3.0,,8.0,3,2.0,,8.0,,
2025-01-05 15:00:00,351150400,ZIELONA GÓRA,2025,1,5,15,-1.5,78,-4.8,981.2,1005.3,134.0,3.0,,8.0,3,2.0,,8.0,,
2025-01-05 16:00:00,351150400,ZIELONA GÓRA,2025,1,5,16,-1.6,81,-4.4,980.5,1004.6,135.0,4.0,,8.0,71,2.0,,8.0,,
2025-01-05 17:00:00,351150400,ZIELONA GÓRA,2025,1,5,17,-2.3,95,-3.0,979.5,1003.6,141.0,4.0,,8.0,71,7.0,,8.0,,
2025-01-05 18:00:00,351150400,ZIELONA GÓRA,2025,1,5,18,-2.5,98,-2.8,978.5,1002.6,137.0,5.0,,8.0,71,2.0,0.4,,7.0,4.0
2025-01-05 19:00:00,351150400,ZIELONA GÓRA,2025,1,5,19,-2.3,98,-2.6,977.5,1001.6,139.0,5.0,,8.0,71,7.0,,8.0,,
2025-01-05 20:00:00,351150400,ZIELONA GÓRA,2025,1,5,20,-2.1,99,-2.2,976.2,1000.2,141.0,4.0,9.0,8.0,68,7.0,,8.0,,
2025-01-05 21:00:00,351150400,ZIELONA GÓRA,2025,1,5,21,-1.7,100,-1.7,975.3,999.2,150.0,5.0,,8.0,66,7.0,,8.0,,
2025-01-05 22:00:00,351150400,ZIELONA GÓRA,2025,1,5,22,-1.2,100,-1.2,974.7,998.6,147.0,5.0,,,64,,,8.0,,
2025-01-05 23:00:00,351150400,ZIELONA GÓRA,2025,1,5,23,-0.7,100,-0.7,973.8,997.6,153.0,5.0,,,54,,,8.0,,
2025-01-06 00:00:00,351150400,ZIELONA GÓRA,2025,1,6,0,-0.2,100,-0.2,973.1,996.9,157.0,4.0,,,64,,2.6,,,
2025-01-06 01:00:00,351150400,ZIELONA GÓRA,2025,1,6,1,0.4,100,0.4,972.6,996.3,173.0,4.0,,,64,,,8.0,,
2025-01-06 02:00:00,351150400,ZIELONA GÓRA,2025,1,6,2,0.9,100,0.9,972.1,995.7,186.0,4.0,,,64,,,8.0,,
2025-01-06 03:00:00,351150400,ZIELONA GÓRA,2025,1,6,3,2.0,100,2.0,971.8,995.3,188.0,4.0,,,51,,,8.0,,
2025-01-06 04:00:00,351150400,ZIELONA GÓRA,2025,1,6,4,2.6,100,2.6,971.7,995.2,191.0,4.0,,,23,,,8.0,,
2025-01-06 05:00:00,351150400,ZIELONA GÓRA,2025,1,6,5,3.2,100,3.2,971.5,994.9,196.0,4.0,,,40,,,8.0,,
2025-01-06 06:00:00,351150400,ZIELONA GÓRA,2025,1,6,6,3.5,100,3.5,971.4,994.8,191.0,4.0,,7.0,10,,1.6,,7.0,3.0
2025-01-06 07:00:00,351150400,ZIELONA GÓRA,2025,1,6,7,3.8,100,3.8,971.5,994.9,190.0,4.0,,7.0,1,2.0,,8.0,,
2025-01-06 08:00:00,351150400,ZIELONA GÓRA,2025,1,6,8,4.6,98,4.3,971.6,994.9,199.0,4.0,,7.0,1,2.0,,8.0,,
2025-01-06 09:00:00,351150400,ZIELONA GÓRA,2025,1,6,9,5.3,93,4.3,971.4,994.6,199.0,4.0,,7.0,1,2.0,,8.0,,
2025-01-06 10:00:00,351150400,ZIELONA GÓRA,2025,1,6,10,6.4,87,4.4,971.3,994.4,206.0,4.0,,7.0,2,2.0,,8.0,,
2025-01-06 11:00:00,351150400,ZIELONA GÓRA,2025,1,6,11,7.0,85,4.6,971.4,994.5,196.0,4.0,,7.0,3,2.0,,8.0,,
2025-01-06 12:00:00,351150400,ZIELONA GÓRA,2025,1,6,12,7.3,81,4.3,971.2,994.3,201.0,4.0,,7.0,1,2.0,,9.0,,
2025-01-06 13:00:00,351150400,ZIELONA GÓRA,2025,1,6,13,7.5,78,3.9,971.1,994.1,200.0,4.0,,7.0,3,2.0,,8.0,,
2025-01-06 14:00:00,351150400,ZIELONA GÓRA,2025,1,6,14,7.3,78,3.7,971.5,994.6,193.0,4.0,,7.0,3,2.0,,8.0,,
2025-01-06 15:00:00,351150400,ZIELONA GÓRA,2025,1,6,15,7.4,76,3.4,971.4,994.5,189.0,4.0,,7.0,1,2.0,,8.0,,
2025-01-06 16:00:00,351150400,ZIELONA GÓRA,2025,1,6,16,6.7,77,2.9,971.4,994.5,184.0,4.0,,7.0,3,2.0,,8.0,,
2025-01-06 17:00:00,351150400,ZIELONA GÓRA,2025,1,6,17,7.6,71,2.7,971.4,994.4,187.0,4.0,,6.0,1,2.0,,8.0,,
2025-01-06 18:00:00,351150400,ZIELONA GÓRA,2025,1,6,18,7.8,69,2.5,971.4,994.4,189.0,4.0,,1.0,1,1.0,,9.0,,
2025-01-06 19:00:00,351150400,ZIELONA GÓRA,2025,1,6,19,7.9,67,2.1,972.1,995.1,200.0,5.0,,1.0,2,0.0,,8.0,,
2025-01-06 20:00:00,351150400,ZIELONA GÓRA,2025,1,6,20,7.9,66,1.9,972.8,995.9,206.0,5.0,,7.0,3,1.0,,8.0,,
2025-01-06 21:00:00,351150400,ZIELONA GÓRA,2025,1,6,21,7.9,67,2.1,973.2,996.3,209.0,4.0,,7.0,2,1.0,,8.0,,
2025-01-06 22:00:00,351150400,ZIELONA GÓRA,2025,1,6,22,7.6,69,2.3,974.2,997.3,208.0,5.0,,,0,,,8.0,,
2025-01-06 23:00:00,351150400,ZIELONA GÓRA,2025,1,6,23,7.2,71,2.3,974.5,997.7,203.0,4.0,,,0,,,8.0,,
2025-01-07 00:00:00,351150400,ZIELONA GÓRA,2025,1,7,0,7.4,72,2.7,975.0,998.1,208.0,4.0,,,0,,,9.0,,
2025-01-07 01:00:00,351150400,ZIELONA GÓRA,2025,1,7,1,7.6,72,2.9,975.7,998.8,222.0,4.0,,,0,,,8.0,,
2025-01-07 02:00:00,351150400,ZIELONA GÓRA,2025,1,7,2,6.9,75,2.8,976.2,999.4,201.0,3.0,,,0,,,8.0,,
2025-01-07 03:00:00,351150400,ZIELONA GÓRA,2025,1,7,3,6.5,78,2.9,976.5,999.8,204.0,4.0,,,0,,,8.0,,
2025-01-07 04:00:00,351150400,ZIELONA GÓRA,2025,1,7,4,6.1,80,2.9,977.1,1000.4,201.0,3.0,,,0,,,8.0,,
2025-01-07 05:00:00,351150400,ZIELONA GÓRA,2025,1,7,5,6.3,78,2.7,977.0,1000.3,218.0,4.0,,,0,,,8.0,,
2025-01-07 06:00:00,351150400,ZIELONA GÓRA,2025,1,7,6,6.2,75,2.1,977.2,1000.5,223.0,3.0,,8.0,0,,,9.0,,
2025-01-07 07:00:00,351150400,ZIELONA GÓRA,2025,1,7,7,5.7,79,2.3,977.8,1001.2,203.0,3.0,,8.0,2,2.0,,8.0,,
2025-01-07 08:00:00,351150400,ZIELONA GÓRA,2025,1,7,8,5.6,77,1.9,977.9,1001.3,212.0,4.0,,8.0,2,2.0,,8.0,,
2025-01-07 09:00:00,351150400,ZIELONA GÓRA,2025,1,7,9,5.9,74,1.6,978.1,1001.4,212.0,3.0,,7.0,1,2.0,,8.0,,
2025-01-07 10:00:00,351150400,ZIELONA GÓRA,2025,1,7,10,6.5,69,1.2,978.4,1001.7,226.0,5.0,10.0,7.0,3,2.0,,8.0,,
2025-01-07 11:00:00,351150400,ZIELONA GÓRA,2025,1,7,11,6.7,67,1.0,978.2,1001.5,226.0,5.0,,7.0,1,2.0,,8.0,,
2025-01-07 12:00:00,351150400,ZIELONA GÓRA,2025,1,7,12,6.7,66,0.8,977.8,1001.1,229.0,4.0,,7.0,3,2.0,,9.0,,
2025-01-07 13:00:00,351150400,ZIELONA GÓRA,2025,1,7,13,7.4,57,-0.6,977.7,1000.9,229.0,4.0,,5.0,1,2.0,,8.0,,
2025-01-07 14:00:00,351150400,ZIELONA GÓRA,2025,1,7,14,6.4,63,-0.1,977.4,1000.7,220.0,3.0,,5.0,3,2.0,,8.0,,
2025-01-07 15:00:00,351150400,ZIELONA GÓRA,2025,1,7,15,5.7,73,1.2,977.5,1000.9,196.0,4.0,,5.0,15,2.0,,8.0,,
2025-01-07 16:00:00,351150400,ZIELONA GÓRA,2025,1,7,16,4.5,77,0.8,977.8,1001.3,198.0,3.0,,5.0,1,2.0,,8.0,,
2025-01-07 17:00:00,351150400,ZIELONA GÓRA,2025,1,7,17,3.5,75,-0.5,977.7,1001.2,188.0,3.0,,5.0,1,2.0,,8.0,,
2025-01-07 18:00:00,351150400,ZIELONA GÓRA,2025,1,7,18,3.3,85,1.0,978.2,1001.8,227.0,4.0,,8.0,80,2.0,0.1,,6.0,
2025-01-07 19:00:00,351150400,ZIELONA GÓRA,2025,1,7,19,1.3,97,0.9,978.7,1002.5,219.0,5.0,,7.0,26,8.0,,8.0,,
2025-01-07 20:00:00,351150400,ZIELONA GÓRA,2025,1,7,20,1.8,96,1.2,979.3,1003.0,248.0,4.0,9.0,5.0,1,2.0,,8.0,,
2025-01-07 21:00:00,351150400,ZIELONA GÓRA,2025,1,7,21,1.3,96,0.7,979.3,1003.1,226.0,3.0,,0.0,1,8.0,,8.0,,
2025-01-07 22:00:00,351150400,ZIELONA GÓRA,2025,1,7,22,0.7,95,0.0,979.3,1003.1,200.0,3.0,,,0,,,8.0,,
2025-01-07 23:00:00,351150400,ZIELONA GÓRA,2025,1,7,23,0.7,90,-0.8,978.7,1002.5,204.0,3.0,,,0,,,8.0,,
2025-01-08 00:00:00,351150400,ZIELONA GÓRA,2025,1,8,0,1.4,84,-1.0,978.3,1002.0,205.0,5.0,,,0,,2.1,,,
2025-01-08 01:00:00,351150400,ZIELONA GÓRA,2025,1,8,1,2.3,78,-1.1,978.4,1002.1,230.0,5.0,11.0,,40,,,8.0,,
2025-01-08 02:00:00,351150400,ZIELONA GÓRA,2025,1,8,2,1.5,92,0.3,978.8,1002.5,246.0,5.0,,,23,,,8.0,,
2025-01-08 03:00:00,351150400,ZIELONA GÓRA,2025,1,8,3,1.4,93,0.4,978.2,1001.9,232.0,4.0,,,0,,,8.0,,
2025-01-08 04:00:00,351150400,ZIELONA GÓRA,2025,1,8,4,1.4,90,-0.1,978.1,1001.8,227.0,3.0,,,0,,,8.0,,
2025-01-08 05:00:00,351150400,ZIELONA GÓRA,2025,1,8,5,1.9,85,-0.4,978.0,1001.7,217.0,3.0,,,0,,,8.0,,
2025-01-08 06:00:00,351150400,ZIELONA GÓRA,2025,1,8,6,1.6,86,-0.5,978.4,1002.1,219.0,4.0,11.0,8.0,83,,0.0,,7.0,
2025-01-08 07:00:00,351150400,ZIELONA GÓRA,2025,1,8,7,0.2,99,0.1,979.2,1003.1,221.0,3.0,,8.0,83,8.0,,8.0,,
2025-01-08 08:00:00,351150400,ZIELONA GÓRA,2025,1,8,8,0.4,100,0.4,979.6,1003.5,229.0,3.0,,7.0,26,2.0,,8.0,,
2025-01-08 09:00:00,351150400,ZIELONA GÓRA,2025,1,8,9,0.6,99,0.5,980.2,1004.1,246.0,4.0,,3.0,1,8.0,,8.0,,
2025-01-08 10:00:00,351150400,ZIELONA GÓRA,2025,1,8,10,1.5,95,0.8,980.5,1004.3,236.0,5.0,,5.0,3,1.0,,8.0,,
2025-01-08 11:00:00,351150400,ZIELONA GÓRA,2025,1,8,11,2.5,90,1.0,980.4,1004.1,240.0,4.0,,3.0,1,1.0,,8.0,,
2025-01-08 12:00:00,351150400,ZIELONA GÓRA,2025,1,8,12,3.0,85,0.7,980.3,1004.0,250.0,3.0,8.0,3.0,3,8.0,1.0,,7.0,
2025-01-08 13:00:00,351150400,ZIELONA GÓRA,2025,1,8,13,3.3,76,-0.5,980.6,1004.2,231.0,3.0,,7.0,3,1.0,,8.0,,
2025-01-08 14:00:00,351150400,ZIELONA GÓRA,2025,1,8,14,2.9,75,-1.1,981.1,1004.8,251.0,3.0,8.0,6.0,3,2.0,,8.0,,
2025-01-08 15:00:00,351150400,ZIELONA GÓRA,2025,1,8,15,2.4,77,-1.2,981.7,1005.4,229.0,2.0,,6.0,1,1.0,,8.0,,
2025-01-08 16:00:00,351150400,ZIELONA GÓRA,2025,1,8,16,1.5,79,-1.7,982.1,1005.9,219.0,2.0,,7.0,3,2.0,,8.0,,
2025-01-08 17:00:00,351150400,ZIELONA GÓRA,2025,1,8,17,0.4,82,-2.3,982.5,1006.4,213.0,3.0,,1.0,1,1.0,,8.0,,
2025-01-08 18:00:00,351150400,ZIELONA GÓRA,2025,1,8,18,-0.4,85,-2.6,982.9,1006.9,217.0,2.0,,0.0,1,1.0,,9.0,,
2025-01-08 19:00:00,351150400,ZIELONA GÓRA,2025,1,8,19,-0.4,85,-2.6,983.0,1007.0,212.0,2.0,,1.0,3,0.0,,8.0,,
2025-01-08 20:00:00,351150400,ZIELONA GÓRA,2025,1,8,20,-0.7,88,-2.4,982.8,1006.8,197.0,2.0,,3.0,3,0.0,,8.0,,
2025-01-08 21:00:00,351150400,ZIELONA GÓRA,2025,1,8,21,-1.1,91,-2.4,982.5,1006.6,185.0,2.0,,2.0,1,0.0,,8.0,,
2025-01-08 22:00:00,351150400,ZIELONA GÓRA,2025,1,8,22,-1.1,94,-1.9,982.3,1006.4,168.0,1.0,,,0,,,8.0,,
2025-01-08 23:00:00,351150400,ZIELONA GÓRA,2025,1,8,23,-0.7,94,-1.5,981.4,1005.4,169.0,2.0,,,0,,,8.0,,
2025-01-09 00:00:00,351150400,ZIELONA GÓRA,2025,1,9,0,-0.2,93,-1.2,980.5,1004.4,163.0,2.0,,,0,,,9.0,,
2025-01-09 01:00:00,351150400,ZIELONA GÓRA,2025,1,9,1,0.3,89,-1.3,979.2,1003.1,141.0,3.0,,,0,,,8.0,,
2025-01-09 02:00:00,351150400,ZIELONA GÓRA,2025,1,9,2,-0.1,91,-1.4,978.2,1002.1,127.0,2.0,,,71,,,8.0,,
2025-01-09 03:00:00,351150400,ZIELONA GÓRA,2025,1,9,3,-0.3,96,-0.9,977.2,1001.1,128.0,3.0,,,71,,,8.0,,
2025-01-09 04:00:00,351150400,ZIELONA GÓRA,2025,1,9,4,0.0,97,-0.4,976.1,999.9,155.0,3.0,,,64,,,8.0,,
2025-01-09 05:00:00,351150400,ZIELONA GÓRA,2025,1,9,5,0.2,97,-0.2,976.0,999.8,155.0,3.0,,,64,,,8.0,,
2025-01-09 06:00:00,351150400,ZIELONA GÓRA,2025,1,9,6,0.5,98,0.2,975.7,999.5,164.0,3.0,,8.0,60,,3.6,,7.0,1.0
2025-01-09 07:00:00,351150400,ZIELONA GÓRA,2025,1,9,7,1.4,98,1.1,975.7,999.4,194.0,3.0,,8.0,25,6.0,,8.0,,
2025-01-09 08:00:00,351150400,ZIELONA GÓRA,2025,1,9,8,2.9,98,2.6,975.4,998.9,206.0,4.0,,7.0,1,2.0,,8.0,,
2025-01-09 09:00:00,351150400,ZIELONA GÓRA,2025,1,9,9,4.9,94,4.0,975.4,998.8,210.0,4.0,,7.0,1,8.0,,8.0,,
2025-01-09 10:00:00,351150400,ZIELONA GÓRA,2025,1,9,10,5.2,94,4.3,975.3,998.6,197.0,3.0,,7.0,1,2.0,,8.0,,
2025-01-09 11:00:00,351150400,ZIELONA GÓRA,2025,1,9,11,5.6,95,4.9,974.9,998.2,180.0,3.0,,7.0,3,2.0,,8.0,,
2025-01-09 12:00:00,351150400,ZIELONA GÓRA,2025,1,9,12,7.0,89,5.3,974.4,997.6,220.0,1.0,,7.0,3,8.0,0.4,,6.0,
2025-01-09 13:00:00,351150400,ZIELONA GÓRA,2025,1,9,13,7.7,88,5.8,973.8,996.9,178.0,1.0,,7.0,1,2.0,,8.0,,
2025-01-09 14:00:00,351150400,ZIELONA GÓRA,2025,1,9,14,8.0,85,5.6,972.9,995.9,182.0,2.0,,7.0,3,2.0,,8.0,,
2025-01-09 15:00:00,351150400,ZIELONA GÓRA,2025,1,9,15,8.1,84,5.6,971.8,994.8,162.0,3.0,,7.0,3,2.0,,8.0,,
2025-01-09 16:00:00,351150400,ZIELONA GÓRA,2025,1,9,16,7.9,86,5.7,971.2,994.2,180.0,3.0,,8.0,60,6.0,,8.0,,
2025-01-09 17:00:00,351150400,ZIELONA GÓRA,2025,1,9,17,7.9,93,6.8,970.4,993.4,190.0,4.0,9.0,8.0,61,6.0,,8.0,,
2025-01-09 18:00:00,351150400,ZIELONA GÓRA,2025,1,9,18,8.3,93,7.2,969.6,992.5,202.0,7.0,13.0,8.0,63,2.0,3.5,,6.0,
2025-01-09 19:00:00,351150400,ZIELONA GÓRA,2025,1,9,19,8.1,95,7.3,968.5,991.4,183.0,6.0,13.0,8.0,63,6.0,,8.0,,
2025-01-09 20:00:00,351150400,ZIELONA GÓRA,2025,1,9,20,7.9,95,7.1,968.5,991.5,212.0,5.0,11.0,8.0,61,6.0,,8.0,,
2025-01-09 21:00:00,351150400,ZIELONA GÓRA,2025,1,9,21,0.4,95,-0.3,972.7,996.4,292.0,7.0,14.0,8.0,21,6.0,,8.0,,
2025-01-09 22:00:00,351150400,ZIELONA GÓRA,2025,1,9,22,0.0,95,-0.7,975.6,999.4,297.0,7.0,14.0,,85,,,8.0,,
2025-01-09 23:00:00,351150400,ZIELONA GÓRA,2025,1,9,23,0.2,94,-0.7,977.9,1001.7,293.0,6.0,12.0,,85,,,8.0,,
2025-01-10 00:00:00,351150400,ZIELONA GÓRA,2025,1,10,0,0.0,95,-0.7,979.7,1003.6,283.0,5.0,11.0,,71,,3.8,,,
2025-01-10 01:00:00,351150400,ZIELONA GÓRA,2025,1,10,1,0.0,95,-0.7,981.1,1005.0,280.0,5.0,10.0,,71,,,8.0,,
2025-01-10 02:00:00,351150400,ZIELONA GÓRA,2025,1,10,2,0.1,96,-0.5,982.0,1005.9,277.0,6.0,11.0,,71,,,8.0,,
2025-01-10 03:00:00,351150400,ZIELONA GÓRA,2025,1,10,3,0.0,96,-0.6,982.7,1006.7,278.0,5.0,11.0,,71,,,8.0,,
2025-01-10 04:00:00,351150400,ZIELONA GÓRA,2025,1,10,4,0.0,97,-0.4,983.6,1007.6,279.0,4.0,9.0,,71,,,8.0,,
2025-01-10 05:00:00,351150400,ZIELONA GÓRA,2025,1,10,5,0.0,97,-0.4,984.1,1008.1,273.0,5.0,12.0,,71,,,8.0,,
2025-01-10 06:00:00,351150400,ZIELONA GÓRA,2025,1,10,6,0.0,96,-0.6,984.9,1008.9,280.0,5.0,,8.0,71,,0.9,,7.0,4.0
2025-01-10 07:00:00,351150400,ZIELONA GÓRA,2025,1,10,7,0.1,96,-0.5,985.8,1009.8,283.0,5.0,,8.0,70,7.0,,8.0,,
2025-01-10 08:00:00,351150400,ZIELONA GÓRA,2025,1,10,8,0.2,96,-0.4,986.4,1010.4,283.0,4.0,9.0,8.0,70,7.0,,8.0,,
2025-01-10 09:00:00,351150400,ZIELONA GÓRA,2025,1,10,9,0.3,94,-0.6,987.0,1011.1,274.0,5.0,11.0,8.0,22,7.0,,8.0,,
2025-01-10 10:00:00,351150400,ZIELONA GÓRA,2025,1,10,10,0.4,93,-0.6,987.1,1011.1,270.0,5.0,11.0,8.0,70,2.0,,8.0,,
2025-01-10 11:00:00,351150400,ZIELONA GÓRA,2025,1,10,11,0.3,93,-0.7,986.9,1010.9,263.0,5.0,11.0,8.0,71,7.0,,8.0,,
2025-01-10 12:00:00,351150400,ZIELONA GÓRA,2025,1,10,12,0.1,94,-0.8,986.8,1010.9,268.0,4.0,9.0,8.0,71,7.0,0.0,,7.0,
2025-01-10 13:00:00,351150400,ZIELONA GÓRA,2025,1,10,13,0.2,94,-0.7,986.6,1010.7,263.0,5.0,10.0,8.0,71,7.0,,8.0,,
2025-01-10 14:00:00,351150400,ZIELONA GÓRA,2025,1,10,14,0.1,95,-0.6,986.7,1010.8,261.0,4.0,9.0,9.0,75,7.0,,8.0,,
2025-01-10 15:00:00,351150400,ZIELONA GÓRA,2025,1,10,15,0.2,96,-0.4,986.7,1010.8,265.0,5.0,10.0,8.0,71,7.0,,8.0,,
2025-01-10 16:00:00,351150400,ZIELONA GÓRA,2025,1,10,16,0.2,96,-0.4,986.7,1010.8,271.0,5.0,,8.0,71,7.0,,8.0,,
2025-01-10 17:00:00,351150400,ZIELONA GÓRA,2025,1,10,17,0.0,96,-0.6,986.9,1011.0,271.0,4.0,10.0,8.0,71,7.0,,8.0,,
2025-01-10 18:00:00,351150400,ZIELONA GÓRA,2025,1,10,18,-0.1,97,-0.5,987.3,1011.4,281.0,3.0,,8.0,73,7.0,2.6,,7.0,6.0
2025-01-10 19:00:00,351150400,ZIELONA GÓRA,2025,1,10,19,-0.2,97,-0.6,987.6,1011.7,290.0,4.0,,8.0,71,7.0,,8.0,,
2025-01-10 20:00:00,351150400,ZIELONA GÓRA,2025,1,10,20,-0.2,97,-0.6,987.9,1012.0,289.0,4.0,,8.0,22,2.0,,8.0,,
2025-01-10 21:00:00,351150400,ZIELONA GÓRA,2025,1,10,21,-0.3,97,-0.7,988.1,1012.2,287.0,4.0,,8.0,2,7.0,,8.0,,
2025-01-10 22:00:00,351150400,ZIELONA GÓRA,2025,1,10,22,-0.2,96,-0.8,988.2,1012.3,290.0,4.0,,,85,,,8.0,,
2025-01-10 23:00:00,351150400,ZIELONA GÓRA,2025,1,10,23,-0.2,96,-0.8,988.2,1012.3,288.0,4.0,,,24,,,8.0,,
2025-01-11 00:00:00,351150400,ZIELONA GÓRA,2025,1,11,0,-0.3,96,-0.9,988.2,1012.3,290.0,4.0,,,85,,0.2,,,
2025-01-11 01:00:00,351150400,ZIELONA GÓRA,2025,1,11,1,-0.4,95,-1.1,988.5,1012.7,291.0,5.0,10.0,,24,,,8.0,,
2025-01-11 02:00:00,351150400,ZIELONA GÓRA,2025,1,11,2,-0.4,95,-1.1,988.4,1012.5,289.0,5.0,,,24,,,8.0,,
2025-01-11 03:00:00,351150400,ZIELONA GÓRA,2025,1,11,3,-0.5,94,-1.3,988.1,1012.2,284.0,5.0,10.0,,24,,,8.0,,
2025-01-11 04:00:00,351150400,ZIELONA GÓRA,2025,1,11,4,-0.8,93,-1.8,988.4,1012.6,288.0,5.0,,,0,,,8.0,,
2025-01-11 05:00:00,351150400,ZIELONA GÓRA,2025,1,11,5,-0.9,93,-1.9,988.4,1012.6,285.0,4.0,9.0,,0,,,8.0,,
2025-01-11 06:00:00,351150400,ZIELONA GÓRA,2025,1,11,6,-1.1,91,-2.4,988.4,1012.6,286.0,5.0,10.0,7.0,0,,0.0,,7.0,7.0
2025-01-11 07:00:00,351150400,ZIELONA GÓRA,2025,1,11,7,-1.1,90,-2.5,988.6,1012.8,287.0,5.0,10.0,7.0,3,2.0,,8.0,,
2025-01-11 08:00:00,351150400,ZIELONA GÓRA,2025,1,11,8,-1.3,93,-2.3,988.8,1013.0,280.0,5.0,10.0,8.0,71,7.0,,8.0,,
2025-01-11 09:00:00,351150400,ZIELONA GÓRA,2025,1,11,9,-1.2,91,-2.5,988.7,1012.9,284.0,5.0,11.0,8.0,71,7.0,,8.0,,
2025-01-11 10:00:00,351150400,ZIELONA GÓRA,2025,1,11,10,-1.1,90,-2.5,988.7,1012.9,282.0,5.0,11.0,8.0,70,7.0,,8.0,,
2025-01-11 11:00:00,351150400,ZIELONA GÓRA,2025,1,11,11,-1.4,91,-2.7,988.3,1012.5,286.0,5.0,14.0,8.0,85,8.0,,8.0,,
2025-01-11 12:00:00,351150400,ZIELONA GÓRA,2025,1,11,12,-1.6,93,-2.6,988.1,1012.3,284.0,6.0,12.0,8.0,71,8.0,0.1,,7.0,
2025-01-11 13:00:00,351150400,ZIELONA GÓRA,2025,1,11,13,-1.6,94,-2.4,988.1,1012.3,283.0,5.0,11.0,8.0,71,7.0,,8.0,,
2025-01-11 14:00:00,351150400,ZIELONA GÓRA,2025,1,11,14,-1.6,93,-2.6,988.4,1012.7,283.0,6.0,13.0,8.0,71,7.0,,8.0,,
2025-01-11 15:00:00,351150400,ZIELONA GÓRA,2025,1,11,15,-1.5,93,-2.5,988.9,1013.2,298.0,6.0,12.0,8.0,71,7.0,,8.0,,
2025-01-11 16:00:00,351150400,ZIELONA GÓRA,2025,1,11,16,-1.4,94,-2.2,990.0,1014.3,294.0,5.0,12.0,8.0,71,7.0,,8.0,,
2025-01-11 17:00:00,351150400,ZIELONA GÓRA,2025,1,11,17,-1.3,95,-2.0,991.0,1015.3,311.0,6.0,,8.0,71,7.0,,8.0,,
2025-01-11 18:00:00,351150400,ZIELONA GÓRA,2025,1,11,18,-1.1,94,-1.9,991.3,1015.6,305.0,5.0,10.0,8.0,22,7.0,1.0,,7.0,11.0
2025-01-11 19:00:00,351150400,ZIELONA GÓRA,2025,1,11,19,-1.1,94,-1.9,992.4,1016.7,308.0,5.0,,8.0,3,2.0,,8.0,,
2025-01-11 20:00:00,351150400,ZIELONA GÓRA,2025,1,11,20,-1.1,91,-2.4,993.0,1017.3,309.0,5.0,10.0,8.0,85,2.0,,8.0,,
2025-01-11 21:00:00,351150400,ZIELONA GÓRA,2025,1,11,21,-1.0,92,-2.1,993.8,1018.1,309.0,6.0,,8.0,26,2.0,,8.0,,
2025-01-11 22:00:00,351150400,ZIELONA GÓRA,2025,1,11,22,-1.1,92,-2.2,994.9,1019.3,310.0,5.0,10.0,,71,,,8.0,,
2025-01-11 23:00:00,351150400,ZIELONA GÓRA,2025,1,11,23,-1.0,91,-2.3,995.6,1020.0,311.0,6.0,,,24,,,8.0,,
2025-01-12 00:00:00,351150400,ZIELONA GÓRA,2025,1,12,0,-1.0,90,-2.4,996.3,1020.7,309.0,5.0,,,40,,0.0,,,
2025-01-12 01:00:00,351150400,ZIELONA GÓRA,2025,1,12,1,-1.1,89,-2.7,996.8,1021.2,310.0,4.0,,,80,,,8.0,,
2025-01-12 02:00:00,351150400,ZIELONA GÓRA,2025,1,12,2,-1.0,88,-2.7,997.6,1022.0,308.0,5.0,,,24,,,8.0,,
2025-01-12 03:00:00,351150400,ZIELONA GÓRA,2025,1,12,3,-1.0,87,-2.9,998.4,1022.8,312.0,5.0,,,0,,,8.0,,
2025-01-12 04:00:00,351150400,ZIELONA GÓRA,2025,1,12,4,-1.0,87,-2.9,999.1,1023.6,315.0,5.0,,,0,,,8.0,,
2025-01-12 05:00:00,351150400,ZIELONA GÓRA,2025,1,12,5,-1.1,88,-2.8,1000.0,1024.5,316.0,5.0,,,85,,,8.0,,
2025-01-12 06:00:00,351150400,ZIELONA GÓRA,2025,1,12,6,-1.1,89,-2.7,1000.9,1025.4,316.0,5.0,11.0,8.0,36,,0.0,,7.0,10.0
2025-01-12 07:00:00,351150400,ZIELONA GÓRA,2025,1,12,7,-1.0,88,-2.7,1001.9,1026.4,316.0,5.0,,8.0,36,3.0,,8.0,,
2025-01-12 08:00:00,351150400,ZIELONA GÓRA,2025,1,12,8,-1.2,87,-3.1,1003.1,1027.7,318.0,5.0,10.0,8.0,36,3.0,,8.0,,
2025-01-12 09:00:00,351150400,ZIELONA GÓRA,2025,1,12,9,-1.1,85,-3.3,1004.0,1028.6,319.0,5.0,10.0,8.0,36,3.0,,8.0,,
2025-01-12 10:00:00,351150400,ZIELONA GÓRA,2025,1,12,10,-1.2,84,-3.6,1005.1,1029.7,318.0,5.0,11.0,8.0,3,3.0,,8.0,,
2025-01-12 11:00:00,351150400,ZIELONA GÓRA,2025,1,12,11,-1.1,83,-3.6,1005.8,1030.4,316.0,5.0,,8.0,2,2.0,,8.0,,
2025-01-12 12:00:00,351150400,ZIELONA GÓRA,2025,1,12,12,-0.9,79,-4.1,1006.2,1030.8,325.0,5.0,10.0,8.0,2,3.0,,9.0,,
2025-01-12 13:00:00,351150400,ZIELONA GÓRA,2025,1,12,13,-0.8,79,-4.0,1006.9,1031.5,320.0,4.0,,8.0,2,2.0,,8.0,,
2025-01-12 14:00:00,351150400,ZIELONA GÓRA,2025,1,12,14,-0.9,79,-4.1,1007.6,1032.3,325.0,3.0,,8.0,2,2.0,,8.0,,
2025-01-12 15:00:00,351150400,ZIELONA GÓRA,2025,1,12,15,-1.0,80,-4.0,1008.6,1033.3,332.0,4.0,,8.0,2,2.0,,8.0,,
2025-01-12 16:00:00,351150400,ZIELONA GÓRA,2025,1,12,16,-1.1,82,-3.8,1009.5,1034.2,330.0,3.0,,8.0,2,2.0,,8.0,,
2025-01-12 17:00:00,351150400,ZIELONA GÓRA,2025,1,12,17,-1.1,82,-3.8,1010.2,1034.9,328.0,3.0,,8.0,1,2.0,,8.0,,
2025-01-12 18:00:00,351150400,ZIELONA GÓRA,2025,1,12,18,-1.2,82,-3.9,1011.1,1035.9,312.0,3.0,,8.0,2,2.0,,9.0,,
2025-01-12 19:00:00,351150400,ZIELONA GÓRA,2025,1,12,19,-1.3,82,-4.0,1012.0,1036.8,317.0,3.0,,8.0,2,2.0,,8.0,,
2025-01-12 20:00:00,351150400,ZIELONA GÓRA,2025,1,12,20,-1.2,81,-4.0,1012.8,1037.6,311.0,3.0,,8.0,2,2.0,,8.0,,
2025-01-12 21:00:00,351150400,ZIELONA GÓRA,2025,1,12,21,-1.3,81,-4.1,1013.6,1038.4,317.0,3.0,,8.0,2,2.0,,8.0,,
2025-01-12 22:00:00,351150400,ZIELONA GÓRA,2025,1,12,22,-1.2,81,-4.0,1014.3,1039.2,330.0,4.0,,,0,,,8.0,,
2025-01-12 23:00:00,351150400,ZIELONA GÓRA,2025,1,12,23,-1.4,83,-3.9,1014.7,1039.6,324.0,2.0,,,0,,,8.0,,
2025-01-13 00:00:00,351150400,ZIELONA GÓRA,2025,1,13,0,-1.6,84,-4.0,1014.8,1039.7,322.0,3.0,,,0,,,9.0,,
2025-01-13 01:00:00,351150400,ZIELONA GÓRA,2025,1,13,1,-1.7,85,-3.9,1015.3,1040.2,327.0,3.0,,,0,,,8.0,,
2025-01-13 02:00:00,351150400,ZIELONA GÓRA,2025,1,13,2,-1.8,85,-4.0,1015.8,1040.7,326.0,3.0,,,0,,,8.0,,
2025-01-13 03:00:00,351150400,ZIELONA GÓRA,2025,1,13,3,-2.0,86,-4.0,1015.7,1040.7,318.0,3.0,,,0,,,8.0,,
2025-01-13 04:00:00,351150400,ZIELONA GÓRA,2025,1,13,4,-2.2,88,-3.9,1016.5,1041.5,326.0,3.0,,,0,,,8.0,,
2025-01-13 05:00:00,351150400,ZIELONA GÓRA,2025,1,13,5,-2.3,87,-4.2,1016.5,1041.5,329.0,3.0,,,0,,,8.0,,
2025-01-13 06:00:00,351150400,ZIELONA GÓRA,2025,1,13,6,-2.3,88,-4.0,1017.2,1042.2,334.0,3.0,,5.0,0,,,9.0,,10.0
2025-01-13 07:00:00,351150400,ZIELONA GÓRA,2025,1,13,7,-2.0,88,-3.7,1018.0,1043.0,329.0,3.0,,7.0,3,2.0,,8.0,,
2025-01-13 08:00:00,351150400,ZIELONA GÓRA,2025,1,13,8,-1.6,87,-3.5,1018.9,1043.9,326.0,3.0,,7.0,3,2.0,,8.0,,
2025-01-13 09:00:00,351150400,ZIELONA GÓRA,2025,1,13,9,-1.1,86,-3.1,1019.2,1044.2,331.0,2.0,,7.0,2,2.0,,8.0,,
2025-01-13 10:00:00,351150400,ZIELONA GÓRA,2025,1,13,10,-0.8,84,-3.2,1019.2,1044.1,317.0,2.0,,7.0,3,2.0,,8.0,,
2025-01-13 11:00:00,351150400,ZIELONA GÓRA,2025,1,13,11,-0.6,82,-3.3,1019.0,1043.9,315.0,2.0,,7.0,2,2.0,,8.0,,
2025-01-13 12:00:00,351150400,ZIELONA GÓRA,2025,1,13,12,-0.1,77,-3.7,1018.3,1043.2,287.0,2.0,,7.0,2,2.0,,9.0,,
2025-01-13 13:00:00,351150400,ZIELONA GÓRA,2025,1,13,13,0.2,74,-3.9,1017.8,1042.6,273.0,2.0,,6.0,1,2.0,,8.0,,
2025-01-13 14:00:00,351150400,ZIELONA GÓRA,2025,1,13,14,-0.3,75,-4.2,1017.6,1042.5,261.0,2.0,,7.0,1,2.0,,8.0,,
2025-01-13 15:00:00,351150400,ZIELONA GÓRA,2025,1,13,15,-0.9,78,-4.3,1017.6,1042.5,268.0,1.0,,6.0,3,2.0,,8.0,,
2025-01-13 16:00:00,351150400,ZIELONA GÓRA,2025,1,13,16,-1.5,80,-4.5,1017.7,1042.7,244.0,1.0,,7.0,1,2.0,,8.0,,
2025-01-13 17:00:00,351150400,ZIELONA GÓRA,2025,1,13,17,-1.9,83,-4.4,1017.2,1042.2,252.0,1.0,,7.0,3,2.0,,8.0,,
2025-01-13 18:00:00,351150400,ZIELONA GÓRA,2025,1,13,18,-2.1,85,-4.3,1016.8,1041.8,245.0,2.0,,7.0,2,2.0,,9.0,,9.0
2025-01-13 19:00:00,351150400,ZIELONA GÓRA,2025,1,13,19,-2.4,86,-4.4,1016.4,1041.4,230.0,1.0,,7.0,2,2.0,,8.0,,
2025-01-13 20:00:00,351150400,ZIELONA GÓRA,2025,1,13,20,-2.5,85,-4.7,1015.9,1040.9,232.0,2.0,,7.0,2,2.0,,8.0,,
2025-01-13 21:00:00,351150400,ZIELONA GÓRA,2025,1,13,21,-2.9,88,-4.6,1015.7,1040.7,199.0,2.0,,7.0,2,2.0,,8.0,,
2025-01-13 22:00:00,351150400,ZIELONA GÓRA,2025,1,13,22,-2.5,82,-5.2,1015.3,1040.3,222.0,3.0,,,0,,,8.0,,
2025-01-13 23:00:00,351150400,ZIELONA GÓRA,2025,1,13,23,-2.8,81,-5.6,1014.7,1039.7,226.0,3.0,,,0,,,8.0,,
2025-01-14 00:00:00,351150400,ZIELONA GÓRA,2025,1,14,0,-3.0,83,-5.5,1013.5,1038.5,228.0,2.0,,,0,,,9.0,,
2025-01-14 01:00:00,351150400,ZIELONA GÓRA,2025,1,14,1,-3.1,83,-5.6,1012.7,1037.7,223.0,3.0,,,0,,,8.0,,
2025-01-14 02:00:00,351150400,ZIELONA GÓRA,2025,1,14,2,-3.0,80,-6.0,1012.3,1037.3,233.0,3.0,,,0,,,8.0,,
2025-01-14 03:00:00,351150400,ZIELONA GÓRA,2025,1,14,3,-3.0,80,-6.0,1012.0,1037.0,225.0,2.0,,,0,,,8.0,,
2025-01-14 04:00:00,351150400,ZIELONA GÓRA,2025,1,14,4,-2.8,78,-6.1,1011.4,1036.3,234.0,3.0,,,0,,,8.0,,
2025-01-14 05:00:00,351150400,ZIELONA GÓRA,2025,1,14,5,-2.5,76,-6.2,1010.9,1035.8,244.0,3.0,8.0,,0,,,8.0,,
2025-01-14 06:00:00,351150400,ZIELONA GÓRA,2025,1,14,6,-2.8,76,-6.4,1010.0,1034.9,234.0,3.0,,7.0,0,,,9.0,,7.0
2025-01-14 07:00:00,351150400,ZIELONA GÓRA,2025,1,14,7,-2.3,72,-6.7,1009.6,1034.4,230.0,3.0,,7.0,3,2.0,,8.0,,
2025-01-14 08:00:00,351150400,ZIELONA GÓRA,2025,1,14,8,-2.1,72,-6.5,1009.5,1034.3,246.0,3.0,,7.0,3,2.0,,8.0,,
2025-01-14 09:00:00,351150400,ZIELONA GÓRA,2025,1,14,9,-1.4,70,-6.2,1009.2,1033.9,251.0,2.0,,7.0,2,2.0,,8.0,,
2025-01-14 10:00:00,351150400,ZIELONA GÓRA,2025,1,14,10,-1.0,68,-6.2,1008.3,1033.0,240.0,3.0,,7.0,2,2.0,,8.0,,
2025-01-14 11:00:00,351150400,ZIELONA GÓRA,2025,1,14,11,-0.2,64,-6.2,1007.2,1031.8,251.0,4.0,,8.0,3,2.0,,8.0,,
2025-01-14 12:00:00,351150400,ZIELONA GÓRA,2025,1,14,12,0.2,63,-6.0,1006.3,1030.8,242.0,4.0,,7.0,1,2.0,,9.0,,
2025-01-14 13:00:00,351150400,ZIELONA GÓRA,2025,1,14,13,0.7,61,-6.0,1005.6,1030.1,248.0,3.0,,7.0,3,2.0,,8.0,,
2025-01-14 14:00:00,351150400,ZIELONA GÓRA,2025,1,14,14,0.7,60,-6.2,1005.3,1029.8,242.0,4.0,,7.0,3,2.0,,8.0,,
2025-01-14 15:00:00,351150400,ZIELONA GÓRA,2025,1,14,15,1.0,57,-6.6,1004.4,1028.8,238.0,4.0,,8.0,3,2.0,,8.0,,
2025-01-14 16:00:00,351150400,ZIELONA GÓRA,2025,1,14,16,1.2,58,-6.2,1003.8,1028.2,240.0,4.0,,8.0,2,2.0,,8.0,,
2025-01-14 17:00:00,351150400,ZIELONA GÓRA,2025,1,14,17,1.4,63,-4.9,1003.4,1027.8,265.0,4.0,,8.0,80,2.0,,8.0,,
2025-01-14 18:00:00,351150400,ZIELONA GÓRA,2025,1,14,18,-0.3,92,-1.4,1003.1,1027.6,263.0,5.0,10.0,8.0,66,8.0,0.9,,6.0,5.0
2025-01-14 19:00:00,351150400,ZIELONA GÓRA,2025,1,14,19,0.1,94,-0.8,1002.6,1027.0,274.0,5.0,11.0,8.0,66,6.0,,8.0,,
2025-01-14 20:00:00,351150400,ZIELONA GÓRA,2025,1,14,20,0.1,95,-0.6,1002.0,1026.4,268.0,5.0,11.0,8.0,66,6.0,,8.0,,
2025-01-14 21:00:00,351150400,ZIELONA GÓRA,2025,1,14,21,0.0,96,-0.6,1001.7,1026.1,280.0,5.0,11.0,8.0,24,6.0,,8.0,,
2025-01-14 22:00:00,351150400,ZIELONA GÓRA,2025,1,14,22,0.0,97,-0.4,1001.8,1026.2,291.0,4.0,,,34,,,8.0,,
2025-01-14 23:00:00,351150400,ZIELONA GÓRA,2025,1,14,23,0.2,98,-0.1,1001.5,1025.9,286.0,4.0,,,34,,,8.0,,
2025-01-15 00:00:00,351150400,ZIELONA GÓRA,2025,1,15,0,0.2,98,-0.1,1001.2,1025.6,273.0,4.0,,,33,,2.1,,,
2025-01-15 01:00:00,351150400,ZIELONA GÓRA,2025,1,15,1,0.6,98,0.3,1001.2,1025.6,292.0,3.0,,,81,,,8.0,,
2025-01-15 02:00:00,351150400,ZIELONA GÓRA,2025,1,15,2,0.6,98,0.3,1001.2,1025.6,292.0,3.0,,,32,,,8.0,,
2025-01-15 03:00:00,351150400,ZIELONA GÓRA,2025,1,15,3,0.8,98,0.5,1001.0,1025.3,289.0,3.0,,,20,,,8.0,,
2025-01-15 04:00:00,351150400,ZIELONA GÓRA,2025,1,15,4,1.0,98,0.7,1000.9,1025.2,293.0,3.0,,,34,,,8.0,,
2025-01-15 05:00:00,351150400,ZIELONA GÓRA,2025,1,15,5,1.3,99,1.2,1001.4,1025.7,302.0,4.0,9.0,,33,,,8.0,,
2025-01-15 06:00:00,351150400,ZIELONA GÓRA,2025,1,15,6,1.4,99,1.3,1001.8,1026.1,305.0,2.0,,9.0,51,,0.9,,6.0,4.0
2025-01-15 07:00:00,351150400,ZIELONA GÓRA,2025,1,15,7,1.6,99,1.5,1002.4,1026.7,299.0,3.0,,9.0,61,5.0,,8.0,,
2025-01-15 08:00:00,351150400,ZIELONA GÓRA,2025,1,15,8,1.9,99,1.8,1002.9,1027.2,315.0,3.0,,9.0,51,6.0,,8.0,,
2025-01-15 09:00:00,351150400,ZIELONA GÓRA,2025,1,15,9,2.2,99,2.1,1003.7,1028.0,312.0,3.0,,9.0,50,6.0,,8.0,,
2025-01-15 10:00:00,351150400,ZIELONA GÓRA,2025,1,15,10,2.7,99,2.6,1004.4,1028.7,315.0,3.0,,8.0,51,5.0,,8.0,,
2025-01-15 11:00:00,351150400,ZIELONA GÓRA,2025,1,15,11,2.9,99,2.8,1004.5,1028.7,322.0,3.0,,8.0,51,5.0,,8.0,,
2025-01-15 12:00:00,351150400,ZIELONA GÓRA,2025,1,15,12,3.1,99,3.0,1004.7,1028.9,331.0,2.0,,8.0,50,6.0,0.8,,6.0,
2025-01-15 13:00:00,351150400,ZIELONA GÓRA,2025,1,15,13,3.2,99,3.1,1005.0,1029.2,333.0,2.0,,8.0,20,5.0,,8.0,,
2025-01-15 14:00:00,351150400,ZIELONA GÓRA,2025,1,15,14,3.2,99,3.1,1004.9,1029.1,334.0,3.0,,8.0,10,2.0,,8.0,,
2025-01-15 15:00:00,351150400,ZIELONA GÓRA,2025,1,15,15,3.1,99,3.0,1005.9,1030.2,334.0,2.0,,8.0,10,5.0,,8.0,,
2025-01-15 16:00:00,351150400,ZIELONA GÓRA,2025,1,15,16,3.0,99,2.9,1006.5,1030.8,333.0,2.0,,8.0,50,2.0,,8.0,,
2025-01-15 17:00:00,351150400,ZIELONA GÓRA,2025,1,15,17,2.9,99,2.8,1007.5,1031.8,332.0,2.0,,8.0,51,5.0,,8.0,,
2025-01-15 18:00:00,351150400,ZIELONA GÓRA,2025,1,15,18,2.7,99,2.6,1008.1,1032.4,2.0,1.0,,8.0,51,5.0,0.2,,6.0,
2025-01-15 19:00:00,351150400,ZIELONA GÓRA,2025,1,15,19,2.3,99,2.2,1008.5,1032.9,3.0,2.0,,8.0,51,5.0,,8.0,,
2025-01-15 20:00:00,351150400,ZIELONA GÓRA,2025,1,15,20,2.1,99,2.0,1009.2,1033.6,331.0,1.0,,8.0,50,5.0,,8.0,,
2025-01-15 21:00:00,351150400,ZIELONA GÓRA,2025,1,15,21,1.8,99,1.7,1010.0,1034.5,311.0,2.0,,8.0,51,5.0,,8.0,,
2025-01-15 22:00:00,351150400,ZIELONA GÓRA,2025,1,15,22,1.7,98,1.4,1010.2,1034.7,316.0,1.0,,,10,,,8.0,,
2025-01-15 23:00:00,351150400,ZIELONA GÓRA,2025,1,15,23,1.4,98,1.1,1010.4,1034.9,304.0,2.0,,,10,,,8.0,,
2025-01-16 00:00:00,351150400,ZIELONA GÓRA,2025,1,16,0,1.2,98,0.9,1010.9,1035.5,332.0,1.0,,,10,,0.1,,,
2025-01-16 01:00:00,351150400,ZIELONA GÓRA,2025,1,16,1,1.1,98,0.8,1011.1,1035.7,291.0,1.0,,,10,,,8.0,,
2025-01-16 02:00:00,351150400,ZIELONA GÓRA,2025,1,16,2,1.2,98,0.9,1011.2,1035.8,291.0,2.0,,,10,,,8.0,,
2025-01-16 03:00:00,351150400,ZIELONA GÓRA,2025,1,16,3,1.1,98,0.8,1011.4,1036.0,274.0,2.0,,,10,,,8.0,,
2025-01-16 04:00:00,351150400,ZIELONA GÓRA,2025,1,16,4,1.1,98,0.8,1011.7,1036.3,268.0,1.0,,,10,,,8.0,,
2025-01-16 05:00:00,351150400,ZIELONA GÓRA,2025,1,16,5,1.2,98,0.9,1012.3,1036.9,267.0,2.0,,,30,,,8.0,,
2025-01-16 06:00:00,351150400,ZIELONA GÓRA,2025,1,16,6,1.1,99,1.0,1012.4,1037.0,266.0,2.0,,8.0,51,,0.1,,6.0,
2025-01-16 07:00:00,351150400,ZIELONA GÓRA,2025,1,16,7,1.3,99,1.2,1012.7,1037.3,262.0,3.0,,8.0,51,5.0,,8.0,,
2025-01-16 08:00:00,351150400,ZIELONA GÓRA,2025,1,16,8,1.8,99,1.7,1012.8,1037.3,255.0,2.0,,8.0,20,2.0,,8.0,,
2025-01-16 09:00:00,351150400,ZIELONA GÓRA,2025,1,16,9,2.0,99,1.9,1013.2,1037.7,265.0,2.0,,8.0,10,5.0,,8.0,,
2025-01-16 10:00:00,351150400,ZIELONA GÓRA,2025,1,16,10,2.3,99,2.2,1013.8,1038.3,259.0,3.0,,8.0,1,2.0,,8.0,,
2025-01-16 11:00:00,351150400,ZIELONA GÓRA,2025,1,16,11,2.4,97,2.0,1013.3,1037.8,255.0,3.0,,8.0,2,2.0,,8.0,,
2025-01-16 12:00:00,351150400,ZIELONA GÓRA,2025,1,16,12,2.4,96,1.8,1013.5,1038.0,285.0,3.0,8.0,8.0,2,5.0,0.1,,6.0,
2025-01-16 13:00:00,351150400,ZIELONA GÓRA,2025,1,16,13,2.3,96,1.7,1013.5,1038.0,287.0,3.0,,8.0,2,2.0,,8.0,,
2025-01-16 14:00:00,351150400,ZIELONA GÓRA,2025,1,16,14,2.1,97,1.7,1013.6,1038.1,260.0,3.0,,8.0,2,2.0,,8.0,,
2025-01-16 15:00:00,351150400,ZIELONA GÓRA,2025,1,16,15,2.0,96,1.4,1014.0,1038.6,267.0,3.0,,8.0,2,2.0,,8.0,,
2025-01-16 16:00:00,351150400,ZIELONA GÓRA,2025,1,16,16,1.9,96,1.3,1013.7,1038.3,245.0,3.0,,8.0,2,2.0,,8.0,,
2025-01-16 17:00:00,351150400,ZIELONA GÓRA,2025,1,16,17,1.9,96,1.3,1013.9,1038.5,257.0,3.0,,8.0,2,2.0,,8.0,,
2025-01-16 18:00:00,351150400,ZIELONA GÓRA,2025,1,16,18,1.7,95,1.0,1014.1,1038.7,263.0,3.0,8.0,8.0,2,2.0,,9.0,,
2025-01-16 19:00:00,351150400,ZIELONA GÓRA,2025,1,16,19,1.6,95,0.9,1014.2,1038.8,259.0,2.0,,8.0,2,2.0,,8.0,,
2025-01-16 20:00:00,351150400,ZIELONA GÓRA,2025,1,16,20,1.5,96,0.9,1014.2,1038.8,256.0,2.0,,8.0,10,2.0,,8.0,,
2025-01-16 21:00:00,351150400,ZIELONA GÓRA,2025,1,16,21,1.3,96,0.7,1014.4,1039.0,255.0,3.0,,8.0,10,2.0,,8.0,,
2025-01-16 22:00:00,351150400,ZIELONA GÓRA,2025,1,16,22,1.1,97,0.7,1014.6,1039.3,253.0,2.0,,,10,,,8.0,,
2025-01-16 23:00:00,351150400,ZIELONA GÓRA,2025,1,16,23,0.8,98,0.5,1014.4,1039.1,260.0,2.0,,,34,,,8.0,,
2025-01-17 00:00:00,351150400,ZIELONA GÓRA,2025,1,17,0,0.6,98,0.3,1014.3,1039.0,241.0,2.0,,,34,,,9.0,,
2025-01-17 01:00:00,351150400,ZIELONA GÓRA,2025,1,17,1,0.4,98,0.1,1014.3,1039.0,255.0,2.0,,,30,,,8.0,,
2025-01-17 02:00:00,351150400,ZIELONA GÓRA,2025,1,17,2,0.1,98,-0.2,1013.8,1038.5,231.0,3.0,,,34,,,8.0,,
2025-01-17 03:00:00,351150400,ZIELONA GÓRA,2025,1,17,3,0.0,99,-0.1,1013.9,1038.6,257.0,2.0,,,32,,,8.0,,
2025-01-17 04:00:00,351150400,ZIELONA GÓRA,2025,1,17,4,0.0,99,-0.1,1013.8,1038.5,257.0,2.0,,,20,,,8.0,,
2025-01-17 05:00:00,351150400,ZIELONA GÓRA,2025,1,17,5,0.1,99,0.0,1013.8,1038.5,248.0,2.0,,,34,,,8.0,,
2025-01-17 06:00:00,351150400,ZIELONA GÓRA,2025,1,17,6,0.1,99,0.0,1014.2,1038.9,263.0,2.0,,8.0,44,,,9.0,,
2025-01-17 07:00:00,351150400,ZIELONA GÓRA,2025,1,17,7,0.1,99,0.0,1014.4,1039.1,249.0,2.0,,8.0,28,2.0,,8.0,,
2025-01-17 08:00:00,351150400,ZIELONA GÓRA,2025,1,17,8,0.3,99,0.2,1014.4,1039.1,254.0,2.0,,7.0,10,2.0,,8.0,,
2025-01-17 09:00:00,351150400,ZIELONA GÓRA,2025,1,17,9,1.1,99,1.0,1014.4,1039.0,245.0,2.0,,7.0,10,4.0,,8.0,,
2025-01-17 10:00:00,351150400,ZIELONA GÓRA,2025,1,17,10,3.3,89,1.7,1014.6,1039.1,264.0,2.0,,4.0,1,1.0,,8.0,,
2025-01-17 11:00:00,351150400,ZIELONA GÓRA,2025,1,17,11,4.3,81,1.3,1014.1,1038.5,243.0,2.0,,2.0,1,0.0,,8.0,,
2025-01-17 12:00:00,351150400,ZIELONA GÓRA,2025,1,17,12,4.9,78,1.4,1013.6,1037.9,222.0,2.0,,1.0,1,4.0,,9.0,,
2025-01-17 13:00:00,351150400,ZIELONA GÓRA,2025,1,17,13,5.4,75,1.3,1013.5,1037.7,259.0,2.0,,1.0,2,0.0,,8.0,,
2025-01-17 14:00:00,351150400,ZIELONA GÓRA,2025,1,17,14,5.4,75,1.3,1013.5,1037.7,264.0,1.0,,1.0,3,0.0,,8.0,,
2025-01-17 15:00:00,351150400,ZIELONA GÓRA,2025,1,17,15,4.2,78,0.7,1013.4,1037.7,273.0,1.0,,1.0,3,0.0,,8.0,,
2025-01-17 16:00:00,351150400,ZIELONA GÓRA,2025,1,17,16,2.9,85,0.6,1013.3,1037.8,260.0,2.0,,1.0,3,0.0,,8.0,,
2025-01-17 17:00:00,351150400,ZIELONA GÓRA,2025,1,17,17,2.2,87,0.3,1013.2,1037.7,233.0,2.0,,1.0,1,0.0,,8.0,,
2025-01-17 18:00:00,351150400,ZIELONA GÓRA,2025,1,17,18,2.3,88,0.5,1012.7,1037.2,228.0,3.0,,1.0,1,0.0,,9.0,,
2025-01-17 19:00:00,351150400,ZIELONA GÓRA,2025,1,17,19,1.4,90,-0.1,1012.9,1037.5,235.0,3.0,,0.0,1,0.0,,8.0,,
2025-01-17 20:00:00,351150400,ZIELONA GÓRA,2025,1,17,20,0.9,91,-0.4,1012.9,1037.5,246.0,1.0,,0.0,2,0.0,,8.0,,
2025-01-17 21:00:00,351150400,ZIELONA GÓRA,2025,1,17,21,1.0,91,-0.3,1013.1,1037.7,281.0,2.0,,0.0,2,0.0,,8.0,,
2025-01-17 22:00:00,351150400,ZIELONA GÓRA,2025,1,17,22,0.3,94,-0.6,1013.2,1037.9,287.0,2.0,,,10,,,8.0,,
2025-01-17 23:00:00,351150400,ZIELONA GÓRA,2025,1,17,23,-0.5,94,-1.3,1012.3,1037.0,207.0,2.0,,,10,,,8.0,,
2025-01-18 00:00:00,351150400,ZIELONA GÓRA,2025,1,18,0,-0.7,96,-1.3,1011.6,1036.3,213.0,3.0,,,10,,,9.0,,
2025-01-18 01:00:00,351150400,ZIELONA GÓRA,2025,1,18,1,-0.5,95,-1.2,1011.5,1036.2,250.0,2.0,,,10,,,8.0,,
2025-01-18 02:00:00,351150400,ZIELONA GÓRA,2025,1,18,2,-0.4,92,-1.5,1011.0,1035.7,233.0,1.0,,,10,,,8.0,,
2025-01-18 03:00:00,351150400,ZIELONA GÓRA,2025,1,18,3,-0.5,91,-1.8,1011.1,1035.8,296.0,3.0,,,10,,,8.0,,
2025-01-18 04:00:00,351150400,ZIELONA GÓRA,2025,1,18,4,-0.7,93,-1.7,1011.0,1035.7,286.0,2.0,,,10,,,8.0,,
2025-01-18 05:00:00,351150400,ZIELONA GÓRA,2025,1,18,5,-1.5,93,-2.5,1010.5,1035.3,208.0,2.0,,,10,,,8.0,,
2025-01-18 06:00:00,351150400,ZIELONA GÓRA,2025,1,18,6,-1.7,95,-2.4,1010.3,1035.1,229.0,2.0,,0.0,10,,,9.0,,
2025-01-18 07:00:00,351150400,ZIELONA GÓRA,2025,1,18,7,-0.6,92,-1.7,1010.5,1035.2,288.0,2.0,,1.0,10,0.0,,8.0,,
2025-01-18 08:00:00,351150400,ZIELONA GÓRA,2025,1,18,8,-0.2,90,-1.6,1010.7,1035.4,237.0,1.0,,1.0,10,0.0,,8.0,,
2025-01-18 09:00:00,351150400,ZIELONA GÓRA,2025,1,18,9,1.9,83,-0.7,1010.5,1035.0,226.0,1.0,,1.0,10,0.0,,8.0,,
2025-01-18 10:00:00,351150400,ZIELONA GÓRA,2025,1,18,10,3.6,74,-0.6,1010.3,1034.6,229.0,1.0,,1.0,2,0.0,,8.0,,
2025-01-18 11:00:00,351150400,ZIELONA GÓRA,2025,1,18,11,4.2,71,-0.6,1009.7,1034.0,296.0,2.0,,1.0,2,0.0,,8.0,,
2025-01-18 12:00:00,351150400,ZIELONA GÓRA,2025,1,18,12,4.1,73,-0.3,1009.8,1034.1,353.0,1.0,,4.0,3,0.0,,9.0,,
2025-01-18 13:00:00,351150400,ZIELONA GÓRA,2025,1,18,13,4.7,69,-0.5,1009.4,1033.6,291.0,1.0,,5.0,3,1.0,,8.0,,
2025-01-18 14:00:00,351150400,ZIELONA GÓRA,2025,1,18,14,6.4,63,-0.1,1009.0,1033.0,236.0,1.0,,4.0,1,1.0,,8.0,,
2025-01-18 15:00:00,351150400,ZIELONA GÓRA,2025,1,18,15,4.7,72,0.1,1008.9,1033.1,328.0,2.0,,3.0,1,1.0,,8.0,,
2025-01-18 16:00:00,351150400,ZIELONA GÓRA,2025,1,18,16,2.8,80,-0.3,1008.7,1033.1,324.0,2.0,,1.0,1,0.0,,8.0,,
2025-01-18 17:00:00,351150400,ZIELONA GÓRA,2025,1,18,17,2.5,79,-0.8,1008.3,1032.7,306.0,1.0,,1.0,1,0.0,,8.0,,
2025-01-18 18:00:00,351150400,ZIELONA GÓRA,2025,1,18,18,1.6,81,-1.3,1008.2,1032.6,25.0,1.0,,1.0,2,1.0,,9.0,,
2025-01-18 19:00:00,351150400,ZIELONA GÓRA,2025,1,18,19,1.6,86,-0.5,1008.1,1032.5,352.0,1.0,,0.0,1,0.0,,8.0,,
2025-01-18 20:00:00,351150400,ZIELONA GÓRA,2025,1,18,20,0.0,92,-1.1,1008.1,1032.7,25.0,1.0,,0.0,10,0.0,,8.0,,
2025-01-18 21:00:00,351150400,ZIELONA GÓRA,2025,1,18,21,-1.5,94,-2.3,1008.0,1032.7,148.0,1.0,,0.0,10,0.0,,8.0,,
2025-01-18 22:00:00,351150400,ZIELONA GÓRA,2025,1,18,22,-1.2,96,-1.8,1007.7,1032.4,135.0,2.0,,,10,,,8.0,,
2025-01-18 23:00:00,351150400,ZIELONA GÓRA,2025,1,18,23,-0.9,96,-1.5,1007.7,1032.4,128.0,2.0,,,10,,,8.0,,
2025-01-19 00:00:00,351150400,ZIELONA GÓRA,2025,1,19,0,-1.7,96,-2.3,1007.2,1031.9,77.0,1.0,,,10,,,9.0,,
2025-01-19 01:00:00,351150400,ZIELONA GÓRA,2025,1,19,1,-1.1,96,-1.7,1006.8,1031.5,133.0,2.0,,,10,,,8.0,,
2025-01-19 02:00:00,351150400,ZIELONA GÓRA,2025,1,19,2,-1.6,96,-2.2,1006.1,1030.8,128.0,2.0,,,10,,,8.0,,
2025-01-19 03:00:00,351150400,ZIELONA GÓRA,2025,1,19,3,-2.3,96,-2.9,1005.6,1030.3,137.0,2.0,,,10,,,8.0,,
2025-01-19 04:00:00,351150400,ZIELONA GÓRA,2025,1,19,4,-2.4,96,-3.0,1005.3,1030.0,129.0,2.0,,,10,,,8.0,,
2025-01-19 05:00:00,351150400,ZIELONA GÓRA,2025,1,19,5,-1.2,97,-1.6,1004.7,1029.3,143.0,2.0,,,10,,,8.0,,
2025-01-19 06:00:00,351150400,ZIELONA GÓRA,2025,1,19,6,-3.0,96,-3.5,1004.6,1029.4,98.0,1.0,,0.0,10,,,9.0,,
2025-01-19 07:00:00,351150400,ZIELONA GÓRA,2025,1,19,7,-3.2,96,-3.7,1004.5,1029.3,124.0,2.0,,1.0,10,0.0,,8.0,,
2025-01-19 08:00:00,351150400,ZIELONA GÓRA,2025,1,19,8,-2.3,95,-3.0,1004.6,1029.3,127.0,2.0,,1.0,10,0.0,,8.0,,
2025-01-19 09:00:00,351150400,ZIELONA GÓRA,2025,1,19,9,-1.3,92,-2.4,1004.6,1029.2,139.0,2.0,,1.0,10,0.0,,8.0,,
2025-01-19 10:00:00,351150400,ZIELONA GÓRA,2025,1,19,10,1.1,86,-1.0,1004.2,1028.6,127.0,2.0,,0.0,10,0.0,,8.0,,
2025-01-19 11:00:00,351150400,ZIELONA GÓRA,2025,1,19,11,2.7,77,-0.9,1003.6,1027.8,144.0,2.0,,0.0,10,0.0,,8.0,,
2025-01-19 12:00:00,351150400,ZIELONA GÓRA,2025,1,19,12,3.8,71,-1.0,1003.0,1027.1,134.0,2.0,,0.0,10,0.0,,9.0,,
2025-01-19 13:00:00,351150400,ZIELONA GÓRA,2025,1,19,13,3.5,75,-0.5,1002.5,1026.6,134.0,2.0,,1.0,10,0.0,,8.0,,
2025-01-19 14:00:00,351150400,ZIELONA GÓRA,2025,1,19,14,3.1,78,-0.4,1002.1,1026.3,137.0,2.0,,1.0,10,0.0,,8.0,,
2025-01-19 15:00:00,351150400,ZIELONA GÓRA,2025,1,19,15,1.3,87,-0.6,1001.9,1026.2,131.0,2.0,,1.0,10,0.0,,8.0,,
2025-01-19 16:00:00,351150400,ZIELONA GÓRA,2025,1,19,16,1.0,90,-0.5,1001.8,1026.1,128.0,2.0,,1.0,10,0.0,,8.0,,
2025-01-19 17:00:00,351150400,ZIELONA GÓRA,2025,1,19,17,0.7,89,-0.9,1001.5,1025.9,120.0,2.0,,1.0,10,0.0,,8.0,,
2025-01-19 18:00:00,351150400,ZIELONA GÓRA,2025,1,19,18,0.7,89,-0.9,1001.1,1025.5,120.0,2.0,,0.0,10,0.0,,9.0,,
2025-01-19 19:00:00,351150400,ZIELONA GÓRA,2025,1,19,19,0.5,89,-1.1,1001.2,1025.6,141.0,3.0,,1.0,10,0.0,,8.0,,
2025-01-19 20:00:00,351150400,ZIELONA GÓRA,2025,1,19,20,0.0,92,-1.1,1000.8,1025.2,128.0,3.0,,1.0,10,0.0,,8.0,,
2025-01-19 21:00:00,351150400,ZIELONA GÓRA,2025,1,19,21,-0.3,93,-1.3,1000.8,1025.2,131.0,3.0,,1.0,10,0.0,,8.0,,
2025-01-19 22:00:00,351150400,ZIELONA GÓRA,2025,1,19,22,0.1,93,-0.9,1000.5,1024.9,130.0,3.0,,,10,,,8.0,,
2025-01-19 23:00:00,351150400,ZIELONA GÓRA,2025,1,19,23,0.6,91,-0.7,1000.0,1024.3,129.0,4.0,,,10,,,8.0,,
2025-01-20 00:00:00,351150400,ZIELONA GÓRA,2025,1,20,0,-0.5,94,-1.3,999.3,1023.7,130.0,4.0,,,10,,,9.0,,
2025-01-20 01:00:00,351150400,ZIELONA GÓRA,2025,1,20,1,-0.8,94,-1.6,998.7,1023.1,133.0,4.0,,,10,,,8.0,,
2025-01-20 02:00:00,351150400,ZIELONA GÓRA,2025,1,20,2,-0.8,95,-1.5,998.3,1022.7,133.0,4.0,,,10,,,8.0,,
2025-01-20 03:00:00,351150400,ZIELONA GÓRA,2025,1,20,3,-1.1,95,-1.8,998.1,1022.5,132.0,4.0,,,10,,,8.0,,
2025-01-20 04:00:00,351150400,ZIELONA GÓRA,2025,1,20,4,-0.9,94,-1.7,997.7,1022.1,130.0,4.0,,,10,,,8.0,,
2025-01-20 05:00:00,351150400,ZIELONA GÓRA,2025,1,20,5,-1.2,94,-2.0,997.3,1021.7,140.0,4.0,,,10,,,8.0,,
2025-01-20 06:00:00,351150400,ZIELONA GÓRA,2025,1,20,6,-1.3,95,-2.0,997.3,1021.7,140.0,4.0,,0.0,10,,,9.0,,
2025-01-20 07:00:00,351150400,ZIELONA GÓRA,2025,1,20,7,-1.2,96,-1.8,997.2,1021.6,141.0,3.0,,0.0,10,0.0,,8.0,,
2025-01-20 08:00:00,351150400,ZIELONA GÓRA,2025,1,20,8,-0.3,92,-1.4,997.3,1021.7,139.0,2.0,,1.0,10,0.0,,8.0,,
2025-01-20 09:00:00,351150400,ZIELONA GÓRA,2025,1,20,9,1.4,85,-0.8,997.2,1021.4,139.0,3.0,,1.0,10,0.0,,8.0,,
2025-01-20 10:00:00,351150400,ZIELONA GÓRA,2025,1,20,10,2.9,78,-0.6,997.0,1021.1,151.0,2.0,,1.0,10,0.0,,8.0,,
2025-01-20 11:00:00,351150400,ZIELONA GÓRA,2025,1,20,11,4.6,69,-0.6,996.6,1020.5,150.0,3.0,,2.0,10,0.0,,8.0,,
2025-01-20 12:00:00,351150400,ZIELONA GÓRA,2025,1,20,12,5.5,64,-0.8,996.2,1020.0,168.0,3.0,,3.0,10,0.0,,9.0,,
2025-01-20 13:00:00,351150400,ZIELONA GÓRA,2025,1,20,13,5.5,67,-0.1,996.1,1019.9,177.0,2.0,,6.0,10,1.0,,8.0,,
2025-01-20 14:00:00,351150400,ZIELONA GÓRA,2025,1,20,14,5.9,64,-0.4,995.5,1019.3,177.0,2.0,,7.0,3,2.0,,8.0,,
2025-01-20 15:00:00,351150400,ZIELONA GÓRA,2025,1,20,15,5.3,66,-0.5,995.3,1019.1,156.0,1.0,,7.0,3,1.0,,8.0,,
2025-01-20 16:00:00,351150400,ZIELONA GÓRA,2025,1,20,16,4.3,71,-0.5,995.2,1019.1,166.0,2.0,,7.0,2,2.0,,8.0,,
2025-01-20 17:00:00,351150400,ZIELONA GÓRA,2025,1,20,17,2.8,81,-0.1,995.4,1019.4,244.0,2.0,,7.0,10,2.0,,8.0,,
2025-01-20 18:00:00,351150400,ZIELONA GÓRA,2025,1,20,18,2.5,71,-2.2,995.4,1019.5,246.0,2.0,,7.0,2,1.0,,9.0,,
2025-01-20 19:00:00,351150400,ZIELONA GÓRA,2025,1,20,19,1.6,75,-2.4,995.6,1019.7,240.0,2.0,,5.0,1,2.0,,8.0,,
2025-01-20 20:00:00,351150400,ZIELONA GÓRA,2025,1,20,20,0.6,81,-2.3,995.5,1019.7,210.0,3.0,,5.0,2,2.0,,8.0,,
2025-01-20 21:00:00,351150400,ZIELONA GÓRA,2025,1,20,21,-0.1,84,-2.5,995.4,1019.7,203.0,3.0,,5.0,2,2.0,,8.0,,
2025-01-20 22:00:00,351150400,ZIELONA GÓRA,2025,1,20,22,-0.5,86,-2.6,995.3,1019.6,204.0,3.0,,,0,,,8.0,,
2025-01-20 23:00:00,351150400,ZIELONA GÓRA,2025,1,20,23,-0.9,87,-2.8,995.5,1019.9,200.0,3.0,,,0,,,8.0,,
2025-01-21 00:00:00,351150400,ZIELONA GÓRA,2025,1,21,0,-1.0,87,-2.9,995.4,1019.8,198.0,3.0,,,0,,,9.0,,
2025-01-21 01:00:00,351150400,ZIELONA GÓRA,2025,1,21,1,-0.6,85,-2.8,995.2,1019.5,226.0,3.0,,,0,,,8.0,,
2025-01-21 02:00:00,351150400,ZIELONA GÓRA,2025,1,21,2,-0.3,82,-3.0,994.9,1019.2,233.0,3.0,,,0,,,8.0,,
2025-01-21 03:00:00,351150400,ZIELONA GÓRA,2025,1,21,3,-0.9,85,-3.1,995.1,1019.5,204.0,3.0,,,0,,,8.0,,
2025-01-21 04:00:00,351150400,ZIELONA GÓRA,2025,1,21,4,-1.8,89,-3.4,994.9,1019.3,197.0,2.0,,,10,,,8.0,,
2025-01-21 05:00:00,351150400,ZIELONA GÓRA,2025,1,21,5,-1.3,86,-3.3,994.8,1019.2,233.0,2.0,,,0,,,8.0,,
2025-01-21 06:00:00,351150400,ZIELONA GÓRA,2025,1,21,6,-1.3,86,-3.3,994.9,1019.3,234.0,3.0,,7.0,0,,,9.0,,
2025-01-21 07:00:00,351150400,ZIELONA GÓRA,2025,1,21,7,-1.4,88,-3.1,994.9,1019.3,262.0,2.0,,8.0,3,2.0,,8.0,,
2025-01-21 08:00:00,351150400,ZIELONA GÓRA,2025,1,21,8,-0.7,84,-3.1,995.3,1019.6,267.0,2.0,,8.0,3,2.0,,8.0,,
2025-01-21 09:00:00,351150400,ZIELONA GÓRA,2025,1,21,9,-0.6,84,-3.0,995.0,1019.3,281.0,2.0,,7.0,1,2.0,,8.0,,
2025-01-21 10:00:00,351150400,ZIELONA GÓRA,2025,1,21,10,-0.3,83,-2.8,995.3,1019.6,294.0,1.0,,8.0,1,2.0,,8.0,,
2025-01-21 11:00:00,351150400,ZIELONA GÓRA,2025,1,21,11,0.1,82,-2.6,995.0,1019.3,291.0,1.0,,8.0,1,2.0,,8.0,,
2025-01-21 12:00:00,351150400,ZIELONA GÓRA,2025,1,21,12,0.5,81,-2.4,994.6,1018.8,220.0,2.0,,8.0,3,2.0,,9.0,,
2025-01-21 13:00:00,351150400,ZIELONA GÓRA,2025,1,21,13,0.4,81,-2.5,994.5,1018.7,314.0,2.0,,8.0,1,2.0,,8.0,,
2025-01-21 14:00:00,351150400,ZIELONA GÓRA,2025,1,21,14,0.2,84,-2.2,994.3,1018.5,306.0,1.0,,8.0,2,2.0,,8.0,,
2025-01-21 15:00:00,351150400,ZIELONA GÓRA,2025,1,21,15,-0.6,88,-2.3,994.4,1018.7,329.0,1.0,,8.0,10,2.0,,8.0,,
2025-01-21 16:00:00,351150400,ZIELONA GÓRA,2025,1,21,16,-1.4,93,-2.4,994.6,1019.0,354.0,1.0,,7.0,10,2.0,,8.0,,
2025-01-21 17:00:00,351150400,ZIELONA GÓRA,2025,1,21,17,-1.8,95,-2.5,994.6,1019.0,331.0,2.0,,6.0,10,2.0,,8.0,,
2025-01-21 18:00:00,351150400,ZIELONA GÓRA,2025,1,21,18,-2.4,95,-3.1,994.2,1018.7,33.0,1.0,,5.0,10,2.0,,9.0,,
2025-01-21 19:00:00,351150400,ZIELONA GÓRA,2025,1,21,19,-3.3,95,-4.0,993.9,1018.4,128.0,1.0,,4.0,10,1.0,,8.0,,
2025-01-21 20:00:00,351150400,ZIELONA GÓRA,2025,1,21,20,-3.6,96,-4.1,993.9,1018.5,91.0,1.0,,6.0,28,4.0,,8.0,,
2025-01-21 21:00:00,351150400,ZIELONA GÓRA,2025,1,21,21,-3.8,96,-4.3,993.9,1018.5,136.0,1.0,,7.0,46,4.0,,8.0,,
2025-01-21 22:00:00,351150400,ZIELONA GÓRA,2025,1,21,22,-4.2,96,-4.7,993.6,1018.2,144.0,2.0,,,34,,,8.0,,
2025-01-21 23:00:00,351150400,ZIELONA GÓRA,2025,1,21,23,-4.3,95,-5.0,993.4,1018.0,153.0,2.0,,,30,,,8.0,,
2025-01-22 00:00:00,351150400,ZIELONA GÓRA,2025,1,22,0,-4.8,95,-5.5,993.3,1018.0,156.0,1.0,,,20,,,9.0,,
2025-01-22 01:00:00,351150400,ZIELONA GÓRA,2025,1,22,1,-5.0,94,-5.8,993.1,1017.8,157.0,1.0,,,10,,,8.0,,
2025-01-22 02:00:00,351150400,ZIELONA GÓRA,2025,1,22,2,-4.0,95,-4.7,992.8,1017.4,180.0,2.0,,,10,,,8.0,,
2025-01-22 03:00:00,351150400,ZIELONA GÓRA,2025,1,22,3,-4.4,95,-5.1,992.5,1017.1,153.0,2.0,,,10,,,8.0,,
2025-01-22 04:00:00,351150400,ZIELONA GÓRA,2025,1,22,4,-4.1,95,-4.8,992.4,1017.0,172.0,1.0,,,10,,,8.0,,
2025-01-22 05:00:00,351150400,ZIELONA GÓRA,2025,1,22,5,-4.1,95,-4.8,992.2,1016.8,178.0,3.0,,,10,,,8.0,,
2025-01-22 06:00:00,351150400,ZIELONA GÓRA,2025,1,22,6,-4.0,95,-4.7,991.9,1016.5,156.0,3.0,,1.0,10,,,9.0,,
2025-01-22 07:00:00,351150400,ZIELONA GÓRA,2025,1,22,7,-4.0,95,-4.7,991.9,1016.5,159.0,2.0,,2.0,10,0.0,,8.0,,
2025-01-22 08:00:00,351150400,ZIELONA GÓRA,2025,1,22,8,-2.9,95,-3.6,991.9,1016.4,157.0,2.0,,3.0,10,0.0,,8.0,,
2025-01-22 09:00:00,351150400,ZIELONA GÓRA,2025,1,22,9,-1.4,91,-2.7,991.7,1016.0,157.0,2.0,,3.0,10,0.0,,8.0,,
2025-01-22 10:00:00,351150400,ZIELONA GÓRA,2025,1,22,10,0.0,88,-1.8,991.3,1015.5,157.0,2.0,,6.0,10,1.0,,8.0,,
2025-01-22 11:00:00,351150400,ZIELONA GÓRA,2025,1,22,11,1.8,78,-1.6,990.7,1014.7,144.0,2.0,,6.0,10,2.0,,8.0,,
2025-01-22 12:00:00,351150400,ZIELONA GÓRA,2025,1,22,12,3.4,69,-1.8,990.0,1013.8,145.0,3.0,,6.0,10,1.0,,9.0,,
2025-01-22 13:00:00,351150400,ZIELONA GÓRA,2025,1,22,13,3.8,67,-1.8,989.4,1013.2,139.0,2.0,,6.0,10,2.0,,8.0,,
2025-01-22 14:00:00,351150400,ZIELONA GÓRA,2025,1,22,14,3.4,71,-1.4,988.9,1012.7,139.0,3.0,,7.0,10,2.0,,8.0,,
2025-01-22 15:00:00,351150400,ZIELONA GÓRA,2025,1,22,15,2.1,81,-0.8,988.6,1012.5,128.0,2.0,,7.0,10,2.0,,8.0,,
2025-01-22 16:00:00,351150400,ZIELONA GÓRA,2025,1,22,16,1.9,81,-1.0,988.3,1012.2,127.0,3.0,,7.0,10,2.0,,8.0,,
2025-01-22 17:00:00,351150400,ZIELONA GÓRA,2025,1,22,17,1.7,85,-0.6,987.9,1011.8,134.0,3.0,,7.0,10,2.0,,8.0,,
2025-01-22 18:00:00,351150400,ZIELONA GÓRA,2025,1,22,18,1.8,88,0.0,987.8,1011.7,139.0,3.0,,7.0,10,2.0,,9.0,,
2025-01-22 19:00:00,351150400,ZIELONA GÓRA,2025,1,22,19,0.6,92,-0.6,986.8,1010.8,135.0,4.0,,7.0,10,2.0,,8.0,,
2025-01-22 20:00:00,351150400,ZIELONA GÓRA,2025,1,22,20,-0.2,95,-0.9,986.7,1010.8,148.0,3.0,,2.0,10,1.0,,8.0,,
2025-01-22 21:00:00,351150400,ZIELONA GÓRA,2025,1,22,21,-0.5,96,-1.1,986.2,1010.3,146.0,3.0,,0.0,10,1.0,,8.0,,
2025-01-22 22:00:00,351150400,ZIELONA GÓRA,2025,1,22,22,-1.0,96,-1.6,985.7,1009.8,156.0,3.0,,,10,,,8.0,,
2025-01-22 23:00:00,351150400,ZIELONA GÓRA,2025,1,22,23,-1.4,97,-1.8,985.0,1009.2,155.0,3.0,,,10,,,8.0,,
2025-01-23 00:00:00,351150400,ZIELONA GÓRA,2025,1,23,0,-1.7,95,-2.4,984.5,1008.7,142.0,3.0,,,10,,,9.0,,
2025-01-23 01:00:00,351150400,ZIELONA GÓRA,2025,1,23,1,-1.9,95,-2.6,983.6,1007.8,146.0,4.0,,,10,,,8.0,,
2025-01-23 02:00:00,351150400,ZIELONA GÓRA,2025,1,23,2,-2.1,95,-2.8,982.8,1007.0,154.0,4.0,,,10,,,8.0,,
2025-01-23 03:00:00,351150400,ZIELONA GÓRA,2025,1,23,3,-2.1,95,-2.8,981.9,1006.0,155.0,4.0,,,10,,,8.0,,
2025-01-23 04:00:00,351150400,ZIELONA GÓRA,2025,1,23,4,-2.1,92,-3.2,981.4,1005.5,161.0,4.0,,,10,,,8.0,,
2025-01-23 05:00:00,351150400,ZIELONA GÓRA,2025,1,23,5,-2.4,93,-3.4,981.0,1005.1,161.0,4.0,,,10,,,8.0,,
2025-01-23 06:00:00,351150400,ZIELONA GÓRA,2025,1,23,6,-1.9,92,-3.0,980.1,1004.2,154.0,4.0,,7.0,10,,,9.0,,
2025-01-23 07:00:00,351150400,ZIELONA GÓRA,2025,1,23,7,-1.8,91,-3.1,980.0,1004.1,161.0,4.0,,7.0,10,2.0,,8.0,,
2025-01-23 08:00:00,351150400,ZIELONA GÓRA,2025,1,23,8,-1.7,92,-2.8,979.6,1003.6,160.0,5.0,,7.0,25,2.0,,8.0,,
2025-01-23 09:00:00,351150400,ZIELONA GÓRA,2025,1,23,9,-0.9,89,-2.5,979.2,1003.2,156.0,4.0,,7.0,10,8.0,,8.0,,
2025-01-23 10:00:00,351150400,ZIELONA GÓRA,2025,1,23,10,-0.5,89,-2.1,979.0,1002.9,161.0,4.0,,8.0,24,6.0,,8.0,,
2025-01-23 11:00:00,351150400,ZIELONA GÓRA,2025,1,23,11,-0.2,93,-1.2,978.8,1002.7,167.0,4.0,,8.0,63,6.0,,8.0,,
2025-01-23 12:00:00,351150400,ZIELONA GÓRA,2025,1,23,12,0.2,96,-0.4,979.8,1003.7,196.0,5.0,,8.0,61,8.0,2.7,,6.0,
2025-01-23 13:00:00,351150400,ZIELONA GÓRA,2025,1,23,13,1.0,96,0.4,980.6,1004.4,223.0,6.0,12.0,8.0,68,7.0,,8.0,,
2025-01-23 14:00:00,351150400,ZIELONA GÓRA,2025,1,23,14,1.2,97,0.8,981.9,1005.7,246.0,4.0,9.0,8.0,68,7.0,,8.0,,
2025-01-23 15:00:00,351150400,ZIELONA GÓRA,2025,1,23,15,2.1,97,1.7,983.1,1006.9,259.0,4.0,,8.0,23,7.0,,8.0,,
2025-01-23 16:00:00,351150400,ZIELONA GÓRA,2025,1,23,16,2.7,96,2.1,984.5,1008.3,275.0,4.0,,8.0,1,2.0,,8.0,,
2025-01-23 17:00:00,351150400,ZIELONA GÓRA,2025,1,23,17,2.6,96,2.0,985.7,1009.5,249.0,3.0,8.0,8.0,1,2.0,,8.0,,
2025-01-23 18:00:00,351150400,ZIELONA GÓRA,2025,1,23,18,2.5,96,1.9,986.3,1010.1,239.0,4.0,,7.0,10,7.0,1.0,,7.0,
2025-01-23 19:00:00,351150400,ZIELONA GÓRA,2025,1,23,19,3.0,92,1.8,987.0,1010.8,264.0,4.0,,7.0,25,2.0,,8.0,,
2025-01-23 20:00:00,351150400,ZIELONA GÓRA,2025,1,23,20,3.0,91,1.7,987.8,1011.6,259.0,3.0,,7.0,25,2.0,,8.0,,
2025-01-23 21:00:00,351150400,ZIELONA GÓRA,2025,1,23,21,2.5,94,1.6,988.3,1012.2,229.0,3.0,,8.0,3,8.0,,8.0,,
2025-01-23 22:00:00,351150400,ZIELONA GÓRA,2025,1,23,22,2.0,95,1.3,988.4,1012.3,208.0,2.0,,,10,,,8.0,,
2025-01-23 23:00:00,351150400,ZIELONA GÓRA,2025,1,23,23,1.7,96,1.1,988.5,1012.5,212.0,3.0,,,10,,,8.0,,
2025-01-24 00:00:00,351150400,ZIELONA GÓRA,2025,1,24,0,1.4,95,0.7,988.8,1012.8,206.0,2.0,,,0,,0.2,,,
2025-01-24 01:00:00,351150400,ZIELONA GÓRA,2025,1,24,1,1.2,94,0.3,988.6,1012.6,169.0,2.0,,,10,,,8.0,,
2025-01-24 02:00:00,351150400,ZIELONA GÓRA,2025,1,24,2,1.3,89,-0.3,988.1,1012.1,182.0,2.0,,,0,,,8.0,,
2025-01-24 03:00:00,351150400,ZIELONA GÓRA,2025,1,24,3,1.0,90,-0.5,988.2,1012.2,177.0,2.0,,,0,,,8.0,,
2025-01-24 04:00:00,351150400,ZIELONA GÓRA,2025,1,24,4,1.0,89,-0.6,988.4,1012.4,171.0,2.0,,,0,,,8.0,,
2025-01-24 05:00:00,351150400,ZIELONA GÓRA,2025,1,24,5,1.3,87,-0.6,988.2,1012.2,177.0,2.0,,,0,,,8.0,,
2025-01-24 06:00:00,351150400,ZIELONA GÓRA,2025,1,24,6,1.1,87,-0.8,988.4,1012.4,185.0,2.0,,7.0,0,,,9.0,,
2025-01-24 07:00:00,351150400,ZIELONA GÓRA,2025,1,24,7,1.1,90,-0.4,988.8,1012.8,191.0,2.0,,7.0,3,2.0,,8.0,,
2025-01-24 08:00:00,351150400,ZIELONA GÓRA,2025,1,24,8,1.7,90,0.2,989.0,1013.0,192.0,3.0,,7.0,3,2.0,,8.0,,
2025-01-24 09:00:00,351150400,ZIELONA GÓRA,2025,1,24,9,2.1,91,0.8,989.1,1013.0,200.0,3.0,,7.0,3,2.0,,8.0,,
2025-01-24 10:00:00,351150400,ZIELONA GÓRA,2025,1,24,10,4.4,81,1.4,989.1,1012.8,201.0,3.0,,1.0,1,1.0,,8.0,,
2025-01-24 11:00:00,351150400,ZIELONA GÓRA,2025,1,24,11,6.0,73,1.5,988.8,1012.4,200.0,4.0,,3.0,3,0.0,,8.0,,
2025-01-24 12:00:00,351150400,ZIELONA GÓRA,2025,1,24,12,6.1,72,1.4,988.1,1011.7,203.0,4.0,,7.0,3,1.0,,9.0,,
2025-01-24 13:00:00,351150400,ZIELONA GÓRA,2025,1,24,13,6.5,70,1.4,987.8,1011.3,198.0,3.0,,7.0,1,2.0,,8.0,,
2025-01-24 14:00:00,351150400,ZIELONA GÓRA,2025,1,24,14,5.9,70,0.8,987.7,1011.3,185.0,3.0,,7.0,1,2.0,,8.0,,
2025-01-24 15:00:00,351150400,ZIELONA GÓRA,2025,1,24,15,5.2,74,0.9,987.2,1010.8,175.0,4.0,,7.0,3,2.0,,8.0,,
2025-01-24 16:00:00,351150400,ZIELONA GÓRA,2025,1,24,16,4.5,77,0.8,986.8,1010.5,173.0,5.0,,8.0,3,2.0,,8.0,,
2025-01-24 17:00:00,351150400,ZIELONA GÓRA,2025,1,24,17,4.3,79,1.0,985.8,1009.5,165.0,4.0,,8.0,2,2.0,,8.0,,
2025-01-24 18:00:00,351150400,ZIELONA GÓRA,2025,1,24,18,4.3,79,1.0,985.6,1009.3,168.0,4.0,,8.0,3,2.0,,9.0,,
2025-01-24 19:00:00,351150400,ZIELONA GÓRA,2025,1,24,19,4.8,79,1.5,985.7,1009.3,186.0,4.0,,8.0,80,8.0,,8.0,,
2025-01-24 20:00:00,351150400,ZIELONA GÓRA,2025,1,24,20,5.2,85,2.9,985.8,1009.4,200.0,4.0,,8.0,61,8.0,,8.0,,
2025-01-24 21:00:00,351150400,ZIELONA GÓRA,2025,1,24,21,5.4,88,3.6,985.9,1009.5,203.0,4.0,,8.0,61,8.0,,8.0,,
2025-01-24 22:00:00,351150400,ZIELONA GÓRA,2025,1,24,22,5.7,89,4.0,986.0,1009.6,222.0,4.0,,,61,,,8.0,,
2025-01-24 23:00:00,351150400,ZIELONA GÓRA,2025,1,24,23,5.7,89,4.0,986.3,1009.9,221.0,4.0,9.0,,81,,,8.0,,
2025-01-25 00:00:00,351150400,ZIELONA GÓRA,2025,1,25,0,6.0,86,3.8,986.4,1009.9,222.0,4.0,,,0,,0.6,,,
2025-01-25 01:00:00,351150400,ZIELONA GÓRA,2025,1,25,1,5.9,84,3.4,986.5,1010.0,205.0,4.0,,,0,,,8.0,,
2025-01-25 02:00:00,351150400,ZIELONA GÓRA,2025,1,25,2,6.0,82,3.2,986.5,1010.0,202.0,4.0,,,0,,,8.0,,
2025-01-25 03:00:00,351150400,ZIELONA GÓRA,2025,1,25,3,5.8,83,3.1,986.3,1009.9,188.0,3.0,,,0,,,8.0,,
2025-01-25 04:00:00,351150400,ZIELONA GÓRA,2025,1,25,4,5.3,85,3.0,985.9,1009.5,177.0,2.0,,,0,,,8.0,,
2025-01-25 05:00:00,351150400,ZIELONA GÓRA,2025,1,25,5,5.5,83,2.8,985.9,1009.5,194.0,3.0,,,0,,,8.0,,
2025-01-25 06:00:00,351150400,ZIELONA GÓRA,2025,1,25,6,5.4,80,2.2,985.6,1009.2,191.0,3.0,,7.0,0,,,9.0,,
2025-01-25 07:00:00,351150400,ZIELONA GÓRA,2025,1,25,7,6.0,73,1.5,985.7,1009.2,188.0,3.0,,7.0,1,2.0,,8.0,,
2025-01-25 08:00:00,351150400,ZIELONA GÓRA,2025,1,25,8,7.2,67,1.5,985.8,1009.2,189.0,3.0,,7.0,3,2.0,,8.0,,
2025-01-25 09:00:00,351150400,ZIELONA GÓRA,2025,1,25,9,8.6,61,1.5,985.9,1009.2,198.0,4.0,,7.0,2,2.0,,8.0,,
2025-01-25 10:00:00,351150400,ZIELONA GÓRA,2025,1,25,10,8.4,71,3.4,986.0,1009.3,196.0,4.0,,8.0,80,8.0,,8.0,,
2025-01-25 11:00:00,351150400,ZIELONA GÓRA,2025,1,25,11,9.3,70,4.1,985.2,1008.4,195.0,4.0,,7.0,25,8.0,,8.0,,
2025-01-25 12:00:00,351150400,ZIELONA GÓRA,2025,1,25,12,12.1,54,3.1,984.3,1007.3,198.0,5.0,,8.0,1,8.0,0.3,,6.0,
2025-01-25 13:00:00,351150400,ZIELONA GÓRA,2025,1,25,13,13.6,47,2.5,984.2,1007.1,216.0,4.0,,8.0,1,2.0,,8.0,,
2025-01-25 14:00:00,351150400,ZIELONA GÓRA,2025,1,25,14,13.3,46,1.9,984.3,1007.2,213.0,4.0,,7.0,1,2.0,,8.0,,
2025-01-25 15:00:00,351150400,ZIELONA GÓRA,2025,1,25,15,12.0,45,0.4,984.7,1007.7,209.0,6.0,,7.0,2,2.0,,8.0,,
2025-01-25 16:00:00,351150400,ZIELONA GÓRA,2025,1,25,16,10.5,48,-0.1,985.2,1008.3,202.0,5.0,,7.0,1,2.0,,8.0,,
2025-01-25 17:00:00,351150400,ZIELONA GÓRA,2025,1,25,17,9.1,54,0.3,985.4,1008.7,198.0,5.0,,7.0,1,2.0,,8.0,,
2025-01-25 18:00:00,351150400,ZIELONA GÓRA,2025,1,25,18,8.0,60,0.7,986.1,1009.5,198.0,4.0,,7.0,1,2.0,,9.0,,
2025-01-25 19:00:00,351150400,ZIELONA GÓRA,2025,1,25,19,6.9,66,1.0,986.4,1009.9,189.0,4.0,,7.0,3,2.0,,8.0,,
2025-01-25 20:00:00,351150400,ZIELONA GÓRA,2025,1,25,20,6.7,68,1.2,986.7,1010.2,195.0,4.0,,7.0,3,2.0,,8.0,,
2025-01-25 21:00:00,351150400,ZIELONA GÓRA,2025,1,25,21,6.2,72,1.5,986.4,1009.9,192.0,4.0,,7.0,1,2.0,,8.0,,
2025-01-25 22:00:00,351150400,ZIELONA GÓRA,2025,1,25,22,5.8,75,1.7,986.5,1010.1,176.0,3.0,,,0,,,8.0,,
2025-01-25 23:00:00,351150400,ZIELONA GÓRA,2025,1,25,23,5.7,77,2.0,986.6,1010.2,182.0,3.0,,,0,,,8.0,,
2025-01-26 00:00:00,351150400,ZIELONA GÓRA,2025,1,26,0,5.6,77,1.9,985.9,1009.5,159.0,2.0,,,0,,,9.0,,
2025-01-26 01:00:00,351150400,ZIELONA GÓRA,2025,1,26,1,5.5,78,2.0,985.9,1009.5,164.0,3.0,,,0,,,8.0,,
2025-01-26 02:00:00,351150400,ZIELONA GÓRA,2025,1,26,2,5.7,75,1.6,985.3,1008.8,173.0,2.0,,,0,,,8.0,,
2025-01-26 03:00:00,351150400,ZIELONA GÓRA,2025,1,26,3,5.4,78,1.9,984.8,1008.4,169.0,2.0,,,81,,,8.0,,
2025-01-26 04:00:00,351150400,ZIELONA GÓRA,2025,1,26,4,5.1,86,2.9,984.4,1008.0,166.0,2.0,,,81,,,8.0,,
2025-01-26 05:00:00,351150400,ZIELONA GÓRA,2025,1,26,5,4.6,92,3.4,984.0,1007.6,134.0,2.0,,,61,,,8.0,,
2025-01-26 06:00:00,351150400,ZIELONA GÓRA,2025,1,26,6,4.4,94,3.5,984.0,1007.6,139.0,2.0,,8.0,61,,0.2,,6.0,
2025-01-26 07:00:00,351150400,ZIELONA GÓRA,2025,1,26,7,4.0,95,3.3,984.0,1007.7,161.0,2.0,,7.0,60,6.0,,8.0,,
2025-01-26 08:00:00,351150400,ZIELONA GÓRA,2025,1,26,8,4.7,96,4.1,983.8,1007.4,176.0,3.0,,8.0,60,6.0,,8.0,,
2025-01-26 09:00:00,351150400,ZIELONA GÓRA,2025,1,26,9,4.8,97,4.4,983.8,1007.4,175.0,3.0,,8.0,21,6.0,,8.0,,
2025-01-26 10:00:00,351150400,ZIELONA GÓRA,2025,1,26,10,5.7,98,5.4,983.7,1007.2,194.0,3.0,,7.0,10,2.0,,8.0,,
2025-01-26 11:00:00,351150400,ZIELONA GÓRA,2025,1,26,11,7.4,93,6.3,983.6,1007.0,203.0,3.0,,7.0,3,2.0,,8.0,,
2025-01-26 12:00:00,351150400,ZIELONA GÓRA,2025,1,26,12,9.1,82,6.2,983.5,1006.7,231.0,3.0,,7.0,1,6.0,0.6,,6.0,
2025-01-26 13:00:00,351150400,ZIELONA GÓRA,2025,1,26,13,9.4,75,5.2,983.4,1006.6,218.0,4.0,,7.0,1,2.0,,8.0,,
2025-01-26 14:00:00,351150400,ZIELONA GÓRA,2025,1,26,14,8.7,73,4.1,983.7,1006.9,221.0,4.0,,7.0,3,2.0,,8.0,,
2025-01-26 15:00:00,351150400,ZIELONA GÓRA,2025,1,26,15,7.8,75,3.6,984.3,1007.6,204.0,4.0,,7.0,1,2.0,,8.0,,
2025-01-26 16:00:00,351150400,ZIELONA GÓRA,2025,1,26,16,6.5,79,3.1,984.6,1008.1,201.0,4.0,,7.0,3,2.0,,8.0,,
2025-01-26 17:00:00,351150400,ZIELONA GÓRA,2025,1,26,17,6.5,78,2.9,984.8,1008.3,211.0,4.0,,7.0,3,2.0,,8.0,,
2025-01-26 18:00:00,351150400,ZIELONA GÓRA,2025,1,26,18,6.5,79,3.1,985.3,1008.8,221.0,3.0,,7.0,3,2.0,,9.0,,
2025-01-26 19:00:00,351150400,ZIELONA GÓRA,2025,1,26,19,6.4,77,2.7,985.5,1009.0,241.0,3.0,,7.0,2,2.0,,8.0,,
2025-01-26 20:00:00,351150400,ZIELONA GÓRA,2025,1,26,20,5.1,84,2.6,985.4,1009.0,208.0,3.0,,7.0,2,2.0,,8.0,,
2025-01-26 21:00:00,351150400,ZIELONA GÓRA,2025,1,26,21,5.5,78,2.0,985.0,1008.5,226.0,3.0,,7.0,2,2.0,,8.0,,
2025-01-26 22:00:00,351150400,ZIELONA GÓRA,2025,1,26,22,4.9,79,1.6,984.5,1008.1,206.0,2.0,,,0,,,8.0,,
2025-01-26 23:00:00,351150400,ZIELONA GÓRA,2025,1,26,23,3.9,84,1.4,984.1,1007.8,199.0,2.0,,,0,,,8.0,,
2025-01-27 00:00:00,351150400,ZIELONA GÓRA,2025,1,27,0,3.2,88,1.4,983.1,1006.8,172.0,2.0,,,0,,,9.0,,
2025-01-27 01:00:00,351150400,ZIELONA GÓRA,2025,1,27,1,3.2,86,1.1,983.0,1006.7,186.0,2.0,,,0,,,8.0,,
2025-01-27 02:00:00,351150400,ZIELONA GÓRA,2025,1,27,2,2.7,88,0.9,983.1,1006.8,190.0,3.0,,,0,,,8.0,,
2025-01-27 03:00:00,351150400,ZIELONA GÓRA,2025,1,27,3,2.8,86,0.7,982.4,1006.1,156.0,2.0,,,0,,,8.0,,
2025-01-27 04:00:00,351150400,ZIELONA GÓRA,2025,1,27,4,3.2,81,0.3,981.4,1005.1,146.0,3.0,,,0,,,8.0,,
2025-01-27 05:00:00,351150400,ZIELONA GÓRA,2025,1,27,5,3.1,79,-0.2,980.5,1004.1,140.0,3.0,,,0,,,8.0,,
2025-01-27 06:00:00,351150400,ZIELONA GÓRA,2025,1,27,6,3.3,76,-0.5,979.4,1003.0,148.0,4.0,,7.0,0,,,9.0,,
2025-01-27 07:00:00,351150400,ZIELONA GÓRA,2025,1,27,7,3.6,73,-0.8,978.9,1002.5,154.0,4.0,,7.0,3,2.0,,8.0,,
2025-01-27 08:00:00,351150400,ZIELONA GÓRA,2025,1,27,8,4.0,73,-0.4,979.4,1002.9,173.0,3.0,,7.0,1,2.0,,8.0,,
2025-01-27 09:00:00,351150400,ZIELONA GÓRA,2025,1,27,9,5.4,69,0.2,979.1,1002.5,175.0,3.0,,7.0,3,2.0,,8.0,,
2025-01-27 10:00:00,351150400,ZIELONA GÓRA,2025,1,27,10,6.8,68,1.3,978.4,1001.7,155.0,3.0,,7.0,1,2.0,,8.0,,
2025-01-27 11:00:00,351150400,ZIELONA GÓRA,2025,1,27,11,8.1,67,2.3,978.2,1001.4,154.0,4.0,,7.0,3,2.0,,8.0,,
2025-01-27 12:00:00,351150400,ZIELONA GÓRA,2025,1,27,12,9.3,63,2.6,978.0,1001.1,172.0,4.0,,7.0,2,2.0,,9.0,,
2025-01-27 13:00:00,351150400,ZIELONA GÓRA,2025,1,27,13,9.9,59,2.3,977.9,1000.9,190.0,4.0,,7.0,2,2.0,,8.0,,
2025-01-27 14:00:00,351150400,ZIELONA GÓRA,2025,1,27,14,10.3,59,2.6,977.6,1000.6,188.0,4.0,,7.0,3,2.0,,8.0,,
2025-01-27 15:00:00,351150400,ZIELONA GÓRA,2025,1,27,15,9.0,77,5.2,978.0,1001.1,203.0,4.0,,7.0,80,2.0,,8.0,,
2025-01-27 16:00:00,351150400,ZIELONA GÓRA,2025,1,27,16,7.9,83,5.2,977.4,1000.6,176.0,3.0,,2.0,25,8.0,,8.0,,
2025-01-27 17:00:00,351150400,ZIELONA GÓRA,2025,1,27,17,7.6,81,4.5,977.1,1000.3,161.0,3.0,,3.0,1,0.0,,8.0,,
2025-01-27 18:00:00,351150400,ZIELONA GÓRA,2025,1,27,18,8.0,77,4.2,977.5,1000.7,183.0,4.0,,2.0,1,8.0,0.1,,6.0,
2025-01-27 19:00:00,351150400,ZIELONA GÓRA,2025,1,27,19,7.6,78,4.0,978.1,1001.3,195.0,3.0,,7.0,3,1.0,,8.0,,
2025-01-27 20:00:00,351150400,ZIELONA GÓRA,2025,1,27,20,7.8,77,4.0,978.5,1001.7,189.0,3.0,8.0,8.0,3,2.0,,8.0,,
2025-01-27 21:00:00,351150400,ZIELONA GÓRA,2025,1,27,21,8.2,77,4.4,978.1,1001.3,185.0,3.0,,8.0,25,1.0,,8.0,,
2025-01-27 22:00:00,351150400,ZIELONA GÓRA,2025,1,27,22,7.6,86,5.4,978.3,1001.5,174.0,3.0,,,82,,,8.0,,
2025-01-27 23:00:00,351150400,ZIELONA GÓRA,2025,1,27,23,7.2,93,6.1,978.8,1002.1,180.0,4.0,,,23,,,8.0,,
2025-01-28 00:00:00,351150400,ZIELONA GÓRA,2025,1,28,0,6.9,93,5.8,978.5,1001.8,183.0,2.0,,,0,,0.5,,,
2025-01-28 01:00:00,351150400,ZIELONA GÓRA,2025,1,28,1,6.2,95,5.5,978.0,1001.3,166.0,2.0,,,0,,,8.0,,
2025-01-28 02:00:00,351150400,ZIELONA GÓRA,2025,1,28,2,6.2,95,5.5,977.8,1001.1,166.0,2.0,,,0,,,8.0,,
2025-01-28 03:00:00,351150400,ZIELONA GÓRA,2025,1,28,3,5.6,94,4.7,978.1,1001.5,186.0,3.0,,,0,,,8.0,,
2025-01-28 04:00:00,351150400,ZIELONA GÓRA,2025,1,28,4,5.2,95,4.5,978.1,1001.5,175.0,2.0,,,0,,,8.0,,
2025-01-28 05:00:00,351150400,ZIELONA GÓRA,2025,1,28,5,5.0,96,4.4,977.5,1000.9,157.0,3.0,,,0,,,8.0,,
2025-01-28 06:00:00,351150400,ZIELONA GÓRA,2025,1,28,6,4.9,95,4.2,977.2,1000.6,182.0,2.0,,7.0,0,,,9.0,,
2025-01-28 07:00:00,351150400,ZIELONA GÓRA,2025,1,28,7,5.6,91,4.2,977.0,1000.3,200.0,3.0,,5.0,3,2.0,,8.0,,
2025-01-28 08:00:00,351150400,ZIELONA GÓRA,2025,1,28,8,5.4,92,4.2,977.3,1000.7,150.0,2.0,,7.0,3,2.0,,8.0,,
2025-01-28 09:00:00,351150400,ZIELONA GÓRA,2025,1,28,9,5.7,92,4.5,977.0,1000.3,162.0,1.0,,7.0,1,2.0,,8.0,,
2025-01-28 10:00:00,351150400,ZIELONA GÓRA,2025,1,28,10,7.0,87,5.0,976.8,1000.0,157.0,2.0,,7.0,3,2.0,,8.0,,
2025-01-28 11:00:00,351150400,ZIELONA GÓRA,2025,1,28,11,6.9,88,5.0,975.6,998.8,135.0,3.0,,7.0,2,2.0,,8.0,,
2025-01-28 12:00:00,351150400,ZIELONA GÓRA,2025,1,28,12,7.6,84,5.1,974.7,997.8,129.0,2.0,,8.0,3,2.0,,9.0,,
2025-01-28 13:00:00,351150400,ZIELONA GÓRA,2025,1,28,13,7.2,91,5.8,974.4,997.6,77.0,1.0,,8.0,61,6.0,,8.0,,
2025-01-28 14:00:00,351150400,ZIELONA GÓRA,2025,1,28,14,6.8,95,6.1,974.8,998.0,60.0,1.0,,8.0,63,6.0,,8.0,,
2025-01-28 15:00:00,351150400,ZIELONA GÓRA,2025,1,28,15,6.5,97,6.1,974.7,997.9,354.0,1.0,,8.0,61,6.0,,8.0,,
2025-01-28 16:00:00,351150400,ZIELONA GÓRA,2025,1,28,16,6.3,98,6.0,975.0,998.2,291.0,1.0,,8.0,61,6.0,,8.0,,
2025-01-28 17:00:00,351150400,ZIELONA GÓRA,2025,1,28,17,6.2,98,5.9,975.0,998.2,325.0,2.0,,8.0,60,6.0,,8.0,,
2025-01-28 18:00:00,351150400,ZIELONA GÓRA,2025,1,28,18,5.9,99,5.8,975.3,998.6,299.0,3.0,,8.0,21,6.0,2.6,,6.0,
2025-01-28 19:00:00,351150400,ZIELONA GÓRA,2025,1,28,19,5.8,99,5.7,975.8,999.1,273.0,3.0,,8.0,51,5.0,,8.0,,
2025-01-28 20:00:00,351150400,ZIELONA GÓRA,2025,1,28,20,5.6,98,5.3,976.1,999.4,260.0,2.0,,8.0,20,2.0,,8.0,,
2025-01-28 21:00:00,351150400,ZIELONA GÓRA,2025,1,28,21,5.5,98,5.2,976.7,1000.0,259.0,2.0,,8.0,10,5.0,,8.0,,
2025-01-28 22:00:00,351150400,ZIELONA GÓRA,2025,1,28,22,5.5,98,5.2,977.0,1000.4,247.0,2.0,,,10,,,8.0,,
2025-01-28 23:00:00,351150400,ZIELONA GÓRA,2025,1,28,23,5.1,98,4.8,977.6,1001.0,202.0,3.0,,,10,,,8.0,,
2025-01-29 00:00:00,351150400,ZIELONA GÓRA,2025,1,29,0,4.1,99,4.0,977.7,1001.2,194.0,2.0,,,34,,0.1,,,
2025-01-29 01:00:00,351150400,ZIELONA GÓRA,2025,1,29,1,3.1,98,2.8,978.0,1001.6,177.0,2.0,,,34,,,8.0,,
2025-01-29 02:00:00,351150400,ZIELONA GÓRA,2025,1,29,2,2.8,99,2.7,978.4,1002.0,184.0,3.0,,,20,,,8.0,,
2025-01-29 03:00:00,351150400,ZIELONA GÓRA,2025,1,29,3,3.0,98,2.7,978.5,1002.1,168.0,2.0,,,10,,,8.0,,
2025-01-29 04:00:00,351150400,ZIELONA GÓRA,2025,1,29,4,3.4,98,3.1,978.6,1002.2,169.0,3.0,,,10,,,8.0,,
2025-01-29 05:00:00,351150400,ZIELONA GÓRA,2025,1,29,5,3.3,97,2.9,979.0,1002.6,175.0,2.0,,,10,,,8.0,,
2025-01-29 06:00:00,351150400,ZIELONA GÓRA,2025,1,29,6,3.2,97,2.8,979.1,1002.7,193.0,3.0,,4.0,0,,,9.0,,
2025-01-29 07:00:00,351150400,ZIELONA GÓRA,2025,1,29,7,2.9,96,2.3,979.3,1002.9,174.0,3.0,,1.0,1,0.0,,8.0,,
2025-01-29 08:00:00,351150400,ZIELONA GÓRA,2025,1,29,8,3.9,93,2.9,979.7,1003.3,193.0,3.0,,1.0,2,0.0,,8.0,,
2025-01-29 09:00:00,351150400,ZIELONA GÓRA,2025,1,29,9,5.0,89,3.3,980.1,1003.6,195.0,4.0,,5.0,3,1.0,,8.0,,
2025-01-29 10:00:00,351150400,ZIELONA GÓRA,2025,1,29,10,5.6,85,3.3,980.4,1003.8,200.0,4.0,,6.0,1,2.0,,8.0,,
2025-01-29 11:00:00,351150400,ZIELONA GÓRA,2025,1,29,11,6.4,82,3.5,980.7,1004.1,211.0,4.0,,7.0,80,2.0,,8.0,,
2025-01-29 12:00:00,351150400,ZIELONA GÓRA,2025,1,29,12,6.8,83,4.1,981.3,1004.6,225.0,5.0,,7.0,25,8.0,0.0,,6.0,
2025-01-29 13:00:00,351150400,ZIELONA GÓRA,2025,1,29,13,6.7,87,4.7,981.7,1005.1,202.0,3.0,,7.0,25,2.0,,8.0,,
2025-01-29 14:00:00,351150400,ZIELONA GÓRA,2025,1,29,14,7.6,82,4.7,982.3,1005.6,213.0,2.0,,7.0,1,2.0,,8.0,,
2025-01-29 15:00:00,351150400,ZIELONA GÓRA,2025,1,29,15,8.2,78,4.6,982.9,1006.2,222.0,4.0,,7.0,80,8.0,,8.0,,
2025-01-29 16:00:00,351150400,ZIELONA GÓRA,2025,1,29,16,6.1,87,4.1,983.7,1007.2,222.0,4.0,,1.0,25,1.0,,8.0,,
2025-01-29 17:00:00,351150400,ZIELONA GÓRA,2025,1,29,17,6.1,89,4.4,985.1,1008.6,249.0,4.0,,7.0,80,1.0,,8.0,,
2025-01-29 18:00:00,351150400,ZIELONA GÓRA,2025,1,29,18,5.3,93,4.3,985.9,1009.5,222.0,3.0,,3.0,25,8.0,0.1,,6.0,
2025-01-29 19:00:00,351150400,ZIELONA GÓRA,2025,1,29,19,4.3,94,3.4,986.8,1010.5,193.0,3.0,,1.0,1,0.0,,8.0,,
2025-01-29 20:00:00,351150400,ZIELONA GÓRA,2025,1,29,20,4.5,92,3.3,987.4,1011.1,218.0,3.0,,6.0,3,1.0,,8.0,,
2025-01-29 21:00:00,351150400,ZIELONA GÓRA,2025,1,29,21,4.4,91,3.1,988.1,1011.8,200.0,3.0,,7.0,3,1.0,,8.0,,
2025-01-29 22:00:00,351150400,ZIELONA GÓRA,2025,1,29,22,4.4,89,2.7,988.7,1012.4,198.0,3.0,,,0,,,8.0,,
2025-01-29 23:00:00,351150400,ZIELONA GÓRA,2025,1,29,23,5.1,84,2.6,989.1,1012.8,220.0,3.0,,,0,,,8.0,,
2025-01-30 00:00:00,351150400,ZIELONA GÓRA,2025,1,30,0,3.6,89,2.0,989.7,1013.5,186.0,2.0,,,0,,0.0,,,
2025-01-30 01:00:00,351150400,ZIELONA GÓRA,2025,1,30,1,2.9,91,1.6,990.2,1014.1,199.0,3.0,,,0,,,8.0,,
2025-01-30 02:00:00,351150400,ZIELONA GÓRA,2025,1,30,2,2.9,90,1.4,990.5,1014.4,210.0,3.0,,,0,,,8.0,,
2025-01-30 03:00:00,351150400,ZIELONA GÓRA,2025,1,30,3,2.5,91,1.2,990.8,1014.7,213.0,3.0,,,0,,,8.0,,
2025-01-30 04:00:00,351150400,ZIELONA GÓRA,2025,1,30,4,2.4,92,1.2,991.3,1015.3,204.0,3.0,,,0,,,8.0,,
2025-01-30 05:00:00,351150400,ZIELONA GÓRA,2025,1,30,5,2.4,91,1.1,991.6,1015.6,215.0,3.0,,,0,,,8.0,,
2025-01-30 06:00:00,351150400,ZIELONA GÓRA,2025,1,30,6,1.6,94,0.7,992.0,1016.1,187.0,2.0,,2.0,0,,,9.0,,
2025-01-30 07:00:00,351150400,ZIELONA GÓRA,2025,1,30,7,1.3,95,0.6,992.4,1016.5,175.0,2.0,,7.0,3,1.0,,8.0,,
2025-01-30 08:00:00,351150400,ZIELONA GÓRA,2025,1,30,8,2.7,93,1.7,992.8,1016.8,182.0,2.0,,7.0,1,2.0,,8.0,,
2025-01-30 09:00:00,351150400,ZIELONA GÓRA,2025,1,30,9,3.4,89,1.8,992.9,1016.8,185.0,2.0,,7.0,1,1.0,,8.0,,
2025-01-30 10:00:00,351150400,ZIELONA GÓRA,2025,1,30,10,4.2,86,2.1,993.3,1017.2,171.0,2.0,,7.0,3,2.0,,8.0,,
2025-01-30 11:00:00,351150400,ZIELONA GÓRA,2025,1,30,11,4.9,84,2.4,993.1,1016.9,160.0,2.0,,7.0,3,2.0,,8.0,,
2025-01-30 12:00:00,351150400,ZIELONA GÓRA,2025,1,30,12,6.2,79,2.8,992.8,1016.5,165.0,2.0,,7.0,3,1.0,,9.0,,
2025-01-30 13:00:00,351150400,ZIELONA GÓRA,2025,1,30,13,7.0,75,2.9,992.7,1016.3,155.0,2.0,,7.0,1,2.0,,8.0,,
2025-01-30 14:00:00,351150400,ZIELONA GÓRA,2025,1,30,14,7.1,77,3.3,992.7,1016.3,148.0,2.0,,7.0,2,2.0,,8.0,,
2025-01-30 15:00:00,351150400,ZIELONA GÓRA,2025,1,30,15,6.5,82,3.6,993.0,1016.7,160.0,2.0,,7.0,3,2.0,,8.0,,
2025-01-30 16:00:00,351150400,ZIELONA GÓRA,2025,1,30,16,6.2,82,3.4,992.8,1016.5,145.0,2.0,,7.0,1,2.0,,8.0,,
2025-01-30 17:00:00,351150400,ZIELONA GÓRA,2025,1,30,17,5.9,83,3.2,992.9,1016.6,146.0,2.0,,7.0,2,2.0,,8.0,,
2025-01-30 18:00:00,351150400,ZIELONA GÓRA,2025,1,30,18,5.3,87,3.3,992.8,1016.6,154.0,2.0,,5.0,1,2.0,,9.0,,
2025-01-30 19:00:00,351150400,ZIELONA GÓRA,2025,1,30,19,5.4,86,3.2,992.9,1016.6,201.0,3.0,,6.0,1,2.0,,8.0,,
2025-01-30 20:00:00,351150400,ZIELONA GÓRA,2025,1,30,20,5.5,84,3.0,993.1,1016.8,209.0,3.0,,7.0,3,2.0,,8.0,,
2025-01-30 21:00:00,351150400,ZIELONA GÓRA,2025,1,30,21,5.8,81,2.8,993.2,1016.9,222.0,3.0,,7.0,2,2.0,,8.0,,
2025-01-30 22:00:00,351150400,ZIELONA GÓRA,2025,1,30,22,5.8,80,2.6,993.2,1016.9,227.0,3.0,,,0,,,8.0,,
2025-01-30 23:00:00,351150400,ZIELONA GÓRA,2025,1,30,23,5.6,81,2.6,993.4,1017.1,229.0,3.0,,,0,,,8.0,,
2025-01-31 00:00:00,351150400,ZIELONA GÓRA,2025,1,31,0,5.6,80,2.4,993.2,1016.9,225.0,2.0,,,0,,,9.0,,
2025-01-31 01:00:00,351150400,ZIELONA GÓRA,2025,1,31,1,5.3,82,2.5,993.3,1017.1,229.0,2.0,,,0,,,8.0,,
2025-01-31 02:00:00,351150400,ZIELONA GÓRA,2025,1,31,2,4.7,88,2.9,993.0,1016.8,238.0,2.0,,,81,,,8.0,,
2025-01-31 03:00:00,351150400,ZIELONA GÓRA,2025,1,31,3,4.8,91,3.5,993.1,1016.9,249.0,2.0,,,81,,,8.0,,
2025-01-31 04:00:00,351150400,ZIELONA GÓRA,2025,1,31,4,4.0,94,3.1,993.8,1017.7,304.0,5.0,12.0,,62,,,8.0,,
2025-01-31 05:00:00,351150400,ZIELONA GÓRA,2025,1,31,5,2.4,95,1.7,995.1,1019.2,317.0,6.0,,,61,,,8.0,,
2025-01-31 06:00:00,351150400,ZIELONA GÓRA,2025,1,31,6,1.4,96,0.8,996.5,1020.7,310.0,4.0,,8.0,61,,3.2,,6.0,
2025-01-31 07:00:00,351150400,ZIELONA GÓRA,2025,1,31,7,1.7,97,1.3,997.8,1022.0,295.0,3.0,,8.0,61,6.0,,8.0,,
2025-01-31 08:00:00,351150400,ZIELONA GÓRA,2025,1,31,8,2.1,97,1.7,998.5,1022.7,281.0,4.0,,8.0,21,6.0,,8.0,,
2025-01-31 09:00:00,351150400,ZIELONA GÓRA,2025,1,31,9,2.9,95,2.2,999.4,1023.5,287.0,4.0,,7.0,1,6.0,,8.0,,
2025-01-31 10:00:00,351150400,ZIELONA GÓRA,2025,1,31,10,3.2,91,1.9,1000.4,1024.5,291.0,4.0,9.0,7.0,25,2.0,,8.0,,
2025-01-31 11:00:00,351150400,ZIELONA GÓRA,2025,1,31,11,3.5,88,1.7,1000.9,1025.0,285.0,5.0,,7.0,80,2.0,,8.0,,
2025-01-31 12:00:00,351150400,ZIELONA GÓRA,2025,1,31,12,3.5,80,0.4,1001.2,1025.3,302.0,5.0,,6.0,15,8.0,0.5,,6.0,
2025-01-31 13:00:00,351150400,ZIELONA GÓRA,2025,1,31,13,4.7,69,-0.5,1001.5,1025.5,271.0,5.0,11.0,3.0,1,1.0,,8.0,,
2025-01-31 14:00:00,351150400,ZIELONA GÓRA,2025,1,31,14,3.9,76,0.1,1001.9,1026.0,276.0,4.0,,7.0,1,1.0,,8.0,,
2025-01-31 15:00:00,351150400,ZIELONA GÓRA,2025,1,31,15,3.8,78,0.3,1002.1,1026.2,274.0,3.0,,3.0,1,1.0,,8.0,,
2025-01-31 16:00:00,351150400,ZIELONA GÓRA,2025,1,31,16,3.1,79,-0.2,1002.8,1027.0,283.0,4.0,8.0,7.0,25,1.0,,8.0,,
2025-01-31 17:00:00,351150400,ZIELONA GÓRA,2025,1,31,17,3.3,75,-0.7,1003.4,1027.6,265.0,4.0,9.0,7.0,1,2.0,,8.0,,
2025-01-31 18:00:00,351150400,ZIELONA GÓRA,2025,1,31,18,3.1,74,-1.1,1003.9,1028.1,273.0,4.0,,7.0,3,8.0,0.0,,6.0,
2025-01-31 19:00:00,351150400,ZIELONA GÓRA,2025,1,31,19,2.7,75,-1.3,1004.6,1028.9,277.0,4.0,,6.0,1,2.0,,8.0,,
2025-01-31 20:00:00,351150400,ZIELONA GÓRA,2025,1,31,20,2.6,76,-1.2,1004.9,1029.2,283.0,4.0,,6.0,2,2.0,,8.0,,
2025-01-31 21:00:00,351150400,ZIELONA GÓRA,2025,1,31,21,2.5,79,-0.8,1005.4,1029.7,286.0,3.0,8.0,5.0,1,2.0,,8.0,,
2025-01-31 22:00:00,351150400,ZIELONA GÓRA,2025,1,31,22,2.4,85,0.1,1006.1,1030.4,288.0,3.0,,,81,,,8.0,,
2025-01-31 23:00:00,351150400,ZIELONA GÓRA,2025,1,31,23,2.4,85,0.1,1006.2,1030.5,272.0,3.0,,,23,,,8.0,,
2025-02-01 00:00:00,351150400,ZIELONA GÓRA,2025,2,1,0,2.3,86,0.2,1006.5,1030.8,285.0,3.0,,,0,,0.0,,,
2025-02-01 01:00:00,351150400,ZIELONA GÓRA,2025,2,1,1,2.3,87,0.4,1006.7,1031.1,293.0,3.0,,,0,,,8.0,,
2025-02-01 02:00:00,351150400,ZIELONA GÓRA,2025,2,1,2,1.9,88,0.1,1006.8,1031.2,300.0,3.0,,,0,,,8.0,,
2025-02-01 03:00:00,351150400,ZIELONA GÓRA,2025,2,1,3,2.1,88,0.3,1006.9,1031.3,298.0,3.0,,,0,,,8.0,,
2025-02-01 04:00:00,351150400,ZIELONA GÓRA,2025,2,1,4,1.5,90,0.0,1007.2,1031.6,281.0,2.0,,,0,,,8.0,,
2025-02-01 05:00:00,351150400,ZIELONA GÓRA,2025,2,1,5,1.4,91,0.1,1007.4,1031.8,282.0,2.0,,,0,,,8.0,,
2025-02-01 06:00:00,351150400,ZIELONA GÓRA,2025,2,1,6,1.3,91,0.0,1007.7,1032.2,280.0,2.0,,8.0,0,,,9.0,,
2025-02-01 07:00:00,351150400,ZIELONA GÓRA,2025,2,1,7,1.2,91,-0.1,1008.5,1033.0,295.0,3.0,,8.0,1,2.0,,8.0,,
2025-02-01 08:00:00,351150400,ZIELONA GÓRA,2025,2,1,8,1.4,90,-0.1,1008.8,1033.3,295.0,3.0,,8.0,2,2.0,,8.0,,
2025-02-01 09:00:00,351150400,ZIELONA GÓRA,2025,2,1,9,1.4,93,0.4,1009.0,1033.5,300.0,3.0,,8.0,83,2.0,,8.0,,
2025-02-01 10:00:00,351150400,ZIELONA GÓRA,2025,2,1,10,1.9,95,1.2,1009.4,1033.9,308.0,2.0,,7.0,80,8.0,,8.0,,
2025-02-01 11:00:00,351150400,ZIELONA GÓRA,2025,2,1,11,3.1,82,0.3,1008.7,1033.0,299.0,3.0,,7.0,25,2.0,,8.0,,
2025-02-01 12:00:00,351150400,ZIELONA GÓRA,2025,2,1,12,3.5,70,-1.5,1008.2,1032.5,286.0,3.0,,7.0,1,8.0,0.4,,7.0,
2025-02-01 13:00:00,351150400,ZIELONA GÓRA,2025,2,1,13,3.6,69,-1.6,1008.0,1032.3,282.0,2.0,,8.0,1,2.0,,8.0,,
2025-02-01 14:00:00,351150400,ZIELONA GÓRA,2025,2,1,14,3.6,69,-1.6,1007.8,1032.1,304.0,2.0,,8.0,2,2.0,,8.0,,
2025-02-01 15:00:00,351150400,ZIELONA GÓRA,2025,2,1,15,3.4,69,-1.8,1007.3,1031.6,282.0,2.0,,8.0,2,2.0,,8.0,,
2025-02-01 16:00:00,351150400,ZIELONA GÓRA,2025,2,1,16,3.1,72,-1.5,1007.2,1031.5,288.0,1.0,,8.0,3,2.0,,8.0,,
2025-02-01 17:00:00,351150400,ZIELONA GÓRA,2025,2,1,17,2.9,76,-0.9,1007.1,1031.4,289.0,1.0,,8.0,2,2.0,,8.0,,
2025-02-01 18:00:00,351150400,ZIELONA GÓRA,2025,2,1,18,2.6,78,-0.9,1007.0,1031.3,284.0,1.0,,8.0,2,2.0,,9.0,,
2025-02-01 19:00:00,351150400,ZIELONA GÓRA,2025,2,1,19,2.5,78,-0.9,1006.6,1030.9,287.0,1.0,,8.0,2,2.0,,8.0,,
2025-02-01 20:00:00,351150400,ZIELONA GÓRA,2025,2,1,20,2.6,76,-1.2,1006.6,1030.9,290.0,2.0,,8.0,2,2.0,,8.0,,
2025-02-01 21:00:00,351150400,ZIELONA GÓRA,2025,2,1,21,2.4,79,-0.9,1006.4,1030.7,283.0,2.0,,8.0,3,2.0,,8.0,,
2025-02-01 22:00:00,351150400,ZIELONA GÓRA,2025,2,1,22,2.1,83,-0.5,1005.9,1030.2,291.0,2.0,,,0,,,8.0,,
2025-02-01 23:00:00,351150400,ZIELONA GÓRA,2025,2,1,23,2.1,86,0.0,1005.7,1030.0,303.0,2.0,,,0,,,8.0,,
2025-02-02 00:00:00,351150400,ZIELONA GÓRA,2025,2,2,0,1.8,89,0.2,1005.1,1029.5,285.0,1.0,,,0,,,9.0,,
2025-02-02 01:00:00,351150400,ZIELONA GÓRA,2025,2,2,1,1.6,90,0.1,1004.6,1029.0,299.0,2.0,,,0,,,8.0,,
2025-02-02 02:00:00,351150400,ZIELONA GÓRA,2025,2,2,2,1.4,89,-0.2,1004.1,1028.5,304.0,1.0,,,0,,,8.0,,
2025-02-02 03:00:00,351150400,ZIELONA GÓRA,2025,2,2,3,1.2,91,-0.1,1003.6,1028.0,293.0,1.0,,,0,,,8.0,,
2025-02-02 04:00:00,351150400,ZIELONA GÓRA,2025,2,2,4,1.1,88,-0.7,1003.3,1027.7,320.0,1.0,,,0,,,8.0,,
2025-02-02 05:00:00,351150400,ZIELONA GÓRA,2025,2,2,5,1.2,82,-1.5,1003.3,1027.7,297.0,2.0,,,0,,,8.0,,
2025-02-02 06:00:00,351150400,ZIELONA GÓRA,2025,2,2,6,0.9,84,-1.5,1003.2,1027.6,328.0,2.0,,7.0,0,,,9.0,,
2025-02-02 07:00:00,351150400,ZIELONA GÓRA,2025,2,2,7,0.9,85,-1.3,1003.3,1027.7,308.0,2.0,,7.0,2,2.0,,8.0,,
2025-02-02 08:00:00,351150400,ZIELONA GÓRA,2025,2,2,8,1.1,82,-1.6,1003.1,1027.5,287.0,2.0,,7.0,2,2.0,,8.0,,
2025-02-02 09:00:00,351150400,ZIELONA GÓRA,2025,2,2,9,1.8,81,-1.1,1003.2,1027.5,325.0,1.0,,7.0,2,2.0,,8.0,,
2025-02-02 10:00:00,351150400,ZIELONA GÓRA,2025,2,2,10,2.1,80,-1.0,1003.0,1027.3,289.0,2.0,,7.0,2,2.0,,8.0,,
2025-02-02 11:00:00,351150400,ZIELONA GÓRA,2025,2,2,11,2.4,78,-1.0,1002.8,1027.0,298.0,2.0,,7.0,3,2.0,,8.0,,
2025-02-02 12:00:00,351150400,ZIELONA GÓRA,2025,2,2,12,2.9,73,-1.5,1002.5,1026.7,314.0,2.0,,7.0,3,2.0,,9.0,,
2025-02-02 13:00:00,351150400,ZIELONA GÓRA,2025,2,2,13,3.0,71,-1.7,1002.5,1026.7,309.0,2.0,,7.0,1,2.0,,8.0,,
2025-02-02 14:00:00,351150400,ZIELONA GÓRA,2025,2,2,14,3.0,67,-2.5,1002.4,1026.6,303.0,2.0,,6.0,1,2.0,,8.0,,
2025-02-02 15:00:00,351150400,ZIELONA GÓRA,2025,2,2,15,2.7,70,-2.2,1002.3,1026.5,279.0,2.0,,6.0,1,2.0,,8.0,,
2025-02-02 16:00:00,351150400,ZIELONA GÓRA,2025,2,2,16,2.3,74,-1.9,1002.6,1026.9,280.0,1.0,,7.0,1,2.0,,8.0,,
2025-02-02 17:00:00,351150400,ZIELONA GÓRA,2025,2,2,17,2.1,77,-1.5,1002.6,1026.9,304.0,1.0,,7.0,1,2.0,,8.0,,
2025-02-02 18:00:00,351150400,ZIELONA GÓRA,2025,2,2,18,1.7,79,-1.6,1002.9,1027.2,304.0,1.0,,7.0,1,2.0,,9.0,,
2025-02-02 19:00:00,351150400,ZIELONA GÓRA,2025,2,2,19,1.7,76,-2.1,1002.7,1027.0,288.0,1.0,,7.0,3,2.0,,8.0,,
2025-02-02 20:00:00,351150400,ZIELONA GÓRA,2025,2,2,20,1.6,72,-2.9,1002.9,1027.2,313.0,1.0,,7.0,2,2.0,,8.0,,
2025-02-02 21:00:00,351150400,ZIELONA GÓRA,2025,2,2,21,1.3,78,-2.1,1003.0,1027.4,299.0,2.0,,7.0,1,2.0,,8.0,,
2025-02-02 22:00:00,351150400,ZIELONA GÓRA,2025,2,2,22,1.2,80,-1.9,1003.3,1027.7,329.0,2.0,,,0,,,8.0,,
2025-02-02 23:00:00,351150400,ZIELONA GÓRA,2025,2,2,23,0.6,85,-1.6,1003.3,1027.7,332.0,2.0,,,0,,,8.0,,
2025-02-03 00:00:00,351150400,ZIELONA GÓRA,2025,2,3,0,0.4,89,-1.2,1003.5,1027.9,323.0,2.0,,,0,,,9.0,,
2025-02-03 01:00:00,351150400,ZIELONA GÓRA,2025,2,3,1,0.2,91,-1.1,1003.5,1028.0,320.0,2.0,,,0,,,8.0,,
2025-02-03 02:00:00,351150400,ZIELONA GÓRA,2025,2,3,2,-0.1,92,-1.2,1003.9,1028.4,319.0,2.0,,,0,,,8.0,,
2025-02-03 03:00:00,351150400,ZIELONA GÓRA,2025,2,3,3,-0.3,94,-1.1,1003.8,1028.3,337.0,1.0,,,0,,,8.0,,
2025-02-03 04:00:00,351150400,ZIELONA GÓRA,2025,2,3,4,-0.6,95,-1.3,1003.7,1028.2,312.0,1.0,,,10,,,8.0,,
2025-02-03 05:00:00,351150400,ZIELONA GÓRA,2025,2,3,5,-0.2,96,-0.8,1004.0,1028.5,307.0,1.0,,,10,,,8.0,,
2025-02-03 06:00:00,351150400,ZIELONA GÓRA,2025,2,3,6,-0.1,96,-0.7,1004.6,1029.1,326.0,1.0,,7.0,10,,,9.0,,
2025-02-03 07:00:00,351150400,ZIELONA GÓRA,2025,2,3,7,-0.2,96,-0.8,1004.9,1029.4,316.0,1.0,,5.0,10,2.0,,8.0,,
2025-02-03 08:00:00,351150400,ZIELONA GÓRA,2025,2,3,8,0.5,95,-0.2,1005.5,1030.0,324.0,1.0,,4.0,10,1.0,,8.0,,
2025-02-03 09:00:00,351150400,ZIELONA GÓRA,2025,2,3,9,1.8,88,0.0,1005.7,1030.1,277.0,1.0,,5.0,3,1.0,,8.0,,
2025-02-03 10:00:00,351150400,ZIELONA GÓRA,2025,2,3,10,3.2,80,0.1,1005.9,1030.2,211.0,1.0,,5.0,3,2.0,,8.0,,
2025-02-03 11:00:00,351150400,ZIELONA GÓRA,2025,2,3,11,4.3,68,-1.1,1005.4,1029.5,183.0,1.0,,4.0,3,1.0,,8.0,,
2025-02-03 12:00:00,351150400,ZIELONA GÓRA,2025,2,3,12,4.3,57,-3.5,1005.2,1029.3,200.0,2.0,,3.0,1,1.0,,9.0,,
2025-02-03 13:00:00,351150400,ZIELONA GÓRA,2025,2,3,13,4.9,61,-2.0,1005.1,1029.2,210.0,2.0,,3.0,1,0.0,,8.0,,
2025-02-03 14:00:00,351150400,ZIELONA GÓRA,2025,2,3,14,4.1,64,-2.1,1005.0,1029.1,221.0,2.0,,3.0,1,0.0,,8.0,,
2025-02-03 15:00:00,351150400,ZIELONA GÓRA,2025,2,3,15,3.9,63,-2.5,1005.0,1029.2,197.0,1.0,,3.0,1,0.0,,8.0,,
2025-02-03 16:00:00,351150400,ZIELONA GÓRA,2025,2,3,16,2.8,65,-3.1,1005.1,1029.4,167.0,1.0,,2.0,1,0.0,,8.0,,
2025-02-03 17:00:00,351150400,ZIELONA GÓRA,2025,2,3,17,2.2,64,-3.9,1005.3,1029.6,180.0,1.0,,1.0,1,0.0,,8.0,,
2025-02-03 18:00:00,351150400,ZIELONA GÓRA,2025,2,3,18,1.7,64,-4.4,1005.2,1029.6,149.0,2.0,,0.0,1,0.0,,9.0,,
2025-02-03 19:00:00,351150400,ZIELONA GÓRA,2025,2,3,19,0.3,74,-3.8,1005.5,1030.0,121.0,1.0,,0.0,2,0.0,,8.0,,
2025-02-03 20:00:00,351150400,ZIELONA GÓRA,2025,2,3,20,0.3,79,-2.9,1005.5,1030.0,153.0,1.0,,0.0,2,0.0,,8.0,,
2025-02-03 21:00:00,351150400,ZIELONA GÓRA,2025,2,3,21,-0.4,81,-3.3,1005.4,1030.0,183.0,1.0,,0.0,2,0.0,,8.0,,
2025-02-03 22:00:00,351150400,ZIELONA GÓRA,2025,2,3,22,-1.3,83,-3.8,1005.5,1030.1,161.0,1.0,,,0,,,8.0,,
2025-02-03 23:00:00,351150400,ZIELONA GÓRA,2025,2,3,23,-1.4,81,-4.2,1005.2,1029.8,152.0,2.0,,,0,,,8.0,,
2025-02-04 00:00:00,351150400,ZIELONA GÓRA,2025,2,4,0,-1.5,79,-4.7,1005.1,1029.8,190.0,1.0,,,0,,,9.0,,
2025-02-04 01:00:00,351150400,ZIELONA GÓRA,2025,2,4,1,-1.6,78,-4.9,1005.4,1030.1,186.0,2.0,,,0,,,8.0,,
2025-02-04 02:00:00,351150400,ZIELONA GÓRA,2025,2,4,2,-1.8,78,-5.1,1005.1,1029.8,160.0,2.0,,,0,,,8.0,,
2025-02-04 03:00:00,351150400,ZIELONA GÓRA,2025,2,4,3,-2.5,81,-5.3,1005.3,1030.1,172.0,1.0,,,0,,,8.0,,
2025-02-04 04:00:00,351150400,ZIELONA GÓRA,2025,2,4,4,-2.3,80,-5.3,1005.5,1030.2,208.0,2.0,,,0,,,8.0,,
2025-02-04 05:00:00,351150400,ZIELONA GÓRA,2025,2,4,5,-2.8,81,-5.6,1005.4,1030.2,176.0,1.0,,,0,,,8.0,,
2025-02-04 06:00:00,351150400,ZIELONA GÓRA,2025,2,4,6,-3.3,84,-5.6,1005.2,1030.0,183.0,2.0,,1.0,0,,,9.0,,
2025-02-04 07:00:00,351150400,ZIELONA GÓRA,2025,2,4,7,-3.2,85,-5.4,1005.6,1030.4,180.0,2.0,,1.0,2,0.0,,8.0,,
2025-02-04 08:00:00,351150400,ZIELONA GÓRA,2025,2,4,8,-2.0,79,-5.2,1005.6,1030.3,187.0,2.0,,1.0,3,0.0,,8.0,,
2025-02-04 09:00:00,351150400,ZIELONA GÓRA,2025,2,4,9,-0.4,74,-4.5,1005.6,1030.2,199.0,3.0,,1.0,1,0.0,,8.0,,
2025-02-04 10:00:00,351150400,ZIELONA GÓRA,2025,2,4,10,2.1,67,-3.4,1006.0,1030.4,227.0,2.0,,1.0,3,0.0,,8.0,,
2025-02-04 11:00:00,351150400,ZIELONA GÓRA,2025,2,4,11,3.1,64,-3.1,1005.6,1029.9,210.0,3.0,,6.0,3,1.0,,8.0,,
2025-02-04 12:00:00,351150400,ZIELONA GÓRA,2025,2,4,12,3.3,63,-3.1,1005.5,1029.7,233.0,3.0,,7.0,3,1.0,,9.0,,
2025-02-04 13:00:00,351150400,ZIELONA GÓRA,2025,2,4,13,4.0,61,-2.9,1005.3,1029.5,216.0,2.0,,6.0,1,2.0,,8.0,,
2025-02-04 14:00:00,351150400,ZIELONA GÓRA,2025,2,4,14,5.2,55,-3.1,1005.2,1029.3,196.0,2.0,,2.0,1,1.0,,8.0,,
2025-02-04 15:00:00,351150400,ZIELONA GÓRA,2025,2,4,15,4.7,59,-2.6,1005.3,1029.4,152.0,1.0,,1.0,1,1.0,,8.0,,
2025-02-04 16:00:00,351150400,ZIELONA GÓRA,2025,2,4,16,3.2,64,-3.0,1005.4,1029.6,150.0,1.0,,1.0,2,0.0,,8.0,,
2025-02-04 17:00:00,351150400,ZIELONA GÓRA,2025,2,4,17,3.0,63,-3.4,1005.7,1030.0,171.0,1.0,,1.0,1,0.0,,8.0,,
2025-02-04 18:00:00,351150400,ZIELONA GÓRA,2025,2,4,18,2.4,64,-3.7,1005.8,1030.1,182.0,1.0,,1.0,2,1.0,,9.0,,
2025-02-04 19:00:00,351150400,ZIELONA GÓRA,2025,2,4,19,1.1,70,-3.8,1005.8,1030.2,192.0,2.0,,0.0,1,0.0,,8.0,,
2025-02-04 20:00:00,351150400,ZIELONA GÓRA,2025,2,4,20,0.2,75,-3.7,1006.0,1030.5,187.0,1.0,,0.0,2,0.0,,8.0,,
2025-02-04 21:00:00,351150400,ZIELONA GÓRA,2025,2,4,21,-0.5,78,-3.9,1006.4,1031.0,232.0,1.0,,0.0,2,0.0,,8.0,,
2025-02-04 22:00:00,351150400,ZIELONA GÓRA,2025,2,4,22,-0.3,75,-4.2,1006.6,1031.2,234.0,2.0,,,0,,,8.0,,
2025-02-04 23:00:00,351150400,ZIELONA GÓRA,2025,2,4,23,-0.6,76,-4.3,1006.7,1031.3,216.0,2.0,,,0,,,8.0,,
2025-02-05 00:00:00,351150400,ZIELONA GÓRA,2025,2,5,0,-0.9,79,-4.1,1006.7,1031.3,232.0,3.0,,,0,,,9.0,,
2025-02-05 01:00:00,351150400,ZIELONA GÓRA,2025,2,5,1,-1.5,82,-4.2,1006.8,1031.5,229.0,2.0,,,0,,,8.0,,
2025-02-05 02:00:00,351150400,ZIELONA GÓRA,2025,2,5,2,-1.3,80,-4.3,1006.8,1031.5,242.0,2.0,,,0,,,8.0,,
2025-02-05 03:00:00,351150400,ZIELONA GÓRA,2025,2,5,3,-1.6,80,-4.6,1006.9,1031.6,240.0,1.0,,,10,,,8.0,,
2025-02-05 04:00:00,351150400,ZIELONA GÓRA,2025,2,5,4,-1.2,77,-4.7,1007.3,1032.0,260.0,2.0,,,0,,,8.0,,
2025-02-05 05:00:00,351150400,ZIELONA GÓRA,2025,2,5,5,-2.0,79,-5.2,1007.7,1032.5,247.0,2.0,,,10,,,8.0,,
2025-02-05 06:00:00,351150400,ZIELONA GÓRA,2025,2,5,6,-0.7,70,-5.5,1008.1,1032.8,263.0,3.0,,1.0,0,,,9.0,,
2025-02-05 07:00:00,351150400,ZIELONA GÓRA,2025,2,5,7,-1.4,75,-5.3,1008.6,1033.3,253.0,2.0,,1.0,2,0.0,,8.0,,
2025-02-05 08:00:00,351150400,ZIELONA GÓRA,2025,2,5,8,-1.0,75,-4.9,1009.1,1033.8,271.0,3.0,,1.0,2,0.0,,8.0,,
2025-02-05 09:00:00,351150400,ZIELONA GÓRA,2025,2,5,9,-0.2,75,-4.1,1009.4,1034.0,274.0,3.0,,1.0,2,0.0,,8.0,,
2025-02-05 10:00:00,351150400,ZIELONA GÓRA,2025,2,5,10,0.7,81,-2.2,1010.0,1034.6,273.0,2.0,,8.0,3,1.0,,8.0,,
2025-02-05 11:00:00,351150400,ZIELONA GÓRA,2025,2,5,11,0.7,81,-2.2,1010.2,1034.8,266.0,3.0,,8.0,2,2.0,,8.0,,
2025-02-05 12:00:00,351150400,ZIELONA GÓRA,2025,2,5,12,0.3,89,-1.3,1010.5,1035.1,276.0,3.0,,8.0,60,1.0,0.0,,6.0,
2025-02-05 13:00:00,351150400,ZIELONA GÓRA,2025,2,5,13,0.1,95,-0.6,1010.9,1035.6,279.0,3.0,,8.0,50,6.0,,8.0,,
2025-02-05 14:00:00,351150400,ZIELONA GÓRA,2025,2,5,14,0.1,96,-0.5,1011.4,1036.1,288.0,3.0,,8.0,51,5.0,,8.0,,
2025-02-05 15:00:00,351150400,ZIELONA GÓRA,2025,2,5,15,0.2,97,-0.2,1012.1,1036.8,287.0,3.0,,8.0,50,6.0,,8.0,,
2025-02-05 16:00:00,351150400,ZIELONA GÓRA,2025,2,5,16,0.3,97,-0.1,1012.9,1037.6,290.0,3.0,,8.0,50,5.0,,8.0,,
2025-02-05 17:00:00,351150400,ZIELONA GÓRA,2025,2,5,17,0.5,98,0.2,1013.5,1038.2,289.0,3.0,,8.0,50,5.0,,8.0,,
2025-02-05 18:00:00,351150400,ZIELONA GÓRA,2025,2,5,18,0.8,98,0.5,1014.4,1039.1,303.0,3.0,,8.0,44,6.0,0.0,,6.0,
2025-02-05 19:00:00,351150400,ZIELONA GÓRA,2025,2,5,19,1.0,98,0.7,1014.9,1039.6,296.0,2.0,,8.0,28,4.0,,8.0,,
2025-02-05 20:00:00,351150400,ZIELONA GÓRA,2025,2,5,20,1.2,98,0.9,1015.3,1040.0,300.0,3.0,,8.0,10,2.0,,8.0,,
2025-02-05 21:00:00,351150400,ZIELONA GÓRA,2025,2,5,21,1.2,98,0.9,1015.4,1040.1,299.0,3.0,,8.0,10,4.0,,8.0,,
2025-02-05 22:00:00,351150400,ZIELONA GÓRA,2025,2,5,22,1.4,98,1.1,1015.4,1040.0,280.0,2.0,,,10,,,8.0,,
2025-02-05 23:00:00,351150400,ZIELONA GÓRA,2025,2,5,23,1.5,98,1.2,1015.7,1040.3,291.0,2.0,,,10,,,8.0,,
2025-02-06 00:00:00,351150400,ZIELONA GÓRA,2025,2,6,0,1.4,98,1.1,1015.6,1040.2,289.0,2.0,,,10,,,9.0,,
2025-02-06 01:00:00,351150400,ZIELONA GÓRA,2025,2,6,1,1.4,98,1.1,1016.0,1040.7,298.0,2.0,,,10,,,8.0,,
2025-02-06 02:00:00,351150400,ZIELONA GÓRA,2025,2,6,2,1.4,98,1.1,1016.0,1040.7,302.0,2.0,,,10,,,8.0,,
2025-02-06 03:00:00,351150400,ZIELONA GÓRA,2025,2,6,3,1.3,98,1.0,1016.0,1040.7,303.0,2.0,,,10,,,8.0,,
2025-02-06 04:00:00,351150400,ZIELONA GÓRA,2025,2,6,4,1.3,98,1.0,1016.1,1040.8,309.0,3.0,,,10,,,8.0,,
2025-02-06 05:00:00,351150400,ZIELONA GÓRA,2025,2,6,5,1.3,98,1.0,1016.0,1040.7,317.0,3.0,,,34,,,8.0,,
2025-02-06 06:00:00,351150400,ZIELONA GÓRA,2025,2,6,6,1.3,98,1.0,1016.0,1040.7,329.0,2.0,,9.0,47,,,9.0,,
2025-02-06 07:00:00,351150400,ZIELONA GÓRA,2025,2,6,7,1.4,99,1.3,1016.5,1041.2,332.0,2.0,,9.0,47,4.0,,8.0,,
2025-02-06 08:00:00,351150400,ZIELONA GÓRA,2025,2,6,8,1.5,99,1.4,1016.4,1041.1,331.0,3.0,,9.0,50,5.0,,8.0,,
2025-02-06 09:00:00,351150400,ZIELONA GÓRA,2025,2,6,9,1.6,99,1.5,1016.6,1041.3,348.0,2.0,,9.0,45,5.0,,8.0,,
2025-02-06 10:00:00,351150400,ZIELONA GÓRA,2025,2,6,10,1.7,99,1.6,1017.1,1041.8,25.0,2.0,,9.0,45,4.0,,8.0,,
2025-02-06 11:00:00,351150400,ZIELONA GÓRA,2025,2,6,11,1.7,99,1.6,1017.2,1041.9,57.0,2.0,,9.0,50,4.0,,8.0,,
2025-02-06 12:00:00,351150400,ZIELONA GÓRA,2025,2,6,12,1.9,99,1.8,1017.0,1041.6,8.0,1.0,,9.0,47,5.0,0.0,,6.0,
2025-02-06 13:00:00,351150400,ZIELONA GÓRA,2025,2,6,13,1.9,99,1.8,1016.8,1041.4,8.0,2.0,,9.0,45,4.0,,8.0,,
2025-02-06 14:00:00,351150400,ZIELONA GÓRA,2025,2,6,14,1.9,99,1.8,1016.7,1041.3,13.0,2.0,,9.0,45,4.0,,8.0,,
2025-02-06 15:00:00,351150400,ZIELONA GÓRA,2025,2,6,15,1.7,99,1.6,1016.7,1041.3,56.0,2.0,,8.0,28,4.0,,8.0,,
2025-02-06 16:00:00,351150400,ZIELONA GÓRA,2025,2,6,16,1.5,99,1.4,1016.9,1041.6,44.0,2.0,,8.0,51,2.0,,8.0,,
2025-02-06 17:00:00,351150400,ZIELONA GÓRA,2025,2,6,17,1.4,99,1.3,1017.1,1041.8,23.0,1.0,,8.0,50,5.0,,8.0,,
2025-02-06 18:00:00,351150400,ZIELONA GÓRA,2025,2,6,18,1.4,99,1.3,1017.4,1042.1,24.0,1.0,,8.0,10,5.0,0.0,,6.0,
2025-02-06 19:00:00,351150400,ZIELONA GÓRA,2025,2,6,19,1.2,99,1.1,1017.1,1041.8,25.0,2.0,,7.0,10,2.0,,8.0,,
2025-02-06 20:00:00,351150400,ZIELONA GÓRA,2025,2,6,20,1.0,99,0.9,1017.0,1041.7,47.0,2.0,,8.0,10,2.0,,8.0,,
2025-02-06 21:00:00,351150400,ZIELONA GÓRA,2025,2,6,21,1.1,99,1.0,1017.0,1041.7,52.0,3.0,,7.0,10,2.0,,8.0,,
2025-02-06 22:00:00,351150400,ZIELONA GÓRA,2025,2,6,22,1.1,98,0.8,1017.0,1041.7,55.0,3.0,,,10,,,8.0,,
2025-02-06 23:00:00,351150400,ZIELONA GÓRA,2025,2,6,23,0.8,98,0.5,1016.9,1041.6,58.0,3.0,,,10,,,8.0,,
2025-02-07 00:00:00,351150400,ZIELONA GÓRA,2025,2,7,0,0.9,97,0.5,1016.5,1041.2,77.0,3.0,,,10,,,9.0,,
2025-02-07 01:00:00,351150400,ZIELONA GÓRA,2025,2,7,1,0.7,96,0.1,1016.4,1041.1,78.0,3.0,,,10,,,8.0,,
2025-02-07 02:00:00,351150400,ZIELONA GÓRA,2025,2,7,2,0.9,95,0.2,1016.1,1040.8,79.0,3.0,,,10,,,8.0,,
2025-02-07 03:00:00,351150400,ZIELONA GÓRA,2025,2,7,3,0.6,96,0.0,1015.8,1040.5,60.0,3.0,,,10,,,8.0,,
2025-02-07 04:00:00,351150400,ZIELONA GÓRA,2025,2,7,4,0.4,97,0.0,1015.7,1040.4,67.0,3.0,,,10,,,8.0,,
2025-02-07 05:00:00,351150400,ZIELONA GÓRA,2025,2,7,5,0.4,97,0.0,1015.2,1039.9,75.0,4.0,,,10,,,8.0,,
2025-02-07 06:00:00,351150400,ZIELONA GÓRA,2025,2,7,6,0.4,95,-0.3,1015.1,1039.8,71.0,3.0,,8.0,10,,,9.0,,
2025-02-07 07:00:00,351150400,ZIELONA GÓRA,2025,2,7,7,0.3,95,-0.4,1014.7,1039.4,65.0,3.0,,8.0,10,2.0,,8.0,,
2025-02-07 08:00:00,351150400,ZIELONA GÓRA,2025,2,7,8,0.4,96,-0.2,1014.7,1039.4,87.0,2.0,,8.0,10,2.0,,8.0,,
2025-02-07 09:00:00,351150400,ZIELONA GÓRA,2025,2,7,9,0.6,95,-0.1,1014.2,1038.9,83.0,2.0,,8.0,10,2.0,,8.0,,
2025-02-07 10:00:00,351150400,ZIELONA GÓRA,2025,2,7,10,1.2,92,0.0,1013.9,1038.5,88.0,2.0,,8.0,2,2.0,,8.0,,
2025-02-07 11:00:00,351150400,ZIELONA GÓRA,2025,2,7,11,1.6,90,0.1,1012.8,1037.4,93.0,2.0,,7.0,1,2.0,,8.0,,
2025-02-07 12:00:00,351150400,ZIELONA GÓRA,2025,2,7,12,2.6,82,-0.2,1011.8,1036.2,73.0,3.0,,7.0,1,2.0,,9.0,,
2025-02-07 13:00:00,351150400,ZIELONA GÓRA,2025,2,7,13,2.3,87,0.4,1011.4,1035.9,103.0,3.0,,8.0,3,2.0,,8.0,,
2025-02-07 14:00:00,351150400,ZIELONA GÓRA,2025,2,7,14,1.6,91,0.3,1010.9,1035.4,102.0,2.0,,8.0,60,2.0,,8.0,,
2025-02-07 15:00:00,351150400,ZIELONA GÓRA,2025,2,7,15,1.3,90,-0.2,1010.6,1035.1,116.0,2.0,,8.0,21,2.0,,8.0,,
2025-02-07 16:00:00,351150400,ZIELONA GÓRA,2025,2,7,16,1.2,89,-0.4,1010.2,1034.7,83.0,3.0,,8.0,10,2.0,,8.0,,
2025-02-07 17:00:00,351150400,ZIELONA GÓRA,2025,2,7,17,0.9,72,-3.6,1010.3,1034.9,120.0,3.0,8.0,7.0,1,2.0,,8.0,,
2025-02-07 18:00:00,351150400,ZIELONA GÓRA,2025,2,7,18,0.3,69,-4.7,1010.0,1034.6,116.0,4.0,,7.0,1,6.0,0.0,,6.0,
2025-02-07 19:00:00,351150400,ZIELONA GÓRA,2025,2,7,19,0.1,74,-4.0,1009.8,1034.4,109.0,3.0,8.0,8.0,3,2.0,,8.0,,
2025-02-07 20:00:00,351150400,ZIELONA GÓRA,2025,2,7,20,-0.2,74,-4.3,1009.3,1033.9,94.0,4.0,,8.0,2,2.0,,8.0,,
2025-02-07 21:00:00,351150400,ZIELONA GÓRA,2025,2,7,21,-0.5,77,-4.0,1009.2,1033.9,96.0,3.0,,8.0,2,2.0,,8.0,,
2025-02-07 22:00:00,351150400,ZIELONA GÓRA,2025,2,7,22,-0.6,77,-4.1,1008.7,1033.4,97.0,3.0,,,0,,,8.0,,
2025-02-07 23:00:00,351150400,ZIELONA GÓRA,2025,2,7,23,-0.5,76,-4.2,1008.2,1032.8,90.0,3.0,,,0,,,8.0,,
2025-02-08 00:00:00,351150400,ZIELONA GÓRA,2025,2,8,0,-0.4,74,-4.5,1007.9,1032.5,96.0,3.0,,,0,,,9.0,,
2025-02-08 01:00:00,351150400,ZIELONA GÓRA,2025,2,8,1,-0.4,73,-4.7,1007.6,1032.2,96.0,3.0,,,0,,,8.0,,
2025-02-08 02:00:00,351150400,ZIELONA GÓRA,2025,2,8,2,-0.5,74,-4.6,1007.2,1031.8,90.0,4.0,,,0,,,8.0,,
2025-02-08 03:00:00,351150400,ZIELONA GÓRA,2025,2,8,3,-0.5,75,-4.4,1007.1,1031.7,100.0,3.0,,,0,,,8.0,,
2025-02-08 04:00:00,351150400,ZIELONA GÓRA,2025,2,8,4,-0.4,75,-4.3,1006.9,1031.5,106.0,2.0,,,0,,,8.0,,
2025-02-08 05:00:00,351150400,ZIELONA GÓRA,2025,2,8,5,-0.2,74,-4.3,1006.8,1031.4,120.0,3.0,,,0,,,8.0,,
2025-02-08 06:00:00,351150400,ZIELONA GÓRA,2025,2,8,6,-0.2,75,-4.1,1006.8,1031.4,128.0,3.0,,8.0,0,,,9.0,,
2025-02-08 07:00:00,351150400,ZIELONA GÓRA,2025,2,8,7,-0.2,75,-4.1,1007.0,1031.6,126.0,3.0,,8.0,2,2.0,,8.0,,
2025-02-08 08:00:00,351150400,ZIELONA GÓRA,2025,2,8,8,0.0,74,-4.1,1006.8,1031.4,124.0,4.0,,7.0,1,2.0,,8.0,,
2025-02-08 09:00:00,351150400,ZIELONA GÓRA,2025,2,8,9,0.8,71,-3.9,1006.6,1031.1,132.0,4.0,,1.0,1,1.0,,8.0,,
2025-02-08 10:00:00,351150400,ZIELONA GÓRA,2025,2,8,10,1.9,67,-3.6,1006.8,1031.2,127.0,4.0,,2.0,3,0.0,,8.0,,
2025-02-08 11:00:00,351150400,ZIELONA GÓRA,2025,2,8,11,3.2,62,-3.4,1006.6,1030.9,124.0,4.0,,4.0,3,0.0,,8.0,,
2025-02-08 12:00:00,351150400,ZIELONA GÓRA,2025,2,8,12,4.2,58,-3.3,1006.1,1030.3,134.0,4.0,,4.0,2,1.0,,9.0,,
2025-02-08 13:00:00,351150400,ZIELONA GÓRA,2025,2,8,13,4.6,56,-3.4,1005.9,1030.0,133.0,4.0,,3.0,3,0.0,,8.0,,
2025-02-08 14:00:00,351150400,ZIELONA GÓRA,2025,2,8,14,4.7,55,-3.6,1005.8,1029.9,137.0,4.0,,3.0,2,0.0,,8.0,,
2025-02-08 15:00:00,351150400,ZIELONA GÓRA,2025,2,8,15,3.6,62,-3.0,1005.8,1030.0,95.0,3.0,,4.0,1,0.0,,8.0,,
2025-02-08 16:00:00,351150400,ZIELONA GÓRA,2025,2,8,16,2.4,67,-3.1,1005.9,1030.2,93.0,2.0,,5.0,3,1.0,,8.0,,
2025-02-08 17:00:00,351150400,ZIELONA GÓRA,2025,2,8,17,1.5,72,-3.0,1006.0,1030.4,92.0,3.0,,4.0,1,1.0,,8.0,,
2025-02-08 18:00:00,351150400,ZIELONA GÓRA,2025,2,8,18,0.6,76,-3.1,1006.1,1030.6,93.0,2.0,,3.0,1,1.0,,9.0,,
2025-02-08 19:00:00,351150400,ZIELONA GÓRA,2025,2,8,19,-0.1,78,-3.5,1006.1,1030.7,90.0,3.0,,3.0,2,0.0,,8.0,,
2025-02-08 20:00:00,351150400,ZIELONA GÓRA,2025,2,8,20,-0.4,78,-3.8,1006.1,1030.7,97.0,3.0,,1.0,1,0.0,,8.0,,
2025-02-08 21:00:00,351150400,ZIELONA GÓRA,2025,2,8,21,-0.7,78,-4.1,1006.0,1030.6,90.0,3.0,,0.0,1,0.0,,8.0,,
2025-02-08 22:00:00,351150400,ZIELONA GÓRA,2025,2,8,22,-1.1,79,-4.3,1006.0,1030.6,95.0,3.0,,,0,,,8.0,,
2025-02-08 23:00:00,351150400,ZIELONA GÓRA,2025,2,8,23,-1.4,81,-4.2,1005.9,1030.6,101.0,2.0,,,0,,,8.0,,
2025-02-09 00:00:00,351150400,ZIELONA GÓRA,2025,2,9,0,-1.6,82,-4.3,1005.8,1030.5,102.0,2.0,,,0,,,9.0,,
2025-02-09 01:00:00,351150400,ZIELONA GÓRA,2025,2,9,1,-2.0,84,-4.3,1005.8,1030.5,114.0,2.0,,,0,,,8.0,,
2025-02-09 02:00:00,351150400,ZIELONA GÓRA,2025,2,9,2,-2.4,86,-4.4,1005.9,1030.7,119.0,2.0,,,10,,,8.0,,
2025-02-09 03:00:00,351150400,ZIELONA GÓRA,2025,2,9,3,-2.2,85,-4.4,1005.8,1030.5,91.0,2.0,,,10,,,8.0,,
2025-02-09 04:00:00,351150400,ZIELONA GÓRA,2025,2,9,4,-2.3,85,-4.5,1005.8,1030.5,101.0,2.0,,,10,,,8.0,,
2025-02-09 05:00:00,351150400,ZIELONA GÓRA,2025,2,9,5,-2.3,85,-4.5,1006.1,1030.9,93.0,2.0,,,10,,,8.0,,
2025-02-09 06:00:00,351150400,ZIELONA GÓRA,2025,2,9,6,-2.9,87,-4.8,1006.2,1031.0,79.0,3.0,,1.0,10,,,9.0,,
2025-02-09 07:00:00,351150400,ZIELONA GÓRA,2025,2,9,7,-2.7,88,-4.4,1006.3,1031.1,85.0,3.0,,1.0,10,0.0,,8.0,,
2025-02-09 08:00:00,351150400,ZIELONA GÓRA,2025,2,9,8,-1.3,82,-4.0,1006.8,1031.5,86.0,2.0,,1.0,10,0.0,,8.0,,
2025-02-09 09:00:00,351150400,ZIELONA GÓRA,2025,2,9,9,-0.3,78,-3.7,1006.9,1031.5,125.0,2.0,,1.0,2,0.0,,8.0,,
2025-02-09 10:00:00,351150400,ZIELONA GÓRA,2025,2,9,10,1.3,72,-3.2,1007.1,1031.6,132.0,2.0,,1.0,2,0.0,,8.0,,
2025-02-09 11:00:00,351150400,ZIELONA GÓRA,2025,2,9,11,2.5,65,-3.4,1007.0,1031.3,97.0,2.0,,0.0,1,0.0,,8.0,,
2025-02-09 12:00:00,351150400,ZIELONA GÓRA,2025,2,9,12,3.8,61,-3.0,1007.0,1031.2,85.0,2.0,,0.0,2,0.0,,9.0,,
2025-02-09 13:00:00,351150400,ZIELONA GÓRA,2025,2,9,13,4.2,59,-3.1,1006.7,1030.9,81.0,2.0,,0.0,2,0.0,,8.0,,
2025-02-09 14:00:00,351150400,ZIELONA GÓRA,2025,2,9,14,3.7,64,-2.5,1006.7,1030.9,66.0,3.0,,0.0,2,0.0,,8.0,,
2025-02-09 15:00:00,351150400,ZIELONA GÓRA,2025,2,9,15,3.2,66,-2.5,1006.9,1031.2,67.0,2.0,,1.0,3,0.0,,8.0,,
2025-02-09 16:00:00,351150400,ZIELONA GÓRA,2025,2,9,16,1.5,74,-2.6,1007.2,1031.6,56.0,2.0,,1.0,10,0.0,,8.0,,
2025-02-09 17:00:00,351150400,ZIELONA GÓRA,2025,2,9,17,0.3,80,-2.7,1007.3,1031.8,65.0,3.0,,0.0,10,0.0,,8.0,,
2025-02-09 18:00:00,351150400,ZIELONA GÓRA,2025,2,9,18,-0.7,83,-3.2,1007.5,1032.1,72.0,4.0,,0.0,10,0.0,,9.0,,
2025-02-09 19:00:00,351150400,ZIELONA GÓRA,2025,2,9,19,-1.5,86,-3.5,1007.6,1032.3,74.0,4.0,,0.0,10,0.0,,8.0,,
2025-02-09 20:00:00,351150400,ZIELONA GÓRA,2025,2,9,20,-2.1,87,-4.0,1007.6,1032.4,83.0,3.0,,0.0,10,0.0,,8.0,,
2025-02-09 21:00:00,351150400,ZIELONA GÓRA,2025,2,9,21,-2.5,88,-4.2,1007.6,1032.4,77.0,2.0,,0.0,10,0.0,,8.0,,
2025-02-09 22:00:00,351150400,ZIELONA GÓRA,2025,2,9,22,-2.8,89,-4.4,1007.5,1032.3,66.0,3.0,,,10,,,8.0,,
2025-02-09 23:00:00,351150400,ZIELONA GÓRA,2025,2,9,23,-3.1,89,-4.7,1007.5,1032.4,68.0,3.0,,,10,,,8.0,,
2025-02-10 00:00:00,351150400,ZIELONA GÓRA,2025,2,10,0,-3.1,89,-4.7,1007.4,1032.3,73.0,3.0,,,10,,,9.0,,
2025-02-10 01:00:00,351150400,ZIELONA GÓRA,2025,2,10,1,-2.9,88,-4.6,1007.3,1032.1,85.0,2.0,,,10,,,8.0,,
2025-02-10 02:00:00,351150400,ZIELONA GÓRA,2025,2,10,2,-2.9,88,-4.6,1007.1,1031.9,88.0,2.0,,,10,,,8.0,,
2025-02-10 03:00:00,351150400,ZIELONA GÓRA,2025,2,10,3,-3.2,89,-4.8,1006.8,1031.7,78.0,2.0,,,10,,,8.0,,
2025-02-10 04:00:00,351150400,ZIELONA GÓRA,2025,2,10,4,-3.0,89,-4.6,1006.8,1031.6,87.0,3.0,,,10,,,8.0,,
2025-02-10 05:00:00,351150400,ZIELONA GÓRA,2025,2,10,5,-2.9,90,-4.3,1006.8,1031.6,82.0,3.0,,,10,,,8.0,,
2025-02-10 06:00:00,351150400,ZIELONA GÓRA,2025,2,10,6,-2.6,89,-4.2,1007.1,1031.9,82.0,4.0,,1.0,10,,,9.0,,
2025-02-10 07:00:00,351150400,ZIELONA GÓRA,2025,2,10,7,-2.5,89,-4.1,1007.6,1032.4,78.0,3.0,,5.0,10,1.0,,8.0,,
2025-02-10 08:00:00,351150400,ZIELONA GÓRA,2025,2,10,8,-1.3,85,-3.5,1007.8,1032.5,87.0,3.0,,3.0,10,1.0,,8.0,,
2025-02-10 09:00:00,351150400,ZIELONA GÓRA,2025,2,10,9,-1.0,84,-3.4,1008.0,1032.7,97.0,2.0,,4.0,10,1.0,,8.0,,
2025-02-10 10:00:00,351150400,ZIELONA GÓRA,2025,2,10,10,0.1,79,-3.1,1008.3,1032.9,85.0,3.0,,5.0,10,1.0,,8.0,,
2025-02-10 11:00:00,351150400,ZIELONA GÓRA,2025,2,10,11,1.6,74,-2.5,1008.1,1032.5,76.0,2.0,,6.0,10,2.0,,8.0,,
2025-02-10 12:00:00,351150400,ZIELONA GÓRA,2025,2,10,12,1.6,71,-3.1,1007.7,1032.1,74.0,3.0,,6.0,10,1.0,,9.0,,
2025-02-10 13:00:00,351150400,ZIELONA GÓRA,2025,2,10,13,1.0,72,-3.5,1007.8,1032.3,66.0,3.0,,7.0,10,2.0,,8.0,,
2025-02-10 14:00:00,351150400,ZIELONA GÓRA,2025,2,10,14,0.7,73,-3.6,1007.8,1032.3,81.0,2.0,,7.0,10,2.0,,8.0,,
2025-02-10 15:00:00,351150400,ZIELONA GÓRA,2025,2,10,15,0.4,73,-3.9,1007.9,1032.5,54.0,2.0,,5.0,10,2.0,,8.0,,
2025-02-10 16:00:00,351150400,ZIELONA GÓRA,2025,2,10,16,0.0,74,-4.1,1007.9,1032.5,58.0,3.0,,1.0,10,1.0,,8.0,,
2025-02-10 17:00:00,351150400,ZIELONA GÓRA,2025,2,10,17,0.0,71,-4.6,1007.9,1032.5,74.0,4.0,,0.0,10,0.0,,8.0,,
2025-02-10 18:00:00,351150400,ZIELONA GÓRA,2025,2,10,18,-0.3,66,-5.9,1008.2,1032.8,86.0,4.0,9.0,0.0,10,1.0,,9.0,,
2025-02-10 19:00:00,351150400,ZIELONA GÓRA,2025,2,10,19,-1.2,66,-6.7,1008.4,1033.1,84.0,4.0,,0.0,2,0.0,,8.0,,
2025-02-10 20:00:00,351150400,ZIELONA GÓRA,2025,2,10,20,-1.7,67,-7.0,1008.5,1033.3,88.0,4.0,,0.0,2,0.0,,8.0,,
2025-02-10 21:00:00,351150400,ZIELONA GÓRA,2025,2,10,21,-2.2,66,-7.7,1008.6,1033.4,89.0,4.0,,0.0,2,0.0,,8.0,,
2025-02-10 22:00:00,351150400,ZIELONA GÓRA,2025,2,10,22,-2.7,68,-7.8,1008.4,1033.2,88.0,4.0,9.0,,0,,,8.0,,
2025-02-10 23:00:00,351150400,ZIELONA GÓRA,2025,2,10,23,-3.2,70,-7.9,1008.3,1033.2,88.0,4.0,,,0,,,8.0,,
2025-02-11 00:00:00,351150400,ZIELONA GÓRA,2025,2,11,0,-3.7,72,-8.0,1008.2,1033.1,95.0,3.0,,,10,,,9.0,,
2025-02-11 01:00:00,351150400,ZIELONA GÓRA,2025,2,11,1,-4.1,75,-7.9,1008.1,1033.1,91.0,3.0,,,10,,,8.0,,
2025-02-11 02:00:00,351150400,ZIELONA GÓRA,2025,2,11,2,-4.7,77,-8.1,1007.8,1032.8,107.0,3.0,,,10,,,8.0,,
2025-02-11 03:00:00,351150400,ZIELONA GÓRA,2025,2,11,3,-4.8,78,-8.0,1007.6,1032.6,108.0,3.0,,,10,,,8.0,,
2025-02-11 04:00:00,351150400,ZIELONA GÓRA,2025,2,11,4,-5.0,79,-8.1,1007.7,1032.7,99.0,3.0,8.0,,10,,,8.0,,
2025-02-11 05:00:00,351150400,ZIELONA GÓRA,2025,2,11,5,-5.3,80,-8.2,1007.6,1032.7,103.0,3.0,,,10,,,8.0,,
2025-02-11 06:00:00,351150400,ZIELONA GÓRA,2025,2,11,6,-5.5,81,-8.2,1007.3,1032.4,112.0,3.0,,0.0,10,,,9.0,,
2025-02-11 07:00:00,351150400,ZIELONA GÓRA,2025,2,11,7,-5.4,81,-8.1,1007.5,1032.6,109.0,3.0,,0.0,10,0.0,,8.0,,
2025-02-11 08:00:00,351150400,ZIELONA GÓRA,2025,2,11,8,-4.2,75,-8.0,1007.6,1032.6,103.0,4.0,,0.0,10,0.0,,8.0,,
2025-02-11 09:00:00,351150400,ZIELONA GÓRA,2025,2,11,9,-2.9,70,-7.6,1007.4,1032.2,105.0,4.0,,0.0,10,0.0,,8.0,,
2025-02-11 10:00:00,351150400,ZIELONA GÓRA,2025,2,11,10,-0.6,62,-7.0,1007.6,1032.2,112.0,3.0,8.0,0.0,2,0.0,,8.0,,
2025-02-11 11:00:00,351150400,ZIELONA GÓRA,2025,2,11,11,0.5,55,-7.5,1007.3,1031.8,108.0,4.0,,1.0,3,0.0,,8.0,,
2025-02-11 12:00:00,351150400,ZIELONA GÓRA,2025,2,11,12,1.6,50,-7.7,1006.6,1031.0,98.0,4.0,,1.0,2,0.0,,9.0,,
2025-02-11 13:00:00,351150400,ZIELONA GÓRA,2025,2,11,13,1.8,48,-8.1,1006.0,1030.4,98.0,4.0,,1.0,2,0.0,,8.0,,
2025-02-11 14:00:00,351150400,ZIELONA GÓRA,2025,2,11,14,1.6,46,-8.8,1005.5,1029.9,89.0,4.0,10.0,1.0,2,0.0,,8.0,,
2025-02-11 15:00:00,351150400,ZIELONA GÓRA,2025,2,11,15,1.1,48,-8.7,1005.3,1029.7,102.0,3.0,,1.0,2,0.0,,8.0,,
2025-02-11 16:00:00,351150400,ZIELONA GÓRA,2025,2,11,16,-0.3,55,-8.3,1005.0,1029.5,108.0,3.0,,1.0,2,0.0,,8.0,,
2025-02-11 17:00:00,351150400,ZIELONA GÓRA,2025,2,11,17,-1.0,61,-7.6,1004.8,1029.4,83.0,5.0,10.0,1.0,2,0.0,,8.0,,
2025-02-11 18:00:00,351150400,ZIELONA GÓRA,2025,2,11,18,-2.1,69,-7.0,1005.1,1029.8,97.0,3.0,,1.0,10,0.0,,9.0,,
2025-02-11 19:00:00,351150400,ZIELONA GÓRA,2025,2,11,19,-2.8,72,-7.1,1005.0,1029.8,95.0,3.0,8.0,1.0,10,0.0,,8.0,,
2025-02-11 20:00:00,351150400,ZIELONA GÓRA,2025,2,11,20,-3.6,77,-7.0,1004.7,1029.5,95.0,3.0,,0.0,10,0.0,,8.0,,
2025-02-11 21:00:00,351150400,ZIELONA GÓRA,2025,2,11,21,-4.4,80,-7.3,1004.6,1029.5,93.0,4.0,,0.0,10,0.0,,8.0,,
2025-02-11 22:00:00,351150400,ZIELONA GÓRA,2025,2,11,22,-5.0,81,-7.8,1004.2,1029.2,91.0,3.0,,,10,,,8.0,,
2025-02-11 23:00:00,351150400,ZIELONA GÓRA,2025,2,11,23,-5.6,83,-8.0,1003.9,1028.9,93.0,4.0,,,10,,,8.0,,
2025-02-12 00:00:00,351150400,ZIELONA GÓRA,2025,2,12,0,-5.9,84,-8.2,1003.5,1028.5,91.0,3.0,,,10,,,9.0,,
2025-02-12 01:00:00,351150400,ZIELONA GÓRA,2025,2,12,1,-6.3,86,-8.3,1003.1,1028.2,94.0,3.0,,,10,,,8.0,,
2025-02-12 02:00:00,351150400,ZIELONA GÓRA,2025,2,12,2,-6.6,87,-8.4,1002.5,1027.6,96.0,3.0,,,10,,,8.0,,
2025-02-12 03:00:00,351150400,ZIELONA GÓRA,2025,2,12,3,-6.9,88,-8.6,1002.1,1027.2,90.0,3.0,,,10,,,8.0,,
2025-02-12 04:00:00,351150400,ZIELONA GÓRA,2025,2,12,4,-6.9,89,-8.4,1001.6,1026.7,92.0,4.0,,,10,,,8.0,,
2025-02-12 05:00:00,351150400,ZIELONA GÓRA,2025,2,12,5,-7.1,89,-8.6,1001.4,1026.5,89.0,3.0,,,10,,,8.0,,
2025-02-12 06:00:00,351150400,ZIELONA GÓRA,2025,2,12,6,-7.2,90,-8.6,1001.1,1026.2,80.0,4.0,,7.0,10,,,9.0,,
2025-02-12 07:00:00,351150400,ZIELONA GÓRA,2025,2,12,7,-6.9,90,-8.3,1001.0,1026.1,84.0,4.0,,7.0,10,2.0,,8.0,,
2025-02-12 08:00:00,351150400,ZIELONA GÓRA,2025,2,12,8,-6.5,88,-8.2,1000.6,1025.6,81.0,3.0,,7.0,10,2.0,,8.0,,
2025-02-12 09:00:00,351150400,ZIELONA GÓRA,2025,2,12,9,-5.9,85,-8.0,1000.2,1025.1,82.0,3.0,,7.0,10,2.0,,8.0,,
2025-02-12 10:00:00,351150400,ZIELONA GÓRA,2025,2,12,10,-4.9,83,-7.3,1000.1,1024.9,79.0,3.0,,7.0,10,2.0,,8.0,,
2025-02-12 11:00:00,351150400,ZIELONA GÓRA,2025,2,12,11,-4.0,79,-7.1,999.6,1024.4,92.0,3.0,,7.0,10,2.0,,8.0,,
2025-02-12 12:00:00,351150400,ZIELONA GÓRA,2025,2,12,12,-2.7,75,-6.5,999.1,1023.7,95.0,2.0,,7.0,10,2.0,,9.0,,
2025-02-12 13:00:00,351150400,ZIELONA GÓRA,2025,2,12,13,-2.1,73,-6.3,998.5,1023.0,93.0,2.0,,8.0,10,2.0,,8.0,,
2025-02-12 14:00:00,351150400,ZIELONA GÓRA,2025,2,12,14,-2.0,71,-6.6,998.0,1022.5,109.0,2.0,,8.0,10,2.0,,8.0,,
2025-02-12 15:00:00,351150400,ZIELONA GÓRA,2025,2,12,15,-2.0,72,-6.4,997.6,1022.1,93.0,2.0,,8.0,10,2.0,,8.0,,
2025-02-12 16:00:00,351150400,ZIELONA GÓRA,2025,2,12,16,-2.1,72,-6.5,997.0,1021.5,77.0,2.0,,8.0,10,2.0,,8.0,,
2025-02-12 17:00:00,351150400,ZIELONA GÓRA,2025,2,12,17,-2.3,73,-6.5,996.8,1021.3,64.0,2.0,,8.0,10,2.0,,8.0,,
2025-02-12 18:00:00,351150400,ZIELONA GÓRA,2025,2,12,18,-2.4,75,-6.2,996.6,1021.1,68.0,2.0,,8.0,10,2.0,,9.0,,
2025-02-12 19:00:00,351150400,ZIELONA GÓRA,2025,2,12,19,-2.4,76,-6.1,996.1,1020.6,43.0,2.0,,8.0,10,2.0,,8.0,,
2025-02-12 20:00:00,351150400,ZIELONA GÓRA,2025,2,12,20,-1.8,77,-5.3,995.7,1020.2,71.0,3.0,,8.0,10,2.0,,8.0,,
2025-02-12 21:00:00,351150400,ZIELONA GÓRA,2025,2,12,21,-1.8,77,-5.3,995.6,1020.1,43.0,1.0,,7.0,10,2.0,,8.0,,
2025-02-12 22:00:00,351150400,ZIELONA GÓRA,2025,2,12,22,-2.0,78,-5.3,995.4,1019.9,10.0,1.0,,,80,,,8.0,,
2025-02-12 23:00:00,351150400,ZIELONA GÓRA,2025,2,12,23,-1.8,80,-4.8,994.9,1019.3,88.0,1.0,,,85,,,8.0,,
2025-02-13 00:00:00,351150400,ZIELONA GÓRA,2025,2,13,0,-1.4,84,-3.8,994.5,1018.9,118.0,1.0,,,85,,0.1,,,
2025-02-13 01:00:00,351150400,ZIELONA GÓRA,2025,2,13,1,-1.4,88,-3.1,994.2,1018.6,121.0,1.0,,,85,,,8.0,,
2025-02-13 02:00:00,351150400,ZIELONA GÓRA,2025,2,13,2,-1.6,93,-2.6,993.7,1018.1,137.0,2.0,,,71,,,8.0,,
2025-02-13 03:00:00,351150400,ZIELONA GÓRA,2025,2,13,3,-1.4,95,-2.1,993.2,1017.6,127.0,1.0,,,24,,,8.0,,
2025-02-13 04:00:00,351150400,ZIELONA GÓRA,2025,2,13,4,-1.4,97,-1.8,993.0,1017.4,126.0,1.0,,,34,,,8.0,,
2025-02-13 05:00:00,351150400,ZIELONA GÓRA,2025,2,13,5,-1.3,97,-1.7,992.7,1017.0,132.0,2.0,,,33,,,8.0,,
2025-02-13 06:00:00,351150400,ZIELONA GÓRA,2025,2,13,6,-1.2,98,-1.5,992.5,1016.8,145.0,2.0,,9.0,43,,0.1,,7.0,
2025-02-13 07:00:00,351150400,ZIELONA GÓRA,2025,2,13,7,-1.0,98,-1.3,992.7,1017.0,0.0,0.0,,9.0,43,4.0,,8.0,,
2025-02-13 08:00:00,351150400,ZIELONA GÓRA,2025,2,13,8,-0.8,98,-1.1,992.9,1017.2,124.0,1.0,,8.0,42,4.0,,8.0,,
2025-02-13 09:00:00,351150400,ZIELONA GÓRA,2025,2,13,9,-0.5,98,-0.8,992.8,1017.1,154.0,1.0,,8.0,28,4.0,,8.0,,
2025-02-13 10:00:00,351150400,ZIELONA GÓRA,2025,2,13,10,-0.4,98,-0.7,992.7,1017.0,143.0,1.0,,8.0,46,2.0,,8.0,,
2025-02-13 11:00:00,351150400,ZIELONA GÓRA,2025,2,13,11,-0.3,98,-0.6,992.5,1016.7,125.0,1.0,,8.0,42,4.0,,8.0,,
2025-02-13 12:00:00,351150400,ZIELONA GÓRA,2025,2,13,12,-0.1,98,-0.4,992.3,1016.5,142.0,1.0,,8.0,68,4.0,0.0,,7.0,
2025-02-13 13:00:00,351150400,ZIELONA GÓRA,2025,2,13,13,-0.1,98,-0.4,991.8,1016.0,125.0,1.0,,8.0,71,7.0,,8.0,,
2025-02-13 14:00:00,351150400,ZIELONA GÓRA,2025,2,13,14,0.0,97,-0.4,991.5,1015.7,131.0,1.0,,8.0,73,7.0,,8.0,,
2025-02-13 15:00:00,351150400,ZIELONA GÓRA,2025,2,13,15,0.0,97,-0.4,991.4,1015.6,46.0,1.0,,8.0,71,7.0,,8.0,,
2025-02-13 16:00:00,351150400,ZIELONA GÓRA,2025,2,13,16,-0.2,97,-0.6,991.4,1015.6,44.0,1.0,,8.0,71,7.0,,8.0,,
2025-02-13 17:00:00,351150400,ZIELONA GÓRA,2025,2,13,17,-0.3,97,-0.7,991.6,1015.8,31.0,1.0,,8.0,71,7.0,,8.0,,
2025-02-13 18:00:00,351150400,ZIELONA GÓRA,2025,2,13,18,-0.4,97,-0.8,991.9,1016.1,14.0,1.0,,8.0,73,7.0,4.9,,7.0,6.0
2025-02-13 19:00:00,351150400,ZIELONA GÓRA,2025,2,13,19,-0.4,97,-0.8,992.2,1016.4,340.0,1.0,,8.0,73,7.0,,8.0,,
2025-02-13 20:00:00,351150400,ZIELONA GÓRA,2025,2,13,20,-0.6,98,-0.9,992.6,1016.9,1.0,1.0,,8.0,73,7.0,,8.0,,
2025-02-13 21:00:00,351150400,ZIELONA GÓRA,2025,2,13,21,-1.3,97,-1.7,993.0,1017.3,6.0,2.0,,8.0,73,7.0,,8.0,,
2025-02-13 22:00:00,351150400,ZIELONA GÓRA,2025,2,13,22,-1.4,97,-1.8,993.1,1017.5,356.0,1.0,,,71,,,8.0,,
2025-02-13 23:00:00,351150400,ZIELONA GÓRA,2025,2,13,23,-1.6,97,-2.0,993.2,1017.6,347.0,1.0,,,71,,,8.0,,
2025-02-14 00:00:00,351150400,ZIELONA GÓRA,2025,2,14,0,-1.9,97,-2.3,993.6,1018.0,349.0,2.0,,,71,,3.5,,,
2025-02-14 01:00:00,351150400,ZIELONA GÓRA,2025,2,14,1,-2.1,96,-2.7,993.9,1018.3,345.0,2.0,,,71,,,8.0,,
2025-02-14 02:00:00,351150400,ZIELONA GÓRA,2025,2,14,2,-2.4,97,-2.8,994.0,1018.5,351.0,2.0,,,71,,,8.0,,
2025-02-14 03:00:00,351150400,ZIELONA GÓRA,2025,2,14,3,-2.7,96,-3.2,994.5,1019.0,357.0,3.0,,,71,,,8.0,,
2025-02-14 04:00:00,351150400,ZIELONA GÓRA,2025,2,14,4,-2.8,96,-3.3,995.0,1019.5,360.0,2.0,,,71,,,8.0,,
2025-02-14 05:00:00,351150400,ZIELONA GÓRA,2025,2,14,5,-2.8,96,-3.3,995.6,1020.1,356.0,3.0,,,85,,,8.0,,
2025-02-14 06:00:00,351150400,ZIELONA GÓRA,2025,2,14,6,-2.6,97,-3.0,996.3,1020.8,352.0,2.0,,8.0,71,,1.2,,7.0,13.0
2025-02-14 07:00:00,351150400,ZIELONA GÓRA,2025,2,14,7,-2.4,97,-2.8,997.2,1021.7,346.0,2.0,,8.0,71,7.0,,8.0,,
2025-02-14 08:00:00,351150400,ZIELONA GÓRA,2025,2,14,8,-2.2,97,-2.6,997.8,1022.3,342.0,2.0,,8.0,70,7.0,,8.0,,
2025-02-14 09:00:00,351150400,ZIELONA GÓRA,2025,2,14,9,-2.0,96,-2.6,998.4,1022.9,348.0,2.0,,8.0,22,7.0,,8.0,,
2025-02-14 10:00:00,351150400,ZIELONA GÓRA,2025,2,14,10,-1.4,92,-2.5,999.2,1023.7,354.0,2.0,,7.0,10,2.0,,8.0,,
2025-02-14 11:00:00,351150400,ZIELONA GÓRA,2025,2,14,11,-1.0,89,-2.6,1000.0,1024.5,8.0,2.0,,7.0,1,2.0,,8.0,,
2025-02-14 12:00:00,351150400,ZIELONA GÓRA,2025,2,14,12,-0.3,79,-3.5,1000.3,1024.7,351.0,2.0,,2.0,1,7.0,0.0,,7.0,
2025-02-14 13:00:00,351150400,ZIELONA GÓRA,2025,2,14,13,-0.9,80,-3.9,1000.5,1025.0,349.0,2.0,,3.0,3,0.0,,8.0,,
2025-02-14 14:00:00,351150400,ZIELONA GÓRA,2025,2,14,14,-0.4,75,-4.3,1000.8,1025.3,352.0,2.0,,2.0,3,0.0,,8.0,,
2025-02-14 15:00:00,351150400,ZIELONA GÓRA,2025,2,14,15,-0.6,81,-3.5,1001.1,1025.6,331.0,2.0,,7.0,1,1.0,,8.0,,
2025-02-14 16:00:00,351150400,ZIELONA GÓRA,2025,2,14,16,-1.0,83,-3.5,1001.4,1025.9,314.0,2.0,,7.0,78,7.0,,8.0,,
2025-02-14 17:00:00,351150400,ZIELONA GÓRA,2025,2,14,17,-1.1,87,-3.0,1001.9,1026.4,305.0,2.0,,7.0,22,7.0,,8.0,,
2025-02-14 18:00:00,351150400,ZIELONA GÓRA,2025,2,14,18,-1.4,91,-2.7,1002.4,1027.0,307.0,2.0,,8.0,70,7.0,0.0,,7.0,10.0
2025-02-14 19:00:00,351150400,ZIELONA GÓRA,2025,2,14,19,-1.6,92,-2.7,1003.0,1027.6,321.0,2.0,,7.0,22,2.0,,8.0,,
2025-02-14 20:00:00,351150400,ZIELONA GÓRA,2025,2,14,20,-1.8,93,-2.8,1003.2,1027.8,321.0,2.0,,7.0,2,2.0,,8.0,,
2025-02-14 21:00:00,351150400,ZIELONA GÓRA,2025,2,14,21,-1.9,93,-2.9,1003.3,1027.9,317.0,2.0,,7.0,2,7.0,,8.0,,
2025-02-14 22:00:00,351150400,ZIELONA GÓRA,2025,2,14,22,-2.0,91,-3.3,1003.3,1028.0,328.0,2.0,,,0,,,8.0,,
2025-02-14 23:00:00,351150400,ZIELONA GÓRA,2025,2,14,23,-2.2,92,-3.3,1003.5,1028.2,325.0,2.0,,,0,,,8.0,,
2025-02-15 00:00:00,351150400,ZIELONA GÓRA,2025,2,15,0,-2.4,92,-3.5,1003.4,1028.1,336.0,1.0,,,0,,,9.0,,
2025-02-15 01:00:00,351150400,ZIELONA GÓRA,2025,2,15,1,-2.6,89,-4.2,1003.2,1027.9,329.0,1.0,,,0,,,8.0,,
2025-02-15 02:00:00,351150400,ZIELONA GÓRA,2025,2,15,2,-2.7,91,-4.0,1002.7,1027.4,340.0,1.0,,,0,,,8.0,,
2025-02-15 03:00:00,351150400,ZIELONA GÓRA,2025,2,15,3,-3.0,92,-4.1,1002.7,1027.4,7.0,1.0,,,0,,,8.0,,
2025-02-15 04:00:00,351150400,ZIELONA GÓRA,2025,2,15,4,-3.0,82,-5.6,1002.4,1027.1,63.0,2.0,,,0,,,8.0,,
2025-02-15 05:00:00,351150400,ZIELONA GÓRA,2025,2,15,5,-3.5,91,-4.8,1002.2,1027.0,195.0,1.0,,,0,,,8.0,,
2025-02-15 06:00:00,351150400,ZIELONA GÓRA,2025,2,15,6,-3.6,93,-4.6,1002.0,1026.8,202.0,1.0,,7.0,0,,,9.0,,10.0
2025-02-15 07:00:00,351150400,ZIELONA GÓRA,2025,2,15,7,-3.4,93,-4.4,1002.1,1026.9,194.0,1.0,,7.0,2,2.0,,8.0,,
2025-02-15 08:00:00,351150400,ZIELONA GÓRA,2025,2,15,8,-2.9,90,-4.3,1001.9,1026.6,200.0,2.0,,7.0,2,2.0,,8.0,,
2025-02-15 09:00:00,351150400,ZIELONA GÓRA,2025,2,15,9,-2.5,88,-4.2,1001.4,1026.1,198.0,2.0,,8.0,3,2.0,,8.0,,
2025-02-15 10:00:00,351150400,ZIELONA GÓRA,2025,2,15,10,-1.6,85,-3.8,1001.4,1026.0,258.0,2.0,,8.0,3,2.0,,8.0,,
2025-02-15 11:00:00,351150400,ZIELONA GÓRA,2025,2,15,11,-0.7,74,-4.8,1000.9,1025.4,268.0,2.0,,7.0,26,2.0,,8.0,,
2025-02-15 12:00:00,351150400,ZIELONA GÓRA,2025,2,15,12,-0.8,71,-5.4,1000.2,1024.7,301.0,2.0,,7.0,26,8.0,0.0,,7.0,
2025-02-15 13:00:00,351150400,ZIELONA GÓRA,2025,2,15,13,-1.4,84,-3.8,999.9,1024.4,327.0,1.0,,7.0,85,8.0,,8.0,,
2025-02-15 14:00:00,351150400,ZIELONA GÓRA,2025,2,15,14,-1.2,87,-3.1,999.6,1024.1,287.0,2.0,,7.0,85,8.0,,8.0,,
2025-02-15 15:00:00,351150400,ZIELONA GÓRA,2025,2,15,15,-1.4,83,-3.9,999.5,1024.0,309.0,1.0,,7.0,85,8.0,,8.0,,
2025-02-15 16:00:00,351150400,ZIELONA GÓRA,2025,2,15,16,-2.1,88,-3.8,999.3,1023.9,325.0,1.0,,6.0,27,8.0,,8.0,,
2025-02-15 17:00:00,351150400,ZIELONA GÓRA,2025,2,15,17,-2.8,89,-4.4,999.1,1023.7,284.0,1.0,,4.0,1,1.0,,8.0,,
2025-02-15 18:00:00,351150400,ZIELONA GÓRA,2025,2,15,18,-2.9,91,-4.2,999.2,1023.8,313.0,1.0,,7.0,3,8.0,0.6,,7.0,10.0
2025-02-15 19:00:00,351150400,ZIELONA GÓRA,2025,2,15,19,-2.8,91,-4.1,999.2,1023.8,327.0,2.0,,7.0,2,2.0,,8.0,,
2025-02-15 20:00:00,351150400,ZIELONA GÓRA,2025,2,15,20,-3.5,91,-4.8,999.2,1023.9,326.0,2.0,,6.0,1,2.0,,8.0,,
2025-02-15 21:00:00,351150400,ZIELONA GÓRA,2025,2,15,21,-4.0,91,-5.3,999.1,1023.8,333.0,1.0,,6.0,1,2.0,,8.0,,
2025-02-15 22:00:00,351150400,ZIELONA GÓRA,2025,2,15,22,-4.0,88,-5.7,999.1,1023.8,333.0,1.0,,,10,,,8.0,,
2025-02-15 23:00:00,351150400,ZIELONA GÓRA,2025,2,15,23,-3.8,86,-5.8,999.2,1023.9,326.0,1.0,,,10,,,8.0,,
2025-02-16 00:00:00,351150400,ZIELONA GÓRA,2025,2,16,0,-3.6,88,-5.3,999.0,1023.7,341.0,1.0,,,10,,,9.0,,
2025-02-16 01:00:00,351150400,ZIELONA GÓRA,2025,2,16,1,-3.5,90,-4.9,998.9,1023.6,319.0,2.0,,,0,,,8.0,,
2025-02-16 02:00:00,351150400,ZIELONA GÓRA,2025,2,16,2,-3.4,88,-5.1,998.6,1023.3,315.0,2.0,,,0,,,8.0,,
2025-02-16 03:00:00,351150400,ZIELONA GÓRA,2025,2,16,3,-3.3,86,-5.3,998.4,1023.1,310.0,1.0,,,0,,,8.0,,
2025-02-16 04:00:00,351150400,ZIELONA GÓRA,2025,2,16,4,-3.4,87,-5.3,998.8,1023.5,337.0,1.0,,,0,,,8.0,,
2025-02-16 05:00:00,351150400,ZIELONA GÓRA,2025,2,16,5,-3.8,87,-5.6,998.9,1023.6,353.0,1.0,,,10,,,8.0,,
2025-02-16 06:00:00,351150400,ZIELONA GÓRA,2025,2,16,6,-4.0,86,-6.0,999.0,1023.7,354.0,2.0,,7.0,0,,,9.0,,10.0
2025-02-16 07:00:00,351150400,ZIELONA GÓRA,2025,2,16,7,-4.0,84,-6.3,999.6,1024.4,17.0,1.0,,6.0,1,2.0,,8.0,,
2025-02-16 08:00:00,351150400,ZIELONA GÓRA,2025,2,16,8,-2.8,75,-6.6,999.7,1024.3,50.0,2.0,,2.0,1,1.0,,8.0,,
2025-02-16 09:00:00,351150400,ZIELONA GÓRA,2025,2,16,9,-2.0,75,-5.8,999.9,1024.5,30.0,2.0,,3.0,3,1.0,,8.0,,
2025-02-16 10:00:00,351150400,ZIELONA GÓRA,2025,2,16,10,-1.9,77,-5.4,1000.2,1024.8,346.0,2.0,,4.0,3,0.0,,8.0,,
2025-02-16 11:00:00,351150400,ZIELONA GÓRA,2025,2,16,11,-1.6,76,-5.3,1000.4,1025.0,359.0,2.0,,6.0,3,1.0,,8.0,,
2025-02-16 12:00:00,351150400,ZIELONA GÓRA,2025,2,16,12,-2.0,77,-5.5,1000.2,1024.8,6.0,3.0,,5.0,1,1.0,,9.0,,
2025-02-16 13:00:00,351150400,ZIELONA GÓRA,2025,2,16,13,-2.6,78,-5.9,1000.3,1024.9,36.0,2.0,,7.0,3,2.0,,8.0,,
2025-02-16 14:00:00,351150400,ZIELONA GÓRA,2025,2,16,14,-2.5,76,-6.2,1000.4,1025.0,72.0,3.0,,2.0,1,1.0,,8.0,,
2025-02-16 15:00:00,351150400,ZIELONA GÓRA,2025,2,16,15,-2.2,73,-6.4,1000.8,1025.4,66.0,2.0,,1.0,1,1.0,,8.0,,
2025-02-16 16:00:00,351150400,ZIELONA GÓRA,2025,2,16,16,-2.8,73,-7.0,1001.0,1025.7,63.0,1.0,,1.0,3,0.0,,8.0,,
2025-02-16 17:00:00,351150400,ZIELONA GÓRA,2025,2,16,17,-4.0,78,-7.3,1001.3,1026.1,0.0,0.0,,1.0,2,0.0,,8.0,,
2025-02-16 18:00:00,351150400,ZIELONA GÓRA,2025,2,16,18,-4.4,78,-7.7,1001.3,1026.1,360.0,1.0,,0.0,1,1.0,,9.0,,
2025-02-16 19:00:00,351150400,ZIELONA GÓRA,2025,2,16,19,-4.4,77,-7.8,1001.7,1026.5,344.0,1.0,,0.0,2,0.0,,8.0,,
2025-02-16 20:00:00,351150400,ZIELONA GÓRA,2025,2,16,20,-4.6,77,-8.0,1002.0,1026.9,1.0,1.0,,0.0,2,0.0,,8.0,,
2025-02-16 21:00:00,351150400,ZIELONA GÓRA,2025,2,16,21,-5.0,83,-7.4,1002.2,1027.1,1.0,1.0,,0.0,2,0.0,,8.0,,
2025-02-16 22:00:00,351150400,ZIELONA GÓRA,2025,2,16,22,-5.0,85,-7.1,1002.2,1027.1,338.0,2.0,,,10,,,8.0,,
2025-02-16 23:00:00,351150400,ZIELONA GÓRA,2025,2,16,23,-5.5,87,-7.3,1002.3,1027.3,339.0,1.0,,,10,,,8.0,,
2025-02-17 00:00:00,351150400,ZIELONA GÓRA,2025,2,17,0,-6.0,85,-8.1,1002.4,1027.4,46.0,1.0,,,0,,,9.0,,
2025-02-17 01:00:00,351150400,ZIELONA GÓRA,2025,2,17,1,-7.2,86,-9.1,1002.4,1027.5,137.0,1.0,,,0,,,8.0,,
2025-02-17 02:00:00,351150400,ZIELONA GÓRA,2025,2,17,2,-7.7,91,-8.9,1002.6,1027.8,119.0,1.0,,,0,,,8.0,,
2025-02-17 03:00:00,351150400,ZIELONA GÓRA,2025,2,17,3,-6.7,88,-8.4,1002.5,1027.6,357.0,1.0,,,0,,,8.0,,
2025-02-17 04:00:00,351150400,ZIELONA GÓRA,2025,2,17,4,-6.5,88,-8.2,1002.8,1027.9,336.0,1.0,,,0,,,8.0,,
2025-02-17 05:00:00,351150400,ZIELONA GÓRA,2025,2,17,5,-7.4,91,-8.6,1002.7,1027.9,345.0,1.0,,,0,,,8.0,,
2025-02-17 06:00:00,351150400,ZIELONA GÓRA,2025,2,17,6,-7.9,92,-9.0,1002.7,1027.9,212.0,1.0,,0.0,10,,,9.0,,8.0
2025-02-17 07:00:00,351150400,ZIELONA GÓRA,2025,2,17,7,-6.4,91,-7.6,1003.0,1028.1,246.0,1.0,,0.0,2,0.0,,8.0,,
2025-02-17 08:00:00,351150400,ZIELONA GÓRA,2025,2,17,8,-4.9,84,-7.2,1003.2,1028.1,312.0,1.0,,0.0,2,0.0,,8.0,,
2025-02-17 09:00:00,351150400,ZIELONA GÓRA,2025,2,17,9,-3.7,76,-7.3,1003.3,1028.1,212.0,1.0,,0.0,2,0.0,,8.0,,
2025-02-17 10:00:00,351150400,ZIELONA GÓRA,2025,2,17,10,-2.4,71,-6.9,1003.3,1028.0,207.0,1.0,,1.0,3,0.0,,8.0,,
2025-02-17 11:00:00,351150400,ZIELONA GÓRA,2025,2,17,11,-3.3,72,-7.6,1003.2,1028.0,333.0,1.0,,1.0,3,0.0,,8.0,,
2025-02-17 12:00:00,351150400,ZIELONA GÓRA,2025,2,17,12,-2.4,62,-8.7,1002.9,1027.6,302.0,2.0,,4.0,3,0.0,,9.0,,
2025-02-17 13:00:00,351150400,ZIELONA GÓRA,2025,2,17,13,-2.3,60,-9.0,1002.6,1027.3,294.0,1.0,,5.0,1,1.0,,8.0,,
2025-02-17 14:00:00,351150400,ZIELONA GÓRA,2025,2,17,14,-2.6,60,-9.3,1002.4,1027.1,279.0,1.0,,3.0,1,1.0,,8.0,,
2025-02-17 15:00:00,351150400,ZIELONA GÓRA,2025,2,17,15,-1.7,58,-8.9,1002.3,1026.9,340.0,1.0,,7.0,1,1.0,,8.0,,
2025-02-17 16:00:00,351150400,ZIELONA GÓRA,2025,2,17,16,-2.7,59,-9.6,1002.3,1027.0,21.0,1.0,,7.0,1,2.0,,8.0,,
2025-02-17 17:00:00,351150400,ZIELONA GÓRA,2025,2,17,17,-3.5,65,-9.1,1002.5,1027.3,112.0,1.0,,5.0,1,2.0,,8.0,,
2025-02-17 18:00:00,351150400,ZIELONA GÓRA,2025,2,17,18,-4.6,75,-8.4,1002.5,1027.4,200.0,1.0,,1.0,1,1.0,,9.0,,
2025-02-17 19:00:00,351150400,ZIELONA GÓRA,2025,2,17,19,-5.3,78,-8.5,1002.5,1027.4,194.0,1.0,,0.0,1,0.0,,8.0,,
2025-02-17 20:00:00,351150400,ZIELONA GÓRA,2025,2,17,20,-4.9,78,-8.1,1002.9,1027.8,227.0,1.0,,0.0,2,0.0,,8.0,,
2025-02-17 21:00:00,351150400,ZIELONA GÓRA,2025,2,17,21,-5.8,79,-8.9,1003.0,1028.0,300.0,1.0,,0.0,2,0.0,,8.0,,
2025-02-17 22:00:00,351150400,ZIELONA GÓRA,2025,2,17,22,-5.9,78,-9.1,1003.0,1028.0,320.0,1.0,,,10,,,8.0,,
2025-02-17 23:00:00,351150400,ZIELONA GÓRA,2025,2,17,23,-6.2,74,-10.1,1003.3,1028.4,324.0,2.0,,,10,,,8.0,,
2025-02-18 00:00:00,351150400,ZIELONA GÓRA,2025,2,18,0,-6.5,71,-10.9,1003.6,1028.7,322.0,2.0,,,10,,,9.0,,
2025-02-18 01:00:00,351150400,ZIELONA GÓRA,2025,2,18,1,-7.1,73,-11.1,1003.7,1028.8,314.0,1.0,,,10,,,8.0,,
2025-02-18 02:00:00,351150400,ZIELONA GÓRA,2025,2,18,2,-7.4,75,-11.1,1003.8,1029.0,304.0,1.0,,,0,,,8.0,,
2025-02-18 03:00:00,351150400,ZIELONA GÓRA,2025,2,18,3,-7.5,75,-11.2,1004.0,1029.2,313.0,2.0,,,0,,,8.0,,
2025-02-18 04:00:00,351150400,ZIELONA GÓRA,2025,2,18,4,-7.8,77,-11.1,1004.1,1029.3,292.0,2.0,,,0,,,8.0,,
2025-02-18 05:00:00,351150400,ZIELONA GÓRA,2025,2,18,5,-7.6,77,-10.9,1004.3,1029.5,301.0,2.0,,,0,,,8.0,,
2025-02-18 06:00:00,351150400,ZIELONA GÓRA,2025,2,18,6,-7.5,76,-11.0,1004.5,1029.7,314.0,3.0,,1.0,0,,,9.0,,8.0
2025-02-18 07:00:00,351150400,ZIELONA GÓRA,2025,2,18,7,-7.0,69,-11.7,1004.6,1029.8,326.0,3.0,,1.0,2,0.0,,8.0,,
2025-02-18 08:00:00,351150400,ZIELONA GÓRA,2025,2,18,8,-5.4,62,-11.5,1005.2,1030.2,323.0,3.0,,1.0,1,0.0,,8.0,,
2025-02-18 09:00:00,351150400,ZIELONA GÓRA,2025,2,18,9,-3.9,59,-10.7,1005.6,1030.5,312.0,2.0,,3.0,3,0.0,,8.0,,
2025-02-18 10:00:00,351150400,ZIELONA GÓRA,2025,2,18,10,-3.3,56,-10.8,1006.0,1030.8,308.0,4.0,,3.0,2,0.0,,8.0,,
2025-02-18 11:00:00,351150400,ZIELONA GÓRA,2025,2,18,11,-2.3,54,-10.4,1006.2,1031.0,302.0,3.0,,6.0,1,1.0,,8.0,,
2025-02-18 12:00:00,351150400,ZIELONA GÓRA,2025,2,18,12,-1.5,52,-10.1,1006.1,1030.8,299.0,3.0,,5.0,1,1.0,,9.0,,
2025-02-18 13:00:00,351150400,ZIELONA GÓRA,2025,2,18,13,-0.7,53,-9.1,1005.9,1030.5,309.0,3.0,,1.0,3,1.0,,8.0,,
2025-02-18 14:00:00,351150400,ZIELONA GÓRA,2025,2,18,14,-0.4,53,-8.8,1006.0,1030.6,309.0,2.0,,1.0,2,0.0,,8.0,,
2025-02-18 15:00:00,351150400,ZIELONA GÓRA,2025,2,18,15,-0.7,53,-9.1,1006.1,1030.7,275.0,2.0,,1.0,2,1.0,,8.0,,
2025-02-18 16:00:00,351150400,ZIELONA GÓRA,2025,2,18,16,-1.5,58,-8.7,1006.4,1031.1,297.0,2.0,,6.0,3,1.0,,8.0,,
2025-02-18 17:00:00,351150400,ZIELONA GÓRA,2025,2,18,17,-2.2,61,-8.7,1006.7,1031.5,280.0,1.0,,7.0,3,2.0,,8.0,,
2025-02-18 18:00:00,351150400,ZIELONA GÓRA,2025,2,18,18,-2.4,59,-9.3,1006.9,1031.7,267.0,2.0,,7.0,2,1.0,,9.0,,
2025-02-18 19:00:00,351150400,ZIELONA GÓRA,2025,2,18,19,-3.2,53,-11.4,1007.1,1032.0,287.0,2.0,,1.0,1,1.0,,8.0,,
2025-02-18 20:00:00,351150400,ZIELONA GÓRA,2025,2,18,20,-3.6,56,-11.1,1007.5,1032.4,305.0,1.0,,0.0,1,0.0,,8.0,,
2025-02-18 21:00:00,351150400,ZIELONA GÓRA,2025,2,18,21,-4.0,55,-11.7,1007.7,1032.7,307.0,2.0,,0.0,2,1.0,,8.0,,
2025-02-18 22:00:00,351150400,ZIELONA GÓRA,2025,2,18,22,-4.2,53,-12.4,1007.8,1032.8,313.0,2.0,,,0,,,8.0,,
2025-02-18 23:00:00,351150400,ZIELONA GÓRA,2025,2,18,23,-4.5,53,-12.7,1008.1,1033.1,306.0,2.0,,,0,,,8.0,,
2025-02-19 00:00:00,351150400,ZIELONA GÓRA,2025,2,19,0,-4.6,53,-12.7,1008.1,1033.1,318.0,2.0,,,0,,,9.0,,
2025-02-19 01:00:00,351150400,ZIELONA GÓRA,2025,2,19,1,-4.7,52,-13.1,1008.1,1033.1,317.0,2.0,,,0,,,8.0,,
2025-02-19 02:00:00,351150400,ZIELONA GÓRA,2025,2,19,2,-5.2,54,-13.1,1008.3,1033.4,306.0,1.0,,,0,,,8.0,,
2025-02-19 03:00:00,351150400,ZIELONA GÓRA,2025,2,19,3,-5.2,56,-12.6,1008.2,1033.3,301.0,1.0,,,0,,,8.0,,
2025-02-19 04:00:00,351150400,ZIELONA GÓRA,2025,2,19,4,-5.0,58,-12.0,1008.2,1033.3,297.0,1.0,,,0,,,8.0,,
2025-02-19 05:00:00,351150400,ZIELONA GÓRA,2025,2,19,5,-5.4,59,-12.2,1008.3,1033.4,235.0,1.0,,,0,,,8.0,,
2025-02-19 06:00:00,351150400,ZIELONA GÓRA,2025,2,19,6,-4.9,53,-13.0,1008.5,1033.6,240.0,2.0,,0.0,0,,,9.0,,8.0
2025-02-19 07:00:00,351150400,ZIELONA GÓRA,2025,2,19,7,-4.1,50,-13.0,1008.8,1033.8,211.0,1.0,,0.0,2,0.0,,8.0,,
2025-02-19 08:00:00,351150400,ZIELONA GÓRA,2025,2,19,8,-3.4,53,-11.6,1009.1,1034.0,217.0,2.0,,0.0,2,0.0,,8.0,,
2025-02-19 09:00:00,351150400,ZIELONA GÓRA,2025,2,19,9,-1.9,51,-10.7,1009.3,1034.1,206.0,2.0,,0.0,2,0.0,,8.0,,
2025-02-19 10:00:00,351150400,ZIELONA GÓRA,2025,2,19,10,-0.5,53,-8.9,1009.3,1034.0,195.0,2.0,,0.0,2,0.0,,8.0,,
2025-02-19 11:00:00,351150400,ZIELONA GÓRA,2025,2,19,11,0.2,53,-8.3,1009.1,1033.7,197.0,2.0,,0.0,2,0.0,,8.0,,
2025-02-19 12:00:00,351150400,ZIELONA GÓRA,2025,2,19,12,1.2,52,-7.6,1008.6,1033.1,176.0,1.0,,0.0,2,0.0,,9.0,,
2025-02-19 13:00:00,351150400,ZIELONA GÓRA,2025,2,19,13,1.5,48,-8.3,1008.5,1033.0,195.0,2.0,,0.0,2,0.0,,8.0,,
2025-02-19 14:00:00,351150400,ZIELONA GÓRA,2025,2,19,14,1.3,49,-8.3,1008.3,1032.8,112.0,2.0,,0.0,2,0.0,,8.0,,
2025-02-19 15:00:00,351150400,ZIELONA GÓRA,2025,2,19,15,0.8,48,-9.0,1008.2,1032.7,139.0,2.0,,0.0,2,0.0,,8.0,,
2025-02-19 16:00:00,351150400,ZIELONA GÓRA,2025,2,19,16,-0.6,56,-8.3,1008.2,1032.8,134.0,2.0,,0.0,2,0.0,,8.0,,
2025-02-19 17:00:00,351150400,ZIELONA GÓRA,2025,2,19,17,-2.5,64,-8.4,1008.4,1033.2,112.0,1.0,,0.0,2,0.0,,8.0,,
2025-02-19 18:00:00,351150400,ZIELONA GÓRA,2025,2,19,18,-2.7,66,-8.2,1008.5,1033.4,129.0,2.0,,0.0,2,0.0,,9.0,,7.0
2025-02-19 19:00:00,351150400,ZIELONA GÓRA,2025,2,19,19,-3.0,66,-8.5,1008.3,1033.2,129.0,2.0,,0.0,2,0.0,,8.0,,
2025-02-19 20:00:00,351150400,ZIELONA GÓRA,2025,2,19,20,-3.2,68,-8.3,1008.3,1033.2,132.0,2.0,,3.0,3,0.0,,8.0,,
2025-02-19 21:00:00,351150400,ZIELONA GÓRA,2025,2,19,21,-3.9,71,-8.4,1008.3,1033.3,137.0,3.0,,0.0,1,0.0,,8.0,,
2025-02-19 22:00:00,351150400,ZIELONA GÓRA,2025,2,19,22,-4.0,72,-8.3,1008.2,1033.2,137.0,3.0,,,0,,,8.0,,
2025-02-19 23:00:00,351150400,ZIELONA GÓRA,2025,2,19,23,-4.0,72,-8.3,1008.1,1033.1,132.0,3.0,,,0,,,8.0,,
2025-02-20 00:00:00,351150400,ZIELONA GÓRA,2025,2,20,0,-4.5,75,-8.3,1008.1,1033.1,134.0,3.0,,,0,,,9.0,,
2025-02-20 01:00:00,351150400,ZIELONA GÓRA,2025,2,20,1,-4.7,76,-8.3,1008.1,1033.1,130.0,3.0,,,0,,,8.0,,
2025-02-20 02:00:00,351150400,ZIELONA GÓRA,2025,2,20,2,-5.7,82,-8.3,1007.6,1032.7,138.0,3.0,,,0,,,8.0,,
2025-02-20 03:00:00,351150400,ZIELONA GÓRA,2025,2,20,3,-6.5,85,-8.6,1006.9,1032.1,132.0,3.0,,,10,,,8.0,,
2025-02-20 04:00:00,351150400,ZIELONA GÓRA,2025,2,20,4,-7.1,88,-8.8,1006.8,1032.0,130.0,3.0,,,10,,,8.0,,
2025-02-20 05:00:00,351150400,ZIELONA GÓRA,2025,2,20,5,-7.6,89,-9.1,1006.7,1032.0,135.0,3.0,,,10,,,8.0,,
2025-02-20 06:00:00,351150400,ZIELONA GÓRA,2025,2,20,6,-8.2,91,-9.4,1006.8,1032.1,133.0,3.0,,0.0,10,,,9.0,,7.0
2025-02-20 07:00:00,351150400,ZIELONA GÓRA,2025,2,20,7,-7.0,86,-8.9,1006.8,1032.0,130.0,2.0,,0.0,10,0.0,,8.0,,
2025-02-20 08:00:00,351150400,ZIELONA GÓRA,2025,2,20,8,-5.0,73,-9.1,1006.8,1031.8,140.0,3.0,,0.0,10,0.0,,8.0,,
2025-02-20 09:00:00,351150400,ZIELONA GÓRA,2025,2,20,9,-3.0,62,-9.3,1006.6,1031.4,139.0,3.0,,0.0,2,0.0,,8.0,,
2025-02-20 10:00:00,351150400,ZIELONA GÓRA,2025,2,20,10,-1.8,57,-9.2,1006.7,1031.4,139.0,3.0,,1.0,3,0.0,,8.0,,
2025-02-20 11:00:00,351150400,ZIELONA GÓRA,2025,2,20,11,-0.5,54,-8.7,1006.4,1031.0,141.0,3.0,,1.0,2,0.0,,8.0,,
2025-02-20 12:00:00,351150400,ZIELONA GÓRA,2025,2,20,12,0.4,49,-9.1,1006.2,1030.7,133.0,3.0,,2.0,3,0.0,,9.0,,
2025-02-20 13:00:00,351150400,ZIELONA GÓRA,2025,2,20,13,1.5,47,-8.6,1005.8,1030.2,147.0,3.0,,2.0,2,0.0,,8.0,,
2025-02-20 14:00:00,351150400,ZIELONA GÓRA,2025,2,20,14,1.9,46,-8.5,1005.6,1030.0,151.0,3.0,,6.0,3,1.0,,8.0,,
2025-02-20 15:00:00,351150400,ZIELONA GÓRA,2025,2,20,15,1.7,45,-9.0,1005.3,1029.7,137.0,3.0,,7.0,3,1.0,,8.0,,
2025-02-20 16:00:00,351150400,ZIELONA GÓRA,2025,2,20,16,0.7,50,-8.6,1005.3,1029.8,141.0,3.0,,7.0,2,2.0,,8.0,,
2025-02-20 17:00:00,351150400,ZIELONA GÓRA,2025,2,20,17,-0.5,56,-8.2,1005.7,1030.3,139.0,3.0,,3.0,1,1.0,,8.0,,
2025-02-20 18:00:00,351150400,ZIELONA GÓRA,2025,2,20,18,-1.3,60,-8.1,1005.7,1030.4,132.0,3.0,,1.0,1,1.0,,9.0,,7.0
2025-02-20 19:00:00,351150400,ZIELONA GÓRA,2025,2,20,19,-1.6,60,-8.4,1005.5,1030.2,135.0,3.0,,0.0,1,0.0,,8.0,,
2025-02-20 20:00:00,351150400,ZIELONA GÓRA,2025,2,20,20,-2.3,63,-8.4,1005.1,1029.8,139.0,3.0,,0.0,2,0.0,,8.0,,
2025-02-20 21:00:00,351150400,ZIELONA GÓRA,2025,2,20,21,-2.9,66,-8.4,1004.8,1029.6,134.0,2.0,,0.0,2,0.0,,8.0,,
2025-02-20 22:00:00,351150400,ZIELONA GÓRA,2025,2,20,22,-3.1,66,-8.6,1004.4,1029.2,139.0,3.0,,,0,,,8.0,,
2025-02-20 23:00:00,351150400,ZIELONA GÓRA,2025,2,20,23,-3.4,68,-8.5,1004.3,1029.1,147.0,4.0,,,0,,,8.0,,
2025-02-21 00:00:00,351150400,ZIELONA GÓRA,2025,2,21,0,-2.8,66,-8.3,1004.1,1028.9,143.0,3.0,,,0,,,9.0,,
2025-02-21 01:00:00,351150400,ZIELONA GÓRA,2025,2,21,1,-2.5,65,-8.2,1003.6,1028.3,151.0,4.0,,,0,,,8.0,,
2025-02-21 02:00:00,351150400,ZIELONA GÓRA,2025,2,21,2,-2.0,63,-8.1,1003.9,1028.6,151.0,4.0,,,0,,,8.0,,
2025-02-21 03:00:00,351150400,ZIELONA GÓRA,2025,2,21,3,-1.7,64,-7.6,1003.9,1028.5,147.0,4.0,,,0,,,8.0,,
2025-02-21 04:00:00,351150400,ZIELONA GÓRA,2025,2,21,4,-1.7,67,-7.0,1003.7,1028.3,153.0,4.0,,,0,,,8.0,,
2025-02-21 05:00:00,351150400,ZIELONA GÓRA,2025,2,21,5,-2.0,69,-6.9,1003.2,1027.9,144.0,3.0,,,0,,,8.0,,
2025-02-21 06:00:00,351150400,ZIELONA GÓRA,2025,2,21,6,-2.3,72,-6.7,1003.6,1028.3,140.0,3.0,,3.0,0,,,9.0,,7.0
2025-02-21 07:00:00,351150400,ZIELONA GÓRA,2025,2,21,7,-2.0,73,-6.2,1003.4,1028.1,150.0,3.0,,6.0,1,1.0,,8.0,,
2025-02-21 08:00:00,351150400,ZIELONA GÓRA,2025,2,21,8,-0.6,68,-5.8,1003.5,1028.0,153.0,3.0,,6.0,3,2.0,,8.0,,
2025-02-21 09:00:00,351150400,ZIELONA GÓRA,2025,2,21,9,0.2,69,-4.8,1003.9,1028.4,153.0,3.0,,8.0,3,1.0,,8.0,,
2025-02-21 10:00:00,351150400,ZIELONA GÓRA,2025,2,21,10,1.2,69,-3.9,1004.2,1028.6,160.0,2.0,,8.0,3,2.0,,8.0,,
2025-02-21 11:00:00,351150400,ZIELONA GÓRA,2025,2,21,11,2.4,67,-3.1,1004.1,1028.4,160.0,3.0,,8.0,3,2.0,,8.0,,
2025-02-21 12:00:00,351150400,ZIELONA GÓRA,2025,2,21,12,3.2,67,-2.3,1003.9,1028.1,165.0,3.0,,8.0,1,1.0,,9.0,,
2025-02-21 13:00:00,351150400,ZIELONA GÓRA,2025,2,21,13,3.7,67,-1.9,1003.5,1027.6,160.0,3.0,,8.0,1,2.0,,8.0,,
2025-02-21 14:00:00,351150400,ZIELONA GÓRA,2025,2,21,14,4.0,68,-1.4,1003.3,1027.4,144.0,2.0,,8.0,2,2.0,,8.0,,
2025-02-21 15:00:00,351150400,ZIELONA GÓRA,2025,2,21,15,3.8,70,-1.2,1003.5,1027.6,120.0,2.0,,8.0,2,2.0,,8.0,,
2025-02-21 16:00:00,351150400,ZIELONA GÓRA,2025,2,21,16,3.5,70,-1.5,1003.4,1027.6,143.0,3.0,,8.0,1,2.0,,8.0,,
2025-02-21 17:00:00,351150400,ZIELONA GÓRA,2025,2,21,17,3.5,70,-1.5,1003.1,1027.3,134.0,3.0,,8.0,2,2.0,,8.0,,
2025-02-21 18:00:00,351150400,ZIELONA GÓRA,2025,2,21,18,3.5,72,-1.1,1003.0,1027.2,145.0,3.0,,8.0,3,2.0,,9.0,,4.0
2025-02-21 19:00:00,351150400,ZIELONA GÓRA,2025,2,21,19,3.5,73,-0.9,1002.8,1026.9,152.0,3.0,,7.0,1,2.0,,8.0,,
2025-02-21 20:00:00,351150400,ZIELONA GÓRA,2025,2,21,20,3.4,73,-1.0,1002.4,1026.5,155.0,3.0,,7.0,2,2.0,,8.0,,
2025-02-21 21:00:00,351150400,ZIELONA GÓRA,2025,2,21,21,2.0,80,-1.1,1002.4,1026.7,143.0,2.0,,1.0,1,1.0,,8.0,,
2025-02-21 22:00:00,351150400,ZIELONA GÓRA,2025,2,21,22,1.5,81,-1.4,1001.9,1026.2,149.0,3.0,,,10,,,8.0,,
2025-02-21 23:00:00,351150400,ZIELONA GÓRA,2025,2,21,23,0.8,83,-1.8,1001.7,1026.1,135.0,3.0,,,10,,,8.0,,
2025-02-22 00:00:00,351150400,ZIELONA GÓRA,2025,2,22,0,0.4,82,-2.3,1001.4,1025.8,137.0,2.0,,,10,,,9.0,,
2025-02-22 01:00:00,351150400,ZIELONA GÓRA,2025,2,22,1,-0.2,83,-2.7,1000.9,1025.3,135.0,2.0,,,10,,,8.0,,
2025-02-22 02:00:00,351150400,ZIELONA GÓRA,2025,2,22,2,-1.0,86,-3.0,1000.6,1025.1,140.0,2.0,,,10,,,8.0,,
2025-02-22 03:00:00,351150400,ZIELONA GÓRA,2025,2,22,3,-1.2,84,-3.6,1000.1,1024.6,140.0,2.0,,,10,,,8.0,,
2025-02-22 04:00:00,351150400,ZIELONA GÓRA,2025,2,22,4,-1.1,82,-3.8,999.9,1024.4,129.0,2.0,,,10,,,8.0,,
2025-02-22 05:00:00,351150400,ZIELONA GÓRA,2025,2,22,5,-1.2,82,-3.9,999.5,1024.0,144.0,2.0,,,10,,,8.0,,
2025-02-22 06:00:00,351150400,ZIELONA GÓRA,2025,2,22,6,-1.1,80,-4.1,999.6,1024.1,147.0,3.0,,0.0,10,,,9.0,,4.0
2025-02-22 07:00:00,351150400,ZIELONA GÓRA,2025,2,22,7,-0.3,75,-4.2,999.7,1024.1,142.0,3.0,,1.0,3,0.0,,8.0,,
2025-02-22 08:00:00,351150400,ZIELONA GÓRA,2025,2,22,8,1.6,67,-3.9,999.5,1023.7,160.0,3.0,,1.0,2,0.0,,8.0,,
2025-02-22 09:00:00,351150400,ZIELONA GÓRA,2025,2,22,9,3.1,59,-4.1,999.4,1023.5,161.0,3.0,,0.0,1,0.0,,8.0,,
2025-02-22 10:00:00,351150400,ZIELONA GÓRA,2025,2,22,10,5.2,56,-2.9,999.6,1023.5,194.0,3.0,,0.0,2,0.0,,8.0,,
2025-02-22 11:00:00,351150400,ZIELONA GÓRA,2025,2,22,11,6.5,53,-2.4,999.5,1023.3,159.0,2.0,,1.0,3,0.0,,8.0,,
2025-02-22 12:00:00,351150400,ZIELONA GÓRA,2025,2,22,12,7.2,50,-2.5,999.2,1022.9,133.0,3.0,,1.0,2,0.0,,9.0,,
2025-02-22 13:00:00,351150400,ZIELONA GÓRA,2025,2,22,13,7.3,49,-2.7,999.4,1023.1,138.0,3.0,,1.0,2,0.0,,8.0,,
2025-02-22 14:00:00,351150400,ZIELONA GÓRA,2025,2,22,14,7.7,47,-2.9,999.2,1022.9,127.0,3.0,,1.0,2,0.0,,8.0,,
2025-02-22 15:00:00,351150400,ZIELONA GÓRA,2025,2,22,15,7.6,47,-3.0,998.9,1022.6,135.0,2.0,,2.0,3,0.0,,8.0,,
2025-02-22 16:00:00,351150400,ZIELONA GÓRA,2025,2,22,16,6.4,50,-3.3,998.6,1022.4,140.0,3.0,,2.0,2,0.0,,8.0,,
2025-02-22 17:00:00,351150400,ZIELONA GÓRA,2025,2,22,17,5.5,53,-3.3,999.3,1023.2,162.0,2.0,,2.0,2,0.0,,8.0,,
2025-02-22 18:00:00,351150400,ZIELONA GÓRA,2025,2,22,18,4.4,57,-3.4,999.6,1023.6,224.0,2.0,,3.0,3,0.0,,9.0,,
2025-02-22 19:00:00,351150400,ZIELONA GÓRA,2025,2,22,19,3.4,56,-4.6,999.4,1023.5,199.0,2.0,,1.0,1,0.0,,8.0,,
2025-02-22 20:00:00,351150400,ZIELONA GÓRA,2025,2,22,20,2.7,57,-5.0,999.4,1023.5,185.0,2.0,,1.0,2,0.0,,8.0,,
2025-02-22 21:00:00,351150400,ZIELONA GÓRA,2025,2,22,21,2.3,58,-5.1,999.4,1023.6,169.0,3.0,,1.0,2,0.0,,8.0,,
2025-02-22 22:00:00,351150400,ZIELONA GÓRA,2025,2,22,22,2.6,57,-5.1,999.6,1023.8,172.0,3.0,,,0,,,8.0,,
2025-02-22 23:00:00,351150400,ZIELONA GÓRA,2025,2,22,23,2.6,58,-4.8,999.8,1024.0,180.0,4.0,,,0,,,8.0,,
2025-02-23 00:00:00,351150400,ZIELONA GÓRA,2025,2,23,0,1.9,60,-5.1,1000.1,1024.3,170.0,3.0,,,0,,,9.0,,
2025-02-23 01:00:00,351150400,ZIELONA GÓRA,2025,2,23,1,1.3,64,-4.8,1000.3,1024.6,173.0,3.0,,,0,,,8.0,,
2025-02-23 02:00:00,351150400,ZIELONA GÓRA,2025,2,23,2,1.7,62,-4.8,1000.4,1024.7,165.0,3.0,,,0,,,8.0,,
2025-02-23 03:00:00,351150400,ZIELONA GÓRA,2025,2,23,3,1.9,63,-4.4,1000.4,1024.6,172.0,3.0,,,0,,,8.0,,
2025-02-23 04:00:00,351150400,ZIELONA GÓRA,2025,2,23,4,1.8,64,-4.3,1000.6,1024.8,172.0,2.0,,,0,,,8.0,,
2025-02-23 05:00:00,351150400,ZIELONA GÓRA,2025,2,23,5,3.4,65,-2.6,1000.7,1024.8,214.0,2.0,,,0,,,8.0,,
2025-02-23 06:00:00,351150400,ZIELONA GÓRA,2025,2,23,6,4.3,65,-1.7,1001.2,1025.2,229.0,3.0,,8.0,0,,,9.0,,
2025-02-23 07:00:00,351150400,ZIELONA GÓRA,2025,2,23,7,4.7,67,-0.9,1001.9,1025.9,231.0,2.0,,7.0,1,2.0,,8.0,,
2025-02-23 08:00:00,351150400,ZIELONA GÓRA,2025,2,23,8,5.6,67,-0.1,1002.4,1026.4,230.0,2.0,,7.0,3,2.0,,8.0,,
2025-02-23 09:00:00,351150400,ZIELONA GÓRA,2025,2,23,9,6.0,70,0.9,1002.8,1026.7,226.0,2.0,,8.0,3,2.0,,8.0,,
2025-02-23 10:00:00,351150400,ZIELONA GÓRA,2025,2,23,10,6.6,74,2.3,1003.0,1026.9,252.0,2.0,,8.0,2,2.0,,8.0,,
2025-02-23 11:00:00,351150400,ZIELONA GÓRA,2025,2,23,11,7.5,78,3.9,1003.1,1026.9,273.0,2.0,,8.0,3,2.0,,8.0,,
2025-02-23 12:00:00,351150400,ZIELONA GÓRA,2025,2,23,12,8.6,77,4.8,1003.3,1027.0,279.0,3.0,,8.0,1,2.0,,9.0,,
2025-02-23 13:00:00,351150400,ZIELONA GÓRA,2025,2,23,13,8.7,81,5.6,1003.5,1027.2,288.0,3.0,,8.0,1,2.0,,8.0,,
2025-02-23 14:00:00,351150400,ZIELONA GÓRA,2025,2,23,14,8.0,90,6.5,1003.7,1027.5,294.0,3.0,,8.0,60,2.0,,8.0,,
2025-02-23 15:00:00,351150400,ZIELONA GÓRA,2025,2,23,15,7.4,97,7.0,1003.8,1027.6,300.0,2.0,,8.0,50,6.0,,8.0,,
2025-02-23 16:00:00,351150400,ZIELONA GÓRA,2025,2,23,16,7.3,98,7.0,1003.9,1027.7,285.0,2.0,,8.0,28,5.0,,8.0,,
2025-02-23 17:00:00,351150400,ZIELONA GÓRA,2025,2,23,17,7.4,98,7.1,1004.2,1028.0,289.0,2.0,,7.0,10,2.0,,8.0,,
2025-02-23 18:00:00,351150400,ZIELONA GÓRA,2025,2,23,18,7.7,98,7.4,1004.7,1028.5,289.0,3.0,,7.0,10,6.0,0.2,,6.0,
2025-02-23 19:00:00,351150400,ZIELONA GÓRA,2025,2,23,19,7.0,92,5.8,1004.8,1028.7,313.0,3.0,,7.0,1,2.0,,8.0,,
2025-02-23 20:00:00,351150400,ZIELONA GÓRA,2025,2,23,20,6.5,91,5.1,1004.9,1028.8,328.0,2.0,,7.0,1,2.0,,8.0,,
2025-02-23 21:00:00,351150400,ZIELONA GÓRA,2025,2,23,21,6.2,92,5.0,1004.9,1028.9,305.0,1.0,,6.0,3,2.0,,8.0,,
2025-02-23 22:00:00,351150400,ZIELONA GÓRA,2025,2,23,22,6.1,92,4.9,1004.9,1028.9,307.0,2.0,,,10,,,8.0,,
2025-02-23 23:00:00,351150400,ZIELONA GÓRA,2025,2,23,23,6.2,92,5.0,1004.9,1028.9,287.0,1.0,,,0,,,8.0,,
2025-02-24 00:00:00,351150400,ZIELONA GÓRA,2025,2,24,0,5.8,92,4.6,1004.9,1028.9,294.0,2.0,,,0,,,9.0,,
2025-02-24 01:00:00,351150400,ZIELONA GÓRA,2025,2,24,1,5.7,91,4.3,1004.8,1028.8,285.0,2.0,,,0,,,8.0,,
2025-02-24 02:00:00,351150400,ZIELONA GÓRA,2025,2,24,2,5.6,91,4.2,1004.8,1028.8,289.0,2.0,,,0,,,8.0,,
2025-02-24 03:00:00,351150400,ZIELONA GÓRA,2025,2,24,3,5.7,91,4.3,1004.3,1028.3,286.0,1.0,,,0,,,8.0,,
2025-02-24 04:00:00,351150400,ZIELONA GÓRA,2025,2,24,4,4.4,92,3.2,1003.8,1027.9,209.0,1.0,,,10,,,8.0,,
2025-02-24 05:00:00,351150400,ZIELONA GÓRA,2025,2,24,5,3.0,97,2.6,1003.6,1027.8,209.0,2.0,,,20,,,8.0,,
2025-02-24 06:00:00,351150400,ZIELONA GÓRA,2025,2,24,6,3.4,98,3.1,1003.5,1027.7,187.0,1.0,,2.0,10,,,9.0,,
2025-02-24 07:00:00,351150400,ZIELONA GÓRA,2025,2,24,7,3.6,97,3.2,1003.3,1027.5,179.0,2.0,,4.0,10,0.0,,8.0,,
2025-02-24 08:00:00,351150400,ZIELONA GÓRA,2025,2,24,8,4.7,95,4.0,1002.9,1026.9,188.0,2.0,,7.0,10,1.0,,8.0,,
2025-02-24 09:00:00,351150400,ZIELONA GÓRA,2025,2,24,9,7.1,86,4.9,1002.7,1026.5,200.0,2.0,,5.0,10,1.0,,8.0,,
2025-02-24 10:00:00,351150400,ZIELONA GÓRA,2025,2,24,10,9.2,72,4.4,1002.5,1026.1,204.0,2.0,,1.0,10,1.0,,8.0,,
2025-02-24 11:00:00,351150400,ZIELONA GÓRA,2025,2,24,11,10.8,67,4.9,1001.8,1025.3,192.0,2.0,,1.0,2,0.0,,8.0,,
2025-02-24 12:00:00,351150400,ZIELONA GÓRA,2025,2,24,12,12.0,59,4.2,1001.3,1024.7,214.0,4.0,,1.0,3,1.0,,9.0,,
2025-02-24 13:00:00,351150400,ZIELONA GÓRA,2025,2,24,13,12.9,52,3.3,1000.2,1023.5,206.0,4.0,,1.0,2,0.0,,8.0,,
2025-02-24 14:00:00,351150400,ZIELONA GÓRA,2025,2,24,14,13.1,44,1.1,999.6,1022.9,205.0,3.0,,1.0,2,0.0,,8.0,,
2025-02-24 15:00:00,351150400,ZIELONA GÓRA,2025,2,24,15,12.8,44,0.8,999.0,1022.3,184.0,3.0,,1.0,2,0.0,,8.0,,
2025-02-24 16:00:00,351150400,ZIELONA GÓRA,2025,2,24,16,10.5,50,0.5,998.6,1022.0,168.0,1.0,,3.0,3,0.0,,8.0,,
2025-02-24 17:00:00,351150400,ZIELONA GÓRA,2025,2,24,17,9.2,60,1.8,998.2,1021.7,172.0,2.0,,7.0,3,1.0,,8.0,,
2025-02-24 18:00:00,351150400,ZIELONA GÓRA,2025,2,24,18,8.6,66,2.6,997.9,1021.5,176.0,3.0,,7.0,2,1.0,,9.0,,
2025-02-24 19:00:00,351150400,ZIELONA GÓRA,2025,2,24,19,8.0,70,2.9,997.5,1021.1,157.0,4.0,,7.0,1,2.0,,8.0,,
2025-02-24 20:00:00,351150400,ZIELONA GÓRA,2025,2,24,20,7.8,69,2.5,997.1,1020.7,159.0,3.0,,7.0,2,2.0,,8.0,,
2025-02-24 21:00:00,351150400,ZIELONA GÓRA,2025,2,24,21,7.1,75,3.0,996.7,1020.4,166.0,3.0,,7.0,1,2.0,,8.0,,
2025-02-24 22:00:00,351150400,ZIELONA GÓRA,2025,2,24,22,7.4,73,2.9,996.1,1019.8,180.0,3.0,,,0,,,8.0,,
2025-02-24 23:00:00,351150400,ZIELONA GÓRA,2025,2,24,23,7.4,70,2.3,995.7,1019.3,195.0,3.0,,,0,,,8.0,,
2025-02-25 00:00:00,351150400,ZIELONA GÓRA,2025,2,25,0,6.6,74,2.3,995.1,1018.8,172.0,3.0,,,0,,,9.0,,
2025-02-25 01:00:00,351150400,ZIELONA GÓRA,2025,2,25,1,6.2,74,1.9,994.8,1018.5,156.0,3.0,,,0,,,8.0,,
2025-02-25 02:00:00,351150400,ZIELONA GÓRA,2025,2,25,2,5.5,75,1.4,994.3,1018.1,158.0,3.0,,,0,,,8.0,,
2025-02-25 03:00:00,351150400,ZIELONA GÓRA,2025,2,25,3,5.4,75,1.3,993.9,1017.7,164.0,3.0,,,0,,,8.0,,
2025-02-25 04:00:00,351150400,ZIELONA GÓRA,2025,2,25,4,6.2,71,1.3,993.7,1017.4,198.0,2.0,,,0,,,8.0,,
2025-02-25 05:00:00,351150400,ZIELONA GÓRA,2025,2,25,5,6.2,73,1.7,993.4,1017.1,198.0,3.0,,,0,,,8.0,,
2025-02-25 06:00:00,351150400,ZIELONA GÓRA,2025,2,25,6,6.0,74,1.7,993.2,1016.9,174.0,2.0,,7.0,0,,,9.0,,
2025-02-25 07:00:00,351150400,ZIELONA GÓRA,2025,2,25,7,5.7,77,2.0,993.5,1017.2,178.0,2.0,,7.0,3,2.0,,8.0,,
2025-02-25 08:00:00,351150400,ZIELONA GÓRA,2025,2,25,8,5.9,82,3.1,993.5,1017.2,174.0,2.0,,8.0,21,2.0,,8.0,,
2025-02-25 09:00:00,351150400,ZIELONA GÓRA,2025,2,25,9,6.7,80,3.5,993.5,1017.1,204.0,2.0,,8.0,60,6.0,,8.0,,
2025-02-25 10:00:00,351150400,ZIELONA GÓRA,2025,2,25,10,8.4,77,4.6,993.4,1016.9,226.0,2.0,,8.0,60,6.0,,8.0,,
2025-02-25 11:00:00,351150400,ZIELONA GÓRA,2025,2,25,11,8.6,82,5.7,993.1,1016.6,222.0,2.0,,7.0,21,6.0,,8.0,,
2025-02-25 12:00:00,351150400,ZIELONA GÓRA,2025,2,25,12,9.5,81,6.4,992.6,1016.0,238.0,2.0,,7.0,3,6.0,0.0,,6.0,
2025-02-25 13:00:00,351150400,ZIELONA GÓRA,2025,2,25,13,11.0,74,6.5,992.2,1015.5,216.0,2.0,,7.0,3,2.0,,8.0,,
2025-02-25 14:00:00,351150400,ZIELONA GÓRA,2025,2,25,14,10.5,71,5.5,992.0,1015.3,250.0,2.0,,7.0,1,2.0,,8.0,,
2025-02-25 15:00:00,351150400,ZIELONA GÓRA,2025,2,25,15,10.4,72,5.6,991.5,1014.8,174.0,3.0,,6.0,1,2.0,,8.0,,
2025-02-25 16:00:00,351150400,ZIELONA GÓRA,2025,2,25,16,9.5,77,5.7,991.5,1014.9,173.0,1.0,,6.0,3,2.0,,8.0,,
2025-02-25 17:00:00,351150400,ZIELONA GÓRA,2025,2,25,17,9.1,79,5.6,991.8,1015.2,187.0,1.0,,7.0,1,2.0,,8.0,,
2025-02-25 18:00:00,351150400,ZIELONA GÓRA,2025,2,25,18,8.4,82,5.5,991.9,1015.4,125.0,1.0,,8.0,3,2.0,,9.0,,
2025-02-25 19:00:00,351150400,ZIELONA GÓRA,2025,2,25,19,8.4,80,5.1,991.7,1015.2,126.0,1.0,,8.0,2,2.0,,8.0,,
2025-02-25 20:00:00,351150400,ZIELONA GÓRA,2025,2,25,20,8.4,77,4.6,991.5,1015.0,129.0,2.0,,8.0,1,2.0,,8.0,,
2025-02-25 21:00:00,351150400,ZIELONA GÓRA,2025,2,25,21,7.7,80,4.5,991.2,1014.7,132.0,2.0,,7.0,1,2.0,,8.0,,
2025-02-25 22:00:00,351150400,ZIELONA GÓRA,2025,2,25,22,7.5,81,4.4,991.1,1014.6,143.0,2.0,,,0,,,8.0,,
2025-02-25 23:00:00,351150400,ZIELONA GÓRA,2025,2,25,23,7.1,83,4.4,990.9,1014.5,149.0,2.0,,,10,,,8.0,,
2025-02-26 00:00:00,351150400,ZIELONA GÓRA,2025,2,26,0,6.6,84,4.1,991.0,1014.6,124.0,1.0,,,10,,,9.0,,
2025-02-26 01:00:00,351150400,ZIELONA GÓRA,2025,2,26,1,7.3,80,4.1,990.7,1014.2,144.0,1.0,,,10,,,8.0,,
2025-02-26 02:00:00,351150400,ZIELONA GÓRA,2025,2,26,2,7.4,77,3.6,990.5,1014.0,141.0,1.0,,,10,,,8.0,,
2025-02-26 03:00:00,351150400,ZIELONA GÓRA,2025,2,26,3,5.7,86,3.5,990.5,1014.2,197.0,2.0,,,10,,,8.0,,
2025-02-26 04:00:00,351150400,ZIELONA GÓRA,2025,2,26,4,5.2,89,3.5,990.5,1014.2,191.0,1.0,,,10,,,8.0,,
2025-02-26 05:00:00,351150400,ZIELONA GÓRA,2025,2,26,5,4.6,94,3.7,990.5,1014.3,181.0,1.0,,,61,,,8.0,,
2025-02-26 06:00:00,351150400,ZIELONA GÓRA,2025,2,26,6,4.4,97,4.0,990.6,1014.4,196.0,1.0,,8.0,61,,1.3,,6.0,
2025-02-26 07:00:00,351150400,ZIELONA GÓRA,2025,2,26,7,4.7,98,4.4,990.6,1014.4,227.0,1.0,,8.0,61,6.0,,8.0,,
2025-02-26 08:00:00,351150400,ZIELONA GÓRA,2025,2,26,8,5.4,97,5.0,990.7,1014.4,215.0,2.0,,8.0,21,2.0,,8.0,,
2025-02-26 09:00:00,351150400,ZIELONA GÓRA,2025,2,26,9,5.6,96,5.0,990.9,1014.6,204.0,2.0,,8.0,10,6.0,,8.0,,
2025-02-26 10:00:00,351150400,ZIELONA GÓRA,2025,2,26,10,6.3,96,5.7,991.1,1014.7,167.0,2.0,,8.0,10,2.0,,8.0,,
2025-02-26 11:00:00,351150400,ZIELONA GÓRA,2025,2,26,11,7.0,95,6.3,991.2,1014.8,177.0,2.0,,8.0,10,2.0,,8.0,,
2025-02-26 12:00:00,351150400,ZIELONA GÓRA,2025,2,26,12,7.7,92,6.5,990.8,1014.3,184.0,2.0,,8.0,10,6.0,0.6,,6.0,
2025-02-26 13:00:00,351150400,ZIELONA GÓRA,2025,2,26,13,8.2,87,6.2,990.7,1014.2,202.0,3.0,,8.0,1,2.0,,8.0,,
2025-02-26 14:00:00,351150400,ZIELONA GÓRA,2025,2,26,14,8.5,83,5.8,990.8,1014.2,189.0,2.0,,8.0,3,2.0,,8.0,,
2025-02-26 15:00:00,351150400,ZIELONA GÓRA,2025,2,26,15,8.6,82,5.7,990.7,1014.1,160.0,1.0,,7.0,1,2.0,,8.0,,
2025-02-26 16:00:00,351150400,ZIELONA GÓRA,2025,2,26,16,8.4,84,5.9,991.1,1014.5,151.0,1.0,,8.0,3,2.0,,8.0,,
2025-02-26 17:00:00,351150400,ZIELONA GÓRA,2025,2,26,17,8.0,81,4.9,991.3,1014.8,190.0,3.0,,8.0,3,2.0,,8.0,,
2025-02-26 18:00:00,351150400,ZIELONA GÓRA,2025,2,26,18,7.5,79,4.1,991.6,1015.1,196.0,3.0,,7.0,1,2.0,,9.0,,
2025-02-26 19:00:00,351150400,ZIELONA GÓRA,2025,2,26,19,7.2,78,3.6,991.8,1015.4,216.0,3.0,,8.0,3,2.0,,8.0,,
2025-02-26 20:00:00,351150400,ZIELONA GÓRA,2025,2,26,20,6.6,81,3.6,992.0,1015.6,227.0,3.0,,5.0,1,2.0,,8.0,,
2025-02-26 21:00:00,351150400,ZIELONA GÓRA,2025,2,26,21,6.5,84,4.0,992.2,1015.8,223.0,3.0,,7.0,80,2.0,,8.0,,
2025-02-26 22:00:00,351150400,ZIELONA GÓRA,2025,2,26,22,5.8,96,5.2,992.5,1016.2,239.0,3.0,,,22,,,8.0,,
2025-02-26 23:00:00,351150400,ZIELONA GÓRA,2025,2,26,23,6.1,93,5.1,992.5,1016.2,263.0,3.0,,,0,,,8.0,,
2025-02-27 00:00:00,351150400,ZIELONA GÓRA,2025,2,27,0,6.2,93,5.2,992.8,1016.5,267.0,3.0,,,0,,0.0,,,
2025-02-27 01:00:00,351150400,ZIELONA GÓRA,2025,2,27,1,6.2,93,5.2,992.9,1016.6,261.0,3.0,,,0,,,8.0,,
2025-02-27 02:00:00,351150400,ZIELONA GÓRA,2025,2,27,2,6.1,93,5.1,992.8,1016.5,276.0,2.0,,,0,,,8.0,,
2025-02-27 03:00:00,351150400,ZIELONA GÓRA,2025,2,27,3,6.0,93,5.0,993.0,1016.7,268.0,3.0,,,10,,,8.0,,
2025-02-27 04:00:00,351150400,ZIELONA GÓRA,2025,2,27,4,5.8,92,4.6,993.2,1016.9,270.0,3.0,,,10,,,8.0,,
2025-02-27 05:00:00,351150400,ZIELONA GÓRA,2025,2,27,5,5.5,94,4.6,993.3,1017.0,275.0,2.0,,,10,,,8.0,,
2025-02-27 06:00:00,351150400,ZIELONA GÓRA,2025,2,27,6,5.6,95,4.9,993.5,1017.2,263.0,2.0,,8.0,10,,,9.0,,
2025-02-27 07:00:00,351150400,ZIELONA GÓRA,2025,2,27,7,5.5,96,4.9,993.8,1017.6,240.0,2.0,,8.0,10,2.0,,8.0,,
2025-02-27 08:00:00,351150400,ZIELONA GÓRA,2025,2,27,8,6.1,92,4.9,994.3,1018.0,273.0,2.0,,7.0,10,2.0,,8.0,,
2025-02-27 09:00:00,351150400,ZIELONA GÓRA,2025,2,27,9,6.7,84,4.2,994.3,1018.0,225.0,3.0,,7.0,10,2.0,,8.0,,
2025-02-27 10:00:00,351150400,ZIELONA GÓRA,2025,2,27,10,7.5,82,4.6,994.3,1017.9,216.0,3.0,,7.0,1,2.0,,8.0,,
2025-02-27 11:00:00,351150400,ZIELONA GÓRA,2025,2,27,11,8.0,74,3.6,994.0,1017.5,214.0,1.0,,7.0,1,2.0,,8.0,,
2025-02-27 12:00:00,351150400,ZIELONA GÓRA,2025,2,27,12,9.3,63,2.6,993.5,1016.9,209.0,3.0,,4.0,3,1.0,,9.0,,
2025-02-27 13:00:00,351150400,ZIELONA GÓRA,2025,2,27,13,9.8,61,2.6,993.1,1016.5,215.0,3.0,,3.0,3,0.0,,8.0,,
2025-02-27 14:00:00,351150400,ZIELONA GÓRA,2025,2,27,14,9.6,63,2.9,993.1,1016.5,227.0,2.0,,7.0,3,1.0,,8.0,,
2025-02-27 15:00:00,351150400,ZIELONA GÓRA,2025,2,27,15,9.7,58,1.8,993.0,1016.4,238.0,3.0,,7.0,1,1.0,,8.0,,
2025-02-27 16:00:00,351150400,ZIELONA GÓRA,2025,2,27,16,8.6,57,0.6,993.2,1016.7,212.0,1.0,,7.0,1,2.0,,8.0,,
2025-02-27 17:00:00,351150400,ZIELONA GÓRA,2025,2,27,17,7.5,62,0.7,993.4,1017.0,193.0,1.0,,7.0,1,2.0,,8.0,,
2025-02-27 18:00:00,351150400,ZIELONA GÓRA,2025,2,27,18,7.4,62,0.6,993.7,1017.3,204.0,1.0,,7.0,1,1.0,,9.0,,
2025-02-27 19:00:00,351150400,ZIELONA GÓRA,2025,2,27,19,7.0,65,0.9,994.0,1017.6,244.0,2.0,,7.0,3,2.0,,8.0,,
2025-02-27 20:00:00,351150400,ZIELONA GÓRA,2025,2,27,20,6.3,72,1.6,994.4,1018.1,303.0,2.0,,8.0,3,2.0,,8.0,,
2025-02-27 21:00:00,351150400,ZIELONA GÓRA,2025,2,27,21,5.5,78,2.0,994.6,1018.4,310.0,3.0,,8.0,25,2.0,,8.0,,
2025-02-27 22:00:00,351150400,ZIELONA GÓRA,2025,2,27,22,5.0,81,2.0,994.9,1018.7,278.0,2.0,,,61,,,8.0,,
2025-02-27 23:00:00,351150400,ZIELONA GÓRA,2025,2,27,23,3.9,93,2.9,995.0,1018.9,276.0,2.0,,,81,,,8.0,,
2025-02-28 00:00:00,351150400,ZIELONA GÓRA,2025,2,28,0,3.5,95,2.8,995.0,1019.0,293.0,2.0,,,51,,0.3,,,
2025-02-28 01:00:00,351150400,ZIELONA GÓRA,2025,2,28,1,3.4,96,2.8,995.1,1019.1,282.0,3.0,,,23,,,8.0,,
2025-02-28 02:00:00,351150400,ZIELONA GÓRA,2025,2,28,2,3.3,95,2.6,995.0,1019.0,284.0,2.0,,,0,,,8.0,,
2025-02-28 03:00:00,351150400,ZIELONA GÓRA,2025,2,28,3,3.3,95,2.6,995.1,1019.1,265.0,2.0,,,0,,,8.0,,
2025-02-28 04:00:00,351150400,ZIELONA GÓRA,2025,2,28,4,3.3,94,2.4,995.3,1019.3,268.0,2.0,,,81,,,8.0,,
2025-02-28 05:00:00,351150400,ZIELONA GÓRA,2025,2,28,5,3.0,95,2.3,995.2,1019.2,288.0,2.0,,,81,,,8.0,,
2025-02-28 06:00:00,351150400,ZIELONA GÓRA,2025,2,28,6,3.0,96,2.4,995.4,1019.4,270.0,2.0,,7.0,80,,0.2,,6.0,
2025-02-28 07:00:00,351150400,ZIELONA GÓRA,2025,2,28,7,3.0,97,2.6,995.7,1019.7,276.0,2.0,,8.0,80,8.0,,8.0,,
2025-02-28 08:00:00,351150400,ZIELONA GÓRA,2025,2,28,8,2.5,98,2.2,996.0,1020.1,236.0,2.0,,9.0,47,8.0,,8.0,,
2025-02-28 09:00:00,351150400,ZIELONA GÓRA,2025,2,28,9,2.4,98,2.1,996.4,1020.5,264.0,2.0,,9.0,47,8.0,,8.0,,
2025-02-28 10:00:00,351150400,ZIELONA GÓRA,2025,2,28,10,3.2,98,2.9,996.8,1020.8,246.0,2.0,,8.0,28,4.0,,8.0,,
2025-02-28 11:00:00,351150400,ZIELONA GÓRA,2025,2,28,11,4.4,93,3.4,997.1,1021.0,239.0,3.0,,7.0,10,2.0,,8.0,,
2025-02-28 12:00:00,351150400,ZIELONA GÓRA,2025,2,28,12,4.3,90,2.8,997.1,1021.0,262.0,3.0,,7.0,10,8.0,0.3,,6.0,
2025-02-28 13:00:00,351150400,ZIELONA GÓRA,2025,2,28,13,4.9,84,2.4,996.8,1020.7,270.0,4.0,,7.0,3,2.0,,8.0,,
2025-02-28 14:00:00,351150400,ZIELONA GÓRA,2025,2,28,14,5.8,78,2.3,996.8,1020.6,285.0,3.0,,7.0,3,2.0,,8.0,,
2025-02-28 15:00:00,351150400,ZIELONA GÓRA,2025,2,28,15,5.3,79,1.9,996.9,1020.8,287.0,2.0,,7.0,1,2.0,,8.0,,
2025-02-28 16:00:00,351150400,ZIELONA GÓRA,2025,2,28,16,4.2,88,2.4,997.3,1021.3,269.0,3.0,,6.0,27,2.0,,8.0,,
2025-02-28 17:00:00,351150400,ZIELONA GÓRA,2025,2,28,17,3.3,89,1.7,997.9,1021.9,267.0,2.0,,7.0,25,2.0,,8.0,,
2025-02-28 18:00:00,351150400,ZIELONA GÓRA,2025,2,28,18,3.0,93,2.0,998.3,1022.4,291.0,2.0,,6.0,1,8.0,0.5,,9.0,
2025-02-28 19:00:00,351150400,ZIELONA GÓRA,2025,2,28,19,3.0,93,2.0,998.3,1022.4,280.0,2.0,,7.0,10,2.0,,8.0,,
2025-02-28 20:00:00,351150400,ZIELONA GÓRA,2025,2,28,20,2.9,95,2.2,998.6,1022.7,294.0,2.0,,8.0,80,2.0,,8.0,,
2025-02-28 21:00:00,351150400,ZIELONA GÓRA,2025,2,28,21,2.6,96,2.0,998.8,1022.9,294.0,2.0,,8.0,80,2.0,,8.0,,
2025-02-28 22:00:00,351150400,ZIELONA GÓRA,2025,2,28,22,2.4,97,2.0,999.0,1023.2,305.0,3.0,,,81,,,8.0,,
2025-02-28 23:00:00,351150400,ZIELONA GÓRA,2025,2,28,23,2.4,97,2.0,999.2,1023.4,304.0,2.0,,,81,,,8.0,,
2025-03-01 00:00:00,351150400,ZIELONA GÓRA,2025,3,1,0,2.6,98,2.3,999.5,1023.6,324.0,3.0,,,34,,0.5,,,
2025-03-01 01:00:00,351150400,ZIELONA GÓRA,2025,3,1,1,2.6,98,2.3,1000.0,1024.2,347.0,3.0,,,51,,,8.0,,
2025-03-01 02:00:00,351150400,ZIELONA GÓRA,2025,3,1,2,1.9,98,1.6,1000.5,1024.7,344.0,3.0,,,61,,,8.0,,
2025-03-01 03:00:00,351150400,ZIELONA GÓRA,2025,3,1,3,1.8,98,1.5,1001.2,1025.5,346.0,4.0,,,23,,,8.0,,
2025-03-01 04:00:00,351150400,ZIELONA GÓRA,2025,3,1,4,1.6,98,1.3,1001.9,1026.2,344.0,3.0,,,0,,,8.0,,
2025-03-01 05:00:00,351150400,ZIELONA GÓRA,2025,3,1,5,1.4,97,1.0,1002.2,1026.5,339.0,3.0,,,21,,,8.0,,
2025-03-01 06:00:00,351150400,ZIELONA GÓRA,2025,3,1,6,1.3,93,0.3,1002.9,1027.2,350.0,3.0,,8.0,0,,0.9,,6.0,
2025-03-01 07:00:00,351150400,ZIELONA GÓRA,2025,3,1,7,1.5,93,0.5,1003.7,1028.0,331.0,3.0,,8.0,1,2.0,,8.0,,
2025-03-01 08:00:00,351150400,ZIELONA GÓRA,2025,3,1,8,1.8,91,0.5,1004.5,1028.8,320.0,3.0,,8.0,3,2.0,,8.0,,
2025-03-01 09:00:00,351150400,ZIELONA GÓRA,2025,3,1,9,2.7,85,0.4,1004.9,1029.2,315.0,3.0,,7.0,1,2.0,,8.0,,
2025-03-01 10:00:00,351150400,ZIELONA GÓRA,2025,3,1,10,2.9,88,1.1,1005.3,1029.6,310.0,3.0,,7.0,3,2.0,,8.0,,
2025-03-01 11:00:00,351150400,ZIELONA GÓRA,2025,3,1,11,3.9,85,1.6,1005.4,1029.6,317.0,3.0,,7.0,25,2.0,,8.0,,
2025-03-01 12:00:00,351150400,ZIELONA GÓRA,2025,3,1,12,3.9,78,0.4,1005.6,1029.8,321.0,5.0,,8.0,3,8.0,0.0,,6.0,
2025-03-01 13:00:00,351150400,ZIELONA GÓRA,2025,3,1,13,4.4,76,0.5,1005.5,1029.6,311.0,3.0,,7.0,1,2.0,,8.0,,
2025-03-01 14:00:00,351150400,ZIELONA GÓRA,2025,3,1,14,4.5,73,0.1,1005.7,1029.8,298.0,3.0,,7.0,2,2.0,,8.0,,
2025-03-01 15:00:00,351150400,ZIELONA GÓRA,2025,3,1,15,5.2,68,-0.2,1005.7,1029.8,302.0,4.0,,6.0,1,2.0,,8.0,,
2025-03-01 16:00:00,351150400,ZIELONA GÓRA,2025,3,1,16,4.7,71,-0.1,1006.0,1030.1,303.0,4.0,9.0,4.0,3,1.0,,8.0,,
2025-03-01 17:00:00,351150400,ZIELONA GÓRA,2025,3,1,17,3.3,76,-0.5,1006.6,1030.9,303.0,3.0,,1.0,1,0.0,,8.0,,
2025-03-01 18:00:00,351150400,ZIELONA GÓRA,2025,3,1,18,2.5,82,-0.3,1007.0,1031.3,309.0,2.0,,0.0,1,1.0,,9.0,,
2025-03-01 19:00:00,351150400,ZIELONA GÓRA,2025,3,1,19,2.3,81,-0.6,1007.1,1031.5,317.0,3.0,,7.0,3,1.0,,8.0,,
2025-03-01 20:00:00,351150400,ZIELONA GÓRA,2025,3,1,20,2.1,83,-0.5,1007.5,1031.9,317.0,3.0,,7.0,2,2.0,,8.0,,
2025-03-01 21:00:00,351150400,ZIELONA GÓRA,2025,3,1,21,1.5,87,-0.4,1007.7,1032.1,327.0,2.0,,2.0,1,1.0,,8.0,,
2025-03-01 22:00:00,351150400,ZIELONA GÓRA,2025,3,1,22,0.5,92,-0.6,1008.0,1032.5,323.0,2.0,,,0,,,8.0,,
2025-03-01 23:00:00,351150400,ZIELONA GÓRA,2025,3,1,23,0.0,93,-1.0,1007.9,1032.5,319.0,2.0,,,10,,,8.0,,
2025-03-02 00:00:00,351150400,ZIELONA GÓRA,2025,3,2,0,-0.1,93,-1.1,1008.0,1032.6,322.0,2.0,,,10,,,9.0,,
2025-03-02 01:00:00,351150400,ZIELONA GÓRA,2025,3,2,1,-0.1,96,-0.7,1007.7,1032.3,315.0,2.0,,,10,,,8.0,,
2025-03-02 02:00:00,351150400,ZIELONA GÓRA,2025,3,2,2,-0.7,95,-1.4,1007.6,1032.2,313.0,2.0,,,10,,,8.0,,
2025-03-02 03:00:00,351150400,ZIELONA GÓRA,2025,3,2,3,-1.3,96,-1.9,1007.5,1032.2,315.0,4.0,,,34,,,8.0,,
2025-03-02 04:00:00,351150400,ZIELONA GÓRA,2025,3,2,4,-1.7,97,-2.1,1007.9,1032.6,322.0,4.0,,,34,,,8.0,,
2025-03-02 05:00:00,351150400,ZIELONA GÓRA,2025,3,2,5,-1.6,98,-1.9,1008.3,1033.0,329.0,3.0,,,33,,,8.0,,
2025-03-02 06:00:00,351150400,ZIELONA GÓRA,2025,3,2,6,-1.6,98,-1.9,1008.2,1032.9,285.0,2.0,,8.0,42,,,9.0,,
2025-03-02 07:00:00,351150400,ZIELONA GÓRA,2025,3,2,7,-1.4,98,-1.7,1008.7,1033.4,287.0,3.0,,9.0,47,4.0,,8.0,,
2025-03-02 08:00:00,351150400,ZIELONA GÓRA,2025,3,2,8,-1.4,98,-1.7,1009.0,1033.7,285.0,3.0,,9.0,45,4.0,,8.0,,
2025-03-02 09:00:00,351150400,ZIELONA GÓRA,2025,3,2,9,-1.1,98,-1.4,1009.2,1033.9,290.0,3.0,,9.0,43,4.0,,8.0,,
2025-03-02 10:00:00,351150400,ZIELONA GÓRA,2025,3,2,10,-0.5,98,-0.8,1009.1,1033.8,271.0,4.0,,8.0,42,4.0,,8.0,,
2025-03-02 11:00:00,351150400,ZIELONA GÓRA,2025,3,2,11,0.0,98,-0.3,1008.9,1033.5,271.0,3.0,,8.0,28,2.0,,8.0,,
2025-03-02 12:00:00,351150400,ZIELONA GÓRA,2025,3,2,12,1.9,98,1.6,1008.1,1032.5,265.0,4.0,,6.0,1,4.0,,9.0,,
2025-03-02 13:00:00,351150400,ZIELONA GÓRA,2025,3,2,13,3.2,81,0.3,1007.5,1031.8,271.0,3.0,,5.0,1,2.0,,8.0,,
2025-03-02 14:00:00,351150400,ZIELONA GÓRA,2025,3,2,14,4.7,75,0.6,1007.3,1031.5,270.0,3.0,,6.0,3,2.0,,8.0,,
2025-03-02 15:00:00,351150400,ZIELONA GÓRA,2025,3,2,15,5.1,74,0.8,1007.3,1031.4,281.0,2.0,,8.0,3,2.0,,8.0,,
2025-03-02 16:00:00,351150400,ZIELONA GÓRA,2025,3,2,16,5.3,72,0.7,1006.6,1030.7,298.0,3.0,,7.0,1,2.0,,8.0,,
2025-03-02 17:00:00,351150400,ZIELONA GÓRA,2025,3,2,17,5.1,73,0.7,1006.9,1031.0,307.0,3.0,,7.0,3,2.0,,8.0,,
2025-03-02 18:00:00,351150400,ZIELONA GÓRA,2025,3,2,18,4.9,74,0.7,1006.9,1031.0,300.0,3.0,,8.0,3,2.0,,9.0,,
2025-03-02 19:00:00,351150400,ZIELONA GÓRA,2025,3,2,19,4.6,78,1.1,1006.9,1031.1,302.0,3.0,,8.0,2,2.0,,8.0,,
2025-03-02 20:00:00,351150400,ZIELONA GÓRA,2025,3,2,20,4.5,81,1.5,1006.7,1030.9,301.0,3.0,,8.0,2,2.0,,8.0,,
2025-03-02 21:00:00,351150400,ZIELONA GÓRA,2025,3,2,21,4.6,78,1.1,1006.8,1030.9,301.0,3.0,,8.0,2,2.0,,8.0,,
2025-03-02 22:00:00,351150400,ZIELONA GÓRA,2025,3,2,22,4.6,78,1.1,1006.6,1030.7,297.0,2.0,,,0,,,8.0,,
2025-03-02 23:00:00,351150400,ZIELONA GÓRA,2025,3,2,23,4.4,79,1.1,1006.2,1030.4,264.0,2.0,,,0,,,8.0,,
2025-03-03 00:00:00,351150400,ZIELONA GÓRA,2025,3,3,0,4.5,77,0.8,1005.8,1029.9,282.0,3.0,,,0,,,9.0,,
2025-03-03 01:00:00,351150400,ZIELONA GÓRA,2025,3,3,1,4.3,77,0.6,1005.6,1029.7,279.0,3.0,,,0,,,8.0,,
2025-03-03 02:00:00,351150400,ZIELONA GÓRA,2025,3,3,2,4.3,77,0.6,1005.5,1029.6,271.0,3.0,,,0,,,8.0,,
2025-03-03 03:00:00,351150400,ZIELONA GÓRA,2025,3,3,3,4.1,77,0.4,1005.0,1029.1,273.0,3.0,,,0,,,8.0,,
2025-03-03 04:00:00,351150400,ZIELONA GÓRA,2025,3,3,4,4.0,78,0.5,1004.9,1029.1,277.0,3.0,,,0,,,8.0,,
2025-03-03 05:00:00,351150400,ZIELONA GÓRA,2025,3,3,5,4.0,77,0.3,1004.8,1029.0,278.0,3.0,,,0,,,8.0,,
2025-03-03 06:00:00,351150400,ZIELONA GÓRA,2025,3,3,6,4.2,76,0.3,1004.9,1029.0,277.0,3.0,,8.0,0,,,9.0,,
2025-03-03 07:00:00,351150400,ZIELONA GÓRA,2025,3,3,7,4.3,74,0.1,1004.9,1029.0,267.0,2.0,,8.0,2,2.0,,8.0,,
2025-03-03 08:00:00,351150400,ZIELONA GÓRA,2025,3,3,8,4.5,74,0.3,1005.1,1029.2,279.0,3.0,,7.0,1,2.0,,8.0,,
2025-03-03 09:00:00,351150400,ZIELONA GÓRA,2025,3,3,9,6.3,68,0.8,1005.3,1029.3,269.0,3.0,,3.0,1,1.0,,8.0,,
2025-03-03 10:00:00,351150400,ZIELONA GÓRA,2025,3,3,10,6.9,61,-0.1,1005.3,1029.2,280.0,4.0,,6.0,1,1.0,,8.0,,
2025-03-03 11:00:00,351150400,ZIELONA GÓRA,2025,3,3,11,7.4,59,-0.1,1005.0,1028.9,279.0,3.0,,6.0,1,2.0,,8.0,,
2025-03-03 12:00:00,351150400,ZIELONA GÓRA,2025,3,3,12,8.1,58,0.3,1004.3,1028.1,270.0,4.0,,5.0,1,1.0,,9.0,,
2025-03-03 13:00:00,351150400,ZIELONA GÓRA,2025,3,3,13,8.5,55,0.0,1003.9,1027.6,280.0,4.0,9.0,4.0,1,1.0,,8.0,,
2025-03-03 14:00:00,351150400,ZIELONA GÓRA,2025,3,3,14,9.2,51,-0.4,1003.4,1027.1,262.0,4.0,,4.0,1,0.0,,8.0,,
2025-03-03 15:00:00,351150400,ZIELONA GÓRA,2025,3,3,15,9.1,51,-0.5,1002.8,1026.5,259.0,3.0,,6.0,3,1.0,,8.0,,
2025-03-03 16:00:00,351150400,ZIELONA GÓRA,2025,3,3,16,7.8,55,-0.7,1002.7,1026.5,256.0,3.0,,7.0,3,2.0,,8.0,,
2025-03-03 17:00:00,351150400,ZIELONA GÓRA,2025,3,3,17,6.5,58,-1.2,1002.8,1026.7,261.0,3.0,,6.0,1,2.0,,8.0,,
2025-03-03 18:00:00,351150400,ZIELONA GÓRA,2025,3,3,18,6.1,58,-1.6,1003.4,1027.3,276.0,3.0,,6.0,2,1.0,,9.0,,
2025-03-03 19:00:00,351150400,ZIELONA GÓRA,2025,3,3,19,5.3,61,-1.6,1003.6,1027.6,296.0,3.0,,6.0,2,2.0,,8.0,,
2025-03-03 20:00:00,351150400,ZIELONA GÓRA,2025,3,3,20,4.8,63,-1.7,1003.8,1027.9,283.0,3.0,,5.0,1,2.0,,8.0,,
2025-03-03 21:00:00,351150400,ZIELONA GÓRA,2025,3,3,21,4.7,62,-2.0,1003.8,1027.9,287.0,3.0,,5.0,2,2.0,,8.0,,
2025-03-03 22:00:00,351150400,ZIELONA GÓRA,2025,3,3,22,4.4,60,-2.7,1003.5,1027.6,281.0,3.0,,,0,,,8.0,,
2025-03-03 23:00:00,351150400,ZIELONA GÓRA,2025,3,3,23,4.1,60,-3.0,1003.6,1027.7,283.0,3.0,,,0,,,8.0,,
2025-03-04 00:00:00,351150400,ZIELONA GÓRA,2025,3,4,0,4.0,61,-2.9,1003.2,1027.3,278.0,3.0,,,0,,,9.0,,
2025-03-04 01:00:00,351150400,ZIELONA GÓRA,2025,3,4,1,3.9,59,-3.4,1002.7,1026.8,280.0,2.0,,,0,,,8.0,,
2025-03-04 02:00:00,351150400,ZIELONA GÓRA,2025,3,4,2,3.6,60,-3.5,1002.6,1026.7,284.0,3.0,,,0,,,8.0,,
2025-03-04 03:00:00,351150400,ZIELONA GÓRA,2025,3,4,3,3.0,61,-3.8,1002.7,1026.9,286.0,2.0,,,0,,,8.0,,
2025-03-04 04:00:00,351150400,ZIELONA GÓRA,2025,3,4,4,2.6,63,-3.7,1002.9,1027.1,291.0,2.0,,,0,,,8.0,,
2025-03-04 05:00:00,351150400,ZIELONA GÓRA,2025,3,4,5,2.0,66,-3.7,1002.8,1027.1,270.0,1.0,,,0,,,8.0,,
2025-03-04 06:00:00,351150400,ZIELONA GÓRA,2025,3,4,6,0.2,73,-4.1,1002.4,1026.8,218.0,1.0,,7.0,0,,,9.0,,
2025-03-04 07:00:00,351150400,ZIELONA GÓRA,2025,3,4,7,0.8,72,-3.7,1002.5,1026.9,203.0,2.0,,7.0,2,2.0,,8.0,,
2025-03-04 08:00:00,351150400,ZIELONA GÓRA,2025,3,4,8,4.2,61,-2.7,1002.7,1026.8,248.0,2.0,,8.0,3,2.0,,8.0,,
2025-03-04 09:00:00,351150400,ZIELONA GÓRA,2025,3,4,9,6.1,54,-2.5,1003.4,1027.3,285.0,3.0,,8.0,2,2.0,,8.0,,
2025-03-04 10:00:00,351150400,ZIELONA GÓRA,2025,3,4,10,7.1,46,-3.8,1003.2,1027.0,288.0,4.0,,8.0,2,2.0,,8.0,,
2025-03-04 11:00:00,351150400,ZIELONA GÓRA,2025,3,4,11,8.6,38,-4.9,1002.8,1026.5,275.0,4.0,,7.0,1,2.0,,8.0,,
2025-03-04 12:00:00,351150400,ZIELONA GÓRA,2025,3,4,12,10.0,32,-6.0,1002.0,1025.6,278.0,4.0,,7.0,2,2.0,,9.0,,
2025-03-04 13:00:00,351150400,ZIELONA GÓRA,2025,3,4,13,10.9,30,-6.0,1001.7,1025.2,256.0,4.0,,4.0,1,1.0,,8.0,,
2025-03-04 14:00:00,351150400,ZIELONA GÓRA,2025,3,4,14,11.2,30,-5.8,1001.3,1024.8,286.0,4.0,9.0,2.0,1,0.0,,8.0,,
2025-03-04 15:00:00,351150400,ZIELONA GÓRA,2025,3,4,15,11.3,32,-4.8,1001.2,1024.6,258.0,4.0,,2.0,2,1.0,,8.0,,
2025-03-04 16:00:00,351150400,ZIELONA GÓRA,2025,3,4,16,10.5,31,-5.9,1001.2,1024.7,270.0,4.0,,5.0,3,1.0,,8.0,,
2025-03-04 17:00:00,351150400,ZIELONA GÓRA,2025,3,4,17,9.0,35,-5.7,1001.1,1024.7,262.0,2.0,,4.0,1,1.0,,8.0,,
2025-03-04 18:00:00,351150400,ZIELONA GÓRA,2025,3,4,18,7.8,39,-5.3,1001.2,1024.9,249.0,3.0,,2.0,1,1.0,,9.0,,
2025-03-04 19:00:00,351150400,ZIELONA GÓRA,2025,3,4,19,8.4,40,-4.4,1000.9,1024.6,261.0,3.0,8.0,4.0,3,0.0,,8.0,,
2025-03-04 20:00:00,351150400,ZIELONA GÓRA,2025,3,4,20,8.2,38,-5.3,1000.9,1024.6,266.0,3.0,,2.0,1,0.0,,8.0,,
2025-03-04 21:00:00,351150400,ZIELONA GÓRA,2025,3,4,21,7.7,40,-5.1,1001.0,1024.7,264.0,3.0,,5.0,3,1.0,,8.0,,
2025-03-04 22:00:00,351150400,ZIELONA GÓRA,2025,3,4,22,6.8,43,-4.9,1000.8,1024.6,251.0,3.0,,,0,,,8.0,,
2025-03-04 23:00:00,351150400,ZIELONA GÓRA,2025,3,4,23,7.1,41,-5.3,1001.0,1024.8,278.0,3.0,,,0,,,8.0,,
2025-03-05 00:00:00,351150400,ZIELONA GÓRA,2025,3,5,0,6.7,44,-4.7,1001.5,1025.3,280.0,3.0,,,0,,,9.0,,
2025-03-05 01:00:00,351150400,ZIELONA GÓRA,2025,3,5,1,4.3,49,-5.5,1001.5,1025.5,229.0,2.0,,,0,,,8.0,,
2025-03-05 02:00:00,351150400,ZIELONA GÓRA,2025,3,5,2,3.0,53,-5.7,1000.8,1024.9,220.0,2.0,,,0,,,8.0,,
2025-03-05 03:00:00,351150400,ZIELONA GÓRA,2025,3,5,3,2.5,54,-5.9,1000.5,1024.7,210.0,2.0,,,0,,,8.0,,
2025-03-05 04:00:00,351150400,ZIELONA GÓRA,2025,3,5,4,2.6,54,-5.8,1000.6,1024.8,222.0,2.0,,,0,,,8.0,,
2025-03-05 05:00:00,351150400,ZIELONA GÓRA,2025,3,5,5,2.6,56,-5.3,1000.5,1024.7,227.0,3.0,,,0,,,8.0,,
2025-03-05 06:00:00,351150400,ZIELONA GÓRA,2025,3,5,6,3.0,55,-5.2,1000.4,1024.5,221.0,2.0,,7.0,0,,,9.0,,
2025-03-05 07:00:00,351150400,ZIELONA GÓRA,2025,3,5,7,5.1,49,-4.8,1000.7,1024.7,220.0,2.0,,3.0,1,1.0,,8.0,,
2025-03-05 08:00:00,351150400,ZIELONA GÓRA,2025,3,5,8,7.4,43,-4.4,1000.7,1024.5,227.0,3.0,,2.0,1,0.0,,8.0,,
2025-03-05 09:00:00,351150400,ZIELONA GÓRA,2025,3,5,9,9.8,38,-3.9,1001.2,1024.8,260.0,4.0,,2.0,2,1.0,,8.0,,
2025-03-05 10:00:00,351150400,ZIELONA GÓRA,2025,3,5,10,11.7,33,-4.1,1001.4,1024.8,279.0,4.0,9.0,2.0,2,0.0,,8.0,,
2025-03-05 11:00:00,351150400,ZIELONA GÓRA,2025,3,5,11,13.3,26,-5.8,1001.2,1024.5,265.0,4.0,,3.0,3,0.0,,8.0,,
2025-03-05 12:00:00,351150400,ZIELONA GÓRA,2025,3,5,12,14.7,22,-6.8,1000.7,1023.8,254.0,4.0,9.0,7.0,3,1.0,,9.0,,
2025-03-05 13:00:00,351150400,ZIELONA GÓRA,2025,3,5,13,15.3,16,-10.4,1000.3,1023.4,252.0,5.0,,7.0,2,2.0,,8.0,,
2025-03-05 14:00:00,351150400,ZIELONA GÓRA,2025,3,5,14,16.1,19,-7.6,1000.3,1023.3,262.0,3.0,,7.0,2,2.0,,8.0,,
2025-03-05 15:00:00,351150400,ZIELONA GÓRA,2025,3,5,15,15.3,21,-6.9,1000.4,1023.5,251.0,4.0,,7.0,2,2.0,,8.0,,
2025-03-05 16:00:00,351150400,ZIELONA GÓRA,2025,3,5,16,14.2,21,-7.9,1000.1,1023.3,254.0,3.0,,7.0,2,2.0,,8.0,,
2025-03-05 17:00:00,351150400,ZIELONA GÓRA,2025,3,5,17,12.1,23,-8.4,1000.1,1023.4,255.0,2.0,,7.0,2,2.0,,8.0,,
2025-03-05 18:00:00,351150400,ZIELONA GÓRA,2025,3,5,18,11.4,26,-7.5,1000.2,1023.6,251.0,2.0,,3.0,1,1.0,,9.0,,
2025-03-05 19:00:00,351150400,ZIELONA GÓRA,2025,3,5,19,10.7,27,-7.6,1000.2,1023.7,218.0,2.0,,3.0,2,0.0,,8.0,,
2025-03-05 20:00:00,351150400,ZIELONA GÓRA,2025,3,5,20,9.4,30,-7.3,1000.4,1024.0,224.0,2.0,,2.0,1,0.0,,8.0,,
2025-03-05 21:00:00,351150400,ZIELONA GÓRA,2025,3,5,21,8.3,38,-5.2,1000.4,1024.1,225.0,3.0,,2.0,2,0.0,,8.0,,
2025-03-05 22:00:00,351150400,ZIELONA GÓRA,2025,3,5,22,8.5,41,-4.0,1000.2,1023.9,229.0,3.0,,,0,,,8.0,,
2025-03-05 23:00:00,351150400,ZIELONA GÓRA,2025,3,5,23,8.4,42,-3.8,1000.2,1023.9,222.0,3.0,,,0,,,8.0,,
2025-03-06 00:00:00,351150400,ZIELONA GÓRA,2025,3,6,0,7.7,44,-3.8,1000.3,1024.0,214.0,3.0,,,0,,,9.0,,
2025-03-06 01:00:00,351150400,ZIELONA GÓRA,2025,3,6,1,7.9,43,-3.9,999.8,1023.5,215.0,3.0,,,0,,,8.0,,
2025-03-06 02:00:00,351150400,ZIELONA GÓRA,2025,3,6,2,7.7,42,-4.4,999.4,1023.1,214.0,3.0,,,0,,,8.0,,
2025-03-06 03:00:00,351150400,ZIELONA GÓRA,2025,3,6,3,7.9,41,-4.6,999.2,1022.9,227.0,2.0,,,0,,,8.0,,
2025-03-06 04:00:00,351150400,ZIELONA GÓRA,2025,3,6,4,7.9,42,-4.2,999.1,1022.8,221.0,3.0,,,0,,,8.0,,
2025-03-06 05:00:00,351150400,ZIELONA GÓRA,2025,3,6,5,6.9,44,-4.5,998.7,1022.5,217.0,2.0,,,0,,,8.0,,
2025-03-06 06:00:00,351150400,ZIELONA GÓRA,2025,3,6,6,7.1,45,-4.1,998.5,1022.2,227.0,2.0,,0.0,0,,,9.0,,
2025-03-06 07:00:00,351150400,ZIELONA GÓRA,2025,3,6,7,8.6,42,-3.6,998.4,1022.0,221.0,2.0,,0.0,2,0.0,,8.0,,
2025-03-06 08:00:00,351150400,ZIELONA GÓRA,2025,3,6,8,11.0,39,-2.4,998.6,1022.0,218.0,2.0,,0.0,2,0.0,,8.0,,
2025-03-06 09:00:00,351150400,ZIELONA GÓRA,2025,3,6,9,12.7,37,-1.6,998.7,1022.0,221.0,3.0,,0.0,2,0.0,,8.0,,
2025-03-06 10:00:00,351150400,ZIELONA GÓRA,2025,3,6,10,14.5,33,-1.6,998.5,1021.6,216.0,2.0,,0.0,2,0.0,,8.0,,
2025-03-06 11:00:00,351150400,ZIELONA GÓRA,2025,3,6,11,15.8,32,-0.9,998.2,1021.2,238.0,3.0,,0.0,2,0.0,,8.0,,
2025-03-06 12:00:00,351150400,ZIELONA GÓRA,2025,3,6,12,17.4,30,-0.4,997.7,1020.6,233.0,3.0,,0.0,2,0.0,,9.0,,
2025-03-06 13:00:00,351150400,ZIELONA GÓRA,2025,3,6,13,17.5,29,-0.8,997.2,1020.0,226.0,4.0,,0.0,2,0.0,,8.0,,
2025-03-06 14:00:00,351150400,ZIELONA GÓRA,2025,3,6,14,17.7,29,-0.6,996.8,1019.6,239.0,2.0,,0.0,2,0.0,,8.0,,
2025-03-06 15:00:00,351150400,ZIELONA GÓRA,2025,3,6,15,17.6,29,-0.7,996.6,1019.4,260.0,3.0,,0.0,2,0.0,,8.0,,
2025-03-06 16:00:00,351150400,ZIELONA GÓRA,2025,3,6,16,16.2,32,-0.5,996.5,1019.4,289.0,2.0,,0.0,2,0.0,,8.0,,
2025-03-06 17:00:00,351150400,ZIELONA GÓRA,2025,3,6,17,14.4,35,-0.9,996.6,1019.7,277.0,1.0,,1.0,3,0.0,,8.0,,
2025-03-06 18:00:00,351150400,ZIELONA GÓRA,2025,3,6,18,13.4,36,-1.4,996.9,1020.1,264.0,2.0,,0.0,1,0.0,,9.0,,
2025-03-06 19:00:00,351150400,ZIELONA GÓRA,2025,3,6,19,12.5,38,-1.5,997.1,1020.3,230.0,2.0,,0.0,2,0.0,,8.0,,
2025-03-06 20:00:00,351150400,ZIELONA GÓRA,2025,3,6,20,11.1,45,-0.4,997.4,1020.8,210.0,2.0,,0.0,2,0.0,,8.0,,
2025-03-06 21:00:00,351150400,ZIELONA GÓRA,2025,3,6,21,10.7,49,0.4,997.6,1021.0,229.0,2.0,,0.0,2,0.0,,8.0,,
2025-03-06 22:00:00,351150400,ZIELONA GÓRA,2025,3,6,22,9.9,53,0.8,997.7,1021.2,232.0,2.0,,,0,,,8.0,,
2025-03-06 23:00:00,351150400,ZIELONA GÓRA,2025,3,6,23,8.8,56,0.5,997.8,1021.4,219.0,2.0,,,0,,,8.0,,
2025-03-07 00:00:00,351150400,ZIELONA GÓRA,2025,3,7,0,10.2,50,0.2,997.6,1021.0,228.0,1.0,,,0,,,9.0,,
2025-03-07 01:00:00,351150400,ZIELONA GÓRA,2025,3,7,1,8.5,57,0.5,997.8,1021.4,221.0,2.0,,,0,,,8.0,,
2025-03-07 02:00:00,351150400,ZIELONA GÓRA,2025,3,7,2,8.6,57,0.6,997.7,1021.3,245.0,1.0,,,0,,,8.0,,
2025-03-07 03:00:00,351150400,ZIELONA GÓRA,2025,3,7,3,9.4,54,0.5,997.7,1021.2,229.0,2.0,,,0,,,8.0,,
2025-03-07 04:00:00,351150400,ZIELONA GÓRA,2025,3,7,4,9.3,47,-1.5,997.8,1021.3,169.0,1.0,,,0,,,8.0,,
2025-03-07 05:00:00,351150400,ZIELONA GÓRA,2025,3,7,5,8.9,56,0.6,997.7,1021.3,250.0,1.0,,,0,,,8.0,,
2025-03-07 06:00:00,351150400,ZIELONA GÓRA,2025,3,7,6,8.4,57,0.4,997.9,1021.5,233.0,1.0,,1.0,0,,,9.0,,
2025-03-07 07:00:00,351150400,ZIELONA GÓRA,2025,3,7,7,10.4,52,1.0,998.1,1021.5,205.0,1.0,,1.0,1,0.0,,8.0,,
2025-03-07 08:00:00,351150400,ZIELONA GÓRA,2025,3,7,8,12.1,46,0.8,998.3,1021.6,169.0,1.0,,1.0,2,0.0,,8.0,,
2025-03-07 09:00:00,351150400,ZIELONA GÓRA,2025,3,7,9,13.5,45,1.8,998.5,1021.7,184.0,2.0,,2.0,3,0.0,,8.0,,
2025-03-07 10:00:00,351150400,ZIELONA GÓRA,2025,3,7,10,14.3,39,0.5,998.4,1021.5,155.0,2.0,,4.0,3,0.0,,8.0,,
2025-03-07 11:00:00,351150400,ZIELONA GÓRA,2025,3,7,11,15.7,32,-1.0,998.1,1021.1,121.0,2.0,,2.0,1,0.0,,8.0,,
2025-03-07 12:00:00,351150400,ZIELONA GÓRA,2025,3,7,12,16.9,28,-1.8,997.4,1020.3,30.0,1.0,,1.0,1,0.0,,9.0,,
2025-03-07 13:00:00,351150400,ZIELONA GÓRA,2025,3,7,13,17.7,25,-2.6,996.9,1019.7,100.0,2.0,,1.0,2,0.0,,8.0,,
2025-03-07 14:00:00,351150400,ZIELONA GÓRA,2025,3,7,14,17.3,25,-2.9,996.4,1019.2,113.0,2.0,,1.0,2,0.0,,8.0,,
2025-03-07 15:00:00,351150400,ZIELONA GÓRA,2025,3,7,15,16.9,28,-1.8,996.3,1019.2,82.0,2.0,,1.0,1,0.0,,8.0,,
2025-03-07 16:00:00,351150400,ZIELONA GÓRA,2025,3,7,16,15.8,28,-2.7,996.1,1019.1,104.0,2.0,,1.0,2,0.0,,8.0,,
2025-03-07 17:00:00,351150400,ZIELONA GÓRA,2025,3,7,17,13.4,34,-2.2,996.1,1019.2,89.0,1.0,,1.0,3,0.0,,8.0,,
2025-03-07 18:00:00,351150400,ZIELONA GÓRA,2025,3,7,18,13.2,36,-1.6,996.1,1019.3,80.0,3.0,,1.0,1,0.0,,9.0,,
2025-03-07 19:00:00,351150400,ZIELONA GÓRA,2025,3,7,19,12.2,40,-1.0,996.2,1019.4,89.0,2.0,,0.0,1,0.0,,8.0,,
2025-03-07 20:00:00,351150400,ZIELONA GÓRA,2025,3,7,20,11.7,41,-1.1,996.2,1019.5,90.0,2.0,,0.0,2,0.0,,8.0,,
2025-03-07 21:00:00,351150400,ZIELONA GÓRA,2025,3,7,21,11.2,41,-1.6,996.2,1019.5,95.0,2.0,,0.0,2,0.0,,8.0,,
2025-03-07 22:00:00,351150400,ZIELONA GÓRA,2025,3,7,22,11.1,42,-1.3,996.2,1019.5,103.0,2.0,,,0,,,8.0,,
2025-03-07 23:00:00,351150400,ZIELONA GÓRA,2025,3,7,23,10.2,43,-1.8,996.1,1019.5,117.0,2.0,,,0,,,8.0,,
2025-03-08 00:00:00,351150400,ZIELONA GÓRA,2025,3,8,0,10.0,44,-1.7,995.8,1019.2,115.0,2.0,,,0,,,9.0,,
2025-03-08 01:00:00,351150400,ZIELONA GÓRA,2025,3,8,1,9.9,46,-1.2,995.5,1018.9,102.0,2.0,,,0,,,8.0,,
2025-03-08 02:00:00,351150400,ZIELONA GÓRA,2025,3,8,2,9.6,48,-0.9,995.1,1018.5,115.0,2.0,,,0,,,8.0,,
2025-03-08 03:00:00,351150400,ZIELONA GÓRA,2025,3,8,3,8.7,51,-0.9,994.9,1018.4,113.0,2.0,,,0,,,8.0,,
2025-03-08 04:00:00,351150400,ZIELONA GÓRA,2025,3,8,4,7.8,54,-0.9,994.8,1018.4,110.0,1.0,,,0,,,8.0,,
2025-03-08 05:00:00,351150400,ZIELONA GÓRA,2025,3,8,5,8.1,56,-0.2,994.8,1018.4,104.0,2.0,,,0,,,8.0,,
2025-03-08 06:00:00,351150400,ZIELONA GÓRA,2025,3,8,6,7.0,57,-0.9,994.8,1018.5,86.0,3.0,,0.0,0,,,9.0,,
2025-03-08 07:00:00,351150400,ZIELONA GÓRA,2025,3,8,7,7.6,58,-0.1,994.8,1018.4,83.0,3.0,,0.0,2,0.0,,8.0,,
2025-03-08 08:00:00,351150400,ZIELONA GÓRA,2025,3,8,8,10.2,51,0.5,995.0,1018.4,76.0,3.0,,0.0,2,0.0,,8.0,,
2025-03-08 09:00:00,351150400,ZIELONA GÓRA,2025,3,8,9,12.1,42,-0.4,995.0,1018.2,92.0,3.0,,0.0,2,0.0,,8.0,,
2025-03-08 10:00:00,351150400,ZIELONA GÓRA,2025,3,8,10,13.0,42,0.4,994.6,1017.7,77.0,3.0,,0.0,2,0.0,,8.0,,
2025-03-08 11:00:00,351150400,ZIELONA GÓRA,2025,3,8,11,14.2,41,1.1,994.2,1017.2,66.0,3.0,,0.0,2,0.0,,8.0,,
2025-03-08 12:00:00,351150400,ZIELONA GÓRA,2025,3,8,12,16.2,35,0.7,993.4,1016.3,80.0,3.0,,0.0,2,0.0,,9.0,,
2025-03-08 13:00:00,351150400,ZIELONA GÓRA,2025,3,8,13,16.2,35,0.7,992.6,1015.4,69.0,3.0,,0.0,2,0.0,,8.0,,
2025-03-08 14:00:00,351150400,ZIELONA GÓRA,2025,3,8,14,16.3,36,1.2,992.2,1015.0,59.0,3.0,,0.0,2,0.0,,8.0,,
2025-03-08 15:00:00,351150400,ZIELONA GÓRA,2025,3,8,15,16.3,36,1.2,991.8,1014.6,61.0,3.0,,0.0,2,0.0,,8.0,,
2025-03-08 16:00:00,351150400,ZIELONA GÓRA,2025,3,8,16,15.5,38,1.2,991.7,1014.6,78.0,3.0,,0.0,2,0.0,,8.0,,
2025-03-08 17:00:00,351150400,ZIELONA GÓRA,2025,3,8,17,13.7,43,1.3,991.7,1014.7,65.0,3.0,,1.0,3,0.0,,8.0,,
2025-03-08 18:00:00,351150400,ZIELONA GÓRA,2025,3,8,18,12.9,44,0.9,991.4,1014.5,70.0,4.0,,1.0,2,0.0,,9.0,,
2025-03-08 19:00:00,351150400,ZIELONA GÓRA,2025,3,8,19,12.2,46,0.9,991.3,1014.4,73.0,4.0,,0.0,1,0.0,,8.0,,
2025-03-08 20:00:00,351150400,ZIELONA GÓRA,2025,3,8,20,11.5,49,1.1,991.2,1014.4,75.0,4.0,9.0,0.0,2,0.0,,8.0,,
2025-03-08 21:00:00,351150400,ZIELONA GÓRA,2025,3,8,21,11.0,51,1.2,990.9,1014.1,79.0,4.0,,0.0,2,0.0,,8.0,,
2025-03-08 22:00:00,351150400,ZIELONA GÓRA,2025,3,8,22,10.1,53,0.9,990.5,1013.8,82.0,3.0,,,4,,,8.0,,
2025-03-08 23:00:00,351150400,ZIELONA GÓRA,2025,3,8,23,9.5,55,0.9,990.0,1013.3,91.0,3.0,,,0,,,8.0,,
2025-03-09 00:00:00,351150400,ZIELONA GÓRA,2025,3,9,0,8.7,58,0.9,989.5,1012.9,122.0,2.0,,,10,,,9.0,,
2025-03-09 01:00:00,351150400,ZIELONA GÓRA,2025,3,9,1,8.2,59,0.7,988.9,1012.3,120.0,3.0,,,10,,,8.0,,
2025-03-09 02:00:00,351150400,ZIELONA GÓRA,2025,3,9,2,7.7,61,0.6,988.1,1011.5,120.0,3.0,,,10,,,8.0,,
2025-03-09 03:00:00,351150400,ZIELONA GÓRA,2025,3,9,3,7.2,61,0.2,987.6,1011.1,122.0,3.0,,,10,,,8.0,,
2025-03-09 04:00:00,351150400,ZIELONA GÓRA,2025,3,9,4,7.1,59,-0.4,987.3,1010.8,129.0,3.0,,,10,,,8.0,,
2025-03-09 05:00:00,351150400,ZIELONA GÓRA,2025,3,9,5,6.8,58,-0.9,986.9,1010.4,133.0,3.0,,,10,,,8.0,,
2025-03-09 06:00:00,351150400,ZIELONA GÓRA,2025,3,9,6,6.5,58,-1.2,986.8,1010.3,133.0,3.0,,7.0,5,,,9.0,,
2025-03-09 07:00:00,351150400,ZIELONA GÓRA,2025,3,9,7,7.3,54,-1.4,986.7,1010.1,130.0,3.0,,7.0,5,2.0,,8.0,,
2025-03-09 08:00:00,351150400,ZIELONA GÓRA,2025,3,9,8,7.8,54,-0.9,986.3,1009.7,130.0,3.0,,7.0,2,2.0,,8.0,,
2025-03-09 09:00:00,351150400,ZIELONA GÓRA,2025,3,9,9,10.9,48,0.3,985.9,1009.0,139.0,3.0,,7.0,2,2.0,,8.0,,
2025-03-09 10:00:00,351150400,ZIELONA GÓRA,2025,3,9,10,14.2,40,0.8,985.6,1008.4,161.0,3.0,,5.0,1,2.0,,8.0,,
2025-03-09 11:00:00,351150400,ZIELONA GÓRA,2025,3,9,11,15.4,37,0.8,985.1,1007.8,149.0,3.0,,1.0,1,1.0,,8.0,,
2025-03-09 12:00:00,351150400,ZIELONA GÓRA,2025,3,9,12,17.5,32,0.6,984.5,1007.1,167.0,3.0,,1.0,2,1.0,,9.0,,
2025-03-09 13:00:00,351150400,ZIELONA GÓRA,2025,3,9,13,18.5,28,-0.4,983.6,1006.1,152.0,3.0,,1.0,1,0.0,,8.0,,
2025-03-09 14:00:00,351150400,ZIELONA GÓRA,2025,3,9,14,18.9,30,0.9,983.0,1005.4,129.0,3.0,,1.0,2,0.0,,8.0,,
2025-03-09 15:00:00,351150400,ZIELONA GÓRA,2025,3,9,15,18.3,31,0.9,982.6,1005.0,145.0,3.0,,0.0,1,0.0,,8.0,,
2025-03-09 16:00:00,351150400,ZIELONA GÓRA,2025,3,9,16,17.4,32,0.5,982.3,1004.8,132.0,3.0,,0.0,2,0.0,,8.0,,
2025-03-09 17:00:00,351150400,ZIELONA GÓRA,2025,3,9,17,15.1,37,0.5,982.0,1004.7,103.0,1.0,,1.0,3,0.0,,8.0,,
2025-03-09 18:00:00,351150400,ZIELONA GÓRA,2025,3,9,18,14.3,38,0.2,981.7,1004.4,104.0,2.0,,0.0,1,0.0,,9.0,,
2025-03-09 19:00:00,351150400,ZIELONA GÓRA,2025,3,9,19,12.9,42,0.3,981.4,1004.2,120.0,2.0,,0.0,2,0.0,,8.0,,
2025-03-09 20:00:00,351150400,ZIELONA GÓRA,2025,3,9,20,12.8,42,0.2,981.1,1003.9,132.0,3.0,,0.0,2,0.0,,8.0,,
2025-03-09 21:00:00,351150400,ZIELONA GÓRA,2025,3,9,21,11.5,46,0.3,980.9,1003.8,128.0,3.0,,6.0,3,1.0,,8.0,,
2025-03-09 22:00:00,351150400,ZIELONA GÓRA,2025,3,9,22,10.9,48,0.3,980.5,1003.5,131.0,2.0,,,0,,,8.0,,
2025-03-09 23:00:00,351150400,ZIELONA GÓRA,2025,3,9,23,11.4,46,0.2,980.2,1003.1,164.0,2.0,,,0,,,8.0,,
2025-03-10 00:00:00,351150400,ZIELONA GÓRA,2025,3,10,0,10.7,47,-0.2,979.7,1002.7,155.0,2.0,,,0,,,9.0,,
2025-03-10 01:00:00,351150400,ZIELONA GÓRA,2025,3,10,1,10.6,45,-0.9,979.2,1002.2,163.0,2.0,,,0,,,8.0,,
2025-03-10 02:00:00,351150400,ZIELONA GÓRA,2025,3,10,2,9.5,48,-1.0,978.8,1001.9,173.0,1.0,,,0,,,8.0,,
2025-03-10 03:00:00,351150400,ZIELONA GÓRA,2025,3,10,3,8.9,51,-0.7,978.3,1001.4,183.0,1.0,,,0,,,8.0,,
2025-03-10 04:00:00,351150400,ZIELONA GÓRA,2025,3,10,4,9.2,49,-1.0,977.9,1001.0,191.0,1.0,,,0,,,8.0,,
2025-03-10 05:00:00,351150400,ZIELONA GÓRA,2025,3,10,5,7.6,54,-1.1,977.7,1000.9,163.0,1.0,,,0,,,8.0,,
2025-03-10 06:00:00,351150400,ZIELONA GÓRA,2025,3,10,6,7.6,54,-1.1,977.7,1000.9,214.0,2.0,,1.0,0,,,9.0,,
2025-03-10 07:00:00,351150400,ZIELONA GÓRA,2025,3,10,7,9.7,50,-0.2,977.4,1000.4,250.0,1.0,,1.0,2,0.0,,8.0,,
2025-03-10 08:00:00,351150400,ZIELONA GÓRA,2025,3,10,8,11.2,52,1.7,977.4,1000.3,201.0,1.0,,1.0,2,0.0,,8.0,,
2025-03-10 09:00:00,351150400,ZIELONA GÓRA,2025,3,10,9,13.2,42,0.6,977.3,1000.0,282.0,3.0,,1.0,2,0.0,,8.0,,
2025-03-10 10:00:00,351150400,ZIELONA GÓRA,2025,3,10,10,14.1,42,1.4,977.2,999.9,293.0,2.0,,1.0,2,0.0,,8.0,,
2025-03-10 11:00:00,351150400,ZIELONA GÓRA,2025,3,10,11,15.7,42,2.8,977.0,999.5,301.0,2.0,,1.0,2,0.0,,8.0,,
2025-03-10 12:00:00,351150400,ZIELONA GÓRA,2025,3,10,12,16.2,37,1.5,976.6,999.1,298.0,2.0,,2.0,3,0.0,,9.0,,
2025-03-10 13:00:00,351150400,ZIELONA GÓRA,2025,3,10,13,17.3,35,1.7,976.2,998.6,270.0,2.0,,2.0,2,0.0,,8.0,,
2025-03-10 14:00:00,351150400,ZIELONA GÓRA,2025,3,10,14,17.2,35,1.6,975.8,998.2,307.0,3.0,,2.0,3,0.0,,8.0,,
2025-03-10 15:00:00,351150400,ZIELONA GÓRA,2025,3,10,15,16.7,37,1.9,975.9,998.3,266.0,2.0,,3.0,3,0.0,,8.0,,
2025-03-10 16:00:00,351150400,ZIELONA GÓRA,2025,3,10,16,16.1,37,1.4,976.0,998.5,292.0,2.0,,1.0,1,0.0,,8.0,,
2025-03-10 17:00:00,351150400,ZIELONA GÓRA,2025,3,10,17,14.4,43,2.0,976.0,998.6,329.0,2.0,,2.0,3,0.0,,8.0,,
2025-03-10 18:00:00,351150400,ZIELONA GÓRA,2025,3,10,18,13.0,47,1.9,976.0,998.7,324.0,2.0,,2.0,2,0.0,,9.0,,
2025-03-10 19:00:00,351150400,ZIELONA GÓRA,2025,3,10,19,12.1,48,1.4,976.0,998.8,344.0,2.0,,4.0,1,0.0,,8.0,,
2025-03-10 20:00:00,351150400,ZIELONA GÓRA,2025,3,10,20,10.6,54,1.7,976.3,999.2,320.0,2.0,,3.0,5,0.0,,8.0,,
2025-03-10 21:00:00,351150400,ZIELONA GÓRA,2025,3,10,21,10.1,55,1.5,976.6,999.6,322.0,2.0,,6.0,5,1.0,,8.0,,
2025-03-10 22:00:00,351150400,ZIELONA GÓRA,2025,3,10,22,10.1,50,0.1,976.7,999.7,318.0,3.0,,,0,,,8.0,,
2025-03-10 23:00:00,351150400,ZIELONA GÓRA,2025,3,10,23,9.4,49,-0.8,976.9,999.9,308.0,2.0,,,0,,,8.0,,
2025-03-11 00:00:00,351150400,ZIELONA GÓRA,2025,3,11,0,8.3,54,-0.5,977.2,1000.3,293.0,3.0,,,0,,,9.0,,
2025-03-11 01:00:00,351150400,ZIELONA GÓRA,2025,3,11,1,7.4,59,-0.1,977.3,1000.5,306.0,2.0,,,0,,,8.0,,
2025-03-11 02:00:00,351150400,ZIELONA GÓRA,2025,3,11,2,6.7,64,0.4,977.2,1000.5,288.0,2.0,,,0,,,8.0,,
2025-03-11 03:00:00,351150400,ZIELONA GÓRA,2025,3,11,3,5.6,70,0.6,977.2,1000.6,294.0,2.0,,,0,,,8.0,,
2025-03-11 04:00:00,351150400,ZIELONA GÓRA,2025,3,11,4,5.5,73,1.0,977.3,1000.7,304.0,3.0,,,10,,,8.0,,
2025-03-11 05:00:00,351150400,ZIELONA GÓRA,2025,3,11,5,4.9,77,1.2,977.5,1000.9,302.0,2.0,,,10,,,8.0,,
2025-03-11 06:00:00,351150400,ZIELONA GÓRA,2025,3,11,6,4.2,81,1.2,977.4,1000.9,300.0,2.0,,7.0,10,,,9.0,,
2025-03-11 07:00:00,351150400,ZIELONA GÓRA,2025,3,11,7,4.5,82,1.7,977.9,1001.4,308.0,3.0,,7.0,10,2.0,,8.0,,
2025-03-11 08:00:00,351150400,ZIELONA GÓRA,2025,3,11,8,5.8,78,2.3,978.2,1001.6,295.0,2.0,,8.0,10,2.0,,8.0,,
2025-03-11 09:00:00,351150400,ZIELONA GÓRA,2025,3,11,9,8.6,70,3.4,978.3,1001.4,287.0,2.0,,8.0,10,2.0,,8.0,,
2025-03-11 10:00:00,351150400,ZIELONA GÓRA,2025,3,11,10,9.0,68,3.4,978.4,1001.5,290.0,2.0,,8.0,5,2.0,,8.0,,
2025-03-11 11:00:00,351150400,ZIELONA GÓRA,2025,3,11,11,9.3,67,3.5,978.4,1001.5,314.0,2.0,,8.0,5,2.0,,8.0,,
2025-03-11 12:00:00,351150400,ZIELONA GÓRA,2025,3,11,12,10.9,58,3.0,977.9,1000.8,255.0,3.0,,8.0,5,2.0,,9.0,,
2025-03-11 13:00:00,351150400,ZIELONA GÓRA,2025,3,11,13,11.3,55,2.6,977.0,999.9,268.0,3.0,,8.0,5,2.0,,8.0,,
2025-03-11 14:00:00,351150400,ZIELONA GÓRA,2025,3,11,14,11.2,58,3.2,976.9,999.8,310.0,2.0,,8.0,5,2.0,,8.0,,
2025-03-11 15:00:00,351150400,ZIELONA GÓRA,2025,3,11,15,11.0,62,4.0,976.9,999.8,340.0,2.0,,8.0,5,2.0,,8.0,,
2025-03-11 16:00:00,351150400,ZIELONA GÓRA,2025,3,11,16,9.5,68,3.9,976.7,999.7,339.0,2.0,,8.0,5,2.0,,8.0,,
2025-03-11 17:00:00,351150400,ZIELONA GÓRA,2025,3,11,17,8.7,71,3.7,977.0,1000.1,340.0,2.0,,8.0,10,2.0,,8.0,,
2025-03-11 18:00:00,351150400,ZIELONA GÓRA,2025,3,11,18,7.8,74,3.5,977.0,1000.2,3.0,1.0,,8.0,10,2.0,,9.0,,
2025-03-11 19:00:00,351150400,ZIELONA GÓRA,2025,3,11,19,6.9,78,3.3,977.0,1000.2,84.0,1.0,,8.0,10,2.0,,8.0,,
2025-03-11 20:00:00,351150400,ZIELONA GÓRA,2025,3,11,20,6.2,81,3.2,977.1,1000.4,68.0,1.0,,8.0,10,2.0,,8.0,,
2025-03-11 21:00:00,351150400,ZIELONA GÓRA,2025,3,11,21,6.4,80,3.2,977.2,1000.5,136.0,2.0,,8.0,10,2.0,,8.0,,
2025-03-11 22:00:00,351150400,ZIELONA GÓRA,2025,3,11,22,5.9,81,2.9,977.1,1000.4,146.0,2.0,,,10,,,8.0,,
2025-03-11 23:00:00,351150400,ZIELONA GÓRA,2025,3,11,23,5.8,84,3.3,976.9,1000.2,144.0,2.0,,,10,,,8.0,,
2025-03-12 00:00:00,351150400,ZIELONA GÓRA,2025,3,12,0,6.2,83,3.5,976.6,999.9,133.0,2.0,,,10,,,9.0,,
2025-03-12 01:00:00,351150400,ZIELONA GÓRA,2025,3,12,1,6.1,82,3.3,976.0,999.3,128.0,2.0,,,10,,,8.0,,
2025-03-12 02:00:00,351150400,ZIELONA GÓRA,2025,3,12,2,5.8,85,3.5,975.7,999.0,139.0,2.0,,,10,,,8.0,,
2025-03-12 03:00:00,351150400,ZIELONA GÓRA,2025,3,12,3,5.6,87,3.6,975.6,998.9,141.0,2.0,,,10,,,8.0,,
2025-03-12 04:00:00,351150400,ZIELONA GÓRA,2025,3,12,4,5.1,89,3.4,975.4,998.8,160.0,2.0,,,10,,,8.0,,
2025-03-12 05:00:00,351150400,ZIELONA GÓRA,2025,3,12,5,4.5,90,3.0,975.4,998.8,202.0,1.0,,,10,,,8.0,,
2025-03-12 06:00:00,351150400,ZIELONA GÓRA,2025,3,12,6,2.8,91,1.5,975.6,999.2,327.0,1.0,,7.0,10,,,9.0,,
2025-03-12 07:00:00,351150400,ZIELONA GÓRA,2025,3,12,7,2.6,96,2.0,976.1,999.7,326.0,2.0,,8.0,46,2.0,,8.0,,
2025-03-12 08:00:00,351150400,ZIELONA GÓRA,2025,3,12,8,2.9,95,2.2,976.5,1000.1,313.0,3.0,,8.0,28,2.0,,8.0,,
2025-03-12 09:00:00,351150400,ZIELONA GÓRA,2025,3,12,9,3.7,94,2.8,976.4,999.9,329.0,3.0,,8.0,25,4.0,,8.0,,
2025-03-12 10:00:00,351150400,ZIELONA GÓRA,2025,3,12,10,4.2,94,3.3,976.9,1000.4,318.0,2.0,,8.0,25,2.0,,8.0,,
2025-03-12 11:00:00,351150400,ZIELONA GÓRA,2025,3,12,11,5.5,86,3.3,976.3,999.6,353.0,2.0,,7.0,25,2.0,,8.0,,
2025-03-12 12:00:00,351150400,ZIELONA GÓRA,2025,3,12,12,5.8,87,3.8,976.6,999.9,321.0,2.0,,8.0,10,8.0,0.0,,6.0,
2025-03-12 13:00:00,351150400,ZIELONA GÓRA,2025,3,12,13,5.9,85,3.6,976.0,999.3,329.0,2.0,,8.0,10,2.0,,8.0,,
2025-03-12 14:00:00,351150400,ZIELONA GÓRA,2025,3,12,14,5.5,91,4.1,975.9,999.2,334.0,2.0,,8.0,25,2.0,,8.0,,
2025-03-12 15:00:00,351150400,ZIELONA GÓRA,2025,3,12,15,5.7,90,4.2,975.6,998.9,338.0,3.0,,7.0,10,8.0,,8.0,,
2025-03-12 16:00:00,351150400,ZIELONA GÓRA,2025,3,12,16,5.6,91,4.2,975.2,998.5,338.0,3.0,,8.0,10,2.0,,8.0,,
2025-03-12 17:00:00,351150400,ZIELONA GÓRA,2025,3,12,17,5.5,93,4.5,975.4,998.7,336.0,2.0,,8.0,10,2.0,,8.0,,
2025-03-12 18:00:00,351150400,ZIELONA GÓRA,2025,3,12,18,5.2,93,4.2,975.4,998.7,343.0,3.0,,8.0,10,8.0,0.2,,6.0,
2025-03-12 19:00:00,351150400,ZIELONA GÓRA,2025,3,12,19,4.7,94,3.8,975.1,998.5,351.0,4.0,,8.0,10,2.0,,8.0,,
2025-03-12 20:00:00,351150400,ZIELONA GÓRA,2025,3,12,20,4.1,95,3.4,975.0,998.4,353.0,4.0,,8.0,10,2.0,,8.0,,
2025-03-12 21:00:00,351150400,ZIELONA GÓRA,2025,3,12,21,3.9,94,3.0,975.2,998.7,346.0,3.0,,8.0,10,2.0,,8.0,,
2025-03-12 22:00:00,351150400,ZIELONA GÓRA,2025,3,12,22,3.6,95,2.9,975.2,998.7,346.0,2.0,,,80,,,8.0,,
2025-03-12 23:00:00,351150400,ZIELONA GÓRA,2025,3,12,23,3.4,97,3.0,974.9,998.4,336.0,3.0,,,22,,,8.0,,
2025-03-13 00:00:00,351150400,ZIELONA GÓRA,2025,3,13,0,3.2,98,2.9,974.5,998.0,344.0,3.0,,,81,,0.2,,,
2025-03-13 01:00:00,351150400,ZIELONA GÓRA,2025,3,13,1,3.0,98,2.7,974.1,997.6,333.0,3.0,,,20,,,8.0,,
2025-03-13 02:00:00,351150400,ZIELONA GÓRA,2025,3,13,2,2.9,98,2.6,973.7,997.2,332.0,3.0,,,34,,,8.0,,
2025-03-13 03:00:00,351150400,ZIELONA GÓRA,2025,3,13,3,2.7,98,2.4,973.2,996.7,338.0,3.0,,,30,,,8.0,,
2025-03-13 04:00:00,351150400,ZIELONA GÓRA,2025,3,13,4,2.6,99,2.5,972.7,996.2,353.0,3.0,,,33,,,8.0,,
2025-03-13 05:00:00,351150400,ZIELONA GÓRA,2025,3,13,5,2.5,99,2.4,972.5,996.0,342.0,3.0,,,62,,,8.0,,
2025-03-13 06:00:00,351150400,ZIELONA GÓRA,2025,3,13,6,2.4,99,2.3,972.4,995.9,358.0,3.0,,8.0,81,,1.4,,6.0,
2025-03-13 07:00:00,351150400,ZIELONA GÓRA,2025,3,13,7,2.4,99,2.3,972.3,995.8,341.0,3.0,,8.0,61,6.0,,8.0,,
2025-03-13 08:00:00,351150400,ZIELONA GÓRA,2025,3,13,8,2.1,99,2.0,972.1,995.6,347.0,4.0,,8.0,61,6.0,,8.0,,
2025-03-13 09:00:00,351150400,ZIELONA GÓRA,2025,3,13,9,2.3,99,2.2,971.8,995.3,349.0,4.0,,8.0,61,6.0,,8.0,,
2025-03-13 10:00:00,351150400,ZIELONA GÓRA,2025,3,13,10,2.4,99,2.3,971.4,994.9,353.0,4.0,9.0,8.0,61,6.0,,8.0,,
2025-03-13 11:00:00,351150400,ZIELONA GÓRA,2025,3,13,11,2.6,98,2.3,971.5,995.0,347.0,4.0,,8.0,61,6.0,,8.0,,
2025-03-13 12:00:00,351150400,ZIELONA GÓRA,2025,3,13,12,2.4,97,2.0,971.7,995.2,339.0,4.0,,8.0,61,6.0,3.3,,6.0,
2025-03-13 13:00:00,351150400,ZIELONA GÓRA,2025,3,13,13,2.5,97,2.1,971.7,995.2,334.0,4.0,,8.0,61,6.0,,8.0,,
2025-03-13 14:00:00,351150400,ZIELONA GÓRA,2025,3,13,14,2.8,97,2.4,972.3,995.8,324.0,3.0,,8.0,61,6.0,,8.0,,
2025-03-13 15:00:00,351150400,ZIELONA GÓRA,2025,3,13,15,3.0,91,1.7,972.9,996.4,326.0,4.0,,8.0,21,6.0,,8.0,,
2025-03-13 16:00:00,351150400,ZIELONA GÓRA,2025,3,13,16,3.1,88,1.3,973.7,997.2,323.0,3.0,,8.0,1,2.0,,8.0,,
2025-03-13 17:00:00,351150400,ZIELONA GÓRA,2025,3,13,17,3.0,88,1.2,974.5,998.0,304.0,3.0,,7.0,1,2.0,,8.0,,
2025-03-13 18:00:00,351150400,ZIELONA GÓRA,2025,3,13,18,3.0,86,0.9,975.7,999.2,285.0,2.0,,7.0,2,6.0,1.0,,6.0,
2025-03-13 19:00:00,351150400,ZIELONA GÓRA,2025,3,13,19,2.7,85,0.4,976.3,999.9,283.0,2.0,,7.0,1,2.0,,8.0,,
2025-03-13 20:00:00,351150400,ZIELONA GÓRA,2025,3,13,20,2.8,82,0.0,976.8,1000.4,277.0,3.0,,7.0,1,2.0,,8.0,,
2025-03-13 21:00:00,351150400,ZIELONA GÓRA,2025,3,13,21,3.0,82,0.2,977.3,1000.9,275.0,2.0,,7.0,3,2.0,,8.0,,
2025-03-13 22:00:00,351150400,ZIELONA GÓRA,2025,3,13,22,2.8,83,0.2,978.1,1001.7,229.0,2.0,,,0,,,8.0,,
2025-03-13 23:00:00,351150400,ZIELONA GÓRA,2025,3,13,23,1.8,89,0.2,978.7,1002.4,202.0,2.0,,,10,,,8.0,,
2025-03-14 00:00:00,351150400,ZIELONA GÓRA,2025,3,14,0,1.5,91,0.2,978.8,1002.5,228.0,2.0,,,10,,,9.0,,
2025-03-14 01:00:00,351150400,ZIELONA GÓRA,2025,3,14,1,0.8,93,-0.2,979.2,1003.0,199.0,1.0,,,10,,,8.0,,
2025-03-14 02:00:00,351150400,ZIELONA GÓRA,2025,3,14,2,0.6,94,-0.3,979.8,1003.6,213.0,2.0,,,10,,,8.0,,
2025-03-14 03:00:00,351150400,ZIELONA GÓRA,2025,3,14,3,0.6,95,-0.1,980.2,1004.1,211.0,2.0,,,10,,,8.0,,
2025-03-14 04:00:00,351150400,ZIELONA GÓRA,2025,3,14,4,0.9,93,-0.1,980.2,1004.0,204.0,1.0,,,10,,,8.0,,
2025-03-14 05:00:00,351150400,ZIELONA GÓRA,2025,3,14,5,0.6,95,-0.1,980.7,1004.6,197.0,1.0,,,10,,,8.0,,
2025-03-14 06:00:00,351150400,ZIELONA GÓRA,2025,3,14,6,0.7,94,-0.2,981.4,1005.3,181.0,2.0,,8.0,10,,,9.0,,
2025-03-14 07:00:00,351150400,ZIELONA GÓRA,2025,3,14,7,1.3,95,0.6,982.0,1005.8,0.0,0.0,,8.0,10,2.0,,8.0,,
2025-03-14 08:00:00,351150400,ZIELONA GÓRA,2025,3,14,8,2.3,89,0.7,982.7,1006.5,183.0,2.0,,7.0,10,2.0,,8.0,,
2025-03-14 09:00:00,351150400,ZIELONA GÓRA,2025,3,14,9,3.7,85,1.4,982.8,1006.5,180.0,1.0,,8.0,10,2.0,,8.0,,
2025-03-14 10:00:00,351150400,ZIELONA GÓRA,2025,3,14,10,5.0,79,1.7,983.2,1006.7,130.0,2.0,,8.0,1,2.0,,8.0,,
2025-03-14 11:00:00,351150400,ZIELONA GÓRA,2025,3,14,11,5.5,76,1.6,983.7,1007.2,152.0,2.0,,7.0,3,2.0,,8.0,,
2025-03-14 12:00:00,351150400,ZIELONA GÓRA,2025,3,14,12,6.1,68,0.6,983.7,1007.2,192.0,2.0,,7.0,3,2.0,,9.0,,
2025-03-14 13:00:00,351150400,ZIELONA GÓRA,2025,3,14,13,6.5,61,-0.5,983.8,1007.2,170.0,2.0,,7.0,3,2.0,,8.0,,
2025-03-14 14:00:00,351150400,ZIELONA GÓRA,2025,3,14,14,6.7,64,0.4,984.2,1007.6,156.0,1.0,,7.0,3,2.0,,8.0,,
2025-03-14 15:00:00,351150400,ZIELONA GÓRA,2025,3,14,15,5.5,70,0.5,984.7,1008.2,135.0,3.0,,7.0,80,2.0,,8.0,,
2025-03-14 16:00:00,351150400,ZIELONA GÓRA,2025,3,14,16,4.2,86,2.1,985.5,1009.2,172.0,1.0,,8.0,80,8.0,,8.0,,
2025-03-14 17:00:00,351150400,ZIELONA GÓRA,2025,3,14,17,4.2,85,1.9,986.3,1010.0,0.0,0.0,,7.0,25,8.0,,8.0,,
2025-03-14 18:00:00,351150400,ZIELONA GÓRA,2025,3,14,18,3.9,89,2.3,987.0,1010.7,27.0,1.0,,7.0,10,8.0,0.0,,6.0,
2025-03-14 19:00:00,351150400,ZIELONA GÓRA,2025,3,14,19,3.7,87,1.7,987.5,1011.3,64.0,1.0,,7.0,10,2.0,,8.0,,
2025-03-14 20:00:00,351150400,ZIELONA GÓRA,2025,3,14,20,3.7,90,2.2,988.1,1011.9,65.0,2.0,,7.0,10,2.0,,8.0,,
2025-03-14 21:00:00,351150400,ZIELONA GÓRA,2025,3,14,21,3.5,90,2.0,989.2,1013.0,90.0,2.0,,7.0,10,2.0,,8.0,,
2025-03-14 22:00:00,351150400,ZIELONA GÓRA,2025,3,14,22,3.3,91,2.0,989.7,1013.6,107.0,1.0,,,10,,,8.0,,
2025-03-14 23:00:00,351150400,ZIELONA GÓRA,2025,3,14,23,3.3,89,1.7,989.8,1013.7,73.0,2.0,,,10,,,8.0,,
2025-03-15 00:00:00,351150400,ZIELONA GÓRA,2025,3,15,0,3.2,88,1.4,990.8,1014.7,128.0,2.0,,,10,,,9.0,,
2025-03-15 01:00:00,351150400,ZIELONA GÓRA,2025,3,15,1,2.9,87,0.9,991.2,1015.1,131.0,2.0,,,10,,,8.0,,
2025-03-15 02:00:00,351150400,ZIELONA GÓRA,2025,3,15,2,2.3,89,0.7,991.1,1015.1,112.0,1.0,,,10,,,8.0,,
2025-03-15 03:00:00,351150400,ZIELONA GÓRA,2025,3,15,3,2.5,85,0.2,991.6,1015.6,132.0,3.0,,,0,,,8.0,,
2025-03-15 04:00:00,351150400,ZIELONA GÓRA,2025,3,15,4,2.2,85,-0.1,992.5,1016.5,134.0,3.0,,,0,,,8.0,,
2025-03-15 05:00:00,351150400,ZIELONA GÓRA,2025,3,15,5,2.0,85,-0.3,993.7,1017.8,107.0,2.0,,,0,,,8.0,,
2025-03-15 06:00:00,351150400,ZIELONA GÓRA,2025,3,15,6,2.0,85,-0.3,994.3,1018.4,111.0,2.0,,7.0,0,,,9.0,,
2025-03-15 07:00:00,351150400,ZIELONA GÓRA,2025,3,15,7,3.1,82,0.3,994.9,1018.9,121.0,3.0,,1.0,1,1.0,,8.0,,
2025-03-15 08:00:00,351150400,ZIELONA GÓRA,2025,3,15,8,4.7,73,0.3,995.5,1019.4,121.0,3.0,,1.0,3,0.0,,8.0,,
2025-03-15 09:00:00,351150400,ZIELONA GÓRA,2025,3,15,9,4.9,65,-1.1,995.8,1019.7,122.0,4.0,9.0,3.0,3,1.0,,8.0,,
2025-03-15 10:00:00,351150400,ZIELONA GÓRA,2025,3,15,10,5.4,61,-1.5,995.9,1019.7,84.0,3.0,8.0,4.0,3,0.0,,8.0,,
2025-03-15 11:00:00,351150400,ZIELONA GÓRA,2025,3,15,11,6.1,56,-2.0,996.1,1019.9,103.0,4.0,8.0,5.0,3,1.0,,8.0,,
2025-03-15 12:00:00,351150400,ZIELONA GÓRA,2025,3,15,12,7.5,50,-2.3,996.0,1019.6,96.0,3.0,,3.0,1,1.0,,9.0,,
2025-03-15 13:00:00,351150400,ZIELONA GÓRA,2025,3,15,13,7.0,52,-2.2,995.9,1019.6,95.0,3.0,,3.0,3,0.0,,8.0,,
2025-03-15 14:00:00,351150400,ZIELONA GÓRA,2025,3,15,14,7.1,51,-2.4,995.8,1019.5,89.0,2.0,,3.0,1,0.0,,8.0,,
2025-03-15 15:00:00,351150400,ZIELONA GÓRA,2025,3,15,15,7.0,51,-2.5,995.6,1019.3,99.0,3.0,,2.0,1,0.0,,8.0,,
2025-03-15 16:00:00,351150400,ZIELONA GÓRA,2025,3,15,16,6.3,51,-3.1,995.6,1019.3,62.0,3.0,,1.0,1,0.0,,8.0,,
2025-03-15 17:00:00,351150400,ZIELONA GÓRA,2025,3,15,17,5.0,57,-2.8,995.7,1019.5,66.0,2.0,,1.0,3,0.0,,8.0,,
2025-03-15 18:00:00,351150400,ZIELONA GÓRA,2025,3,15,18,4.2,60,-2.9,996.1,1020.0,74.0,2.0,,1.0,1,0.0,,9.0,,
2025-03-15 19:00:00,351150400,ZIELONA GÓRA,2025,3,15,19,3.7,61,-3.1,996.4,1020.4,80.0,2.0,,1.0,1,0.0,,8.0,,
2025-03-15 20:00:00,351150400,ZIELONA GÓRA,2025,3,15,20,3.5,62,-3.1,996.3,1020.3,79.0,3.0,,1.0,2,0.0,,8.0,,
2025-03-15 21:00:00,351150400,ZIELONA GÓRA,2025,3,15,21,2.4,68,-2.9,996.2,1020.3,67.0,2.0,,1.0,2,0.0,,8.0,,
2025-03-15 22:00:00,351150400,ZIELONA GÓRA,2025,3,15,22,2.4,70,-2.5,996.1,1020.2,73.0,2.0,,,0,,,8.0,,
2025-03-15 23:00:00,351150400,ZIELONA GÓRA,2025,3,15,23,2.1,71,-2.6,996.0,1020.1,74.0,2.0,,,0,,,8.0,,
2025-03-16 00:00:00,351150400,ZIELONA GÓRA,2025,3,16,0,1.6,73,-2.7,995.8,1019.9,70.0,3.0,,,0,,,9.0,,
2025-03-16 01:00:00,351150400,ZIELONA GÓRA,2025,3,16,1,0.9,76,-2.9,995.5,1019.7,91.0,1.0,,,0,,,8.0,,
2025-03-16 02:00:00,351150400,ZIELONA GÓRA,2025,3,16,2,1.1,73,-3.2,995.4,1019.6,92.0,1.0,,,0,,,8.0,,
2025-03-16 03:00:00,351150400,ZIELONA GÓRA,2025,3,16,3,0.5,75,-3.4,995.2,1019.4,101.0,1.0,,,0,,,8.0,,
2025-03-16 04:00:00,351150400,ZIELONA GÓRA,2025,3,16,4,0.5,76,-3.2,995.2,1019.4,119.0,1.0,,,0,,,8.0,,
2025-03-16 05:00:00,351150400,ZIELONA GÓRA,2025,3,16,5,0.0,74,-4.1,995.5,1019.8,18.0,1.0,,,0,,,8.0,,
2025-03-16 06:00:00,351150400,ZIELONA GÓRA,2025,3,16,6,0.6,75,-3.3,995.8,1020.0,170.0,1.0,,0.0,0,,,9.0,,
2025-03-16 07:00:00,351150400,ZIELONA GÓRA,2025,3,16,7,3.3,60,-3.7,995.9,1019.9,307.0,1.0,,0.0,2,0.0,,8.0,,
2025-03-16 08:00:00,351150400,ZIELONA GÓRA,2025,3,16,8,4.3,56,-3.7,996.2,1020.1,335.0,1.0,,0.0,2,0.0,,8.0,,
2025-03-16 09:00:00,351150400,ZIELONA GÓRA,2025,3,16,9,5.2,54,-3.4,996.0,1019.8,302.0,2.0,,0.0,2,0.0,,8.0,,
2025-03-16 10:00:00,351150400,ZIELONA GÓRA,2025,3,16,10,5.9,54,-2.7,995.7,1019.5,352.0,2.0,,1.0,3,0.0,,8.0,,
2025-03-16 11:00:00,351150400,ZIELONA GÓRA,2025,3,16,11,7.4,48,-2.9,995.1,1018.7,239.0,2.0,,2.0,3,0.0,,8.0,,
2025-03-16 12:00:00,351150400,ZIELONA GÓRA,2025,3,16,12,7.7,46,-3.2,994.5,1018.1,288.0,3.0,,4.0,3,0.0,,9.0,,
2025-03-16 13:00:00,351150400,ZIELONA GÓRA,2025,3,16,13,7.5,43,-4.3,993.9,1017.5,303.0,4.0,,3.0,1,0.0,,8.0,,
2025-03-16 14:00:00,351150400,ZIELONA GÓRA,2025,3,16,14,8.3,44,-3.3,993.5,1017.0,309.0,3.0,,2.0,1,0.0,,8.0,,
2025-03-16 15:00:00,351150400,ZIELONA GÓRA,2025,3,16,15,8.0,41,-4.5,993.1,1016.6,335.0,3.0,,1.0,1,0.0,,8.0,,
2025-03-16 16:00:00,351150400,ZIELONA GÓRA,2025,3,16,16,7.0,45,-4.1,993.3,1016.9,307.0,4.0,,1.0,2,0.0,,8.0,,
2025-03-16 17:00:00,351150400,ZIELONA GÓRA,2025,3,16,17,5.9,51,-3.5,993.5,1017.2,332.0,3.0,,1.0,3,0.0,,8.0,,
2025-03-16 18:00:00,351150400,ZIELONA GÓRA,2025,3,16,18,4.9,52,-4.1,994.0,1017.8,323.0,2.0,,1.0,2,0.0,,9.0,,
2025-03-16 19:00:00,351150400,ZIELONA GÓRA,2025,3,16,19,4.1,54,-4.4,994.0,1017.9,305.0,1.0,,1.0,2,0.0,,8.0,,
2025-03-16 20:00:00,351150400,ZIELONA GÓRA,2025,3,16,20,3.7,55,-4.5,994.5,1018.4,320.0,2.0,,7.0,3,1.0,,8.0,,
2025-03-16 21:00:00,351150400,ZIELONA GÓRA,2025,3,16,21,3.9,59,-3.4,994.1,1018.0,290.0,2.0,,7.0,2,1.0,,8.0,,
2025-03-16 22:00:00,351150400,ZIELONA GÓRA,2025,3,16,22,3.4,66,-2.4,994.3,1018.3,316.0,4.0,,,0,,,8.0,,
2025-03-16 23:00:00,351150400,ZIELONA GÓRA,2025,3,16,23,3.3,73,-1.1,994.2,1018.2,309.0,3.0,,,0,,,8.0,,
2025-03-17 00:00:00,351150400,ZIELONA GÓRA,2025,3,17,0,2.9,75,-1.1,994.5,1018.5,310.0,3.0,,,40,,0.0,,,
2025-03-17 01:00:00,351150400,ZIELONA GÓRA,2025,3,17,1,0.6,92,-0.6,995.9,1020.1,42.0,5.0,12.0,,85,,,8.0,,
2025-03-17 02:00:00,351150400,ZIELONA GÓRA,2025,3,17,2,-0.4,85,-2.6,997.0,1021.4,52.0,4.0,9.0,,71,,,8.0,,
2025-03-17 03:00:00,351150400,ZIELONA GÓRA,2025,3,17,3,-0.8,86,-2.8,998.2,1022.6,13.0,3.0,,,0,,,8.0,,
2025-03-17 04:00:00,351150400,ZIELONA GÓRA,2025,3,17,4,-1.3,91,-2.6,999.1,1023.6,357.0,3.0,,,0,,,8.0,,
2025-03-17 05:00:00,351150400,ZIELONA GÓRA,2025,3,17,5,-1.6,90,-3.0,999.9,1024.4,3.0,3.0,,,0,,,8.0,,
2025-03-17 06:00:00,351150400,ZIELONA GÓRA,2025,3,17,6,-1.5,83,-4.0,1001.1,1025.7,3.0,2.0,,1.0,0,,1.1,,7.0,
2025-03-17 07:00:00,351150400,ZIELONA GÓRA,2025,3,17,7,-0.2,77,-3.7,1002.3,1026.8,12.0,3.0,,1.0,2,0.0,,8.0,,
2025-03-17 08:00:00,351150400,ZIELONA GÓRA,2025,3,17,8,0.9,66,-4.7,1003.2,1027.6,29.0,3.0,,1.0,1,0.0,,8.0,,
2025-03-17 09:00:00,351150400,ZIELONA GÓRA,2025,3,17,9,1.4,54,-6.9,1004.1,1028.5,50.0,3.0,8.0,6.0,3,1.0,,8.0,,
2025-03-17 10:00:00,351150400,ZIELONA GÓRA,2025,3,17,10,2.3,38,-10.6,1004.5,1028.8,45.0,4.0,,2.0,1,1.0,,8.0,,
2025-03-17 11:00:00,351150400,ZIELONA GÓRA,2025,3,17,11,2.4,40,-9.9,1005.0,1029.3,355.0,4.0,,5.0,3,1.0,,8.0,,
2025-03-17 12:00:00,351150400,ZIELONA GÓRA,2025,3,17,12,3.5,36,-10.2,1005.0,1029.2,13.0,4.0,,6.0,3,1.0,,9.0,,
2025-03-17 13:00:00,351150400,ZIELONA GÓRA,2025,3,17,13,3.2,34,-11.2,1005.0,1029.2,20.0,4.0,,6.0,1,2.0,,8.0,,
2025-03-17 14:00:00,351150400,ZIELONA GÓRA,2025,3,17,14,3.9,32,-11.3,1005.1,1029.3,4.0,3.0,8.0,6.0,2,2.0,,8.0,,
2025-03-17 15:00:00,351150400,ZIELONA GÓRA,2025,3,17,15,4.1,31,-11.6,1005.3,1029.5,4.0,3.0,,4.0,1,1.0,,8.0,,
2025-03-17 16:00:00,351150400,ZIELONA GÓRA,2025,3,17,16,3.2,33,-11.6,1005.4,1029.6,6.0,3.0,,2.0,1,0.0,,8.0,,
2025-03-17 17:00:00,351150400,ZIELONA GÓRA,2025,3,17,17,2.8,34,-11.5,1005.8,1030.1,357.0,3.0,,1.0,1,0.0,,8.0,,
2025-03-17 18:00:00,351150400,ZIELONA GÓRA,2025,3,17,18,1.4,39,-11.1,1006.6,1031.0,356.0,2.0,,1.0,2,1.0,,9.0,,
2025-03-17 19:00:00,351150400,ZIELONA GÓRA,2025,3,17,19,0.7,40,-11.4,1007.0,1031.5,352.0,2.0,,1.0,1,0.0,,8.0,,
2025-03-17 20:00:00,351150400,ZIELONA GÓRA,2025,3,17,20,-0.3,45,-10.8,1007.4,1032.0,343.0,2.0,,0.0,1,0.0,,8.0,,
2025-03-17 21:00:00,351150400,ZIELONA GÓRA,2025,3,17,21,-0.9,47,-10.8,1007.8,1032.5,352.0,2.0,,0.0,2,0.0,,8.0,,
2025-03-17 22:00:00,351150400,ZIELONA GÓRA,2025,3,17,22,-1.5,49,-10.8,1008.0,1032.7,357.0,2.0,,,0,,,8.0,,
2025-03-17 23:00:00,351150400,ZIELONA GÓRA,2025,3,17,23,-2.3,52,-10.8,1008.1,1032.9,6.0,1.0,,,0,,,8.0,,
2025-03-18 00:00:00,351150400,ZIELONA GÓRA,2025,3,18,0,-2.5,54,-10.5,1008.3,1033.1,328.0,1.0,,,0,,,9.0,,
2025-03-18 01:00:00,351150400,ZIELONA GÓRA,2025,3,18,1,-2.3,46,-12.4,1008.4,1033.2,47.0,1.0,,,0,,,8.0,,
2025-03-18 02:00:00,351150400,ZIELONA GÓRA,2025,3,18,2,-2.5,45,-12.8,1008.1,1032.9,0.0,0.0,,,0,,,8.0,,
2025-03-18 03:00:00,351150400,ZIELONA GÓRA,2025,3,18,3,-2.7,52,-11.2,1008.2,1033.0,304.0,1.0,,,0,,,8.0,,
2025-03-18 04:00:00,351150400,ZIELONA GÓRA,2025,3,18,4,-3.1,52,-11.6,1008.0,1032.9,306.0,2.0,,,0,,,8.0,,
2025-03-18 05:00:00,351150400,ZIELONA GÓRA,2025,3,18,5,-3.0,50,-12.0,1008.0,1032.9,290.0,2.0,,,0,,,8.0,,
2025-03-18 06:00:00,351150400,ZIELONA GÓRA,2025,3,18,6,-1.9,47,-11.7,1008.2,1033.0,286.0,2.0,,1.0,0,,,9.0,,
2025-03-18 07:00:00,351150400,ZIELONA GÓRA,2025,3,18,7,0.4,42,-11.0,1008.7,1033.3,277.0,2.0,,1.0,2,0.0,,8.0,,
2025-03-18 08:00:00,351150400,ZIELONA GÓRA,2025,3,18,8,1.8,39,-10.7,1009.1,1033.6,275.0,2.0,,0.0,1,0.0,,8.0,,
2025-03-18 09:00:00,351150400,ZIELONA GÓRA,2025,3,18,9,2.6,36,-11.0,1009.2,1033.6,289.0,3.0,,0.0,2,0.0,,8.0,,
2025-03-18 10:00:00,351150400,ZIELONA GÓRA,2025,3,18,10,3.8,27,-13.5,1008.9,1033.2,299.0,3.0,,1.0,3,0.0,,8.0,,
2025-03-18 11:00:00,351150400,ZIELONA GÓRA,2025,3,18,11,5.1,21,-15.5,1008.5,1032.6,287.0,3.0,,1.0,2,0.0,,8.0,,
2025-03-18 12:00:00,351150400,ZIELONA GÓRA,2025,3,18,12,6.5,22,-13.7,1008.1,1032.1,267.0,2.0,,1.0,2,0.0,,9.0,,
2025-03-18 13:00:00,351150400,ZIELONA GÓRA,2025,3,18,13,6.5,19,-15.5,1007.7,1031.7,294.0,3.0,,1.0,2,0.0,,8.0,,
2025-03-18 14:00:00,351150400,ZIELONA GÓRA,2025,3,18,14,7.4,20,-14.2,1007.0,1030.9,297.0,3.0,,1.0,3,0.0,,8.0,,
2025-03-18 15:00:00,351150400,ZIELONA GÓRA,2025,3,18,15,7.3,19,-14.9,1006.6,1030.5,287.0,3.0,,1.0,2,0.0,,8.0,,
2025-03-18 16:00:00,351150400,ZIELONA GÓRA,2025,3,18,16,6.8,20,-14.7,1006.1,1030.0,280.0,2.0,,1.0,1,0.0,,8.0,,
2025-03-18 17:00:00,351150400,ZIELONA GÓRA,2025,3,18,17,5.5,22,-14.6,1006.0,1030.1,295.0,2.0,,1.0,2,0.0,,8.0,,
2025-03-18 18:00:00,351150400,ZIELONA GÓRA,2025,3,18,18,4.1,26,-13.7,1006.1,1030.3,271.0,2.0,,0.0,1,0.0,,9.0,,
2025-03-18 19:00:00,351150400,ZIELONA GÓRA,2025,3,18,19,3.5,26,-14.2,1006.3,1030.5,270.0,2.0,,0.0,2,0.0,,8.0,,
2025-03-18 20:00:00,351150400,ZIELONA GÓRA,2025,3,18,20,3.5,26,-14.2,1006.5,1030.7,278.0,2.0,,0.0,2,0.0,,8.0,,
2025-03-18 21:00:00,351150400,ZIELONA GÓRA,2025,3,18,21,3.3,26,-14.4,1006.4,1030.7,292.0,2.0,,0.0,2,0.0,,8.0,,
2025-03-18 22:00:00,351150400,ZIELONA GÓRA,2025,3,18,22,3.1,25,-15.1,1006.3,1030.6,304.0,2.0,,,0,,,8.0,,
2025-03-18 23:00:00,351150400,ZIELONA GÓRA,2025,3,18,23,2.8,26,-14.9,1006.3,1030.6,284.0,1.0,,,0,,,8.0,,
2025-03-19 00:00:00,351150400,ZIELONA GÓRA,2025,3,19,0,1.6,28,-15.0,1006.4,1030.8,212.0,2.0,,,0,,,9.0,,
2025-03-19 01:00:00,351150400,ZIELONA GÓRA,2025,3,19,1,0.7,32,-14.1,1006.3,1030.8,215.0,2.0,,,0,,,8.0,,
2025-03-19 02:00:00,351150400,ZIELONA GÓRA,2025,3,19,2,0.3,35,-13.4,1005.9,1030.4,198.0,2.0,,,0,,,8.0,,
2025-03-19 03:00:00,351150400,ZIELONA GÓRA,2025,3,19,3,-0.8,40,-12.7,1005.9,1030.5,188.0,2.0,,,0,,,8.0,,
2025-03-19 04:00:00,351150400,ZIELONA GÓRA,2025,3,19,4,-1.2,43,-12.2,1005.7,1030.3,204.0,2.0,,,0,,,8.0,,
2025-03-19 05:00:00,351150400,ZIELONA GÓRA,2025,3,19,5,0.0,41,-11.7,1005.9,1030.4,226.0,2.0,,,0,,,8.0,,
2025-03-19 06:00:00,351150400,ZIELONA GÓRA,2025,3,19,6,0.9,41,-10.9,1006.3,1030.8,222.0,2.0,,0.0,0,,,9.0,,
2025-03-19 07:00:00,351150400,ZIELONA GÓRA,2025,3,19,7,2.7,39,-9.9,1006.5,1030.8,200.0,2.0,,0.0,2,0.0,,8.0,,
2025-03-19 08:00:00,351150400,ZIELONA GÓRA,2025,3,19,8,4.5,36,-9.3,1006.7,1030.9,204.0,3.0,,0.0,2,0.0,,8.0,,
2025-03-19 09:00:00,351150400,ZIELONA GÓRA,2025,3,19,9,6.0,35,-8.3,1006.8,1030.8,207.0,3.0,,0.0,2,0.0,,8.0,,
2025-03-19 10:00:00,351150400,ZIELONA GÓRA,2025,3,19,10,8.6,29,-8.5,1006.5,1030.3,215.0,2.0,,0.0,2,0.0,,8.0,,
2025-03-19 11:00:00,351150400,ZIELONA GÓRA,2025,3,19,11,10.0,26,-8.7,1006.1,1029.8,233.0,3.0,,0.0,2,0.0,,8.0,,
2025-03-19 12:00:00,351150400,ZIELONA GÓRA,2025,3,19,12,10.9,23,-9.5,1005.6,1029.2,230.0,3.0,,0.0,2,0.0,,9.0,,
2025-03-19 13:00:00,351150400,ZIELONA GÓRA,2025,3,19,13,11.7,24,-8.2,1005.0,1028.5,211.0,3.0,,0.0,2,0.0,,8.0,,
2025-03-19 14:00:00,351150400,ZIELONA GÓRA,2025,3,19,14,12.4,24,-7.6,1004.6,1028.0,197.0,2.0,,0.0,2,0.0,,8.0,,
2025-03-19 15:00:00,351150400,ZIELONA GÓRA,2025,3,19,15,12.1,24,-7.9,1004.1,1027.5,210.0,2.0,,0.0,2,0.0,,8.0,,
2025-03-19 16:00:00,351150400,ZIELONA GÓRA,2025,3,19,16,11.6,24,-8.3,1003.8,1027.3,206.0,2.0,,0.0,2,0.0,,8.0,,
2025-03-19 17:00:00,351150400,ZIELONA GÓRA,2025,3,19,17,10.1,28,-7.6,1003.5,1027.1,151.0,1.0,,0.0,2,0.0,,8.0,,
2025-03-19 18:00:00,351150400,ZIELONA GÓRA,2025,3,19,18,8.4,32,-7.4,1003.5,1027.2,143.0,2.0,,0.0,2,0.0,,9.0,,
2025-03-19 19:00:00,351150400,ZIELONA GÓRA,2025,3,19,19,7.8,33,-7.5,1003.6,1027.4,139.0,2.0,,0.0,2,0.0,,8.0,,
2025-03-19 20:00:00,351150400,ZIELONA GÓRA,2025,3,19,20,6.9,37,-6.8,1003.9,1027.8,154.0,2.0,,0.0,2,0.0,,8.0,,
2025-03-19 21:00:00,351150400,ZIELONA GÓRA,2025,3,19,21,6.4,37,-7.3,1003.9,1027.8,219.0,2.0,,0.0,2,0.0,,8.0,,
2025-03-19 22:00:00,351150400,ZIELONA GÓRA,2025,3,19,22,4.9,41,-7.3,1003.6,1027.6,195.0,2.0,,,0,,,8.0,,
2025-03-19 23:00:00,351150400,ZIELONA GÓRA,2025,3,19,23,4.2,43,-7.3,1003.4,1027.5,201.0,3.0,,,0,,,8.0,,
2025-03-20 00:00:00,351150400,ZIELONA GÓRA,2025,3,20,0,4.6,42,-7.2,1003.3,1027.4,205.0,3.0,,,0,,,9.0,,
2025-03-20 01:00:00,351150400,ZIELONA GÓRA,2025,3,20,1,3.8,47,-6.5,1003.2,1027.3,200.0,3.0,,,0,,,8.0,,
2025-03-20 02:00:00,351150400,ZIELONA GÓRA,2025,3,20,2,3.5,51,-5.7,1002.9,1027.1,199.0,3.0,,,0,,,8.0,,
2025-03-20 03:00:00,351150400,ZIELONA GÓRA,2025,3,20,3,2.5,56,-5.4,1002.6,1026.8,183.0,3.0,,,0,,,8.0,,
2025-03-20 04:00:00,351150400,ZIELONA GÓRA,2025,3,20,4,1.9,59,-5.3,1002.5,1026.8,179.0,3.0,,,0,,,8.0,,
2025-03-20 05:00:00,351150400,ZIELONA GÓRA,2025,3,20,5,1.8,59,-5.4,1002.6,1026.9,185.0,3.0,,,0,,,8.0,,
2025-03-20 06:00:00,351150400,ZIELONA GÓRA,2025,3,20,6,2.5,58,-4.9,1002.7,1026.9,169.0,3.0,,0.0,0,,,9.0,,
2025-03-20 07:00:00,351150400,ZIELONA GÓRA,2025,3,20,7,4.4,52,-4.6,1002.9,1027.0,182.0,3.0,,0.0,2,0.0,,8.0,,
2025-03-20 08:00:00,351150400,ZIELONA GÓRA,2025,3,20,8,7.4,44,-4.1,1002.8,1026.6,198.0,3.0,,0.0,2,0.0,,8.0,,
2025-03-20 09:00:00,351150400,ZIELONA GÓRA,2025,3,20,9,10.0,38,-3.7,1002.8,1026.4,215.0,2.0,,0.0,2,0.0,,8.0,,
2025-03-20 10:00:00,351150400,ZIELONA GÓRA,2025,3,20,10,12.7,33,-3.2,1002.3,1025.7,234.0,3.0,,0.0,2,0.0,,8.0,,
2025-03-20 11:00:00,351150400,ZIELONA GÓRA,2025,3,20,11,14.5,28,-3.8,1001.8,1025.0,225.0,3.0,,0.0,2,0.0,,8.0,,
2025-03-20 12:00:00,351150400,ZIELONA GÓRA,2025,3,20,12,15.4,25,-4.6,1001.2,1024.3,242.0,3.0,,0.0,2,0.0,,9.0,,
2025-03-20 13:00:00,351150400,ZIELONA GÓRA,2025,3,20,13,16.0,24,-4.6,1000.4,1023.4,233.0,3.0,,0.0,2,0.0,,8.0,,
2025-03-20 14:00:00,351150400,ZIELONA GÓRA,2025,3,20,14,16.6,22,-5.2,1000.0,1023.0,257.0,2.0,,0.0,2,0.0,,8.0,,
2025-03-20 15:00:00,351150400,ZIELONA GÓRA,2025,3,20,15,16.5,23,-4.7,999.5,1022.5,224.0,3.0,,0.0,2,0.0,,8.0,,
2025-03-20 16:00:00,351150400,ZIELONA GÓRA,2025,3,20,16,15.5,24,-5.0,999.4,1022.5,219.0,2.0,,0.0,2,0.0,,8.0,,
2025-03-20 17:00:00,351150400,ZIELONA GÓRA,2025,3,20,17,13.6,27,-5.1,999.4,1022.6,221.0,1.0,,1.0,3,0.0,,8.0,,
2025-03-20 18:00:00,351150400,ZIELONA GÓRA,2025,3,20,18,11.2,35,-3.7,999.6,1023.0,185.0,2.0,,1.0,2,0.0,,9.0,,
2025-03-20 19:00:00,351150400,ZIELONA GÓRA,2025,3,20,19,10.4,39,-3.0,999.9,1023.4,208.0,2.0,,1.0,2,0.0,,8.0,,
2025-03-20 20:00:00,351150400,ZIELONA GÓRA,2025,3,20,20,9.4,41,-3.2,999.8,1023.4,207.0,2.0,,0.0,1,0.0,,8.0,,
2025-03-20 21:00:00,351150400,ZIELONA GÓRA,2025,3,20,21,8.9,44,-2.7,999.8,1023.4,220.0,2.0,,0.0,2,0.0,,8.0,,
2025-03-20 22:00:00,351150400,ZIELONA GÓRA,2025,3,20,22,8.5,45,-2.8,999.6,1023.2,217.0,2.0,,,0,,,8.0,,
2025-03-20 23:00:00,351150400,ZIELONA GÓRA,2025,3,20,23,8.3,45,-3.0,999.4,1023.1,221.0,2.0,,,0,,,8.0,,
2025-03-21 00:00:00,351150400,ZIELONA GÓRA,2025,3,21,0,8.1,45,-3.1,999.5,1023.2,216.0,2.0,,,0,,,9.0,,
2025-03-21 01:00:00,351150400,ZIELONA GÓRA,2025,3,21,1,8.3,43,-3.6,999.2,1022.8,225.0,2.0,,,0,,,8.0,,
2025-03-21 02:00:00,351150400,ZIELONA GÓRA,2025,3,21,2,8.2,43,-3.7,998.8,1022.4,203.0,2.0,,,0,,,8.0,,
2025-03-21 03:00:00,351150400,ZIELONA GÓRA,2025,3,21,3,6.5,48,-3.7,998.7,1022.5,182.0,2.0,,,0,,,8.0,,
2025-03-21 04:00:00,351150400,ZIELONA GÓRA,2025,3,21,4,6.3,49,-3.6,998.8,1022.6,177.0,2.0,,,0,,,8.0,,
2025-03-21 05:00:00,351150400,ZIELONA GÓRA,2025,3,21,5,5.5,53,-3.3,999.0,1022.9,176.0,2.0,,,0,,,8.0,,
2025-03-21 06:00:00,351150400,ZIELONA GÓRA,2025,3,21,6,5.4,55,-2.9,999.3,1023.2,148.0,2.0,,1.0,0,,,9.0,,
2025-03-21 07:00:00,351150400,ZIELONA GÓRA,2025,3,21,7,9.0,47,-1.7,999.5,1023.1,184.0,2.0,,1.0,1,0.0,,8.0,,
2025-03-21 08:00:00,351150400,ZIELONA GÓRA,2025,3,21,8,10.5,45,-0.9,999.6,1023.1,174.0,2.0,,1.0,2,0.0,,8.0,,
2025-03-21 09:00:00,351150400,ZIELONA GÓRA,2025,3,21,9,12.5,41,-0.4,999.6,1022.9,171.0,2.0,,4.0,3,0.0,,8.0,,
2025-03-21 10:00:00,351150400,ZIELONA GÓRA,2025,3,21,10,13.9,35,-1.3,999.6,1022.8,132.0,2.0,,1.0,1,0.0,,8.0,,
2025-03-21 11:00:00,351150400,ZIELONA GÓRA,2025,3,21,11,15.6,31,-1.5,999.2,1022.2,124.0,3.0,,0.0,1,0.0,,8.0,,
2025-03-21 12:00:00,351150400,ZIELONA GÓRA,2025,3,21,12,15.7,29,-2.3,998.7,1021.7,130.0,3.0,,0.0,2,0.0,,9.0,,
2025-03-21 13:00:00,351150400,ZIELONA GÓRA,2025,3,21,13,15.9,29,-2.1,998.2,1021.2,88.0,3.0,,0.0,2,0.0,,8.0,,
2025-03-21 14:00:00,351150400,ZIELONA GÓRA,2025,3,21,14,15.8,29,-2.2,997.8,1020.8,122.0,2.0,,0.0,2,0.0,,8.0,,
2025-03-21 15:00:00,351150400,ZIELONA GÓRA,2025,3,21,15,15.6,30,-1.9,997.6,1020.6,86.0,3.0,,0.0,2,0.0,,8.0,,
2025-03-21 16:00:00,351150400,ZIELONA GÓRA,2025,3,21,16,15.0,31,-2.0,997.4,1020.4,114.0,2.0,,0.0,2,0.0,,8.0,,
2025-03-21 17:00:00,351150400,ZIELONA GÓRA,2025,3,21,17,13.4,34,-2.2,997.4,1020.6,80.0,2.0,,0.0,2,0.0,,8.0,,
2025-03-21 18:00:00,351150400,ZIELONA GÓRA,2025,3,21,18,12.3,36,-2.4,997.5,1020.8,78.0,3.0,,0.0,2,0.0,,9.0,,
2025-03-21 19:00:00,351150400,ZIELONA GÓRA,2025,3,21,19,11.5,40,-1.7,997.6,1020.9,86.0,3.0,,0.0,2,0.0,,8.0,,
2025-03-21 20:00:00,351150400,ZIELONA GÓRA,2025,3,21,20,10.7,40,-2.4,997.5,1020.9,97.0,3.0,,0.0,2,0.0,,8.0,,
2025-03-21 21:00:00,351150400,ZIELONA GÓRA,2025,3,21,21,10.3,41,-2.4,997.3,1020.7,104.0,3.0,,0.0,2,0.0,,8.0,,
2025-03-21 22:00:00,351150400,ZIELONA GÓRA,2025,3,21,22,9.5,43,-2.5,997.1,1020.6,118.0,3.0,,,0,,,8.0,,
2025-03-21 23:00:00,351150400,ZIELONA GÓRA,2025,3,21,23,8.9,43,-3.0,996.6,1020.1,117.0,3.0,,,0,,,8.0,,
2025-03-22 00:00:00,351150400,ZIELONA GÓRA,2025,3,22,0,7.9,45,-3.3,996.4,1020.0,88.0,2.0,,,0,,,9.0,,
2025-03-22 01:00:00,351150400,ZIELONA GÓRA,2025,3,22,1,6.9,50,-2.8,996.2,1019.9,84.0,4.0,,,0,,,8.0,,
2025-03-22 02:00:00,351150400,ZIELONA GÓRA,2025,3,22,2,5.9,61,-1.1,995.9,1019.7,79.0,4.0,,,0,,,8.0,,
2025-03-22 03:00:00,351150400,ZIELONA GÓRA,2025,3,22,3,4.7,71,-0.1,995.5,1019.4,74.0,4.0,,,0,,,8.0,,
2025-03-22 04:00:00,351150400,ZIELONA GÓRA,2025,3,22,4,4.3,72,-0.3,995.1,1019.0,76.0,4.0,,,0,,,8.0,,
2025-03-22 05:00:00,351150400,ZIELONA GÓRA,2025,3,22,5,3.4,75,-0.6,995.1,1019.1,80.0,4.0,,,0,,,8.0,,
2025-03-22 06:00:00,351150400,ZIELONA GÓRA,2025,3,22,6,3.4,73,-1.0,995.3,1019.3,80.0,4.0,,0.0,10,,,9.0,,
2025-03-22 07:00:00,351150400,ZIELONA GÓRA,2025,3,22,7,4.7,66,-1.1,995.2,1019.1,76.0,4.0,,0.0,2,0.0,,8.0,,
2025-03-22 08:00:00,351150400,ZIELONA GÓRA,2025,3,22,8,6.4,61,-0.6,995.0,1018.7,74.0,4.0,,0.0,2,0.0,,8.0,,
2025-03-22 09:00:00,351150400,ZIELONA GÓRA,2025,3,22,9,8.5,54,-0.3,994.6,1018.1,70.0,4.0,,0.0,2,0.0,,8.0,,
2025-03-22 10:00:00,351150400,ZIELONA GÓRA,2025,3,22,10,10.6,47,-0.3,994.0,1017.3,79.0,4.0,,0.0,2,0.0,,8.0,,
2025-03-22 11:00:00,351150400,ZIELONA GÓRA,2025,3,22,11,12.0,42,-0.5,993.2,1016.4,78.0,5.0,10.0,0.0,2,0.0,,8.0,,
2025-03-22 12:00:00,351150400,ZIELONA GÓRA,2025,3,22,12,12.4,41,-0.5,992.7,1015.9,88.0,4.0,11.0,0.0,2,0.0,,9.0,,
2025-03-22 13:00:00,351150400,ZIELONA GÓRA,2025,3,22,13,12.4,40,-0.8,992.0,1015.1,80.0,5.0,,0.0,2,0.0,,8.0,,
2025-03-22 14:00:00,351150400,ZIELONA GÓRA,2025,3,22,14,13.1,41,0.1,991.0,1014.1,91.0,3.0,8.0,0.0,2,0.0,,8.0,,
2025-03-22 15:00:00,351150400,ZIELONA GÓRA,2025,3,22,15,12.5,43,0.2,990.4,1013.5,76.0,4.0,,0.0,2,0.0,,8.0,,
2025-03-22 16:00:00,351150400,ZIELONA GÓRA,2025,3,22,16,12.0,43,-0.2,990.0,1013.1,82.0,3.0,8.0,0.0,2,0.0,,8.0,,
2025-03-22 17:00:00,351150400,ZIELONA GÓRA,2025,3,22,17,10.9,46,-0.3,990.0,1013.2,80.0,4.0,,0.0,2,0.0,,8.0,,
2025-03-22 18:00:00,351150400,ZIELONA GÓRA,2025,3,22,18,10.1,48,-0.4,989.8,1013.1,75.0,4.0,,1.0,3,0.0,,9.0,,
2025-03-22 19:00:00,351150400,ZIELONA GÓRA,2025,3,22,19,9.5,50,-0.4,989.5,1012.8,75.0,5.0,,1.0,3,0.0,,8.0,,
2025-03-22 20:00:00,351150400,ZIELONA GÓRA,2025,3,22,20,8.9,51,-0.7,989.2,1012.6,85.0,4.0,9.0,4.0,3,0.0,,8.0,,
2025-03-22 21:00:00,351150400,ZIELONA GÓRA,2025,3,22,21,8.5,51,-1.1,989.0,1012.4,96.0,4.0,,1.0,1,0.0,,8.0,,
2025-03-22 22:00:00,351150400,ZIELONA GÓRA,2025,3,22,22,8.0,52,-1.3,988.7,1012.1,106.0,4.0,,,0,,,8.0,,
2025-03-22 23:00:00,351150400,ZIELONA GÓRA,2025,3,22,23,7.6,52,-1.6,988.3,1011.7,86.0,4.0,,,0,,,8.0,,
2025-03-23 00:00:00,351150400,ZIELONA GÓRA,2025,3,23,0,6.5,55,-1.9,987.8,1011.3,85.0,4.0,9.0,,0,,,9.0,,
2025-03-23 01:00:00,351150400,ZIELONA GÓRA,2025,3,23,1,5.9,57,-2.0,987.3,1010.9,82.0,4.0,,,0,,,8.0,,
2025-03-23 02:00:00,351150400,ZIELONA GÓRA,2025,3,23,2,5.3,60,-1.8,987.0,1010.6,93.0,3.0,,,0,,,8.0,,
2025-03-23 03:00:00,351150400,ZIELONA GÓRA,2025,3,23,3,5.0,61,-1.9,986.8,1010.4,92.0,3.0,,,0,,,8.0,,
2025-03-23 04:00:00,351150400,ZIELONA GÓRA,2025,3,23,4,4.9,62,-1.8,986.3,1009.9,90.0,4.0,9.0,,0,,,8.0,,
2025-03-23 05:00:00,351150400,ZIELONA GÓRA,2025,3,23,5,4.2,64,-2.0,986.5,1010.2,113.0,3.0,,,0,,,8.0,,
2025-03-23 06:00:00,351150400,ZIELONA GÓRA,2025,3,23,6,4.5,63,-1.9,986.2,1009.9,101.0,4.0,,4.0,0,,,9.0,,
2025-03-23 07:00:00,351150400,ZIELONA GÓRA,2025,3,23,7,4.7,65,-1.3,986.1,1009.7,100.0,3.0,,5.0,3,1.0,,8.0,,
2025-03-23 08:00:00,351150400,ZIELONA GÓRA,2025,3,23,8,6.7,60,-0.5,985.8,1009.3,91.0,3.0,,6.0,3,2.0,,8.0,,
2025-03-23 09:00:00,351150400,ZIELONA GÓRA,2025,3,23,9,9.7,53,0.6,985.5,1008.7,96.0,3.0,8.0,5.0,1,1.0,,8.0,,
2025-03-23 10:00:00,351150400,ZIELONA GÓRA,2025,3,23,10,12.0,50,1.9,985.5,1008.5,89.0,4.0,9.0,5.0,3,2.0,,8.0,,
2025-03-23 11:00:00,351150400,ZIELONA GÓRA,2025,3,23,11,11.8,52,2.3,985.4,1008.4,106.0,3.0,8.0,7.0,3,2.0,,8.0,,
2025-03-23 12:00:00,351150400,ZIELONA GÓRA,2025,3,23,12,11.8,55,3.0,985.3,1008.3,119.0,4.0,,7.0,1,1.0,,9.0,,
2025-03-23 13:00:00,351150400,ZIELONA GÓRA,2025,3,23,13,11.3,57,3.1,985.3,1008.4,100.0,3.0,9.0,8.0,3,2.0,,8.0,,
2025-03-23 14:00:00,351150400,ZIELONA GÓRA,2025,3,23,14,10.9,60,3.4,985.3,1008.4,102.0,3.0,,8.0,2,2.0,,8.0,,
2025-03-23 15:00:00,351150400,ZIELONA GÓRA,2025,3,23,15,11.0,62,4.0,985.1,1008.2,115.0,3.0,,8.0,2,2.0,,8.0,,
2025-03-23 16:00:00,351150400,ZIELONA GÓRA,2025,3,23,16,9.8,76,5.8,985.0,1008.2,112.0,2.0,,7.0,3,2.0,,8.0,,
2025-03-23 17:00:00,351150400,ZIELONA GÓRA,2025,3,23,17,10.1,73,5.5,985.0,1008.2,98.0,3.0,,7.0,1,2.0,,8.0,,
2025-03-23 18:00:00,351150400,ZIELONA GÓRA,2025,3,23,18,8.7,88,6.8,985.2,1008.5,93.0,2.0,,8.0,3,2.0,,9.0,,
2025-03-23 19:00:00,351150400,ZIELONA GÓRA,2025,3,23,19,8.3,93,7.2,985.4,1008.7,103.0,2.0,,8.0,3,2.0,,8.0,,
2025-03-23 20:00:00,351150400,ZIELONA GÓRA,2025,3,23,20,8.3,94,7.4,985.6,1008.9,83.0,2.0,,8.0,10,2.0,,8.0,,
2025-03-23 21:00:00,351150400,ZIELONA GÓRA,2025,3,23,21,8.1,97,7.7,985.7,1009.0,85.0,2.0,,8.0,51,2.0,,8.0,,
2025-03-23 22:00:00,351150400,ZIELONA GÓRA,2025,3,23,22,7.8,98,7.5,985.6,1009.0,68.0,2.0,,,10,,,8.0,,
2025-03-23 23:00:00,351150400,ZIELONA GÓRA,2025,3,23,23,7.4,98,7.1,985.5,1008.9,55.0,2.0,,,34,,,8.0,,
2025-03-24 00:00:00,351150400,ZIELONA GÓRA,2025,3,24,0,7.0,99,6.9,985.7,1009.1,47.0,1.0,,,32,,0.0,,,
2025-03-24 01:00:00,351150400,ZIELONA GÓRA,2025,3,24,1,7.0,99,6.9,985.6,1009.0,43.0,1.0,,,33,,,8.0,,
2025-03-24 02:00:00,351150400,ZIELONA GÓRA,2025,3,24,2,6.7,99,6.6,985.8,1009.3,49.0,1.0,,,30,,,8.0,,
2025-03-24 03:00:00,351150400,ZIELONA GÓRA,2025,3,24,3,6.6,99,6.5,985.8,1009.3,51.0,2.0,,,34,,,8.0,,
2025-03-24 04:00:00,351150400,ZIELONA GÓRA,2025,3,24,4,6.6,99,6.5,986.0,1009.5,3.0,2.0,,,33,,,8.0,,
2025-03-24 05:00:00,351150400,ZIELONA GÓRA,2025,3,24,5,6.4,99,6.3,986.5,1010.0,75.0,1.0,,,20,,,8.0,,
2025-03-24 06:00:00,351150400,ZIELONA GÓRA,2025,3,24,6,6.5,99,6.4,987.0,1010.5,16.0,2.0,,8.0,10,,,9.0,,
2025-03-24 07:00:00,351150400,ZIELONA GÓRA,2025,3,24,7,6.6,99,6.5,987.0,1010.5,26.0,1.0,,8.0,10,2.0,,8.0,,
2025-03-24 08:00:00,351150400,ZIELONA GÓRA,2025,3,24,8,6.9,97,6.5,988.1,1011.6,83.0,1.0,,8.0,10,2.0,,8.0,,
2025-03-24 09:00:00,351150400,ZIELONA GÓRA,2025,3,24,9,7.4,95,6.7,988.7,1012.2,110.0,1.0,,8.0,10,2.0,,8.0,,
2025-03-24 10:00:00,351150400,ZIELONA GÓRA,2025,3,24,10,8.2,88,6.3,989.0,1012.4,6.0,1.0,,8.0,10,2.0,,8.0,,
2025-03-24 11:00:00,351150400,ZIELONA GÓRA,2025,3,24,11,9.0,80,5.7,989.3,1012.7,288.0,2.0,,8.0,10,2.0,,8.0,,
2025-03-24 12:00:00,351150400,ZIELONA GÓRA,2025,3,24,12,9.6,79,6.1,989.4,1012.7,14.0,2.0,,7.0,1,2.0,,9.0,,
2025-03-24 13:00:00,351150400,ZIELONA GÓRA,2025,3,24,13,10.3,73,5.7,989.7,1013.0,278.0,1.0,,7.0,2,2.0,,8.0,,
2025-03-24 14:00:00,351150400,ZIELONA GÓRA,2025,3,24,14,11.1,69,5.6,990.0,1013.2,296.0,1.0,,7.0,2,2.0,,8.0,,
2025-03-24 15:00:00,351150400,ZIELONA GÓRA,2025,3,24,15,11.3,65,5.0,990.3,1013.5,7.0,1.0,,7.0,3,2.0,,8.0,,
2025-03-24 16:00:00,351150400,ZIELONA GÓRA,2025,3,24,16,11.0,69,5.5,990.6,1013.8,154.0,1.0,,7.0,1,2.0,,8.0,,
2025-03-24 17:00:00,351150400,ZIELONA GÓRA,2025,3,24,17,10.0,76,6.0,991.0,1014.3,154.0,1.0,,7.0,1,2.0,,8.0,,
2025-03-24 18:00:00,351150400,ZIELONA GÓRA,2025,3,24,18,9.3,80,6.0,991.3,1014.7,156.0,2.0,,7.0,1,2.0,,9.0,,
2025-03-24 19:00:00,351150400,ZIELONA GÓRA,2025,3,24,19,7.6,88,5.7,991.9,1015.4,148.0,2.0,,2.0,10,1.0,,8.0,,
2025-03-24 20:00:00,351150400,ZIELONA GÓRA,2025,3,24,20,7.1,91,5.7,992.4,1016.0,169.0,2.0,,2.0,10,1.0,,8.0,,
2025-03-24 21:00:00,351150400,ZIELONA GÓRA,2025,3,24,21,6.6,92,5.4,992.8,1016.4,175.0,2.0,,3.0,10,1.0,,8.0,,
2025-03-24 22:00:00,351150400,ZIELONA GÓRA,2025,3,24,22,6.9,92,5.7,993.2,1016.8,172.0,2.0,,,10,,,8.0,,
2025-03-24 23:00:00,351150400,ZIELONA GÓRA,2025,3,24,23,6.8,92,5.6,993.3,1016.9,160.0,2.0,,,10,,,8.0,,
2025-03-25 00:00:00,351150400,ZIELONA GÓRA,2025,3,25,0,6.1,95,5.4,993.2,1016.9,150.0,2.0,,,10,,,9.0,,
2025-03-25 01:00:00,351150400,ZIELONA GÓRA,2025,3,25,1,6.1,96,5.5,993.1,1016.8,191.0,2.0,,,10,,,8.0,,
2025-03-25 02:00:00,351150400,ZIELONA GÓRA,2025,3,25,2,6.5,97,6.1,993.1,1016.8,214.0,2.0,,,10,,,8.0,,
2025-03-25 03:00:00,351150400,ZIELONA GÓRA,2025,3,25,3,6.0,96,5.4,993.0,1016.7,188.0,2.0,,,10,,,8.0,,
2025-03-25 04:00:00,351150400,ZIELONA GÓRA,2025,3,25,4,5.2,98,4.9,993.2,1017.0,147.0,2.0,,,34,,,8.0,,
2025-03-25 05:00:00,351150400,ZIELONA GÓRA,2025,3,25,5,4.7,98,4.4,993.6,1017.4,160.0,2.0,,,34,,,8.0,,
2025-03-25 06:00:00,351150400,ZIELONA GÓRA,2025,3,25,6,6.0,99,5.9,993.7,1017.4,189.0,2.0,,0.0,28,,,9.0,,
2025-03-25 07:00:00,351150400,ZIELONA GÓRA,2025,3,25,7,8.0,95,7.2,993.9,1017.4,189.0,2.0,,1.0,10,0.0,,8.0,,
2025-03-25 08:00:00,351150400,ZIELONA GÓRA,2025,3,25,8,9.9,80,6.6,994.1,1017.5,199.0,3.0,,1.0,10,0.0,,8.0,,
2025-03-25 09:00:00,351150400,ZIELONA GÓRA,2025,3,25,9,12.4,67,6.4,994.2,1017.4,207.0,2.0,,1.0,1,0.0,,8.0,,
2025-03-25 10:00:00,351150400,ZIELONA GÓRA,2025,3,25,10,14.1,56,5.4,994.0,1017.0,222.0,2.0,,2.0,3,0.0,,8.0,,
2025-03-25 11:00:00,351150400,ZIELONA GÓRA,2025,3,25,11,15.0,51,4.9,993.8,1016.8,244.0,3.0,,6.0,3,1.0,,8.0,,
2025-03-25 12:00:00,351150400,ZIELONA GÓRA,2025,3,25,12,14.2,54,5.0,993.5,1016.5,182.0,2.0,,7.0,3,1.0,,9.0,,
2025-03-25 13:00:00,351150400,ZIELONA GÓRA,2025,3,25,13,14.7,51,4.7,993.0,1016.0,253.0,3.0,,7.0,25,2.0,,8.0,,
2025-03-25 14:00:00,351150400,ZIELONA GÓRA,2025,3,25,14,15.0,50,4.7,992.7,1015.6,275.0,1.0,,6.0,1,2.0,,8.0,,
2025-03-25 15:00:00,351150400,ZIELONA GÓRA,2025,3,25,15,14.5,56,5.8,992.6,1015.6,349.0,3.0,,7.0,25,8.0,,8.0,,
2025-03-25 16:00:00,351150400,ZIELONA GÓRA,2025,3,25,16,13.8,51,3.8,992.6,1015.6,299.0,2.0,,6.0,1,2.0,,8.0,,
2025-03-25 17:00:00,351150400,ZIELONA GÓRA,2025,3,25,17,12.7,56,4.1,992.7,1015.8,277.0,1.0,,5.0,1,2.0,,8.0,,
2025-03-25 18:00:00,351150400,ZIELONA GÓRA,2025,3,25,18,11.5,64,4.9,993.1,1016.3,267.0,2.0,,2.0,1,8.0,0.0,,6.0,
2025-03-25 19:00:00,351150400,ZIELONA GÓRA,2025,3,25,19,10.7,74,6.3,993.6,1016.9,289.0,3.0,,7.0,1,1.0,,8.0,,
2025-03-25 20:00:00,351150400,ZIELONA GÓRA,2025,3,25,20,10.6,73,6.0,993.6,1016.9,300.0,3.0,,7.0,3,2.0,,8.0,,
2025-03-25 21:00:00,351150400,ZIELONA GÓRA,2025,3,25,21,10.1,75,5.9,993.8,1017.2,305.0,3.0,,7.0,1,1.0,,8.0,,
2025-03-25 22:00:00,351150400,ZIELONA GÓRA,2025,3,25,22,9.1,78,5.5,993.8,1017.3,324.0,2.0,,,0,,,8.0,,
2025-03-25 23:00:00,351150400,ZIELONA GÓRA,2025,3,25,23,7.5,82,4.6,994.1,1017.7,314.0,3.0,,,10,,,8.0,,
2025-03-26 00:00:00,351150400,ZIELONA GÓRA,2025,3,26,0,5.6,89,3.9,994.0,1017.8,321.0,3.0,,,10,,,9.0,,
2025-03-26 01:00:00,351150400,ZIELONA GÓRA,2025,3,26,1,4.4,91,3.1,994.2,1018.1,307.0,4.0,,,10,,,8.0,,
2025-03-26 02:00:00,351150400,ZIELONA GÓRA,2025,3,26,2,4.1,95,3.4,994.1,1018.0,286.0,3.0,,,10,,,8.0,,
2025-03-26 03:00:00,351150400,ZIELONA GÓRA,2025,3,26,3,4.3,92,3.1,994.0,1017.9,254.0,1.0,,,10,,,8.0,,
2025-03-26 04:00:00,351150400,ZIELONA GÓRA,2025,3,26,4,4.4,93,3.4,993.8,1017.7,267.0,2.0,,,10,,,8.0,,
2025-03-26 05:00:00,351150400,ZIELONA GÓRA,2025,3,26,5,4.7,91,3.4,994.0,1017.8,275.0,3.0,,,10,,,8.0,,
2025-03-26 06:00:00,351150400,ZIELONA GÓRA,2025,3,26,6,5.0,92,3.8,994.3,1018.1,277.0,2.0,,8.0,60,,0.0,,6.0,
2025-03-26 07:00:00,351150400,ZIELONA GÓRA,2025,3,26,7,5.3,94,4.4,994.5,1018.3,277.0,3.0,,8.0,61,6.0,,8.0,,
2025-03-26 08:00:00,351150400,ZIELONA GÓRA,2025,3,26,8,5.6,96,5.0,994.7,1018.5,266.0,2.0,,8.0,61,6.0,,8.0,,
2025-03-26 09:00:00,351150400,ZIELONA GÓRA,2025,3,26,9,5.8,96,5.2,995.0,1018.8,266.0,2.0,,8.0,61,6.0,,8.0,,
2025-03-26 10:00:00,351150400,ZIELONA GÓRA,2025,3,26,10,5.9,97,5.5,995.1,1018.9,264.0,2.0,,8.0,51,6.0,,8.0,,
2025-03-26 11:00:00,351150400,ZIELONA GÓRA,2025,3,26,11,6.4,97,6.0,995.2,1018.9,272.0,2.0,,8.0,51,5.0,,8.0,,
2025-03-26 12:00:00,351150400,ZIELONA GÓRA,2025,3,26,12,6.6,97,6.2,995.1,1018.8,289.0,2.0,,8.0,50,6.0,2.3,,6.0,
2025-03-26 13:00:00,351150400,ZIELONA GÓRA,2025,3,26,13,7.0,97,6.6,995.2,1018.9,296.0,2.0,,8.0,50,5.0,,8.0,,
2025-03-26 14:00:00,351150400,ZIELONA GÓRA,2025,3,26,14,7.1,96,6.5,995.3,1019.0,295.0,2.0,,8.0,58,6.0,,8.0,,
2025-03-26 15:00:00,351150400,ZIELONA GÓRA,2025,3,26,15,7.2,97,6.8,995.3,1018.9,311.0,2.0,,8.0,61,6.0,,8.0,,
2025-03-26 16:00:00,351150400,ZIELONA GÓRA,2025,3,26,16,6.3,96,5.7,995.6,1019.3,299.0,2.0,,8.0,60,6.0,,8.0,,
2025-03-26 17:00:00,351150400,ZIELONA GÓRA,2025,3,26,17,6.5,95,5.8,996.0,1019.7,321.0,2.0,,7.0,1,2.0,,8.0,,
2025-03-26 18:00:00,351150400,ZIELONA GÓRA,2025,3,26,18,6.6,97,6.2,996.6,1020.3,307.0,2.0,,7.0,3,6.0,0.7,,6.0,
2025-03-26 19:00:00,351150400,ZIELONA GÓRA,2025,3,26,19,6.3,96,5.7,996.8,1020.6,305.0,2.0,,7.0,1,2.0,,8.0,,
2025-03-26 20:00:00,351150400,ZIELONA GÓRA,2025,3,26,20,6.4,95,5.7,997.2,1021.0,304.0,2.0,,7.0,2,2.0,,8.0,,
2025-03-26 21:00:00,351150400,ZIELONA GÓRA,2025,3,26,21,6.5,95,5.8,997.2,1021.0,301.0,2.0,,7.0,2,2.0,,8.0,,
2025-03-26 22:00:00,351150400,ZIELONA GÓRA,2025,3,26,22,6.1,96,5.5,997.5,1021.3,279.0,1.0,,,0,,,8.0,,
2025-03-26 23:00:00,351150400,ZIELONA GÓRA,2025,3,26,23,6.4,93,5.3,997.4,1021.2,283.0,1.0,,,0,,,8.0,,
2025-03-27 00:00:00,351150400,ZIELONA GÓRA,2025,3,27,0,6.7,90,5.2,997.5,1021.2,298.0,2.0,,,0,,,9.0,,
2025-03-27 01:00:00,351150400,ZIELONA GÓRA,2025,3,27,1,6.4,92,5.2,997.5,1021.3,309.0,3.0,,,0,,,8.0,,
2025-03-27 02:00:00,351150400,ZIELONA GÓRA,2025,3,27,2,5.4,95,4.7,997.2,1021.0,324.0,2.0,,,0,,,8.0,,
2025-03-27 03:00:00,351150400,ZIELONA GÓRA,2025,3,27,3,4.9,95,4.2,997.2,1021.1,318.0,2.0,,,0,,,8.0,,
2025-03-27 04:00:00,351150400,ZIELONA GÓRA,2025,3,27,4,4.1,97,3.7,997.4,1021.4,333.0,2.0,,,10,,,8.0,,
2025-03-27 05:00:00,351150400,ZIELONA GÓRA,2025,3,27,5,3.7,97,3.3,997.6,1021.6,330.0,2.0,,,10,,,8.0,,
2025-03-27 06:00:00,351150400,ZIELONA GÓRA,2025,3,27,6,3.9,97,3.5,998.0,1022.0,327.0,2.0,,7.0,10,,,9.0,,
2025-03-27 07:00:00,351150400,ZIELONA GÓRA,2025,3,27,7,5.1,91,3.8,998.1,1022.0,341.0,2.0,,1.0,10,1.0,,8.0,,
2025-03-27 08:00:00,351150400,ZIELONA GÓRA,2025,3,27,8,6.7,85,4.4,998.6,1022.4,345.0,2.0,,2.0,3,0.0,,8.0,,
2025-03-27 09:00:00,351150400,ZIELONA GÓRA,2025,3,27,9,7.1,79,3.7,998.8,1022.5,14.0,2.0,,3.0,3,1.0,,8.0,,
2025-03-27 10:00:00,351150400,ZIELONA GÓRA,2025,3,27,10,8.9,74,4.5,998.8,1022.4,7.0,2.0,,6.0,3,1.0,,8.0,,
2025-03-27 11:00:00,351150400,ZIELONA GÓRA,2025,3,27,11,10.0,65,3.7,998.4,1021.9,329.0,2.0,,4.0,1,1.0,,8.0,,
2025-03-27 12:00:00,351150400,ZIELONA GÓRA,2025,3,27,12,10.9,59,3.2,997.9,1021.3,335.0,3.0,,4.0,2,1.0,,9.0,,
2025-03-27 13:00:00,351150400,ZIELONA GÓRA,2025,3,27,13,11.5,56,3.0,997.2,1020.5,1.0,2.0,,3.0,1,0.0,,8.0,,
2025-03-27 14:00:00,351150400,ZIELONA GÓRA,2025,3,27,14,12.6,52,3.0,996.8,1020.0,346.0,2.0,,3.0,1,0.0,,8.0,,
2025-03-27 15:00:00,351150400,ZIELONA GÓRA,2025,3,27,15,12.8,49,2.3,996.4,1019.6,302.0,2.0,,3.0,1,0.0,,8.0,,
2025-03-27 16:00:00,351150400,ZIELONA GÓRA,2025,3,27,16,12.2,51,2.3,996.2,1019.4,16.0,1.0,,3.0,1,0.0,,8.0,,
2025-03-27 17:00:00,351150400,ZIELONA GÓRA,2025,3,27,17,11.5,60,4.0,996.3,1019.6,327.0,3.0,,5.0,3,1.0,,8.0,,
2025-03-27 18:00:00,351150400,ZIELONA GÓRA,2025,3,27,18,9.5,69,4.1,996.7,1020.2,322.0,2.0,,2.0,1,1.0,,9.0,,
2025-03-27 19:00:00,351150400,ZIELONA GÓRA,2025,3,27,19,7.9,77,4.1,996.9,1020.5,325.0,3.0,,1.0,1,0.0,,8.0,,
2025-03-27 20:00:00,351150400,ZIELONA GÓRA,2025,3,27,20,6.4,86,4.2,996.8,1020.6,327.0,2.0,,0.0,1,0.0,,8.0,,
2025-03-27 21:00:00,351150400,ZIELONA GÓRA,2025,3,27,21,5.6,91,4.2,996.6,1020.4,333.0,3.0,,0.0,10,0.0,,8.0,,
2025-03-27 22:00:00,351150400,ZIELONA GÓRA,2025,3,27,22,4.8,94,3.9,996.6,1020.5,341.0,2.0,,,10,,,8.0,,
2025-03-27 23:00:00,351150400,ZIELONA GÓRA,2025,3,27,23,4.1,96,3.5,996.4,1020.3,177.0,1.0,,,10,,,8.0,,
2025-03-28 00:00:00,351150400,ZIELONA GÓRA,2025,3,28,0,3.8,98,3.5,996.0,1020.0,146.0,1.0,,,10,,,9.0,,
2025-03-28 01:00:00,351150400,ZIELONA GÓRA,2025,3,28,1,4.3,98,4.0,995.7,1019.6,100.0,1.0,,,10,,,8.0,,
2025-03-28 02:00:00,351150400,ZIELONA GÓRA,2025,3,28,2,4.6,97,4.2,995.2,1019.1,75.0,2.0,,,10,,,8.0,,
2025-03-28 03:00:00,351150400,ZIELONA GÓRA,2025,3,28,3,3.8,97,3.4,994.9,1018.8,118.0,2.0,,,10,,,8.0,,
2025-03-28 04:00:00,351150400,ZIELONA GÓRA,2025,3,28,4,3.5,97,3.1,994.5,1018.4,121.0,2.0,,,10,,,8.0,,
2025-03-28 05:00:00,351150400,ZIELONA GÓRA,2025,3,28,5,3.3,97,2.9,994.3,1018.3,123.0,2.0,,,10,,,8.0,,
2025-03-28 06:00:00,351150400,ZIELONA GÓRA,2025,3,28,6,4.0,91,2.7,994.2,1018.1,136.0,2.0,,1.0,10,,,9.0,,
2025-03-28 07:00:00,351150400,ZIELONA GÓRA,2025,3,28,7,5.2,82,2.4,994.1,1017.9,143.0,3.0,,0.0,1,0.0,,8.0,,
2025-03-28 08:00:00,351150400,ZIELONA GÓRA,2025,3,28,8,7.3,73,2.8,994.1,1017.7,136.0,2.0,,0.0,2,0.0,,8.0,,
2025-03-28 09:00:00,351150400,ZIELONA GÓRA,2025,3,28,9,8.9,64,2.5,993.7,1017.2,137.0,3.0,,0.0,2,0.0,,8.0,,
2025-03-28 10:00:00,351150400,ZIELONA GÓRA,2025,3,28,10,10.5,61,3.3,993.1,1016.4,128.0,3.0,,0.0,2,0.0,,8.0,,
2025-03-28 11:00:00,351150400,ZIELONA GÓRA,2025,3,28,11,11.4,53,2.1,992.2,1015.4,103.0,3.0,,0.0,2,0.0,,8.0,,
2025-03-28 12:00:00,351150400,ZIELONA GÓRA,2025,3,28,12,13.2,51,3.3,991.2,1014.3,134.0,3.0,,0.0,2,0.0,,9.0,,
2025-03-28 13:00:00,351150400,ZIELONA GÓRA,2025,3,28,13,14.1,47,2.9,990.2,1013.2,113.0,3.0,,0.0,2,0.0,,8.0,,
2025-03-28 14:00:00,351150400,ZIELONA GÓRA,2025,3,28,14,14.3,44,2.2,989.6,1012.5,105.0,3.0,,0.0,2,0.0,,8.0,,
2025-03-28 15:00:00,351150400,ZIELONA GÓRA,2025,3,28,15,14.0,45,2.2,988.8,1011.7,123.0,3.0,,0.0,2,0.0,,8.0,,
2025-03-28 16:00:00,351150400,ZIELONA GÓRA,2025,3,28,16,13.7,46,2.3,988.5,1011.4,101.0,2.0,,0.0,2,0.0,,8.0,,
2025-03-28 17:00:00,351150400,ZIELONA GÓRA,2025,3,28,17,12.5,52,2.9,988.2,1011.2,92.0,2.0,,1.0,3,0.0,,8.0,,
2025-03-28 18:00:00,351150400,ZIELONA GÓRA,2025,3,28,18,10.9,57,2.7,988.0,1011.2,93.0,2.0,,1.0,2,0.0,,9.0,,
2025-03-28 19:00:00,351150400,ZIELONA GÓRA,2025,3,28,19,10.1,62,3.1,987.9,1011.1,98.0,2.0,,1.0,2,0.0,,8.0,,
2025-03-28 20:00:00,351150400,ZIELONA GÓRA,2025,3,28,20,9.4,65,3.1,987.6,1010.9,114.0,2.0,,0.0,1,0.0,,8.0,,
2025-03-28 21:00:00,351150400,ZIELONA GÓRA,2025,3,28,21,9.0,68,3.4,987.3,1010.6,119.0,2.0,,0.0,2,0.0,,8.0,,
2025-03-28 22:00:00,351150400,ZIELONA GÓRA,2025,3,28,22,9.0,69,3.6,986.9,1010.2,116.0,3.0,,,0,,,8.0,,
2025-03-28 23:00:00,351150400,ZIELONA GÓRA,2025,3,28,23,8.2,72,3.4,986.6,1010.0,119.0,3.0,,,0,,,8.0,,
2025-03-29 00:00:00,351150400,ZIELONA GÓRA,2025,3,29,0,7.6,76,3.6,986.3,1009.7,116.0,2.0,,,0,,,9.0,,
2025-03-29 01:00:00,351150400,ZIELONA GÓRA,2025,3,29,1,7.5,77,3.7,986.0,1009.4,131.0,3.0,,,10,,,8.0,,
2025-03-29 02:00:00,351150400,ZIELONA GÓRA,2025,3,29,2,7.1,80,3.9,985.7,1009.1,137.0,3.0,,,10,,,8.0,,
2025-03-29 03:00:00,351150400,ZIELONA GÓRA,2025,3,29,3,6.9,82,4.0,985.5,1008.9,130.0,3.0,,,10,,,8.0,,
2025-03-29 04:00:00,351150400,ZIELONA GÓRA,2025,3,29,4,6.6,85,4.3,985.7,1009.2,106.0,1.0,,,10,,,8.0,,
2025-03-29 05:00:00,351150400,ZIELONA GÓRA,2025,3,29,5,6.9,84,4.4,986.0,1009.5,117.0,2.0,,,10,,,8.0,,
2025-03-29 06:00:00,351150400,ZIELONA GÓRA,2025,3,29,6,7.5,82,4.6,986.2,1009.6,83.0,2.0,,7.0,10,,,9.0,,
2025-03-29 07:00:00,351150400,ZIELONA GÓRA,2025,3,29,7,8.3,79,4.9,986.5,1009.8,82.0,1.0,,7.0,10,2.0,,8.0,,
2025-03-29 08:00:00,351150400,ZIELONA GÓRA,2025,3,29,8,10.1,72,5.3,987.0,1010.2,327.0,1.0,,7.0,10,2.0,,8.0,,
2025-03-29 09:00:00,351150400,ZIELONA GÓRA,2025,3,29,9,10.9,71,5.8,987.5,1010.7,7.0,1.0,,7.0,10,2.0,,8.0,,
2025-03-29 10:00:00,351150400,ZIELONA GÓRA,2025,3,29,10,11.7,65,5.3,987.9,1011.0,338.0,3.0,,7.0,5,2.0,,8.0,,
2025-03-29 11:00:00,351150400,ZIELONA GÓRA,2025,3,29,11,13.2,59,5.4,988.0,1011.0,323.0,3.0,,7.0,5,2.0,,8.0,,
2025-03-29 12:00:00,351150400,ZIELONA GÓRA,2025,3,29,12,13.8,54,4.6,988.1,1011.0,351.0,3.0,,7.0,3,2.0,,9.0,,
2025-03-29 13:00:00,351150400,ZIELONA GÓRA,2025,3,29,13,14.9,55,5.9,988.3,1011.1,349.0,3.0,,7.0,1,2.0,,8.0,,
2025-03-29 14:00:00,351150400,ZIELONA GÓRA,2025,3,29,14,15.0,53,5.5,988.3,1011.1,333.0,3.0,,7.0,3,2.0,,8.0,,
2025-03-29 15:00:00,351150400,ZIELONA GÓRA,2025,3,29,15,14.7,54,5.5,988.5,1011.4,349.0,3.0,,7.0,3,2.0,,8.0,,
2025-03-29 16:00:00,351150400,ZIELONA GÓRA,2025,3,29,16,14.5,54,5.3,988.9,1011.8,340.0,3.0,,7.0,3,2.0,,8.0,,
2025-03-29 17:00:00,351150400,ZIELONA GÓRA,2025,3,29,17,13.9,59,6.0,989.3,1012.2,331.0,3.0,,8.0,3,2.0,,8.0,,
2025-03-29 18:00:00,351150400,ZIELONA GÓRA,2025,3,29,18,12.7,64,6.1,990.1,1013.2,331.0,5.0,10.0,8.0,1,2.0,,9.0,,
2025-03-29 19:00:00,351150400,ZIELONA GÓRA,2025,3,29,19,11.7,62,4.7,990.8,1014.0,337.0,4.0,,8.0,1,2.0,,8.0,,
2025-03-29 20:00:00,351150400,ZIELONA GÓRA,2025,3,29,20,9.9,68,4.3,991.4,1014.7,335.0,6.0,11.0,8.0,2,2.0,,8.0,,
2025-03-29 21:00:00,351150400,ZIELONA GÓRA,2025,3,29,21,8.8,70,3.6,991.4,1014.8,335.0,6.0,11.0,8.0,2,2.0,,8.0,,
2025-03-29 22:00:00,351150400,ZIELONA GÓRA,2025,3,29,22,8.2,73,3.6,991.3,1014.8,338.0,5.0,,,0,,,8.0,,
2025-03-29 23:00:00,351150400,ZIELONA GÓRA,2025,3,29,23,7.5,72,2.8,991.2,1014.7,335.0,3.0,,,0,,,8.0,,
2025-03-30 00:00:00,351150400,ZIELONA GÓRA,2025,3,30,0,7.4,71,2.5,991.1,1014.6,330.0,4.0,,,0,,,9.0,,
2025-03-30 01:00:00,351150400,ZIELONA GÓRA,2025,3,30,1,7.5,72,2.8,990.9,1014.4,322.0,3.0,,,0,,,8.0,,
2025-03-30 02:00:00,351150400,ZIELONA GÓRA,2025,3,30,2,6.9,77,3.1,990.8,1014.4,323.0,4.0,,,0,,,8.0,,
2025-03-30 03:00:00,351150400,ZIELONA GÓRA,2025,3,30,3,6.5,74,2.2,990.8,1014.4,315.0,4.0,,,0,,,8.0,,
2025-03-30 04:00:00,351150400,ZIELONA GÓRA,2025,3,30,4,6.1,71,1.2,990.5,1014.1,312.0,3.0,,,0,,,8.0,,
2025-03-30 05:00:00,351150400,ZIELONA GÓRA,2025,3,30,5,4.8,78,1.3,990.6,1014.3,287.0,2.0,,1.0,0,,,8.0,,
2025-03-30 06:00:00,351150400,ZIELONA GÓRA,2025,3,30,6,5.8,72,1.1,990.3,1013.9,280.0,2.0,,2.0,3,,,9.0,,
2025-03-30 07:00:00,351150400,ZIELONA GÓRA,2025,3,30,7,8.1,59,0.6,989.7,1013.1,273.0,2.0,,6.0,1,1.0,,8.0,,
2025-03-30 08:00:00,351150400,ZIELONA GÓRA,2025,3,30,8,8.7,59,1.1,989.0,1012.4,230.0,3.0,,7.0,3,2.0,,8.0,,
2025-03-30 09:00:00,351150400,ZIELONA GÓRA,2025,3,30,9,10.5,51,0.8,988.6,1011.8,250.0,4.0,,7.0,1,1.0,,8.0,,
2025-03-30 10:00:00,351150400,ZIELONA GÓRA,2025,3,30,10,11.4,43,-0.8,987.7,1010.8,251.0,4.0,9.0,7.0,3,2.0,,8.0,,
2025-03-30 11:00:00,351150400,ZIELONA GÓRA,2025,3,30,11,10.7,43,-1.4,987.0,1010.2,256.0,4.0,,7.0,3,2.0,,8.0,,
2025-03-30 12:00:00,351150400,ZIELONA GÓRA,2025,3,30,12,9.8,48,-0.7,986.6,1009.8,266.0,5.0,10.0,7.0,25,1.0,0.0,,6.0,
2025-03-30 13:00:00,351150400,ZIELONA GÓRA,2025,3,30,13,8.3,64,1.9,986.3,1009.6,258.0,5.0,10.0,7.0,25,2.0,,8.0,,
2025-03-30 14:00:00,351150400,ZIELONA GÓRA,2025,3,30,14,6.8,80,3.6,986.0,1009.5,263.0,5.0,,7.0,25,2.0,,8.0,,
2025-03-30 15:00:00,351150400,ZIELONA GÓRA,2025,3,30,15,6.7,83,4.0,985.4,1008.9,243.0,4.0,,7.0,1,8.0,,8.0,,
2025-03-30 16:00:00,351150400,ZIELONA GÓRA,2025,3,30,16,7.6,80,4.4,985.0,1008.4,241.0,4.0,,7.0,3,2.0,,8.0,,
2025-03-30 17:00:00,351150400,ZIELONA GÓRA,2025,3,30,17,7.5,82,4.6,985.0,1008.4,234.0,3.0,,7.0,80,2.0,,8.0,,
2025-03-30 18:00:00,351150400,ZIELONA GÓRA,2025,3,30,18,6.6,91,5.2,985.0,1008.5,246.0,4.0,,7.0,25,8.0,0.4,,6.0,
2025-03-30 19:00:00,351150400,ZIELONA GÓRA,2025,3,30,19,6.1,91,4.7,985.4,1008.9,251.0,3.0,,7.0,25,2.0,,8.0,,
2025-03-30 20:00:00,351150400,ZIELONA GÓRA,2025,3,30,20,6.0,92,4.8,985.6,1009.1,259.0,3.0,,7.0,25,8.0,,8.0,,
2025-03-30 21:00:00,351150400,ZIELONA GÓRA,2025,3,30,21,5.9,90,4.4,985.8,1009.3,286.0,4.0,10.0,,0,,,8.0,,
2025-03-30 22:00:00,351150400,ZIELONA GÓRA,2025,3,30,22,5.5,92,4.3,986.4,1010.0,307.0,5.0,,,10,,,8.0,,
2025-03-30 23:00:00,351150400,ZIELONA GÓRA,2025,3,30,23,5.4,96,4.8,986.8,1010.4,300.0,4.0,,,81,,,8.0,,
2025-03-31 00:00:00,351150400,ZIELONA GÓRA,2025,3,31,0,5.5,96,4.9,987.2,1010.8,305.0,4.0,,,10,,0.2,,,
2025-03-31 01:00:00,351150400,ZIELONA GÓRA,2025,3,31,1,5.5,96,4.9,987.8,1011.4,310.0,4.0,,,80,,,8.0,,
2025-03-31 02:00:00,351150400,ZIELONA GÓRA,2025,3,31,2,5.4,97,5.0,988.1,1011.7,325.0,3.0,,,83,,,8.0,,
2025-03-31 03:00:00,351150400,ZIELONA GÓRA,2025,3,31,3,5.4,98,5.1,988.7,1012.3,311.0,3.0,,,81,,,8.0,,
2025-03-31 04:00:00,351150400,ZIELONA GÓRA,2025,3,31,4,5.5,98,5.2,989.3,1013.0,307.0,4.0,,,81,,,8.0,,
2025-03-31 05:00:00,351150400,ZIELONA GÓRA,2025,3,31,5,5.5,98,5.2,990.1,1013.8,316.0,3.0,,8.0,10,,,8.0,,
2025-03-31 06:00:00,351150400,ZIELONA GÓRA,2025,3,31,6,5.8,98,5.5,990.9,1014.6,320.0,3.0,,8.0,10,,3.4,,6.0,
2025-03-31 07:00:00,351150400,ZIELONA GÓRA,2025,3,31,7,6.0,98,5.7,991.5,1015.2,320.0,3.0,,8.0,10,2.0,,8.0,,
2025-03-31 08:00:00,351150400,ZIELONA GÓRA,2025,3,31,8,6.5,94,5.6,992.5,1016.1,332.0,3.0,,7.0,1,2.0,,8.0,,
2025-03-31 09:00:00,351150400,ZIELONA GÓRA,2025,3,31,9,7.3,89,5.6,993.3,1016.9,341.0,3.0,,7.0,3,2.0,,8.0,,
2025-03-31 10:00:00,351150400,ZIELONA GÓRA,2025,3,31,10,7.4,85,5.0,994.0,1017.6,350.0,3.0,,7.0,25,2.0,,8.0,,
2025-03-31 11:00:00,351150400,ZIELONA GÓRA,2025,3,31,11,7.3,89,5.6,994.7,1018.3,357.0,2.0,,7.0,25,2.0,,8.0,,
2025-03-31 12:00:00,351150400,ZIELONA GÓRA,2025,3,31,12,9.3,74,4.9,995.0,1018.5,342.0,4.0,,4.0,1,8.0,1.4,,6.0,
2025-03-31 13:00:00,351150400,ZIELONA GÓRA,2025,3,31,13,9.4,63,2.7,995.5,1019.0,348.0,5.0,10.0,7.0,3,1.0,,8.0,,
2025-03-31 14:00:00,351150400,ZIELONA GÓRA,2025,3,31,14,6.3,89,4.6,996.3,1020.0,342.0,2.0,,7.0,80,8.0,,8.0,,
2025-03-31 15:00:00,351150400,ZIELONA GÓRA,2025,3,31,15,8.4,83,5.7,996.7,1020.3,345.0,3.0,,7.0,25,1.0,,8.0,,
2025-03-31 16:00:00,351150400,ZIELONA GÓRA,2025,3,31,16,8.7,73,4.1,997.3,1020.9,350.0,4.0,,7.0,1,2.0,,8.0,,
2025-03-31 17:00:00,351150400,ZIELONA GÓRA,2025,3,31,17,7.9,77,4.1,998.4,1022.1,329.0,4.0,9.0,7.0,3,2.0,,8.0,,
2025-03-31 18:00:00,351150400,ZIELONA GÓRA,2025,3,31,18,6.5,83,3.8,999.4,1023.2,340.0,4.0,9.0,7.0,1,8.0,4.9,,9.0,
2025-03-31 19:00:00,351150400,ZIELONA GÓRA,2025,3,31,19,5.7,85,3.4,1000.2,1024.1,339.0,4.0,,5.0,1,2.0,,8.0,,
2025-03-31 20:00:00,351150400,ZIELONA GÓRA,2025,3,31,20,5.1,87,3.1,1000.6,1024.6,332.0,3.0,,7.0,1,2.0,,8.0,,
2025-03-31 21:00:00,351150400,ZIELONA GÓRA,2025,3,31,21,4.7,88,2.9,1000.9,1024.9,331.0,3.0,,,0,,,8.0,,
2025-03-31 22:00:00,351150400,ZIELONA GÓRA,2025,3,31,22,4.6,89,2.9,1001.1,1025.1,335.0,3.0,,,0,,,8.0,,
2025-03-31 23:00:00,351150400,ZIELONA GÓRA,2025,3,31,23,4.6,91,3.3,1001.3,1025.3,346.0,3.0,,,0,,,8.0,,
2025-04-01 00:00:00,351150400,ZIELONA GÓRA,2025,4,1,0,4.4,93,3.4,1001.3,1025.3,351.0,3.0,,,10,,,9.0,,
2025-04-01 01:00:00,351150400,ZIELONA GÓRA,2025,4,1,1,4.4,93,3.4,1001.5,1025.5,355.0,3.0,,,10,,,8.0,,
2025-04-01 02:00:00,351150400,ZIELONA GÓRA,2025,4,1,2,4.2,93,3.2,1001.9,1026.0,358.0,3.0,,,0,,,8.0,,
2025-04-01 03:00:00,351150400,ZIELONA GÓRA,2025,4,1,3,3.8,92,2.6,1002.2,1026.3,355.0,2.0,,,0,,,8.0,,
2025-04-01 04:00:00,351150400,ZIELONA GÓRA,2025,4,1,4,3.5,92,2.3,1002.7,1026.8,5.0,2.0,,,0,,,8.0,,
2025-04-01 05:00:00,351150400,ZIELONA GÓRA,2025,4,1,5,2.7,93,1.7,1003.3,1027.5,352.0,2.0,,1.0,0,,,8.0,,
2025-04-01 06:00:00,351150400,ZIELONA GÓRA,2025,4,1,6,3.5,90,2.0,1003.8,1028.0,9.0,2.0,,1.0,2,,,9.0,,
2025-04-01 07:00:00,351150400,ZIELONA GÓRA,2025,4,1,7,5.2,82,2.4,1004.2,1028.2,14.0,2.0,,1.0,2,0.0,,8.0,,
2025-04-01 08:00:00,351150400,ZIELONA GÓRA,2025,4,1,8,7.4,71,2.5,1004.4,1028.2,33.0,2.0,,1.0,3,0.0,,8.0,,
2025-04-01 09:00:00,351150400,ZIELONA GÓRA,2025,4,1,9,8.1,62,1.2,1004.4,1028.2,29.0,3.0,,1.0,2,0.0,,8.0,,
2025-04-01 10:00:00,351150400,ZIELONA GÓRA,2025,4,1,10,9.8,59,2.2,1004.4,1028.0,44.0,3.0,,5.0,3,1.0,,8.0,,
2025-04-01 11:00:00,351150400,ZIELONA GÓRA,2025,4,1,11,10.3,53,1.1,1004.3,1027.9,35.0,4.0,,4.0,1,1.0,,8.0,,
2025-04-01 12:00:00,351150400,ZIELONA GÓRA,2025,4,1,12,11.4,53,2.1,1004.3,1027.8,37.0,3.0,,2.0,1,1.0,,9.0,,
2025-04-01 13:00:00,351150400,ZIELONA GÓRA,2025,4,1,13,11.6,50,1.5,1003.8,1027.3,37.0,2.0,,2.0,1,0.0,,8.0,,
2025-04-01 14:00:00,351150400,ZIELONA GÓRA,2025,4,1,14,12.2,47,1.2,1003.3,1026.7,24.0,3.0,,3.0,1,0.0,,8.0,,
2025-04-01 15:00:00,351150400,ZIELONA GÓRA,2025,4,1,15,12.7,47,1.7,1003.2,1026.6,37.0,2.0,,1.0,1,0.0,,8.0,,
2025-04-01 16:00:00,351150400,ZIELONA GÓRA,2025,4,1,16,12.5,47,1.5,1003.0,1026.4,58.0,2.0,,1.0,1,0.0,,8.0,,
2025-04-01 17:00:00,351150400,ZIELONA GÓRA,2025,4,1,17,12.0,49,1.6,1003.0,1026.4,20.0,2.0,,4.0,3,0.0,,8.0,,
2025-04-01 18:00:00,351150400,ZIELONA GÓRA,2025,4,1,18,10.9,54,1.9,1003.1,1026.6,353.0,2.0,,2.0,1,0.0,,9.0,,
2025-04-01 19:00:00,351150400,ZIELONA GÓRA,2025,4,1,19,9.9,58,2.0,1003.5,1027.1,5.0,2.0,,1.0,1,0.0,,8.0,,
2025-04-01 20:00:00,351150400,ZIELONA GÓRA,2025,4,1,20,9.5,60,2.1,1003.4,1027.0,350.0,2.0,,5.0,3,1.0,,8.0,,
2025-04-01 21:00:00,351150400,ZIELONA GÓRA,2025,4,1,21,8.5,65,2.3,1003.7,1027.4,354.0,3.0,,,0,,,8.0,,
2025-04-01 22:00:00,351150400,ZIELONA GÓRA,2025,4,1,22,7.6,71,2.7,1003.6,1027.4,350.0,3.0,,,0,,,8.0,,
2025-04-01 23:00:00,351150400,ZIELONA GÓRA,2025,4,1,23,7.2,74,2.9,1003.9,1027.8,12.0,2.0,,,0,,,8.0,,
2025-04-02 00:00:00,351150400,ZIELONA GÓRA,2025,4,2,0,7.0,75,2.9,1003.9,1027.8,10.0,2.0,,,0,,,9.0,,
2025-04-02 01:00:00,351150400,ZIELONA GÓRA,2025,4,2,1,6.4,79,3.0,1003.8,1027.7,32.0,2.0,,,0,,,8.0,,
2025-04-02 02:00:00,351150400,ZIELONA GÓRA,2025,4,2,2,5.2,84,2.7,1003.4,1027.4,2.0,3.0,,,0,,,8.0,,
2025-04-02 03:00:00,351150400,ZIELONA GÓRA,2025,4,2,3,4.5,88,2.7,1003.2,1027.3,13.0,2.0,,,0,,,8.0,,
2025-04-02 04:00:00,351150400,ZIELONA GÓRA,2025,4,2,4,3.8,91,2.5,1003.2,1027.3,25.0,2.0,,,0,,,8.0,,
2025-04-02 05:00:00,351150400,ZIELONA GÓRA,2025,4,2,5,3.6,92,2.4,1003.3,1027.5,24.0,3.0,,3.0,0,,,8.0,,
2025-04-02 06:00:00,351150400,ZIELONA GÓRA,2025,4,2,6,4.4,89,2.7,1003.7,1027.8,23.0,3.0,,3.0,1,,,9.0,,
2025-04-02 07:00:00,351150400,ZIELONA GÓRA,2025,4,2,7,6.1,83,3.4,1004.1,1028.1,29.0,2.0,,2.0,1,0.0,,8.0,,
2025-04-02 08:00:00,351150400,ZIELONA GÓRA,2025,4,2,8,8.3,74,3.9,1004.3,1028.1,40.0,3.0,,6.0,3,1.0,,8.0,,
2025-04-02 09:00:00,351150400,ZIELONA GÓRA,2025,4,2,9,9.7,67,3.9,1004.3,1027.9,24.0,3.0,,3.0,1,1.0,,8.0,,
2025-04-02 10:00:00,351150400,ZIELONA GÓRA,2025,4,2,10,11.7,60,4.2,1004.3,1027.8,57.0,3.0,,1.0,1,0.0,,8.0,,
2025-04-02 11:00:00,351150400,ZIELONA GÓRA,2025,4,2,11,13.9,51,3.9,1003.9,1027.2,48.0,3.0,,1.0,2,0.0,,8.0,,
2025-04-02 12:00:00,351150400,ZIELONA GÓRA,2025,4,2,12,14.8,45,3.0,1003.6,1026.8,52.0,3.0,,1.0,3,1.0,,9.0,,
2025-04-02 13:00:00,351150400,ZIELONA GÓRA,2025,4,2,13,15.5,40,1.9,1003.0,1026.1,62.0,3.0,8.0,1.0,2,0.0,,8.0,,
2025-04-02 14:00:00,351150400,ZIELONA GÓRA,2025,4,2,14,16.1,39,2.1,1002.3,1025.4,42.0,3.0,,1.0,1,0.0,,8.0,,
2025-04-02 15:00:00,351150400,ZIELONA GÓRA,2025,4,2,15,15.9,38,1.6,1001.9,1025.0,49.0,3.0,,1.0,2,0.0,,8.0,,
2025-04-02 16:00:00,351150400,ZIELONA GÓRA,2025,4,2,16,15.8,31,-1.3,1001.7,1024.8,44.0,3.0,,1.0,2,0.0,,8.0,,
2025-04-02 17:00:00,351150400,ZIELONA GÓRA,2025,4,2,17,14.8,30,-2.6,1001.8,1025.0,52.0,3.0,,0.0,1,0.0,,8.0,,
2025-04-02 18:00:00,351150400,ZIELONA GÓRA,2025,4,2,18,13.2,33,-2.7,1001.9,1025.2,52.0,2.0,,1.0,3,0.0,,9.0,,
2025-04-02 19:00:00,351150400,ZIELONA GÓRA,2025,4,2,19,12.3,35,-2.7,1002.2,1025.6,33.0,2.0,,0.0,1,0.0,,8.0,,
2025-04-02 20:00:00,351150400,ZIELONA GÓRA,2025,4,2,20,11.8,37,-2.4,1002.6,1026.0,45.0,2.0,,0.0,2,0.0,,8.0,,
2025-04-02 21:00:00,351150400,ZIELONA GÓRA,2025,4,2,21,10.5,41,-2.2,1003.0,1026.6,56.0,3.0,,,0,,,8.0,,
2025-04-02 22:00:00,351150400,ZIELONA GÓRA,2025,4,2,22,9.3,44,-2.3,1003.3,1027.0,65.0,3.0,,,0,,,8.0,,
2025-04-02 23:00:00,351150400,ZIELONA GÓRA,2025,4,2,23,8.4,43,-3.5,1003.4,1027.1,58.0,3.0,,,0,,,8.0,,
2025-04-03 00:00:00,351150400,ZIELONA GÓRA,2025,4,3,0,7.3,44,-4.2,1003.3,1027.1,59.0,3.0,,,0,,,9.0,,
2025-04-03 01:00:00,351150400,ZIELONA GÓRA,2025,4,3,1,6.2,47,-4.3,1003.4,1027.3,56.0,3.0,,,0,,,8.0,,
2025-04-03 02:00:00,351150400,ZIELONA GÓRA,2025,4,3,2,5.6,49,-4.3,1003.2,1027.2,60.0,3.0,,,0,,,8.0,,
2025-04-03 03:00:00,351150400,ZIELONA GÓRA,2025,4,3,3,5.2,53,-3.6,1003.4,1027.4,50.0,2.0,,,0,,,8.0,,
2025-04-03 04:00:00,351150400,ZIELONA GÓRA,2025,4,3,4,5.0,56,-3.1,1003.7,1027.7,51.0,3.0,,,0,,,8.0,,
2025-04-03 05:00:00,351150400,ZIELONA GÓRA,2025,4,3,5,4.8,58,-2.8,1003.9,1028.0,47.0,3.0,,3.0,0,,,8.0,,
2025-04-03 06:00:00,351150400,ZIELONA GÓRA,2025,4,3,6,6.0,58,-1.6,1004.3,1028.3,51.0,3.0,,1.0,1,,,9.0,,
2025-04-03 07:00:00,351150400,ZIELONA GÓRA,2025,4,3,7,8.1,55,-0.4,1004.5,1028.3,78.0,2.0,,2.0,3,0.0,,8.0,,
2025-04-03 08:00:00,351150400,ZIELONA GÓRA,2025,4,3,8,11.1,54,2.1,1004.7,1028.2,131.0,2.0,,2.0,2,0.0,,8.0,,
2025-04-03 09:00:00,351150400,ZIELONA GÓRA,2025,4,3,9,12.9,52,3.3,1004.6,1028.0,22.0,1.0,,1.0,1,0.0,,8.0,,
2025-04-03 10:00:00,351150400,ZIELONA GÓRA,2025,4,3,10,14.8,52,5.0,1004.5,1027.7,33.0,2.0,,1.0,2,0.0,,8.0,,
2025-04-03 11:00:00,351150400,ZIELONA GÓRA,2025,4,3,11,15.2,50,4.8,1004.4,1027.6,37.0,3.0,,1.0,2,0.0,,8.0,,
2025-04-03 12:00:00,351150400,ZIELONA GÓRA,2025,4,3,12,16.0,47,4.7,1003.9,1027.0,63.0,3.0,,1.0,3,0.0,,9.0,,
2025-04-03 13:00:00,351150400,ZIELONA GÓRA,2025,4,3,13,17.4,47,6.0,1003.5,1026.5,33.0,2.0,,1.0,3,0.0,,8.0,,
2025-04-03 14:00:00,351150400,ZIELONA GÓRA,2025,4,3,14,17.6,45,5.5,1002.9,1025.9,25.0,1.0,,1.0,1,0.0,,8.0,,
2025-04-03 15:00:00,351150400,ZIELONA GÓRA,2025,4,3,15,17.9,43,5.1,1002.4,1025.3,47.0,2.0,,1.0,2,0.0,,8.0,,
2025-04-03 16:00:00,351150400,ZIELONA GÓRA,2025,4,3,16,17.1,44,4.7,1002.2,1025.2,28.0,3.0,,1.0,2,0.0,,8.0,,
2025-04-03 17:00:00,351150400,ZIELONA GÓRA,2025,4,3,17,16.7,46,5.0,1002.1,1025.1,65.0,1.0,,0.0,1,0.0,,8.0,,
2025-04-03 18:00:00,351150400,ZIELONA GÓRA,2025,4,3,18,15.3,50,4.9,1002.1,1025.2,61.0,1.0,,0.0,2,0.0,,9.0,,
2025-04-03 19:00:00,351150400,ZIELONA GÓRA,2025,4,3,19,14.7,51,4.7,1002.1,1025.3,56.0,1.0,,0.0,2,0.0,,8.0,,
2025-04-03 20:00:00,351150400,ZIELONA GÓRA,2025,4,3,20,14.3,53,4.8,1002.0,1025.2,60.0,2.0,,0.0,2,0.0,,8.0,,
2025-04-03 21:00:00,351150400,ZIELONA GÓRA,2025,4,3,21,13.5,55,4.6,1001.9,1025.2,103.0,1.0,,,0,,,8.0,,
2025-04-03 22:00:00,351150400,ZIELONA GÓRA,2025,4,3,22,12.9,57,4.6,1001.9,1025.2,138.0,1.0,,,0,,,8.0,,
2025-04-03 23:00:00,351150400,ZIELONA GÓRA,2025,4,3,23,13.0,58,4.9,1001.7,1025.0,130.0,1.0,,,0,,,8.0,,
2025-04-04 00:00:00,351150400,ZIELONA GÓRA,2025,4,4,0,12.5,60,4.9,1001.5,1024.8,125.0,2.0,,,0,,,9.0,,
2025-04-04 01:00:00,351150400,ZIELONA GÓRA,2025,4,4,1,11.3,64,4.7,1001.0,1024.4,275.0,1.0,,,0,,,8.0,,
2025-04-04 02:00:00,351150400,ZIELONA GÓRA,2025,4,4,2,11.2,65,4.9,1000.9,1024.3,0.0,0.0,,,0,,,8.0,,
2025-04-04 03:00:00,351150400,ZIELONA GÓRA,2025,4,4,3,11.4,64,4.8,1000.5,1023.9,269.0,1.0,,,0,,,8.0,,
2025-04-04 04:00:00,351150400,ZIELONA GÓRA,2025,4,4,4,10.7,67,4.8,1000.3,1023.8,292.0,1.0,,,0,,,8.0,,
2025-04-04 05:00:00,351150400,ZIELONA GÓRA,2025,4,4,5,10.5,67,4.6,1000.3,1023.8,292.0,1.0,,0.0,0,,,8.0,,
2025-04-04 06:00:00,351150400,ZIELONA GÓRA,2025,4,4,6,12.5,62,5.4,1000.4,1023.7,334.0,1.0,,0.0,2,,,9.0,,
2025-04-04 07:00:00,351150400,ZIELONA GÓRA,2025,4,4,7,14.5,55,5.6,1000.1,1023.3,293.0,1.0,,0.0,2,0.0,,8.0,,
2025-04-04 08:00:00,351150400,ZIELONA GÓRA,2025,4,4,8,15.9,50,5.5,999.9,1022.9,293.0,2.0,,0.0,2,0.0,,8.0,,
2025-04-04 09:00:00,351150400,ZIELONA GÓRA,2025,4,4,9,17.1,48,6.0,999.6,1022.5,323.0,2.0,,0.0,2,0.0,,8.0,,
2025-04-04 10:00:00,351150400,ZIELONA GÓRA,2025,4,4,10,17.8,44,5.4,999.0,1021.9,261.0,2.0,,1.0,3,0.0,,8.0,,
2025-04-04 11:00:00,351150400,ZIELONA GÓRA,2025,4,4,11,18.1,40,4.3,998.3,1021.1,47.0,1.0,,1.0,3,0.0,,8.0,,
2025-04-04 12:00:00,351150400,ZIELONA GÓRA,2025,4,4,12,19.1,39,4.8,997.2,1019.9,63.0,2.0,,1.0,1,0.0,,9.0,,
2025-04-04 13:00:00,351150400,ZIELONA GÓRA,2025,4,4,13,20.4,37,5.2,996.4,1019.0,315.0,2.0,,1.0,2,0.0,,8.0,,
2025-04-04 14:00:00,351150400,ZIELONA GÓRA,2025,4,4,14,20.0,35,4.1,995.5,1018.1,351.0,2.0,,1.0,1,0.0,,8.0,,
2025-04-04 15:00:00,351150400,ZIELONA GÓRA,2025,4,4,15,20.2,32,3.0,994.4,1017.0,319.0,3.0,,1.0,3,0.0,,8.0,,
2025-04-04 16:00:00,351150400,ZIELONA GÓRA,2025,4,4,16,20.3,33,3.5,993.7,1016.2,273.0,2.0,,1.0,1,0.0,,8.0,,
2025-04-04 17:00:00,351150400,ZIELONA GÓRA,2025,4,4,17,19.2,40,5.3,993.2,1015.8,293.0,3.0,,3.0,1,0.0,,8.0,,
2025-04-04 18:00:00,351150400,ZIELONA GÓRA,2025,4,4,18,17.3,45,5.2,993.1,1015.9,328.0,2.0,,3.0,3,0.0,,9.0,,
2025-04-04 19:00:00,351150400,ZIELONA GÓRA,2025,4,4,19,16.1,48,5.1,993.0,1015.9,335.0,3.0,,2.0,1,0.0,,8.0,,
2025-04-04 20:00:00,351150400,ZIELONA GÓRA,2025,4,4,20,14.9,52,5.1,992.7,1015.6,348.0,2.0,,2.0,1,0.0,,8.0,,
2025-04-04 21:00:00,351150400,ZIELONA GÓRA,2025,4,4,21,13.8,56,5.2,992.1,1015.1,358.0,2.0,,,0,,,8.0,,
2025-04-04 22:00:00,351150400,ZIELONA GÓRA,2025,4,4,22,12.1,60,4.6,992.1,1015.3,2.0,2.0,,,0,,,8.0,,
2025-04-04 23:00:00,351150400,ZIELONA GÓRA,2025,4,4,23,11.3,58,3.3,991.7,1014.9,358.0,3.0,,,0,,,8.0,,
2025-04-05 00:00:00,351150400,ZIELONA GÓRA,2025,4,5,0,10.0,63,3.3,991.3,1014.6,359.0,2.0,,,0,,,9.0,,
2025-04-05 01:00:00,351150400,ZIELONA GÓRA,2025,4,5,1,8.8,68,3.2,991.0,1014.4,356.0,3.0,,,0,,,8.0,,
2025-04-05 02:00:00,351150400,ZIELONA GÓRA,2025,4,5,2,7.5,72,2.8,990.8,1014.3,360.0,3.0,,,0,,,8.0,,
2025-04-05 03:00:00,351150400,ZIELONA GÓRA,2025,4,5,3,4.9,80,1.7,991.5,1015.3,30.0,3.0,,,0,,,8.0,,
2025-04-05 04:00:00,351150400,ZIELONA GÓRA,2025,4,5,4,3.2,62,-3.4,991.9,1015.8,46.0,3.0,,,0,,,8.0,,
2025-04-05 05:00:00,351150400,ZIELONA GÓRA,2025,4,5,5,2.5,67,-3.0,992.4,1016.4,18.0,2.0,,7.0,0,,,8.0,,
2025-04-05 06:00:00,351150400,ZIELONA GÓRA,2025,4,5,6,2.7,68,-2.6,992.9,1016.9,22.0,2.0,,7.0,1,,,9.0,,
2025-04-05 07:00:00,351150400,ZIELONA GÓRA,2025,4,5,7,3.5,65,-2.5,993.2,1017.1,6.0,3.0,,7.0,1,2.0,,8.0,,
2025-04-05 08:00:00,351150400,ZIELONA GÓRA,2025,4,5,8,5.2,59,-2.2,993.7,1017.5,5.0,3.0,,7.0,3,2.0,,8.0,,
2025-04-05 09:00:00,351150400,ZIELONA GÓRA,2025,4,5,9,6.4,44,-5.0,993.8,1017.5,357.0,4.0,,5.0,1,2.0,,8.0,,
2025-04-05 10:00:00,351150400,ZIELONA GÓRA,2025,4,5,10,7.6,42,-4.5,993.9,1017.5,2.0,4.0,,4.0,3,1.0,,8.0,,
2025-04-05 11:00:00,351150400,ZIELONA GÓRA,2025,4,5,11,8.4,40,-4.4,993.5,1017.0,360.0,4.0,9.0,4.0,3,0.0,,8.0,,
2025-04-05 12:00:00,351150400,ZIELONA GÓRA,2025,4,5,12,8.7,39,-4.5,993.4,1016.9,3.0,4.0,9.0,7.0,3,1.0,,9.0,,
2025-04-05 13:00:00,351150400,ZIELONA GÓRA,2025,4,5,13,8.2,42,-4.0,993.1,1016.6,355.0,4.0,,6.0,1,2.0,,8.0,,
2025-04-05 14:00:00,351150400,ZIELONA GÓRA,2025,4,5,14,8.9,34,-6.1,993.1,1016.6,358.0,5.0,10.0,4.0,1,1.0,,8.0,,
2025-04-05 15:00:00,351150400,ZIELONA GÓRA,2025,4,5,15,8.1,34,-6.8,993.4,1016.9,358.0,5.0,11.0,4.0,2,1.0,,8.0,,
2025-04-05 16:00:00,351150400,ZIELONA GÓRA,2025,4,5,16,6.7,36,-7.3,994.0,1017.7,1.0,6.0,13.0,3.0,1,0.0,,8.0,,
2025-04-05 17:00:00,351150400,ZIELONA GÓRA,2025,4,5,17,5.8,35,-8.5,994.5,1018.2,360.0,6.0,12.0,1.0,1,0.0,,8.0,,
2025-04-05 18:00:00,351150400,ZIELONA GÓRA,2025,4,5,18,4.1,38,-9.0,995.6,1019.5,356.0,5.0,,1.0,2,1.0,,9.0,,
2025-04-05 19:00:00,351150400,ZIELONA GÓRA,2025,4,5,19,2.8,47,-7.4,996.9,1021.0,27.0,4.0,12.0,1.0,3,0.0,,8.0,,
2025-04-05 20:00:00,351150400,ZIELONA GÓRA,2025,4,5,20,1.2,52,-7.6,997.9,1022.1,21.0,3.0,,0.0,1,0.0,,8.0,,
2025-04-05 21:00:00,351150400,ZIELONA GÓRA,2025,4,5,21,0.4,52,-8.3,998.4,1022.7,13.0,3.0,,,0,,,8.0,,
2025-04-05 22:00:00,351150400,ZIELONA GÓRA,2025,4,5,22,-0.4,58,-7.7,998.7,1023.1,345.0,3.0,,,0,,,8.0,,
2025-04-05 23:00:00,351150400,ZIELONA GÓRA,2025,4,5,23,-0.8,60,-7.6,999.0,1023.4,347.0,3.0,,,0,,,8.0,,
2025-04-06 00:00:00,351150400,ZIELONA GÓRA,2025,4,6,0,-1.5,65,-7.2,999.3,1023.8,349.0,3.0,,,0,,,9.0,,
2025-04-06 01:00:00,351150400,ZIELONA GÓRA,2025,4,6,1,-1.7,66,-7.2,999.3,1023.8,347.0,3.0,,,0,,,8.0,,
2025-04-06 02:00:00,351150400,ZIELONA GÓRA,2025,4,6,2,-2.1,68,-7.2,999.7,1024.3,344.0,3.0,,,0,,,8.0,,
2025-04-06 03:00:00,351150400,ZIELONA GÓRA,2025,4,6,3,-2.1,68,-7.2,999.9,1024.5,346.0,3.0,,,0,,,8.0,,
2025-04-06 04:00:00,351150400,ZIELONA GÓRA,2025,4,6,4,-2.9,72,-7.2,1000.2,1024.9,332.0,3.0,,,0,,,8.0,,
2025-04-06 05:00:00,351150400,ZIELONA GÓRA,2025,4,6,5,-3.0,72,-7.3,1000.8,1025.5,331.0,3.0,,1.0,0,,,8.0,,
2025-04-06 06:00:00,351150400,ZIELONA GÓRA,2025,4,6,6,-2.0,67,-7.3,1001.3,1025.9,337.0,3.0,,1.0,3,,,9.0,,
2025-04-06 07:00:00,351150400,ZIELONA GÓRA,2025,4,6,7,0.1,57,-7.4,1001.6,1026.0,354.0,4.0,,3.0,3,0.0,,8.0,,
2025-04-06 08:00:00,351150400,ZIELONA GÓRA,2025,4,6,8,1.5,52,-7.3,1001.6,1025.9,357.0,5.0,10.0,2.0,3,0.0,,8.0,,
2025-04-06 09:00:00,351150400,ZIELONA GÓRA,2025,4,6,9,1.7,50,-7.6,1001.7,1026.0,347.0,4.0,,7.0,3,1.0,,8.0,,
2025-04-06 10:00:00,351150400,ZIELONA GÓRA,2025,4,6,10,2.3,45,-8.4,1001.5,1025.7,11.0,4.0,9.0,7.0,1,2.0,,8.0,,
2025-04-06 11:00:00,351150400,ZIELONA GÓRA,2025,4,6,11,3.4,43,-8.0,1001.2,1025.3,15.0,3.0,,7.0,3,2.0,,8.0,,
2025-04-06 12:00:00,351150400,ZIELONA GÓRA,2025,4,6,12,3.8,40,-8.6,1000.8,1024.9,4.0,4.0,10.0,7.0,3,1.0,,9.0,,
2025-04-06 13:00:00,351150400,ZIELONA GÓRA,2025,4,6,13,5.0,35,-9.2,1000.1,1024.1,339.0,5.0,,5.0,1,2.0,,8.0,,
2025-04-06 14:00:00,351150400,ZIELONA GÓRA,2025,4,6,14,5.0,33,-10.0,999.7,1023.6,7.0,4.0,,5.0,2,2.0,,8.0,,
2025-04-06 15:00:00,351150400,ZIELONA GÓRA,2025,4,6,15,5.7,37,-7.9,999.4,1023.3,334.0,5.0,,6.0,3,2.0,,8.0,,
2025-04-06 16:00:00,351150400,ZIELONA GÓRA,2025,4,6,16,5.5,34,-9.1,999.0,1022.9,12.0,4.0,9.0,3.0,1,1.0,,8.0,,
2025-04-06 17:00:00,351150400,ZIELONA GÓRA,2025,4,6,17,4.9,34,-9.7,999.0,1022.9,346.0,4.0,9.0,4.0,1,0.0,,8.0,,
2025-04-06 18:00:00,351150400,ZIELONA GÓRA,2025,4,6,18,3.8,40,-8.6,999.5,1023.5,350.0,3.0,8.0,2.0,1,1.0,,9.0,,
2025-04-06 19:00:00,351150400,ZIELONA GÓRA,2025,4,6,19,3.1,43,-8.3,1000.1,1024.2,352.0,2.0,,7.0,3,1.0,,8.0,,
2025-04-06 20:00:00,351150400,ZIELONA GÓRA,2025,4,6,20,3.1,45,-7.7,1000.3,1024.4,348.0,3.0,,7.0,2,2.0,,8.0,,
2025-04-06 21:00:00,351150400,ZIELONA GÓRA,2025,4,6,21,2.8,47,-7.4,1000.3,1024.5,332.0,2.0,,,0,,,8.0,,
2025-04-06 22:00:00,351150400,ZIELONA GÓRA,2025,4,6,22,2.8,48,-7.1,1000.2,1024.3,327.0,3.0,,,0,,,8.0,,
2025-04-06 23:00:00,351150400,ZIELONA GÓRA,2025,4,6,23,2.9,51,-6.3,1000.1,1024.2,333.0,3.0,,,80,,,8.0,,
2025-04-07 00:00:00,351150400,ZIELONA GÓRA,2025,4,7,0,2.8,51,-6.4,999.6,1023.7,310.0,2.0,,,21,,0.0,,,
2025-04-07 01:00:00,351150400,ZIELONA GÓRA,2025,4,7,1,2.4,53,-6.2,999.3,1023.5,313.0,3.0,,,0,,,8.0,,
2025-04-07 02:00:00,351150400,ZIELONA GÓRA,2025,4,7,2,2.5,54,-5.9,999.1,1023.2,304.0,3.0,,,0,,,8.0,,
2025-04-07 03:00:00,351150400,ZIELONA GÓRA,2025,4,7,3,2.6,55,-5.5,998.8,1022.9,309.0,3.0,,,0,,,8.0,,
2025-04-07 04:00:00,351150400,ZIELONA GÓRA,2025,4,7,4,2.4,57,-5.3,998.8,1023.0,316.0,2.0,,,0,,,8.0,,
2025-04-07 05:00:00,351150400,ZIELONA GÓRA,2025,4,7,5,2.5,58,-4.9,999.0,1023.1,305.0,2.0,,7.0,0,,,8.0,,
2025-04-07 06:00:00,351150400,ZIELONA GÓRA,2025,4,7,6,2.9,60,-4.1,999.3,1023.4,311.0,3.0,,7.0,3,,,9.0,,
2025-04-07 07:00:00,351150400,ZIELONA GÓRA,2025,4,7,7,3.2,62,-3.4,999.4,1023.5,309.0,3.0,,7.0,3,2.0,,8.0,,
2025-04-07 08:00:00,351150400,ZIELONA GÓRA,2025,4,7,8,4.2,64,-2.0,999.7,1023.7,334.0,3.0,,7.0,1,2.0,,8.0,,
2025-04-07 09:00:00,351150400,ZIELONA GÓRA,2025,4,7,9,5.4,64,-0.9,999.9,1023.8,342.0,2.0,,7.0,2,2.0,,8.0,,
2025-04-07 10:00:00,351150400,ZIELONA GÓRA,2025,4,7,10,6.1,63,-0.4,1000.0,1023.9,306.0,2.0,,7.0,3,2.0,,8.0,,
2025-04-07 11:00:00,351150400,ZIELONA GÓRA,2025,4,7,11,7.3,60,0.0,999.9,1023.6,307.0,2.0,,7.0,2,2.0,,8.0,,
2025-04-07 12:00:00,351150400,ZIELONA GÓRA,2025,4,7,12,7.8,58,0.0,999.9,1023.6,310.0,3.0,,8.0,3,2.0,,9.0,,
2025-04-07 13:00:00,351150400,ZIELONA GÓRA,2025,4,7,13,8.7,56,0.4,999.7,1023.3,311.0,3.0,,8.0,2,2.0,,8.0,,
2025-04-07 14:00:00,351150400,ZIELONA GÓRA,2025,4,7,14,9.1,52,-0.3,999.6,1023.2,325.0,4.0,,7.0,3,2.0,,8.0,,
2025-04-07 15:00:00,351150400,ZIELONA GÓRA,2025,4,7,15,8.7,56,0.4,999.5,1023.1,293.0,3.0,,7.0,80,2.0,,8.0,,
2025-04-07 16:00:00,351150400,ZIELONA GÓRA,2025,4,7,16,8.8,52,-0.5,999.5,1023.1,16.0,2.0,,8.0,25,2.0,,8.0,,
2025-04-07 17:00:00,351150400,ZIELONA GÓRA,2025,4,7,17,7.5,67,1.8,999.9,1023.6,27.0,2.0,,7.0,25,8.0,,8.0,,
2025-04-07 18:00:00,351150400,ZIELONA GÓRA,2025,4,7,18,6.6,71,1.7,1000.3,1024.1,205.0,1.0,,7.0,1,8.0,0.0,,6.0,
2025-04-07 19:00:00,351150400,ZIELONA GÓRA,2025,4,7,19,6.6,72,1.9,1000.8,1024.6,296.0,1.0,,7.0,1,2.0,,8.0,,
2025-04-07 20:00:00,351150400,ZIELONA GÓRA,2025,4,7,20,7.5,60,0.2,1001.0,1024.8,331.0,2.0,,6.0,1,2.0,,8.0,,
2025-04-07 21:00:00,351150400,ZIELONA GÓRA,2025,4,7,21,6.4,64,0.1,1001.1,1025.0,332.0,2.0,,,0,,,8.0,,
2025-04-07 22:00:00,351150400,ZIELONA GÓRA,2025,4,7,22,5.8,68,0.3,1001.2,1025.1,360.0,2.0,,,0,,,8.0,,
2025-04-07 23:00:00,351150400,ZIELONA GÓRA,2025,4,7,23,5.3,70,0.3,1001.3,1025.3,342.0,2.0,,,0,,,8.0,,
2025-04-08 00:00:00,351150400,ZIELONA GÓRA,2025,4,8,0,4.5,74,0.3,1001.5,1025.5,333.0,2.0,,,0,,,9.0,,
2025-04-08 01:00:00,351150400,ZIELONA GÓRA,2025,4,8,1,4.4,78,0.9,1001.7,1025.7,335.0,2.0,,,0,,,8.0,,
2025-04-08 02:00:00,351150400,ZIELONA GÓRA,2025,4,8,2,4.0,82,1.2,1002.0,1026.1,348.0,2.0,,,0,,,8.0,,
2025-04-08 03:00:00,351150400,ZIELONA GÓRA,2025,4,8,3,3.5,85,1.2,1002.0,1026.1,336.0,2.0,,,0,,,8.0,,
2025-04-08 04:00:00,351150400,ZIELONA GÓRA,2025,4,8,4,3.3,86,1.2,1002.3,1026.5,357.0,2.0,,,0,,,8.0,,
2025-04-08 05:00:00,351150400,ZIELONA GÓRA,2025,4,8,5,2.8,88,1.0,1002.8,1027.0,332.0,2.0,,1.0,0,,,8.0,,
2025-04-08 06:00:00,351150400,ZIELONA GÓRA,2025,4,8,6,3.7,82,0.9,1003.3,1027.4,358.0,3.0,,1.0,2,,,9.0,,
2025-04-08 07:00:00,351150400,ZIELONA GÓRA,2025,4,8,7,4.9,78,1.4,1003.7,1027.7,23.0,2.0,,1.0,3,0.0,,8.0,,
2025-04-08 08:00:00,351150400,ZIELONA GÓRA,2025,4,8,8,6.5,50,-3.2,1004.0,1027.9,3.0,3.0,,2.0,3,0.0,,8.0,,
2025-04-08 09:00:00,351150400,ZIELONA GÓRA,2025,4,8,9,7.4,47,-3.2,1004.2,1028.0,19.0,3.0,,2.0,3,0.0,,8.0,,
2025-04-08 10:00:00,351150400,ZIELONA GÓRA,2025,4,8,10,8.1,42,-4.1,1004.1,1027.9,20.0,3.0,,3.0,3,0.0,,8.0,,
2025-04-08 11:00:00,351150400,ZIELONA GÓRA,2025,4,8,11,8.6,36,-5.7,1003.9,1027.6,55.0,3.0,8.0,3.0,2,0.0,,8.0,,
2025-04-08 12:00:00,351150400,ZIELONA GÓRA,2025,4,8,12,9.3,31,-7.0,1003.7,1027.4,33.0,3.0,,3.0,1,0.0,,9.0,,
2025-04-08 13:00:00,351150400,ZIELONA GÓRA,2025,4,8,13,10.2,30,-6.6,1003.2,1026.8,34.0,3.0,,2.0,1,0.0,,8.0,,
2025-04-08 14:00:00,351150400,ZIELONA GÓRA,2025,4,8,14,11.0,30,-5.9,1002.5,1026.0,338.0,3.0,8.0,4.0,3,0.0,,8.0,,
2025-04-08 15:00:00,351150400,ZIELONA GÓRA,2025,4,8,15,11.1,27,-7.2,1001.9,1025.4,9.0,3.0,,2.0,1,0.0,,8.0,,
2025-04-08 16:00:00,351150400,ZIELONA GÓRA,2025,4,8,16,11.2,30,-5.8,1001.2,1024.6,13.0,2.0,,2.0,2,0.0,,8.0,,
2025-04-08 17:00:00,351150400,ZIELONA GÓRA,2025,4,8,17,10.4,30,-6.5,1001.2,1024.7,343.0,3.0,,1.0,1,0.0,,8.0,,
2025-04-08 18:00:00,351150400,ZIELONA GÓRA,2025,4,8,18,8.9,32,-6.9,1001.3,1024.9,336.0,2.0,,1.0,2,0.0,,9.0,,
2025-04-08 19:00:00,351150400,ZIELONA GÓRA,2025,4,8,19,7.5,37,-6.3,1001.5,1025.3,332.0,2.0,,1.0,2,0.0,,8.0,,
2025-04-08 20:00:00,351150400,ZIELONA GÓRA,2025,4,8,20,6.6,40,-6.1,1001.2,1025.0,349.0,2.0,,1.0,2,0.0,,8.0,,
2025-04-08 21:00:00,351150400,ZIELONA GÓRA,2025,4,8,21,5.8,43,-5.8,1001.2,1025.1,338.0,2.0,,,0,,,8.0,,
2025-04-08 22:00:00,351150400,ZIELONA GÓRA,2025,4,8,22,4.9,46,-5.8,1000.9,1024.9,14.0,1.0,,,0,,,8.0,,
2025-04-08 23:00:00,351150400,ZIELONA GÓRA,2025,4,8,23,4.4,48,-5.7,1000.7,1024.7,29.0,1.0,,,0,,,8.0,,
2025-04-09 00:00:00,351150400,ZIELONA GÓRA,2025,4,9,0,3.6,52,-5.4,1000.3,1024.4,33.0,1.0,,,0,,,9.0,,
2025-04-09 01:00:00,351150400,ZIELONA GÓRA,2025,4,9,1,3.1,55,-5.1,999.8,1023.9,30.0,2.0,,,0,,,8.0,,
2025-04-09 02:00:00,351150400,ZIELONA GÓRA,2025,4,9,2,2.4,58,-5.0,999.6,1023.8,42.0,2.0,,,0,,,8.0,,
2025-04-09 03:00:00,351150400,ZIELONA GÓRA,2025,4,9,3,2.2,60,-4.8,999.3,1023.5,63.0,1.0,,,0,,,8.0,,
2025-04-09 04:00:00,351150400,ZIELONA GÓRA,2025,4,9,4,2.4,56,-5.5,999.1,1023.3,96.0,1.0,,,0,,,8.0,,
2025-04-09 05:00:00,351150400,ZIELONA GÓRA,2025,4,9,5,2.9,55,-5.3,999.1,1023.2,150.0,2.0,,2.0,0,,,8.0,,
2025-04-09 06:00:00,351150400,ZIELONA GÓRA,2025,4,9,6,3.6,55,-4.6,999.1,1023.2,173.0,2.0,,7.0,3,,,9.0,,
2025-04-09 07:00:00,351150400,ZIELONA GÓRA,2025,4,9,7,3.9,58,-3.6,999.4,1023.4,214.0,2.0,,7.0,3,2.0,,8.0,,
2025-04-09 08:00:00,351150400,ZIELONA GÓRA,2025,4,9,8,5.1,53,-3.7,999.4,1023.3,220.0,2.0,,7.0,2,2.0,,8.0,,
2025-04-09 09:00:00,351150400,ZIELONA GÓRA,2025,4,9,9,6.0,49,-3.9,999.3,1023.1,236.0,2.0,,7.0,2,2.0,,8.0,,
2025-04-09 10:00:00,351150400,ZIELONA GÓRA,2025,4,9,10,7.7,43,-4.1,999.0,1022.7,219.0,2.0,,7.0,2,2.0,,8.0,,
2025-04-09 11:00:00,351150400,ZIELONA GÓRA,2025,4,9,11,8.7,39,-4.5,999.0,1022.6,241.0,2.0,,7.0,1,2.0,,8.0,,
2025-04-09 12:00:00,351150400,ZIELONA GÓRA,2025,4,9,12,11.1,40,-2.0,998.2,1021.6,308.0,3.0,,7.0,3,2.0,,9.0,,
2025-04-09 13:00:00,351150400,ZIELONA GÓRA,2025,4,9,13,12.3,41,-0.6,997.1,1020.4,275.0,3.0,,4.0,1,1.0,,8.0,,
2025-04-09 14:00:00,351150400,ZIELONA GÓRA,2025,4,9,14,12.1,46,0.8,996.4,1019.7,288.0,4.0,,1.0,3,0.0,,8.0,,
2025-04-09 15:00:00,351150400,ZIELONA GÓRA,2025,4,9,15,11.6,48,0.9,996.2,1019.5,293.0,4.0,,7.0,3,1.0,,8.0,,
2025-04-09 16:00:00,351150400,ZIELONA GÓRA,2025,4,9,16,11.9,48,1.2,995.7,1019.0,314.0,4.0,,7.0,3,2.0,,8.0,,
2025-04-09 17:00:00,351150400,ZIELONA GÓRA,2025,4,9,17,11.6,47,0.7,995.5,1018.8,314.0,4.0,,7.0,1,2.0,,8.0,,
2025-04-09 18:00:00,351150400,ZIELONA GÓRA,2025,4,9,18,11.1,48,0.5,995.3,1018.6,305.0,3.0,,7.0,1,1.0,,9.0,,
2025-04-09 19:00:00,351150400,ZIELONA GÓRA,2025,4,9,19,10.8,50,0.8,995.6,1019.0,313.0,4.0,,7.0,3,2.0,,8.0,,
2025-04-09 20:00:00,351150400,ZIELONA GÓRA,2025,4,9,20,10.2,56,1.8,995.4,1018.8,325.0,3.0,,7.0,3,2.0,,8.0,,
2025-04-09 21:00:00,351150400,ZIELONA GÓRA,2025,4,9,21,9.1,63,2.4,995.6,1019.1,331.0,4.0,,,0,,,8.0,,
2025-04-09 22:00:00,351150400,ZIELONA GÓRA,2025,4,9,22,8.1,68,2.5,996.0,1019.6,329.0,4.0,10.0,,0,,,8.0,,
2025-04-09 23:00:00,351150400,ZIELONA GÓRA,2025,4,9,23,7.1,71,2.2,996.2,1019.9,332.0,5.0,,,0,,,8.0,,
2025-04-10 00:00:00,351150400,ZIELONA GÓRA,2025,4,10,0,6.2,75,2.1,996.9,1020.7,333.0,4.0,,,0,,,9.0,,
2025-04-10 01:00:00,351150400,ZIELONA GÓRA,2025,4,10,1,5.5,80,2.3,997.3,1021.1,329.0,4.0,,,0,,,8.0,,
2025-04-10 02:00:00,351150400,ZIELONA GÓRA,2025,4,10,2,5.1,82,2.3,997.6,1021.5,330.0,2.0,,,0,,,8.0,,
2025-04-10 03:00:00,351150400,ZIELONA GÓRA,2025,4,10,3,3.6,67,-2.0,998.6,1022.6,98.0,3.0,,,0,,,8.0,,
2025-04-10 04:00:00,351150400,ZIELONA GÓRA,2025,4,10,4,3.2,67,-2.3,999.1,1023.2,121.0,2.0,,,0,,,8.0,,
2025-04-10 05:00:00,351150400,ZIELONA GÓRA,2025,4,10,5,2.9,58,-4.6,999.6,1023.7,108.0,2.0,,7.0,0,,,8.0,,
2025-04-10 06:00:00,351150400,ZIELONA GÓRA,2025,4,10,6,3.5,50,-6.0,1000.4,1024.5,128.0,2.0,,7.0,3,,,9.0,,
2025-04-10 07:00:00,351150400,ZIELONA GÓRA,2025,4,10,7,4.4,38,-8.7,1000.9,1024.9,152.0,1.0,,7.0,2,2.0,,8.0,,
2025-04-10 08:00:00,351150400,ZIELONA GÓRA,2025,4,10,8,6.5,37,-7.2,1000.9,1024.7,181.0,2.0,,6.0,1,2.0,,8.0,,
2025-04-10 09:00:00,351150400,ZIELONA GÓRA,2025,4,10,9,6.8,41,-5.6,1000.8,1024.6,320.0,3.0,,6.0,2,2.0,,8.0,,
2025-04-10 10:00:00,351150400,ZIELONA GÓRA,2025,4,10,10,8.4,40,-4.4,1000.3,1024.0,318.0,2.0,,7.0,3,2.0,,8.0,,
2025-04-10 11:00:00,351150400,ZIELONA GÓRA,2025,4,10,11,9.1,42,-3.2,999.9,1023.5,314.0,4.0,9.0,7.0,3,2.0,,8.0,,
2025-04-10 12:00:00,351150400,ZIELONA GÓRA,2025,4,10,12,9.8,40,-3.2,999.3,1022.8,307.0,4.0,,7.0,3,2.0,,9.0,,
2025-04-10 13:00:00,351150400,ZIELONA GÓRA,2025,4,10,13,10.1,45,-1.3,998.9,1022.4,312.0,6.0,11.0,7.0,1,2.0,,8.0,,
2025-04-10 14:00:00,351150400,ZIELONA GÓRA,2025,4,10,14,11.1,45,-0.4,998.3,1021.7,322.0,4.0,10.0,7.0,3,2.0,,8.0,,
2025-04-10 15:00:00,351150400,ZIELONA GÓRA,2025,4,10,15,11.2,48,0.6,997.4,1020.8,309.0,4.0,,7.0,1,2.0,,8.0,,
2025-04-10 16:00:00,351150400,ZIELONA GÓRA,2025,4,10,16,11.6,47,0.7,996.8,1020.1,291.0,4.0,9.0,7.0,1,2.0,,8.0,,
2025-04-10 17:00:00,351150400,ZIELONA GÓRA,2025,4,10,17,11.2,50,1.1,996.3,1019.6,292.0,4.0,,7.0,2,2.0,,8.0,,
2025-04-10 18:00:00,351150400,ZIELONA GÓRA,2025,4,10,18,10.4,54,1.5,996.1,1019.5,284.0,3.0,,7.0,1,2.0,,9.0,,
2025-04-10 19:00:00,351150400,ZIELONA GÓRA,2025,4,10,19,9.5,60,2.1,995.8,1019.3,277.0,4.0,,5.0,1,2.0,,8.0,,
2025-04-10 20:00:00,351150400,ZIELONA GÓRA,2025,4,10,20,9.0,62,2.1,995.5,1019.0,277.0,4.0,,7.0,1,2.0,,8.0,,
2025-04-10 21:00:00,351150400,ZIELONA GÓRA,2025,4,10,21,9.1,60,1.7,994.7,1018.2,269.0,4.0,,,0,,,8.0,,
2025-04-10 22:00:00,351150400,ZIELONA GÓRA,2025,4,10,22,8.9,64,2.5,993.9,1017.4,276.0,5.0,,,0,,,8.0,,
2025-04-10 23:00:00,351150400,ZIELONA GÓRA,2025,4,10,23,7.7,70,2.6,993.1,1016.7,271.0,4.0,9.0,,0,,,8.0,,
2025-04-11 00:00:00,351150400,ZIELONA GÓRA,2025,4,11,0,7.1,73,2.6,992.0,1015.6,274.0,5.0,11.0,,0,,,9.0,,
2025-04-11 01:00:00,351150400,ZIELONA GÓRA,2025,4,11,1,6.7,76,2.8,991.0,1014.6,274.0,5.0,11.0,,0,,,8.0,,
2025-04-11 02:00:00,351150400,ZIELONA GÓRA,2025,4,11,2,6.3,78,2.7,990.2,1013.8,280.0,5.0,10.0,,0,,,8.0,,
2025-04-11 03:00:00,351150400,ZIELONA GÓRA,2025,4,11,3,6.1,79,2.7,990.0,1013.6,291.0,6.0,12.0,,0,,,8.0,,
2025-04-11 04:00:00,351150400,ZIELONA GÓRA,2025,4,11,4,6.3,79,2.9,989.7,1013.3,311.0,5.0,,,0,,,8.0,,
2025-04-11 05:00:00,351150400,ZIELONA GÓRA,2025,4,11,5,5.5,77,1.8,990.4,1014.1,311.0,7.0,12.0,8.0,0,,,8.0,,
2025-04-11 06:00:00,351150400,ZIELONA GÓRA,2025,4,11,6,5.6,77,1.9,990.4,1014.1,290.0,4.0,,8.0,2,,,9.0,,
2025-04-11 07:00:00,351150400,ZIELONA GÓRA,2025,4,11,7,6.0,78,2.5,990.4,1014.0,292.0,4.0,9.0,8.0,2,2.0,,8.0,,
2025-04-11 08:00:00,351150400,ZIELONA GÓRA,2025,4,11,8,6.5,78,2.9,990.7,1014.3,289.0,5.0,,8.0,2,2.0,,8.0,,
2025-04-11 09:00:00,351150400,ZIELONA GÓRA,2025,4,11,9,7.6,74,3.3,990.7,1014.2,294.0,5.0,10.0,7.0,1,2.0,,8.0,,
2025-04-11 10:00:00,351150400,ZIELONA GÓRA,2025,4,11,10,8.0,72,3.3,990.9,1014.4,295.0,5.0,,7.0,2,2.0,,8.0,,
2025-04-11 11:00:00,351150400,ZIELONA GÓRA,2025,4,11,11,9.9,62,3.0,990.9,1014.2,305.0,5.0,10.0,7.0,2,2.0,,8.0,,
2025-04-11 12:00:00,351150400,ZIELONA GÓRA,2025,4,11,12,9.2,70,4.0,991.2,1014.6,303.0,4.0,10.0,8.0,3,2.0,,9.0,,
2025-04-11 13:00:00,351150400,ZIELONA GÓRA,2025,4,11,13,9.0,72,4.2,991.5,1014.9,308.0,4.0,,8.0,2,2.0,,8.0,,
2025-04-11 14:00:00,351150400,ZIELONA GÓRA,2025,4,11,14,9.2,71,4.2,991.6,1015.0,317.0,5.0,11.0,8.0,2,2.0,,8.0,,
2025-04-11 15:00:00,351150400,ZIELONA GÓRA,2025,4,11,15,9.2,72,4.4,991.8,1015.2,313.0,3.0,,8.0,2,2.0,,8.0,,
2025-04-11 16:00:00,351150400,ZIELONA GÓRA,2025,4,11,16,8.9,77,5.1,992.2,1015.6,307.0,4.0,,8.0,2,2.0,,8.0,,
2025-04-11 17:00:00,351150400,ZIELONA GÓRA,2025,4,11,17,8.3,88,6.4,992.4,1015.9,312.0,4.0,,8.0,60,2.0,,8.0,,
2025-04-11 18:00:00,351150400,ZIELONA GÓRA,2025,4,11,18,7.8,95,7.0,992.8,1016.3,329.0,3.0,,8.0,61,2.0,0.0,,6.0,
2025-04-11 19:00:00,351150400,ZIELONA GÓRA,2025,4,11,19,7.9,95,7.1,993.3,1016.8,319.0,2.0,,8.0,60,6.0,,8.0,,
2025-04-11 20:00:00,351150400,ZIELONA GÓRA,2025,4,11,20,8.1,92,6.9,993.4,1016.9,290.0,1.0,,8.0,21,6.0,,8.0,,
2025-04-11 21:00:00,351150400,ZIELONA GÓRA,2025,4,11,21,8.7,85,6.3,993.3,1016.8,287.0,1.0,,,0,,,8.0,,
2025-04-11 22:00:00,351150400,ZIELONA GÓRA,2025,4,11,22,8.0,90,6.5,993.5,1017.0,216.0,1.0,,,0,,,8.0,,
2025-04-11 23:00:00,351150400,ZIELONA GÓRA,2025,4,11,23,7.8,91,6.4,993.5,1017.1,201.0,1.0,,,0,,,8.0,,
2025-04-12 00:00:00,351150400,ZIELONA GÓRA,2025,4,12,0,8.1,87,6.1,993.4,1016.9,225.0,1.0,,,0,,0.0,,,
2025-04-12 01:00:00,351150400,ZIELONA GÓRA,2025,4,12,1,8.3,85,5.9,993.0,1016.5,221.0,1.0,,,0,,,8.0,,
2025-04-12 02:00:00,351150400,ZIELONA GÓRA,2025,4,12,2,7.9,87,5.9,993.0,1016.5,183.0,1.0,,,0,,,8.0,,
2025-04-12 03:00:00,351150400,ZIELONA GÓRA,2025,4,12,3,7.8,88,5.9,992.9,1016.4,181.0,1.0,,,0,,,8.0,,
2025-04-12 04:00:00,351150400,ZIELONA GÓRA,2025,4,12,4,7.7,88,5.8,993.0,1016.6,188.0,1.0,,,0,,,8.0,,
2025-04-12 05:00:00,351150400,ZIELONA GÓRA,2025,4,12,5,8.7,80,5.4,992.9,1016.4,155.0,2.0,,8.0,0,,,8.0,,
2025-04-12 06:00:00,351150400,ZIELONA GÓRA,2025,4,12,6,8.5,84,5.9,993.0,1016.5,162.0,1.0,,7.0,1,,,9.0,,
2025-04-12 07:00:00,351150400,ZIELONA GÓRA,2025,4,12,7,10.1,76,6.1,993.1,1016.5,182.0,2.0,,7.0,1,2.0,,8.0,,
2025-04-12 08:00:00,351150400,ZIELONA GÓRA,2025,4,12,8,11.0,73,6.3,993.3,1016.6,183.0,2.0,,7.0,3,2.0,,8.0,,
2025-04-12 09:00:00,351150400,ZIELONA GÓRA,2025,4,12,9,12.3,68,6.6,993.2,1016.4,177.0,2.0,,7.0,1,2.0,,8.0,,
2025-04-12 10:00:00,351150400,ZIELONA GÓRA,2025,4,12,10,14.0,62,6.8,992.9,1015.9,193.0,2.0,,7.0,2,2.0,,8.0,,
2025-04-12 11:00:00,351150400,ZIELONA GÓRA,2025,4,12,11,15.1,58,6.9,992.5,1015.4,250.0,2.0,,7.0,3,2.0,,8.0,,
2025-04-12 12:00:00,351150400,ZIELONA GÓRA,2025,4,12,12,16.1,56,7.3,992.0,1014.8,257.0,2.0,,7.0,1,2.0,,9.0,,
2025-04-12 13:00:00,351150400,ZIELONA GÓRA,2025,4,12,13,16.8,53,7.2,991.5,1014.3,299.0,2.0,,6.0,3,2.0,,8.0,,
2025-04-12 14:00:00,351150400,ZIELONA GÓRA,2025,4,12,14,17.1,51,6.9,990.9,1013.6,153.0,2.0,,6.0,1,2.0,,8.0,,
2025-04-12 15:00:00,351150400,ZIELONA GÓRA,2025,4,12,15,17.3,51,7.1,990.3,1013.0,164.0,2.0,,6.0,3,2.0,,8.0,,
2025-04-12 16:00:00,351150400,ZIELONA GÓRA,2025,4,12,16,17.3,49,6.5,989.8,1012.5,157.0,2.0,,6.0,1,2.0,,8.0,,
2025-04-12 17:00:00,351150400,ZIELONA GÓRA,2025,4,12,17,16.8,51,6.6,989.3,1012.0,162.0,1.0,,2.0,1,1.0,,8.0,,
2025-04-12 18:00:00,351150400,ZIELONA GÓRA,2025,4,12,18,14.7,58,6.5,989.2,1012.1,118.0,1.0,,1.0,1,1.0,,9.0,,
2025-04-12 19:00:00,351150400,ZIELONA GÓRA,2025,4,12,19,14.0,62,6.8,989.2,1012.1,129.0,2.0,,1.0,2,0.0,,8.0,,
2025-04-12 20:00:00,351150400,ZIELONA GÓRA,2025,4,12,20,13.1,65,6.7,988.7,1011.7,136.0,2.0,,1.0,2,0.0,,8.0,,
2025-04-12 21:00:00,351150400,ZIELONA GÓRA,2025,4,12,21,12.2,69,6.7,988.3,1011.4,141.0,2.0,,,0,,,8.0,,
2025-04-12 22:00:00,351150400,ZIELONA GÓRA,2025,4,12,22,11.9,69,6.4,987.9,1011.0,149.0,3.0,,,0,,,8.0,,
2025-04-12 23:00:00,351150400,ZIELONA GÓRA,2025,4,12,23,10.7,72,5.9,987.7,1010.9,144.0,2.0,,,0,,,8.0,,
2025-04-13 00:00:00,351150400,ZIELONA GÓRA,2025,4,13,0,9.7,76,5.7,987.4,1010.7,136.0,2.0,,,0,,,9.0,,
2025-04-13 01:00:00,351150400,ZIELONA GÓRA,2025,4,13,1,9.2,78,5.6,987.2,1010.5,141.0,2.0,,,0,,,8.0,,
2025-04-13 02:00:00,351150400,ZIELONA GÓRA,2025,4,13,2,8.8,78,5.2,987.0,1010.3,144.0,1.0,,,0,,,8.0,,
2025-04-13 03:00:00,351150400,ZIELONA GÓRA,2025,4,13,3,9.9,71,4.9,986.3,1009.5,157.0,2.0,,,0,,,8.0,,
2025-04-13 04:00:00,351150400,ZIELONA GÓRA,2025,4,13,4,7.9,81,4.8,985.8,1009.2,132.0,3.0,,,0,,,8.0,,
2025-04-13 05:00:00,351150400,ZIELONA GÓRA,2025,4,13,5,7.7,81,4.6,985.4,1008.8,129.0,3.0,,1.0,0,,,8.0,,
2025-04-13 06:00:00,351150400,ZIELONA GÓRA,2025,4,13,6,10.1,71,5.1,985.2,1008.4,131.0,3.0,,1.0,1,,,9.0,,
2025-04-13 07:00:00,351150400,ZIELONA GÓRA,2025,4,13,7,11.9,68,6.2,985.2,1008.2,174.0,2.0,,1.0,2,0.0,,8.0,,
2025-04-13 08:00:00,351150400,ZIELONA GÓRA,2025,4,13,8,14.7,59,6.8,985.2,1008.0,169.0,2.0,,3.0,3,0.0,,8.0,,
2025-04-13 09:00:00,351150400,ZIELONA GÓRA,2025,4,13,9,16.5,51,6.3,985.0,1007.6,191.0,3.0,,6.0,3,1.0,,8.0,,
2025-04-13 10:00:00,351150400,ZIELONA GÓRA,2025,4,13,10,18.2,47,6.7,984.7,1007.2,158.0,3.0,,6.0,2,2.0,,8.0,,
2025-04-13 11:00:00,351150400,ZIELONA GÓRA,2025,4,13,11,19.5,44,6.9,984.5,1006.9,177.0,3.0,,6.0,2,2.0,,8.0,,
2025-04-13 12:00:00,351150400,ZIELONA GÓRA,2025,4,13,12,19.9,43,6.9,984.3,1006.7,197.0,3.0,,7.0,3,1.0,,9.0,,
2025-04-13 13:00:00,351150400,ZIELONA GÓRA,2025,4,13,13,21.1,38,6.2,983.9,1006.2,204.0,4.0,,7.0,3,2.0,,8.0,,
2025-04-13 14:00:00,351150400,ZIELONA GÓRA,2025,4,13,14,21.1,39,6.6,983.9,1006.2,212.0,3.0,,7.0,2,2.0,,8.0,,
2025-04-13 15:00:00,351150400,ZIELONA GÓRA,2025,4,13,15,20.4,41,6.7,983.9,1006.2,197.0,3.0,,7.0,3,2.0,,8.0,,
2025-04-13 16:00:00,351150400,ZIELONA GÓRA,2025,4,13,16,19.5,45,7.2,984.0,1006.4,197.0,3.0,,7.0,1,2.0,,8.0,,
2025-04-13 17:00:00,351150400,ZIELONA GÓRA,2025,4,13,17,18.9,48,7.6,984.3,1006.7,208.0,3.0,,7.0,1,2.0,,8.0,,
2025-04-13 18:00:00,351150400,ZIELONA GÓRA,2025,4,13,18,18.2,51,7.9,984.7,1007.2,213.0,3.0,,7.0,3,2.0,,9.0,,
2025-04-13 19:00:00,351150400,ZIELONA GÓRA,2025,4,13,19,17.9,51,7.6,985.0,1007.5,215.0,4.0,,7.0,3,2.0,,8.0,,
2025-04-13 20:00:00,351150400,ZIELONA GÓRA,2025,4,13,20,16.7,55,7.6,985.3,1007.9,222.0,3.0,,5.0,1,2.0,,8.0,,
2025-04-13 21:00:00,351150400,ZIELONA GÓRA,2025,4,13,21,16.3,58,8.0,985.5,1008.2,228.0,3.0,,,0,,,8.0,,
2025-04-13 22:00:00,351150400,ZIELONA GÓRA,2025,4,13,22,15.9,60,8.1,985.8,1008.5,231.0,2.0,,,0,,,8.0,,
2025-04-13 23:00:00,351150400,ZIELONA GÓRA,2025,4,13,23,15.4,62,8.2,985.9,1008.7,214.0,2.0,,,0,,,8.0,,
2025-04-14 00:00:00,351150400,ZIELONA GÓRA,2025,4,14,0,14.8,65,8.3,985.9,1008.7,208.0,2.0,,,0,,,9.0,,
2025-04-14 01:00:00,351150400,ZIELONA GÓRA,2025,4,14,1,14.6,67,8.5,986.0,1008.8,223.0,2.0,,,0,,,8.0,,
2025-04-14 02:00:00,351150400,ZIELONA GÓRA,2025,4,14,2,14.2,70,8.8,986.2,1009.1,248.0,2.0,,,0,,,8.0,,
2025-04-14 03:00:00,351150400,ZIELONA GÓRA,2025,4,14,3,13.8,71,8.6,986.3,1009.2,235.0,2.0,,,0,,,8.0,,
2025-04-14 04:00:00,351150400,ZIELONA GÓRA,2025,4,14,4,13.6,73,8.8,986.7,1009.6,223.0,2.0,,,0,,,8.0,,
2025-04-14 05:00:00,351150400,ZIELONA GÓRA,2025,4,14,5,12.9,76,8.8,987.1,1010.1,225.0,1.0,,5.0,0,,,8.0,,
2025-04-14 06:00:00,351150400,ZIELONA GÓRA,2025,4,14,6,13.6,76,9.4,987.4,1010.3,211.0,2.0,,5.0,1,,,9.0,,
2025-04-14 07:00:00,351150400,ZIELONA GÓRA,2025,4,14,7,16.1,66,9.7,987.8,1010.5,208.0,2.0,,7.0,1,2.0,,8.0,,
2025-04-14 08:00:00,351150400,ZIELONA GÓRA,2025,4,14,8,17.8,58,9.4,988.2,1010.8,232.0,2.0,,4.0,1,1.0,,8.0,,
2025-04-14 09:00:00,351150400,ZIELONA GÓRA,2025,4,14,9,19.5,53,9.7,988.2,1010.7,226.0,2.0,,3.0,3,1.0,,8.0,,
2025-04-14 10:00:00,351150400,ZIELONA GÓRA,2025,4,14,10,19.0,52,8.9,988.2,1010.7,222.0,3.0,,7.0,3,1.0,,8.0,,
2025-04-14 11:00:00,351150400,ZIELONA GÓRA,2025,4,14,11,20.2,45,7.9,987.9,1010.3,240.0,2.0,,7.0,1,2.0,,8.0,,
2025-04-14 12:00:00,351150400,ZIELONA GÓRA,2025,4,14,12,20.5,46,8.5,988.0,1010.4,208.0,2.0,,7.0,3,1.0,,9.0,,
2025-04-14 13:00:00,351150400,ZIELONA GÓRA,2025,4,14,13,20.8,41,7.1,987.7,1010.1,205.0,3.0,,7.0,3,2.0,,8.0,,
2025-04-14 14:00:00,351150400,ZIELONA GÓRA,2025,4,14,14,20.9,43,7.8,987.6,1010.0,280.0,1.0,,7.0,1,2.0,,8.0,,
2025-04-14 15:00:00,351150400,ZIELONA GÓRA,2025,4,14,15,20.8,42,7.4,987.5,1009.9,227.0,1.0,,7.0,1,2.0,,8.0,,
2025-04-14 16:00:00,351150400,ZIELONA GÓRA,2025,4,14,16,20.0,47,8.3,987.7,1010.1,300.0,2.0,,7.0,1,2.0,,8.0,,
2025-04-14 17:00:00,351150400,ZIELONA GÓRA,2025,4,14,17,19.5,46,7.6,987.6,1010.1,315.0,2.0,,7.0,1,2.0,,8.0,,
2025-04-14 18:00:00,351150400,ZIELONA GÓRA,2025,4,14,18,18.7,48,7.5,987.7,1010.2,350.0,1.0,,7.0,1,2.0,,9.0,,
2025-04-14 19:00:00,351150400,ZIELONA GÓRA,2025,4,14,19,17.5,50,7.0,988.1,1010.7,30.0,1.0,,7.0,3,2.0,,8.0,,
2025-04-14 20:00:00,351150400,ZIELONA GÓRA,2025,4,14,20,17.5,48,6.4,988.0,1010.6,37.0,1.0,,7.0,3,2.0,,8.0,,
2025-04-14 21:00:00,351150400,ZIELONA GÓRA,2025,4,14,21,18.1,47,6.6,987.8,1010.4,58.0,2.0,,,0,,,8.0,,
2025-04-14 22:00:00,351150400,ZIELONA GÓRA,2025,4,14,22,17.1,53,7.4,987.1,1009.7,82.0,1.0,,,0,,,8.0,,
2025-04-14 23:00:00,351150400,ZIELONA GÓRA,2025,4,14,23,16.1,59,8.1,986.6,1009.3,105.0,1.0,,,0,,,8.0,,
2025-04-15 00:00:00,351150400,ZIELONA GÓRA,2025,4,15,0,15.9,63,8.9,986.4,1009.1,138.0,2.0,,,0,,,9.0,,
2025-04-15 01:00:00,351150400,ZIELONA GÓRA,2025,4,15,1,15.2,67,9.1,985.9,1008.7,130.0,1.0,,,0,,,8.0,,
2025-04-15 02:00:00,351150400,ZIELONA GÓRA,2025,4,15,2,15.2,67,9.1,985.7,1008.5,135.0,3.0,,,0,,,8.0,,
2025-04-15 03:00:00,351150400,ZIELONA GÓRA,2025,4,15,3,13.9,72,8.9,985.2,1008.1,132.0,3.0,,,0,,,8.0,,
2025-04-15 04:00:00,351150400,ZIELONA GÓRA,2025,4,15,4,13.4,74,8.9,984.8,1007.7,135.0,3.0,,,0,,,8.0,,
2025-04-15 05:00:00,351150400,ZIELONA GÓRA,2025,4,15,5,12.8,78,9.1,984.7,1007.6,133.0,3.0,,2.0,0,,,8.0,,
2025-04-15 06:00:00,351150400,ZIELONA GÓRA,2025,4,15,6,14.2,73,9.4,984.4,1007.2,132.0,3.0,,2.0,3,,,9.0,,
2025-04-15 07:00:00,351150400,ZIELONA GÓRA,2025,4,15,7,15.7,67,9.6,984.1,1006.8,140.0,3.0,,5.0,3,1.0,,8.0,,
2025-04-15 08:00:00,351150400,ZIELONA GÓRA,2025,4,15,8,17.2,61,9.6,983.8,1006.4,134.0,5.0,11.0,6.0,3,2.0,,8.0,,
2025-04-15 09:00:00,351150400,ZIELONA GÓRA,2025,4,15,9,17.6,61,10.0,983.6,1006.1,137.0,5.0,10.0,7.0,3,1.0,,8.0,,
2025-04-15 10:00:00,351150400,ZIELONA GÓRA,2025,4,15,10,16.7,65,10.1,983.4,1006.0,136.0,4.0,,7.0,3,2.0,,8.0,,
2025-04-15 11:00:00,351150400,ZIELONA GÓRA,2025,4,15,11,16.6,67,10.4,983.3,1005.9,134.0,3.0,,7.0,3,2.0,,8.0,,
2025-04-15 12:00:00,351150400,ZIELONA GÓRA,2025,4,15,12,17.1,67,10.9,982.9,1005.4,139.0,4.0,,7.0,25,1.0,0.0,,6.0,
2025-04-15 13:00:00,351150400,ZIELONA GÓRA,2025,4,15,13,15.8,72,10.8,982.8,1005.4,129.0,4.0,9.0,7.0,2,2.0,,8.0,,
2025-04-15 14:00:00,351150400,ZIELONA GÓRA,2025,4,15,14,16.7,68,10.8,982.4,1005.0,128.0,4.0,,8.0,3,2.0,,8.0,,
2025-04-15 15:00:00,351150400,ZIELONA GÓRA,2025,4,15,15,16.8,66,10.4,981.9,1004.4,133.0,5.0,,7.0,1,2.0,,8.0,,
2025-04-15 16:00:00,351150400,ZIELONA GÓRA,2025,4,15,16,16.6,68,10.7,981.7,1004.3,139.0,5.0,10.0,7.0,2,2.0,,8.0,,
2025-04-15 17:00:00,351150400,ZIELONA GÓRA,2025,4,15,17,16.0,71,10.7,981.8,1004.4,141.0,5.0,10.0,7.0,2,2.0,,8.0,,
2025-04-15 18:00:00,351150400,ZIELONA GÓRA,2025,4,15,18,15.2,75,10.8,982.0,1004.7,137.0,4.0,,7.0,3,2.0,,9.0,,
2025-04-15 19:00:00,351150400,ZIELONA GÓRA,2025,4,15,19,14.6,78,10.8,982.1,1004.8,132.0,4.0,,7.0,3,2.0,,8.0,,
2025-04-15 20:00:00,351150400,ZIELONA GÓRA,2025,4,15,20,14.2,79,10.6,982.3,1005.1,138.0,4.0,,7.0,1,2.0,,8.0,,
2025-04-15 21:00:00,351150400,ZIELONA GÓRA,2025,4,15,21,13.7,83,10.9,982.4,1005.2,144.0,3.0,,,0,,,8.0,,
2025-04-15 22:00:00,351150400,ZIELONA GÓRA,2025,4,15,22,13.0,87,10.9,982.5,1005.4,146.0,2.0,,,0,,,8.0,,
2025-04-15 23:00:00,351150400,ZIELONA GÓRA,2025,4,15,23,12.7,89,10.9,982.5,1005.4,150.0,3.0,,,0,,,8.0,,
2025-04-16 00:00:00,351150400,ZIELONA GÓRA,2025,4,16,0,12.3,91,10.9,982.5,1005.4,151.0,3.0,,,0,,,9.0,,
2025-04-16 01:00:00,351150400,ZIELONA GÓRA,2025,4,16,1,12.0,93,10.9,983.1,1006.1,161.0,3.0,,,0,,,8.0,,
2025-04-16 02:00:00,351150400,ZIELONA GÓRA,2025,4,16,2,11.3,95,10.5,983.5,1006.5,165.0,2.0,,,0,,,8.0,,
2025-04-16 03:00:00,351150400,ZIELONA GÓRA,2025,4,16,3,11.7,95,10.9,984.0,1007.0,207.0,3.0,,,0,,,8.0,,
2025-04-16 04:00:00,351150400,ZIELONA GÓRA,2025,4,16,4,11.4,95,10.6,984.5,1007.5,217.0,2.0,,,0,,,8.0,,
2025-04-16 05:00:00,351150400,ZIELONA GÓRA,2025,4,16,5,11.6,95,10.8,985.4,1008.4,225.0,3.0,,3.0,0,,,8.0,,
2025-04-16 06:00:00,351150400,ZIELONA GÓRA,2025,4,16,6,13.8,84,11.1,985.8,1008.7,215.0,3.0,,1.0,1,,,9.0,,
2025-04-16 07:00:00,351150400,ZIELONA GÓRA,2025,4,16,7,15.8,75,11.4,986.3,1009.0,239.0,3.0,,1.0,1,0.0,,8.0,,
2025-04-16 08:00:00,351150400,ZIELONA GÓRA,2025,4,16,8,17.6,70,12.1,986.8,1009.4,228.0,3.0,,1.0,3,0.0,,8.0,,
2025-04-16 09:00:00,351150400,ZIELONA GÓRA,2025,4,16,9,19.1,62,11.6,987.3,1009.8,229.0,3.0,,1.0,2,0.0,,8.0,,
2025-04-16 10:00:00,351150400,ZIELONA GÓRA,2025,4,16,10,20.7,54,11.1,987.4,1009.8,160.0,3.0,,1.0,1,0.0,,8.0,,
2025-04-16 11:00:00,351150400,ZIELONA GÓRA,2025,4,16,11,22.3,45,9.8,987.5,1009.7,215.0,2.0,,4.0,3,0.0,,8.0,,
2025-04-16 12:00:00,351150400,ZIELONA GÓRA,2025,4,16,12,23.5,41,9.5,987.7,1009.9,213.0,3.0,,3.0,1,0.0,,9.0,,
2025-04-16 13:00:00,351150400,ZIELONA GÓRA,2025,4,16,13,24.7,39,9.8,987.4,1009.5,182.0,2.0,,5.0,3,1.0,,8.0,,
2025-04-16 14:00:00,351150400,ZIELONA GÓRA,2025,4,16,14,25.0,35,8.5,987.0,1009.0,138.0,2.0,,6.0,1,2.0,,8.0,,
2025-04-16 15:00:00,351150400,ZIELONA GÓRA,2025,4,16,15,24.9,38,9.6,987.0,1009.0,138.0,2.0,,6.0,2,1.0,,8.0,,
2025-04-16 16:00:00,351150400,ZIELONA GÓRA,2025,4,16,16,24.8,36,8.7,986.9,1008.9,134.0,3.0,,5.0,1,2.0,,8.0,,
2025-04-16 17:00:00,351150400,ZIELONA GÓRA,2025,4,16,17,24.1,35,7.7,986.7,1008.8,135.0,3.0,,3.0,3,1.0,,8.0,,
2025-04-16 18:00:00,351150400,ZIELONA GÓRA,2025,4,16,18,21.7,43,8.6,986.9,1009.2,91.0,1.0,,2.0,3,1.0,,9.0,,
2025-04-16 19:00:00,351150400,ZIELONA GÓRA,2025,4,16,19,21.8,45,9.3,986.8,1009.1,89.0,2.0,,1.0,1,0.0,,8.0,,
2025-04-16 20:00:00,351150400,ZIELONA GÓRA,2025,4,16,20,20.3,51,9.8,987.2,1009.6,136.0,3.0,,1.0,2,0.0,,8.0,,
2025-04-16 21:00:00,351150400,ZIELONA GÓRA,2025,4,16,21,19.0,57,10.3,987.3,1009.8,127.0,3.0,,,0,,,8.0,,
2025-04-16 22:00:00,351150400,ZIELONA GÓRA,2025,4,16,22,18.3,61,10.6,987.0,1009.5,133.0,3.0,,,0,,,8.0,,
2025-04-16 23:00:00,351150400,ZIELONA GÓRA,2025,4,16,23,17.6,63,10.5,986.9,1009.5,134.0,4.0,,,0,,,8.0,,
2025-04-17 00:00:00,351150400,ZIELONA GÓRA,2025,4,17,0,17.2,62,9.9,986.6,1009.2,135.0,3.0,,,0,,,9.0,,
2025-04-17 01:00:00,351150400,ZIELONA GÓRA,2025,4,17,1,16.7,61,9.1,986.0,1008.6,135.0,4.0,,,0,,,8.0,,
2025-04-17 02:00:00,351150400,ZIELONA GÓRA,2025,4,17,2,16.3,61,8.8,986.0,1008.7,132.0,3.0,,,0,,,8.0,,
2025-04-17 03:00:00,351150400,ZIELONA GÓRA,2025,4,17,3,15.8,60,8.0,985.4,1008.1,133.0,4.0,,,0,,,8.0,,
2025-04-17 04:00:00,351150400,ZIELONA GÓRA,2025,4,17,4,15.4,60,7.7,985.5,1008.2,133.0,4.0,,,0,,,8.0,,
2025-04-17 05:00:00,351150400,ZIELONA GÓRA,2025,4,17,5,15.3,61,7.8,985.8,1008.6,136.0,4.0,,7.0,0,,,8.0,,
2025-04-17 06:00:00,351150400,ZIELONA GÓRA,2025,4,17,6,15.7,61,8.2,985.8,1008.5,140.0,3.0,,7.0,1,,,9.0,,
2025-04-17 07:00:00,351150400,ZIELONA GÓRA,2025,4,17,7,18.2,55,9.0,985.6,1008.1,140.0,4.0,,6.0,1,2.0,,8.0,,
2025-04-17 08:00:00,351150400,ZIELONA GÓRA,2025,4,17,8,20.4,50,9.6,985.2,1007.5,138.0,4.0,,6.0,2,2.0,,8.0,,
2025-04-17 09:00:00,351150400,ZIELONA GÓRA,2025,4,17,9,22.3,42,8.8,985.5,1007.7,152.0,4.0,9.0,7.0,1,2.0,,8.0,,
2025-04-17 10:00:00,351150400,ZIELONA GÓRA,2025,4,17,10,24.1,38,8.9,985.4,1007.5,154.0,4.0,9.0,3.0,1,1.0,,8.0,,
2025-04-17 11:00:00,351150400,ZIELONA GÓRA,2025,4,17,11,25.6,34,8.6,985.0,1006.9,162.0,5.0,10.0,7.0,3,1.0,,8.0,,
2025-04-17 12:00:00,351150400,ZIELONA GÓRA,2025,4,17,12,26.4,29,6.9,984.6,1006.5,174.0,6.0,13.0,8.0,3,1.0,,9.0,,
2025-04-17 13:00:00,351150400,ZIELONA GÓRA,2025,4,17,13,26.8,28,6.8,984.4,1006.2,165.0,5.0,11.0,8.0,1,2.0,,8.0,,
2025-04-17 14:00:00,351150400,ZIELONA GÓRA,2025,4,17,14,26.2,28,6.2,983.9,1005.8,146.0,5.0,12.0,8.0,2,2.0,,8.0,,
2025-04-17 15:00:00,351150400,ZIELONA GÓRA,2025,4,17,15,26.0,28,6.1,983.7,1005.6,161.0,5.0,10.0,7.0,1,2.0,,8.0,,
2025-04-17 16:00:00,351150400,ZIELONA GÓRA,2025,4,17,16,25.3,30,6.5,984.1,1006.0,155.0,4.0,10.0,7.0,3,2.0,,8.0,,
2025-04-17 17:00:00,351150400,ZIELONA GÓRA,2025,4,17,17,24.1,35,7.7,984.2,1006.2,147.0,4.0,,7.0,3,2.0,,8.0,,
2025-04-17 18:00:00,351150400,ZIELONA GÓRA,2025,4,17,18,23.0,38,7.9,984.6,1006.7,141.0,3.0,,7.0,3,2.0,,9.0,,
2025-04-17 19:00:00,351150400,ZIELONA GÓRA,2025,4,17,19,22.1,41,8.2,984.6,1006.8,136.0,3.0,,6.0,1,2.0,,8.0,,
2025-04-17 20:00:00,351150400,ZIELONA GÓRA,2025,4,17,20,21.8,43,8.7,984.8,1007.0,138.0,4.0,,7.0,3,2.0,,8.0,,
2025-04-17 21:00:00,351150400,ZIELONA GÓRA,2025,4,17,21,21.1,47,9.3,985.0,1007.3,145.0,3.0,,,0,,,8.0,,
2025-04-17 22:00:00,351150400,ZIELONA GÓRA,2025,4,17,22,20.4,50,9.6,984.9,1007.2,137.0,3.0,,,0,,,8.0,,
2025-04-17 23:00:00,351150400,ZIELONA GÓRA,2025,4,17,23,20.4,51,9.9,984.8,1007.1,141.0,3.0,,,0,,,8.0,,
2025-04-18 00:00:00,351150400,ZIELONA GÓRA,2025,4,18,0,20.1,52,9.9,984.5,1006.8,144.0,4.0,,,0,,,9.0,,
2025-04-18 01:00:00,351150400,ZIELONA GÓRA,2025,4,18,1,19.1,56,10.1,984.6,1007.0,144.0,3.0,,,0,,,8.0,,
2025-04-18 02:00:00,351150400,ZIELONA GÓRA,2025,4,18,2,17.6,61,10.0,984.4,1006.9,143.0,3.0,,,0,,,8.0,,
2025-04-18 03:00:00,351150400,ZIELONA GÓRA,2025,4,18,3,16.3,68,10.4,984.3,1006.9,137.0,3.0,,,0,,,8.0,,
2025-04-18 04:00:00,351150400,ZIELONA GÓRA,2025,4,18,4,16.0,70,10.5,984.4,1007.1,148.0,2.0,,,0,,,8.0,,
2025-04-18 05:00:00,351150400,ZIELONA GÓRA,2025,4,18,5,15.3,73,10.5,985.2,1007.9,224.0,2.0,,7.0,0,,,8.0,,
2025-04-18 06:00:00,351150400,ZIELONA GÓRA,2025,4,18,6,13.0,85,10.5,986.2,1009.2,266.0,2.0,,8.0,80,,0.0,,6.0,
2025-04-18 07:00:00,351150400,ZIELONA GÓRA,2025,4,18,7,13.0,85,10.5,986.4,1009.4,263.0,2.0,,8.0,25,2.0,,8.0,,
2025-04-18 08:00:00,351150400,ZIELONA GÓRA,2025,4,18,8,13.9,81,10.7,985.8,1008.7,322.0,3.0,,8.0,1,2.0,,8.0,,
2025-04-18 09:00:00,351150400,ZIELONA GÓRA,2025,4,18,9,15.9,72,10.9,986.3,1009.0,315.0,2.0,,8.0,1,8.0,,8.0,,
2025-04-18 10:00:00,351150400,ZIELONA GÓRA,2025,4,18,10,16.9,69,11.2,986.7,1009.3,267.0,1.0,,7.0,3,2.0,,8.0,,
2025-04-18 11:00:00,351150400,ZIELONA GÓRA,2025,4,18,11,17.2,68,11.2,986.3,1008.9,308.0,3.0,,7.0,1,2.0,,8.0,,
2025-04-18 12:00:00,351150400,ZIELONA GÓRA,2025,4,18,12,17.6,65,10.9,986.1,1008.7,309.0,3.0,,6.0,3,8.0,0.0,,6.0,
2025-04-18 13:00:00,351150400,ZIELONA GÓRA,2025,4,18,13,17.1,67,10.9,985.8,1008.4,298.0,3.0,,7.0,1,2.0,,8.0,,
2025-04-18 14:00:00,351150400,ZIELONA GÓRA,2025,4,18,14,16.2,71,10.9,985.6,1008.3,297.0,3.0,,8.0,1,2.0,,8.0,,
2025-04-18 15:00:00,351150400,ZIELONA GÓRA,2025,4,18,15,14.9,74,10.3,985.5,1008.3,309.0,4.0,,8.0,3,2.0,,8.0,,
2025-04-18 16:00:00,351150400,ZIELONA GÓRA,2025,4,18,16,14.3,77,10.3,985.6,1008.4,291.0,4.0,,8.0,3,2.0,,8.0,,
2025-04-18 17:00:00,351150400,ZIELONA GÓRA,2025,4,18,17,12.6,90,11.0,985.5,1008.5,317.0,3.0,,8.0,81,8.0,,8.0,,
2025-04-18 18:00:00,351150400,ZIELONA GÓRA,2025,4,18,18,12.1,94,11.2,985.3,1008.3,316.0,4.0,,8.0,25,2.0,1.6,,6.0,
2025-04-18 19:00:00,351150400,ZIELONA GÓRA,2025,4,18,19,11.7,96,11.1,985.7,1008.7,276.0,2.0,,8.0,80,8.0,,8.0,,
2025-04-18 20:00:00,351150400,ZIELONA GÓRA,2025,4,18,20,10.7,98,10.4,986.0,1009.1,235.0,2.0,,8.0,80,8.0,,8.0,,
2025-04-18 21:00:00,351150400,ZIELONA GÓRA,2025,4,18,21,10.0,98,9.7,986.0,1009.2,267.0,2.0,,,62,,,8.0,,
2025-04-18 22:00:00,351150400,ZIELONA GÓRA,2025,4,18,22,9.6,98,9.3,986.4,1009.6,258.0,3.0,,,81,,,8.0,,
2025-04-18 23:00:00,351150400,ZIELONA GÓRA,2025,4,18,23,9.3,98,9.0,986.8,1010.1,254.0,3.0,,,23,,,8.0,,
2025-04-19 00:00:00,351150400,ZIELONA GÓRA,2025,4,19,0,9.0,98,8.7,986.5,1009.8,264.0,3.0,,,10,,7.0,,,
2025-04-19 01:00:00,351150400,ZIELONA GÓRA,2025,4,19,1,8.8,98,8.5,986.6,1009.9,254.0,2.0,,,10,,,8.0,,
2025-04-19 02:00:00,351150400,ZIELONA GÓRA,2025,4,19,2,8.7,98,8.4,986.8,1010.1,250.0,3.0,,,10,,,8.0,,
2025-04-19 03:00:00,351150400,ZIELONA GÓRA,2025,4,19,3,8.5,99,8.4,986.8,1010.1,228.0,3.0,,,81,,,8.0,,
2025-04-19 04:00:00,351150400,ZIELONA GÓRA,2025,4,19,4,8.3,99,8.2,986.8,1010.2,239.0,3.0,,,81,,,8.0,,
2025-04-19 05:00:00,351150400,ZIELONA GÓRA,2025,4,19,5,8.2,98,7.9,987.3,1010.7,240.0,2.0,,8.0,10,,,8.0,,
2025-04-19 06:00:00,351150400,ZIELONA GÓRA,2025,4,19,6,8.5,96,7.9,987.6,1011.0,235.0,3.0,,6.0,1,,0.5,,6.0,
2025-04-19 07:00:00,351150400,ZIELONA GÓRA,2025,4,19,7,8.6,93,7.5,987.8,1011.2,235.0,3.0,,7.0,3,2.0,,8.0,,
2025-04-19 08:00:00,351150400,ZIELONA GÓRA,2025,4,19,8,9.0,92,7.8,987.9,1011.2,256.0,2.0,,7.0,2,2.0,,8.0,,
2025-04-19 09:00:00,351150400,ZIELONA GÓRA,2025,4,19,9,9.2,90,7.6,988.2,1011.5,254.0,2.0,,7.0,3,2.0,,8.0,,
2025-04-19 10:00:00,351150400,ZIELONA GÓRA,2025,4,19,10,9.3,88,7.4,988.5,1011.8,246.0,2.0,,7.0,80,2.0,,8.0,,
2025-04-19 11:00:00,351150400,ZIELONA GÓRA,2025,4,19,11,9.5,91,8.1,988.7,1012.0,222.0,2.0,,8.0,80,8.0,,8.0,,
2025-04-19 12:00:00,351150400,ZIELONA GÓRA,2025,4,19,12,9.7,91,8.3,988.4,1011.7,226.0,2.0,,7.0,25,8.0,0.0,,6.0,
2025-04-19 13:00:00,351150400,ZIELONA GÓRA,2025,4,19,13,9.5,84,6.9,988.4,1011.7,243.0,3.0,,7.0,80,2.0,,8.0,,
2025-04-19 14:00:00,351150400,ZIELONA GÓRA,2025,4,19,14,9.4,86,7.2,988.1,1011.4,234.0,2.0,,7.0,25,2.0,,8.0,,
2025-04-19 15:00:00,351150400,ZIELONA GÓRA,2025,4,19,15,9.2,85,6.8,987.8,1011.1,220.0,1.0,,7.0,25,8.0,,8.0,,
2025-04-19 16:00:00,351150400,ZIELONA GÓRA,2025,4,19,16,9.3,85,6.9,987.7,1011.0,237.0,1.0,,7.0,1,2.0,,8.0,,
2025-04-19 17:00:00,351150400,ZIELONA GÓRA,2025,4,19,17,9.2,89,7.5,987.4,1010.7,141.0,1.0,,7.0,1,2.0,,8.0,,
2025-04-19 18:00:00,351150400,ZIELONA GÓRA,2025,4,19,18,9.2,87,7.1,987.4,1010.7,284.0,1.0,,7.0,1,8.0,0.1,,6.0,
2025-04-19 19:00:00,351150400,ZIELONA GÓRA,2025,4,19,19,8.9,91,7.5,987.6,1010.9,249.0,1.0,,7.0,2,2.0,,8.0,,
2025-04-19 20:00:00,351150400,ZIELONA GÓRA,2025,4,19,20,9.1,89,7.4,987.2,1010.5,326.0,1.0,,7.0,3,2.0,,8.0,,
2025-04-19 21:00:00,351150400,ZIELONA GÓRA,2025,4,19,21,9.0,93,7.9,987.0,1010.3,66.0,1.0,,,0,,,8.0,,
2025-04-19 22:00:00,351150400,ZIELONA GÓRA,2025,4,19,22,8.6,93,7.5,986.6,1009.9,111.0,1.0,,,0,,,8.0,,
2025-04-19 23:00:00,351150400,ZIELONA GÓRA,2025,4,19,23,9.4,86,7.2,986.4,1009.7,98.0,1.0,,,0,,,8.0,,
2025-04-20 00:00:00,351150400,ZIELONA GÓRA,2025,4,20,0,9.5,84,6.9,985.9,1009.1,95.0,1.0,,,0,,,9.0,,
2025-04-20 01:00:00,351150400,ZIELONA GÓRA,2025,4,20,1,8.9,85,6.5,985.5,1008.8,79.0,2.0,,,0,,,8.0,,
2025-04-20 02:00:00,351150400,ZIELONA GÓRA,2025,4,20,2,8.9,85,6.5,985.2,1008.5,60.0,2.0,,,0,,,8.0,,
2025-04-20 03:00:00,351150400,ZIELONA GÓRA,2025,4,20,3,9.1,82,6.2,984.9,1008.1,69.0,2.0,,,0,,,8.0,,
2025-04-20 04:00:00,351150400,ZIELONA GÓRA,2025,4,20,4,9.1,78,5.5,984.7,1007.9,66.0,2.0,,,0,,,8.0,,
2025-04-20 05:00:00,351150400,ZIELONA GÓRA,2025,4,20,5,9.6,79,6.1,984.6,1007.8,68.0,3.0,,2.0,0,,,8.0,,
2025-04-20 06:00:00,351150400,ZIELONA GÓRA,2025,4,20,6,11.2,76,7.1,984.7,1007.8,83.0,2.0,,1.0,1,,,9.0,,
2025-04-20 07:00:00,351150400,ZIELONA GÓRA,2025,4,20,7,12.4,72,7.5,984.8,1007.8,124.0,2.0,,1.0,1,0.0,,8.0,,
2025-04-20 08:00:00,351150400,ZIELONA GÓRA,2025,4,20,8,14.6,66,8.3,984.8,1007.6,135.0,1.0,,1.0,2,0.0,,8.0,,
2025-04-20 09:00:00,351150400,ZIELONA GÓRA,2025,4,20,9,15.9,66,9.6,984.9,1007.6,169.0,2.0,,1.0,3,0.0,,8.0,,
2025-04-20 10:00:00,351150400,ZIELONA GÓRA,2025,4,20,10,17.3,62,9.9,984.8,1007.4,190.0,2.0,,1.0,2,0.0,,8.0,,
2025-04-20 11:00:00,351150400,ZIELONA GÓRA,2025,4,20,11,18.7,59,10.5,984.6,1007.1,181.0,3.0,,2.0,3,0.0,,8.0,,
2025-04-20 12:00:00,351150400,ZIELONA GÓRA,2025,4,20,12,20.2,51,9.7,984.4,1006.7,234.0,3.0,,3.0,3,0.0,,9.0,,
2025-04-20 13:00:00,351150400,ZIELONA GÓRA,2025,4,20,13,20.2,49,9.1,984.2,1006.5,204.0,2.0,,3.0,3,0.0,,8.0,,
2025-04-20 14:00:00,351150400,ZIELONA GÓRA,2025,4,20,14,21.5,46,9.4,983.9,1006.1,238.0,2.0,,3.0,1,0.0,,8.0,,
2025-04-20 15:00:00,351150400,ZIELONA GÓRA,2025,4,20,15,20.7,46,8.7,983.8,1006.1,217.0,2.0,,4.0,1,0.0,,8.0,,
2025-04-20 16:00:00,351150400,ZIELONA GÓRA,2025,4,20,16,20.7,45,8.3,983.9,1006.2,244.0,3.0,,7.0,1,1.0,,8.0,,
2025-04-20 17:00:00,351150400,ZIELONA GÓRA,2025,4,20,17,19.5,50,8.8,984.2,1006.6,273.0,2.0,,7.0,1,2.0,,8.0,,
2025-04-20 18:00:00,351150400,ZIELONA GÓRA,2025,4,20,18,18.3,53,8.5,984.4,1006.9,315.0,2.0,,7.0,1,1.0,,9.0,,
2025-04-20 19:00:00,351150400,ZIELONA GÓRA,2025,4,20,19,16.9,58,8.6,984.7,1007.3,322.0,2.0,,3.0,1,1.0,,8.0,,
2025-04-20 20:00:00,351150400,ZIELONA GÓRA,2025,4,20,20,16.1,62,8.8,984.8,1007.5,349.0,2.0,,6.0,3,1.0,,8.0,,
2025-04-20 21:00:00,351150400,ZIELONA GÓRA,2025,4,20,21,15.7,64,8.9,985.0,1007.7,21.0,1.0,,,0,,,8.0,,
2025-04-20 22:00:00,351150400,ZIELONA GÓRA,2025,4,20,22,14.7,68,8.9,985.0,1007.8,15.0,1.0,,,0,,,8.0,,
2025-04-20 23:00:00,351150400,ZIELONA GÓRA,2025,4,20,23,15.0,66,8.7,984.8,1007.6,59.0,2.0,,,0,,,8.0,,
2025-04-21 00:00:00,351150400,ZIELONA GÓRA,2025,4,21,0,14.7,65,8.2,984.8,1007.6,67.0,2.0,,,0,,,9.0,,
2025-04-21 01:00:00,351150400,ZIELONA GÓRA,2025,4,21,1,12.0,80,8.7,985.2,1008.2,210.0,2.0,,,0,,,8.0,,
2025-04-21 02:00:00,351150400,ZIELONA GÓRA,2025,4,21,2,14.2,69,8.6,985.0,1007.8,71.0,2.0,,,0,,,8.0,,
2025-04-21 03:00:00,351150400,ZIELONA GÓRA,2025,4,21,3,11.8,82,8.8,985.6,1008.6,342.0,2.0,,,0,,,8.0,,
2025-04-21 04:00:00,351150400,ZIELONA GÓRA,2025,4,21,4,11.4,83,8.6,985.4,1008.5,24.0,2.0,,,0,,,8.0,,
2025-04-21 05:00:00,351150400,ZIELONA GÓRA,2025,4,21,5,12.1,80,8.8,986.0,1009.0,63.0,1.0,,7.0,0,,,8.0,,
2025-04-21 06:00:00,351150400,ZIELONA GÓRA,2025,4,21,6,13.7,74,9.1,986.1,1009.0,131.0,2.0,,7.0,3,,,9.0,,
2025-04-21 07:00:00,351150400,ZIELONA GÓRA,2025,4,21,7,14.4,72,9.4,986.7,1009.5,317.0,2.0,,7.0,1,2.0,,8.0,,
2025-04-21 08:00:00,351150400,ZIELONA GÓRA,2025,4,21,8,15.6,68,9.7,987.0,1009.8,309.0,2.0,,7.0,3,2.0,,8.0,,
2025-04-21 09:00:00,351150400,ZIELONA GÓRA,2025,4,21,9,17.0,65,10.4,987.2,1009.9,324.0,2.0,,7.0,1,2.0,,8.0,,
2025-04-21 10:00:00,351150400,ZIELONA GÓRA,2025,4,21,10,18.6,57,9.9,987.4,1009.9,321.0,2.0,,7.0,3,2.0,,8.0,,
2025-04-21 11:00:00,351150400,ZIELONA GÓRA,2025,4,21,11,19.1,57,10.4,987.5,1010.0,323.0,2.0,,7.0,3,2.0,,8.0,,
2025-04-21 12:00:00,351150400,ZIELONA GÓRA,2025,4,21,12,18.4,60,10.5,988.1,1010.7,301.0,2.0,,7.0,3,2.0,,9.0,,
2025-04-21 13:00:00,351150400,ZIELONA GÓRA,2025,4,21,13,17.5,70,12.0,988.1,1010.7,316.0,4.0,,7.0,25,8.0,,8.0,,
2025-04-21 14:00:00,351150400,ZIELONA GÓRA,2025,4,21,14,17.1,69,11.4,988.2,1010.9,334.0,3.0,,7.0,25,2.0,,8.0,,
2025-04-21 15:00:00,351150400,ZIELONA GÓRA,2025,4,21,15,15.4,81,12.2,988.6,1011.4,304.0,4.0,,8.0,81,8.0,,8.0,,
2025-04-21 16:00:00,351150400,ZIELONA GÓRA,2025,4,21,16,13.3,94,12.4,989.4,1012.4,344.0,2.0,,8.0,81,8.0,,8.0,,
2025-04-21 17:00:00,351150400,ZIELONA GÓRA,2025,4,21,17,13.2,95,12.4,989.2,1012.2,323.0,2.0,,8.0,80,8.0,,8.0,,
2025-04-21 18:00:00,351150400,ZIELONA GÓRA,2025,4,21,18,13.1,95,12.3,989.5,1012.5,334.0,1.0,,7.0,25,8.0,8.3,,6.0,
2025-04-21 19:00:00,351150400,ZIELONA GÓRA,2025,4,21,19,12.7,97,12.2,989.4,1012.4,55.0,2.0,,6.0,25,8.0,,8.0,,
2025-04-21 20:00:00,351150400,ZIELONA GÓRA,2025,4,21,20,12.5,98,12.2,990.1,1013.2,77.0,1.0,,7.0,1,2.0,,8.0,,
2025-04-21 21:00:00,351150400,ZIELONA GÓRA,2025,4,21,21,12.6,98,12.3,990.1,1013.2,312.0,1.0,,,10,,,8.0,,
2025-04-21 22:00:00,351150400,ZIELONA GÓRA,2025,4,21,22,12.5,99,12.3,990.6,1013.7,289.0,1.0,,,10,,,8.0,,
2025-04-21 23:00:00,351150400,ZIELONA GÓRA,2025,4,21,23,12.1,99,11.9,990.9,1014.0,317.0,1.0,,,10,,,8.0,,
2025-04-22 00:00:00,351150400,ZIELONA GÓRA,2025,4,22,0,11.7,99,11.5,991.0,1014.2,300.0,2.0,,,10,,3.2,,,
2025-04-22 01:00:00,351150400,ZIELONA GÓRA,2025,4,22,1,10.4,93,9.3,991.2,1014.5,310.0,2.0,,,0,,,8.0,,
2025-04-22 02:00:00,351150400,ZIELONA GÓRA,2025,4,22,2,9.4,91,8.0,991.2,1014.6,335.0,2.0,,,0,,,8.0,,
2025-04-22 03:00:00,351150400,ZIELONA GÓRA,2025,4,22,3,9.1,93,8.0,991.3,1014.7,314.0,1.0,,,0,,,8.0,,
2025-04-22 04:00:00,351150400,ZIELONA GÓRA,2025,4,22,4,9.6,88,7.7,991.3,1014.7,283.0,2.0,,,0,,,8.0,,
2025-04-22 05:00:00,351150400,ZIELONA GÓRA,2025,4,22,5,10.3,85,7.9,991.8,1015.1,284.0,1.0,,1.0,0,,,8.0,,
2025-04-22 06:00:00,351150400,ZIELONA GÓRA,2025,4,22,6,12.6,79,9.1,992.3,1015.4,280.0,1.0,,1.0,2,,,9.0,,
2025-04-22 07:00:00,351150400,ZIELONA GÓRA,2025,4,22,7,11.9,88,10.0,993.0,1016.2,196.0,3.0,,1.0,3,0.0,,8.0,,
2025-04-22 08:00:00,351150400,ZIELONA GÓRA,2025,4,22,8,13.9,79,10.3,993.4,1016.4,208.0,2.0,,1.0,3,0.0,,8.0,,
2025-04-22 09:00:00,351150400,ZIELONA GÓRA,2025,4,22,9,16.2,71,10.9,993.6,1016.5,257.0,1.0,,1.0,3,0.0,,8.0,,
2025-04-22 10:00:00,351150400,ZIELONA GÓRA,2025,4,22,10,16.9,58,8.6,993.7,1016.5,196.0,2.0,,2.0,3,0.0,,8.0,,
2025-04-22 11:00:00,351150400,ZIELONA GÓRA,2025,4,22,11,17.8,55,8.6,993.6,1016.3,223.0,3.0,,3.0,3,0.0,,8.0,,
2025-04-22 12:00:00,351150400,ZIELONA GÓRA,2025,4,22,12,18.1,59,10.0,993.6,1016.3,246.0,3.0,,6.0,3,1.0,,9.0,,
2025-04-22 13:00:00,351150400,ZIELONA GÓRA,2025,4,22,13,18.2,54,8.7,993.8,1016.5,278.0,3.0,,6.0,1,2.0,,8.0,,
2025-04-22 14:00:00,351150400,ZIELONA GÓRA,2025,4,22,14,18.7,51,8.4,993.6,1016.3,263.0,3.0,,7.0,1,2.0,,8.0,,
2025-04-22 15:00:00,351150400,ZIELONA GÓRA,2025,4,22,15,19.1,47,7.5,993.8,1016.4,271.0,3.0,,7.0,2,2.0,,8.0,,
2025-04-22 16:00:00,351150400,ZIELONA GÓRA,2025,4,22,16,18.4,49,7.5,994.1,1016.8,247.0,2.0,,7.0,1,2.0,,8.0,,
2025-04-22 17:00:00,351150400,ZIELONA GÓRA,2025,4,22,17,17.1,47,5.7,994.1,1016.9,310.0,3.0,,5.0,1,2.0,,8.0,,
2025-04-22 18:00:00,351150400,ZIELONA GÓRA,2025,4,22,18,15.6,56,6.8,994.4,1017.3,286.0,2.0,,5.0,2,2.0,,9.0,,
2025-04-22 19:00:00,351150400,ZIELONA GÓRA,2025,4,22,19,14.4,63,7.4,995.1,1018.1,336.0,2.0,,5.0,3,2.0,,8.0,,
2025-04-22 20:00:00,351150400,ZIELONA GÓRA,2025,4,22,20,13.6,66,7.4,995.3,1018.4,300.0,1.0,,5.0,1,2.0,,8.0,,
2025-04-22 21:00:00,351150400,ZIELONA GÓRA,2025,4,22,21,13.3,66,7.1,995.6,1018.7,305.0,2.0,,,0,,,8.0,,
2025-04-22 22:00:00,351150400,ZIELONA GÓRA,2025,4,22,22,12.8,69,7.2,995.8,1019.0,306.0,1.0,,,0,,,8.0,,
2025-04-22 23:00:00,351150400,ZIELONA GÓRA,2025,4,22,23,13.1,70,7.7,995.9,1019.1,293.0,1.0,,,0,,,8.0,,
2025-04-23 00:00:00,351150400,ZIELONA GÓRA,2025,4,23,0,11.7,76,7.6,995.8,1019.1,266.0,1.0,,,0,,,9.0,,
2025-04-23 01:00:00,351150400,ZIELONA GÓRA,2025,4,23,1,11.2,78,7.5,995.4,1018.7,296.0,1.0,,,0,,,8.0,,
2025-04-23 02:00:00,351150400,ZIELONA GÓRA,2025,4,23,2,11.3,78,7.6,995.4,1018.7,288.0,1.0,,,0,,,8.0,,
2025-04-23 03:00:00,351150400,ZIELONA GÓRA,2025,4,23,3,10.3,86,8.1,995.3,1018.7,268.0,1.0,,,0,,,8.0,,
2025-04-23 04:00:00,351150400,ZIELONA GÓRA,2025,4,23,4,10.5,86,8.3,995.2,1018.6,310.0,2.0,,,0,,,8.0,,
2025-04-23 05:00:00,351150400,ZIELONA GÓRA,2025,4,23,5,11.2,85,8.8,995.3,1018.6,313.0,2.0,,2.0,0,,,8.0,,
2025-04-23 06:00:00,351150400,ZIELONA GÓRA,2025,4,23,6,13.1,78,9.3,995.1,1018.2,335.0,1.0,,2.0,2,,,9.0,,
2025-04-23 07:00:00,351150400,ZIELONA GÓRA,2025,4,23,7,15.0,68,9.1,995.0,1018.0,7.0,1.0,,3.0,3,0.0,,8.0,,
2025-04-23 08:00:00,351150400,ZIELONA GÓRA,2025,4,23,8,15.7,66,9.4,995.2,1018.1,358.0,1.0,,6.0,3,1.0,,8.0,,
2025-04-23 09:00:00,351150400,ZIELONA GÓRA,2025,4,23,9,16.5,63,9.4,995.1,1018.0,19.0,2.0,,7.0,3,1.0,,8.0,,
2025-04-23 10:00:00,351150400,ZIELONA GÓRA,2025,4,23,10,17.1,58,8.8,994.6,1017.4,18.0,2.0,,7.0,1,2.0,,8.0,,
2025-04-23 11:00:00,351150400,ZIELONA GÓRA,2025,4,23,11,16.9,56,8.1,994.1,1016.9,324.0,1.0,,7.0,1,2.0,,8.0,,
2025-04-23 12:00:00,351150400,ZIELONA GÓRA,2025,4,23,12,17.3,54,7.9,993.7,1016.5,24.0,2.0,,7.0,3,1.0,,9.0,,
2025-04-23 13:00:00,351150400,ZIELONA GÓRA,2025,4,23,13,18.1,47,6.6,993.1,1015.8,287.0,1.0,,7.0,2,2.0,,8.0,,
2025-04-23 14:00:00,351150400,ZIELONA GÓRA,2025,4,23,14,17.5,54,8.1,992.6,1015.3,91.0,2.0,,7.0,1,2.0,,8.0,,
2025-04-23 15:00:00,351150400,ZIELONA GÓRA,2025,4,23,15,17.7,50,7.1,992.2,1014.9,30.0,2.0,,7.0,3,2.0,,8.0,,
2025-04-23 16:00:00,351150400,ZIELONA GÓRA,2025,4,23,16,17.5,51,7.2,991.9,1014.6,46.0,1.0,,8.0,1,2.0,,8.0,,
2025-04-23 17:00:00,351150400,ZIELONA GÓRA,2025,4,23,17,16.6,61,9.0,991.4,1014.2,26.0,2.0,,8.0,1,2.0,,8.0,,
2025-04-23 18:00:00,351150400,ZIELONA GÓRA,2025,4,23,18,15.4,65,8.8,991.4,1014.3,34.0,2.0,,7.0,1,2.0,,9.0,,
2025-04-23 19:00:00,351150400,ZIELONA GÓRA,2025,4,23,19,14.3,68,8.5,991.7,1014.7,42.0,2.0,,4.0,1,1.0,,8.0,,
2025-04-23 20:00:00,351150400,ZIELONA GÓRA,2025,4,23,20,13.8,72,8.8,991.8,1014.8,53.0,2.0,,2.0,1,0.0,,8.0,,
2025-04-23 21:00:00,351150400,ZIELONA GÓRA,2025,4,23,21,13.2,77,9.3,991.9,1015.0,45.0,2.0,,,0,,,8.0,,
2025-04-23 22:00:00,351150400,ZIELONA GÓRA,2025,4,23,22,12.3,82,9.3,991.8,1014.9,45.0,3.0,,,0,,,8.0,,
2025-04-23 23:00:00,351150400,ZIELONA GÓRA,2025,4,23,23,11.7,85,9.3,991.6,1014.8,57.0,3.0,,,0,,,8.0,,
2025-04-24 00:00:00,351150400,ZIELONA GÓRA,2025,4,24,0,12.4,80,9.0,991.3,1014.4,60.0,3.0,,,0,,,9.0,,
2025-04-24 01:00:00,351150400,ZIELONA GÓRA,2025,4,24,1,11.5,85,9.1,991.2,1014.4,30.0,2.0,,,0,,,8.0,,
2025-04-24 02:00:00,351150400,ZIELONA GÓRA,2025,4,24,2,10.3,91,8.9,991.0,1014.3,22.0,2.0,,,0,,,8.0,,
2025-04-24 03:00:00,351150400,ZIELONA GÓRA,2025,4,24,3,10.5,90,8.9,990.6,1013.9,44.0,2.0,,,0,,,8.0,,
2025-04-24 04:00:00,351150400,ZIELONA GÓRA,2025,4,24,4,10.1,93,9.0,990.5,1013.8,42.0,3.0,,,22,,,8.0,,
2025-04-24 05:00:00,351150400,ZIELONA GÓRA,2025,4,24,5,10.0,94,9.1,990.7,1014.0,51.0,3.0,,7.0,0,,,8.0,,
2025-04-24 06:00:00,351150400,ZIELONA GÓRA,2025,4,24,6,10.1,94,9.2,991.0,1014.3,46.0,3.0,,7.0,25,,0.0,,6.0,
2025-04-24 07:00:00,351150400,ZIELONA GÓRA,2025,4,24,7,9.9,96,9.3,991.2,1014.5,34.0,3.0,,8.0,80,2.0,,8.0,,
2025-04-24 08:00:00,351150400,ZIELONA GÓRA,2025,4,24,8,10.5,96,9.9,991.7,1015.0,10.0,2.0,,8.0,25,2.0,,8.0,,
2025-04-24 09:00:00,351150400,ZIELONA GÓRA,2025,4,24,9,11.8,91,10.4,991.9,1015.1,350.0,2.0,,7.0,10,8.0,,8.0,,
2025-04-24 10:00:00,351150400,ZIELONA GÓRA,2025,4,24,10,12.4,89,10.6,992.0,1015.1,63.0,2.0,,8.0,1,2.0,,8.0,,
2025-04-24 11:00:00,351150400,ZIELONA GÓRA,2025,4,24,11,12.7,88,10.8,992.2,1015.3,71.0,2.0,,8.0,80,8.0,,8.0,,
2025-04-24 12:00:00,351150400,ZIELONA GÓRA,2025,4,24,12,13.0,87,10.9,991.8,1014.9,61.0,2.0,,8.0,25,8.0,0.2,,6.0,
2025-04-24 13:00:00,351150400,ZIELONA GÓRA,2025,4,24,13,13.8,83,11.0,991.8,1014.8,118.0,1.0,,8.0,3,2.0,,8.0,,
2025-04-24 14:00:00,351150400,ZIELONA GÓRA,2025,4,24,14,14.6,81,11.4,991.4,1014.3,68.0,2.0,,8.0,25,2.0,,8.0,,
2025-04-24 15:00:00,351150400,ZIELONA GÓRA,2025,4,24,15,15.3,76,11.1,991.1,1014.0,49.0,2.0,,7.0,3,8.0,,8.0,,
2025-04-24 16:00:00,351150400,ZIELONA GÓRA,2025,4,24,16,15.4,75,11.0,991.1,1014.0,43.0,2.0,,7.0,1,2.0,,8.0,,
2025-04-24 17:00:00,351150400,ZIELONA GÓRA,2025,4,24,17,14.9,79,11.3,991.1,1014.0,72.0,1.0,,7.0,1,2.0,,8.0,,
2025-04-24 18:00:00,351150400,ZIELONA GÓRA,2025,4,24,18,14.2,86,11.9,991.7,1014.7,21.0,1.0,,7.0,2,8.0,0.1,,6.0,
2025-04-24 19:00:00,351150400,ZIELONA GÓRA,2025,4,24,19,13.1,91,11.7,992.1,1015.2,139.0,1.0,,7.0,3,2.0,,8.0,,
2025-04-24 20:00:00,351150400,ZIELONA GÓRA,2025,4,24,20,12.9,96,12.3,992.1,1015.2,0.0,0.0,,7.0,10,2.0,,8.0,,
2025-04-24 21:00:00,351150400,ZIELONA GÓRA,2025,4,24,21,12.6,96,12.0,992.3,1015.4,0.0,0.0,,,10,,,8.0,,
2025-04-24 22:00:00,351150400,ZIELONA GÓRA,2025,4,24,22,12.9,90,11.3,992.3,1015.4,68.0,3.0,,,10,,,8.0,,
2025-04-24 23:00:00,351150400,ZIELONA GÓRA,2025,4,24,23,12.0,82,9.0,992.6,1015.8,72.0,3.0,,,81,,,8.0,,
2025-04-25 00:00:00,351150400,ZIELONA GÓRA,2025,4,25,0,11.0,80,7.7,992.9,1016.2,47.0,2.0,,,23,,0.0,,,
2025-04-25 01:00:00,351150400,ZIELONA GÓRA,2025,4,25,1,9.8,80,6.5,992.7,1016.1,48.0,3.0,,,0,,,8.0,,
2025-04-25 02:00:00,351150400,ZIELONA GÓRA,2025,4,25,2,8.9,85,6.5,992.9,1016.3,41.0,2.0,,,0,,,8.0,,
2025-04-25 03:00:00,351150400,ZIELONA GÓRA,2025,4,25,3,8.2,87,6.2,993.1,1016.6,44.0,2.0,,,0,,,8.0,,
2025-04-25 04:00:00,351150400,ZIELONA GÓRA,2025,4,25,4,7.8,90,6.3,993.3,1016.8,52.0,3.0,,,0,,,8.0,,
2025-04-25 05:00:00,351150400,ZIELONA GÓRA,2025,4,25,5,7.1,87,5.1,994.0,1017.6,40.0,3.0,,7.0,0,,,8.0,,
2025-04-25 06:00:00,351150400,ZIELONA GÓRA,2025,4,25,6,7.3,87,5.3,994.6,1018.2,6.0,3.0,,7.0,3,,,9.0,,
2025-04-25 07:00:00,351150400,ZIELONA GÓRA,2025,4,25,7,8.1,83,5.4,994.8,1018.4,33.0,3.0,,7.0,1,2.0,,8.0,,
2025-04-25 08:00:00,351150400,ZIELONA GÓRA,2025,4,25,8,9.1,76,5.1,995.0,1018.5,35.0,3.0,,7.0,1,2.0,,8.0,,
2025-04-25 09:00:00,351150400,ZIELONA GÓRA,2025,4,25,9,10.3,70,5.1,995.4,1018.8,4.0,3.0,8.0,7.0,1,2.0,,8.0,,
2025-04-25 10:00:00,351150400,ZIELONA GÓRA,2025,4,25,10,10.7,67,4.8,995.5,1018.9,15.0,3.0,,7.0,1,2.0,,8.0,,
2025-04-25 11:00:00,351150400,ZIELONA GÓRA,2025,4,25,11,12.4,57,4.1,995.4,1018.6,14.0,3.0,,7.0,1,2.0,,8.0,,
2025-04-25 12:00:00,351150400,ZIELONA GÓRA,2025,4,25,12,13.8,49,3.3,995.3,1018.4,50.0,4.0,,6.0,3,2.0,,9.0,,
2025-04-25 13:00:00,351150400,ZIELONA GÓRA,2025,4,25,13,15.1,31,-1.9,995.5,1018.5,42.0,3.0,,7.0,3,2.0,,8.0,,
2025-04-25 14:00:00,351150400,ZIELONA GÓRA,2025,4,25,14,15.1,26,-4.3,995.5,1018.5,43.0,3.0,8.0,7.0,1,2.0,,8.0,,
2025-04-25 15:00:00,351150400,ZIELONA GÓRA,2025,4,25,15,15.5,28,-3.0,995.6,1018.6,63.0,3.0,8.0,7.0,1,2.0,,8.0,,
2025-04-25 16:00:00,351150400,ZIELONA GÓRA,2025,4,25,16,15.6,30,-1.9,995.9,1018.9,57.0,2.0,,6.0,1,2.0,,8.0,,
2025-04-25 17:00:00,351150400,ZIELONA GÓRA,2025,4,25,17,14.2,35,-1.1,996.1,1019.2,55.0,2.0,,6.0,2,2.0,,8.0,,
2025-04-25 18:00:00,351150400,ZIELONA GÓRA,2025,4,25,18,12.9,42,0.3,996.6,1019.8,58.0,2.0,,5.0,1,2.0,,9.0,,
2025-04-25 19:00:00,351150400,ZIELONA GÓRA,2025,4,25,19,11.9,46,0.6,997.4,1020.7,74.0,3.0,,2.0,1,1.0,,8.0,,
2025-04-25 20:00:00,351150400,ZIELONA GÓRA,2025,4,25,20,11.1,48,0.5,997.9,1021.3,82.0,3.0,,1.0,1,0.0,,8.0,,
2025-04-25 21:00:00,351150400,ZIELONA GÓRA,2025,4,25,21,9.8,52,0.4,998.4,1021.9,83.0,4.0,,,0,,,8.0,,
2025-04-25 22:00:00,351150400,ZIELONA GÓRA,2025,4,25,22,8.2,59,0.7,999.0,1022.7,72.0,3.0,,,0,,,8.0,,
2025-04-25 23:00:00,351150400,ZIELONA GÓRA,2025,4,25,23,7.0,63,0.4,999.4,1023.2,56.0,2.0,,,0,,,8.0,,
2025-04-26 00:00:00,351150400,ZIELONA GÓRA,2025,4,26,0,6.0,66,0.1,999.9,1023.8,60.0,2.0,,,0,,,9.0,,
2025-04-26 01:00:00,351150400,ZIELONA GÓRA,2025,4,26,1,5.3,65,-0.8,1000.3,1024.2,71.0,4.0,,,0,,,8.0,,
2025-04-26 02:00:00,351150400,ZIELONA GÓRA,2025,4,26,2,4.2,69,-1.0,1000.6,1024.6,69.0,3.0,,,0,,,8.0,,
2025-04-26 03:00:00,351150400,ZIELONA GÓRA,2025,4,26,3,3.1,76,-0.7,1000.9,1025.0,58.0,3.0,,,0,,,8.0,,
2025-04-26 04:00:00,351150400,ZIELONA GÓRA,2025,4,26,4,2.3,76,-1.5,1001.3,1025.5,63.0,3.0,,,0,,,8.0,,
2025-04-26 05:00:00,351150400,ZIELONA GÓRA,2025,4,26,5,3.3,67,-2.2,1001.9,1026.0,69.0,3.0,,1.0,0,,,8.0,,
2025-04-26 06:00:00,351150400,ZIELONA GÓRA,2025,4,26,6,4.9,58,-2.7,1002.4,1026.4,76.0,3.0,,1.0,2,,,9.0,,
2025-04-26 07:00:00,351150400,ZIELONA GÓRA,2025,4,26,7,6.1,51,-3.3,1002.9,1026.8,64.0,3.0,,0.0,1,0.0,,8.0,,
2025-04-26 08:00:00,351150400,ZIELONA GÓRA,2025,4,26,8,8.1,47,-2.6,1003.2,1027.0,59.0,3.0,,0.0,2,0.0,,8.0,,
2025-04-26 09:00:00,351150400,ZIELONA GÓRA,2025,4,26,9,8.5,44,-3.1,1003.2,1026.9,52.0,2.0,,0.0,2,0.0,,8.0,,
2025-04-26 10:00:00,351150400,ZIELONA GÓRA,2025,4,26,10,10.3,43,-1.8,1003.0,1026.6,37.0,2.0,7.0,0.0,2,0.0,,8.0,,
2025-04-26 11:00:00,351150400,ZIELONA GÓRA,2025,4,26,11,10.4,38,-3.3,1002.9,1026.5,52.0,3.0,,0.0,2,0.0,,8.0,,
2025-04-26 12:00:00,351150400,ZIELONA GÓRA,2025,4,26,12,11.3,34,-4.0,1002.8,1026.3,57.0,3.0,,0.0,2,0.0,,9.0,,
2025-04-26 13:00:00,351150400,ZIELONA GÓRA,2025,4,26,13,11.9,33,-3.9,1002.7,1026.1,23.0,3.0,,0.0,2,0.0,,8.0,,
2025-04-26 14:00:00,351150400,ZIELONA GÓRA,2025,4,26,14,12.4,29,-5.2,1002.4,1025.8,52.0,3.0,,0.0,2,0.0,,8.0,,
2025-04-26 15:00:00,351150400,ZIELONA GÓRA,2025,4,26,15,12.4,28,-5.6,1002.3,1025.7,64.0,2.0,,0.0,2,0.0,,8.0,,
2025-04-26 16:00:00,351150400,ZIELONA GÓRA,2025,4,26,16,12.2,28,-5.8,1002.3,1025.7,64.0,3.0,,0.0,2,0.0,,8.0,,
2025-04-26 17:00:00,351150400,ZIELONA GÓRA,2025,4,26,17,11.8,28,-6.2,1002.5,1025.9,58.0,3.0,,0.0,2,0.0,,8.0,,
2025-04-26 18:00:00,351150400,ZIELONA GÓRA,2025,4,26,18,10.2,31,-6.2,1002.8,1026.4,62.0,2.0,,1.0,3,0.0,,9.0,,
2025-04-26 19:00:00,351150400,ZIELONA GÓRA,2025,4,26,19,9.0,35,-5.7,1003.3,1027.0,69.0,3.0,,1.0,2,0.0,,8.0,,
2025-04-26 20:00:00,351150400,ZIELONA GÓRA,2025,4,26,20,8.4,40,-4.4,1003.6,1027.3,75.0,3.0,,1.0,2,0.0,,8.0,,
2025-04-26 21:00:00,351150400,ZIELONA GÓRA,2025,4,26,21,8.3,40,-4.5,1003.8,1027.6,79.0,3.0,,,0,,,8.0,,
2025-04-26 22:00:00,351150400,ZIELONA GÓRA,2025,4,26,22,7.6,43,-4.2,1004.1,1027.9,92.0,3.0,,,0,,,8.0,,
2025-04-26 23:00:00,351150400,ZIELONA GÓRA,2025,4,26,23,6.2,49,-3.7,1004.4,1028.4,103.0,3.0,,,0,,,8.0,,
2025-04-27 00:00:00,351150400,ZIELONA GÓRA,2025,4,27,0,4.8,57,-3.0,1004.7,1028.8,118.0,2.0,,,0,,,9.0,,
2025-04-27 01:00:00,351150400,ZIELONA GÓRA,2025,4,27,1,4.3,59,-3.0,1004.7,1028.8,83.0,3.0,,,0,,,8.0,,
2025-04-27 02:00:00,351150400,ZIELONA GÓRA,2025,4,27,2,3.8,62,-2.8,1004.8,1029.0,81.0,3.0,,,0,,,8.0,,
2025-04-27 03:00:00,351150400,ZIELONA GÓRA,2025,4,27,3,2.9,66,-2.8,1004.9,1029.2,84.0,3.0,,,0,,,8.0,,
2025-04-27 04:00:00,351150400,ZIELONA GÓRA,2025,4,27,4,2.2,69,-2.9,1005.1,1029.4,78.0,3.0,,,0,,,8.0,,
2025-04-27 05:00:00,351150400,ZIELONA GÓRA,2025,4,27,5,3.8,62,-2.8,1005.4,1029.6,89.0,3.0,,1.0,0,,,8.0,,
2025-04-27 06:00:00,351150400,ZIELONA GÓRA,2025,4,27,6,5.2,58,-2.4,1005.6,1029.7,124.0,3.0,,1.0,2,,,9.0,,
2025-04-27 07:00:00,351150400,ZIELONA GÓRA,2025,4,27,7,7.4,52,-1.8,1006.1,1030.0,124.0,3.0,,1.0,2,0.0,,8.0,,
2025-04-27 08:00:00,351150400,ZIELONA GÓRA,2025,4,27,8,9.7,47,-1.1,1006.4,1030.1,103.0,3.0,,1.0,2,0.0,,8.0,,
2025-04-27 09:00:00,351150400,ZIELONA GÓRA,2025,4,27,9,11.3,38,-2.5,1006.4,1030.0,86.0,4.0,,2.0,3,0.0,,8.0,,
2025-04-27 10:00:00,351150400,ZIELONA GÓRA,2025,4,27,10,12.3,33,-3.5,1006.2,1029.7,74.0,4.0,,3.0,3,0.0,,8.0,,
2025-04-27 11:00:00,351150400,ZIELONA GÓRA,2025,4,27,11,13.0,32,-3.3,1006.0,1029.4,103.0,4.0,,2.0,1,0.0,,8.0,,
2025-04-27 12:00:00,351150400,ZIELONA GÓRA,2025,4,27,12,13.7,33,-2.3,1005.7,1029.0,72.0,4.0,,1.0,1,0.0,,9.0,,
2025-04-27 13:00:00,351150400,ZIELONA GÓRA,2025,4,27,13,14.6,31,-2.4,1005.5,1028.8,78.0,4.0,,1.0,2,0.0,,8.0,,
2025-04-27 14:00:00,351150400,ZIELONA GÓRA,2025,4,27,14,14.2,31,-2.7,1005.2,1028.5,111.0,3.0,,1.0,2,0.0,,8.0,,
2025-04-27 15:00:00,351150400,ZIELONA GÓRA,2025,4,27,15,14.4,29,-3.4,1005.0,1028.3,118.0,3.0,,1.0,2,0.0,,8.0,,
2025-04-27 16:00:00,351150400,ZIELONA GÓRA,2025,4,27,16,14.3,32,-2.2,1004.9,1028.2,109.0,3.0,,1.0,2,0.0,,8.0,,
2025-04-27 17:00:00,351150400,ZIELONA GÓRA,2025,4,27,17,13.5,33,-2.5,1004.7,1028.0,106.0,2.0,,1.0,2,0.0,,8.0,,
2025-04-27 18:00:00,351150400,ZIELONA GÓRA,2025,4,27,18,11.8,39,-1.7,1004.8,1028.3,91.0,2.0,,1.0,2,0.0,,9.0,,
2025-04-27 19:00:00,351150400,ZIELONA GÓRA,2025,4,27,19,10.4,44,-1.3,1005.1,1028.7,86.0,2.0,,1.0,2,0.0,,8.0,,
2025-04-27 20:00:00,351150400,ZIELONA GÓRA,2025,4,27,20,9.8,47,-1.0,1005.1,1028.8,105.0,2.0,,0.0,1,0.0,,8.0,,
2025-04-27 21:00:00,351150400,ZIELONA GÓRA,2025,4,27,21,9.1,49,-1.1,1004.9,1028.6,114.0,2.0,,,0,,,8.0,,
2025-04-27 22:00:00,351150400,ZIELONA GÓRA,2025,4,27,22,8.5,52,-0.8,1004.9,1028.7,121.0,2.0,,,0,,,8.0,,
2025-04-27 23:00:00,351150400,ZIELONA GÓRA,2025,4,27,23,8.1,52,-1.2,1004.8,1028.6,133.0,3.0,,,0,,,8.0,,
2025-04-28 00:00:00,351150400,ZIELONA GÓRA,2025,4,28,0,7.6,55,-0.9,1004.6,1028.4,131.0,3.0,,,0,,,9.0,,
2025-04-28 01:00:00,351150400,ZIELONA GÓRA,2025,4,28,1,7.0,56,-1.2,1004.4,1028.3,131.0,2.0,,,0,,,8.0,,
2025-04-28 02:00:00,351150400,ZIELONA GÓRA,2025,4,28,2,6.6,57,-1.3,1004.3,1028.2,132.0,3.0,,,0,,,8.0,,
2025-04-28 03:00:00,351150400,ZIELONA GÓRA,2025,4,28,3,6.2,60,-1.0,1004.3,1028.2,106.0,2.0,,,0,,,8.0,,
2025-04-28 04:00:00,351150400,ZIELONA GÓRA,2025,4,28,4,5.5,63,-1.0,1004.4,1028.4,125.0,3.0,,,0,,,8.0,,
2025-04-28 05:00:00,351150400,ZIELONA GÓRA,2025,4,28,5,6.0,63,-0.5,1004.3,1028.3,125.0,3.0,,0.0,0,,,8.0,,
2025-04-28 06:00:00,351150400,ZIELONA GÓRA,2025,4,28,6,8.1,61,1.0,1004.4,1028.2,137.0,2.0,,0.0,2,,,9.0,,
2025-04-28 07:00:00,351150400,ZIELONA GÓRA,2025,4,28,7,11.1,51,1.3,1004.6,1028.1,153.0,2.0,,1.0,3,0.0,,8.0,,
2025-04-28 08:00:00,351150400,ZIELONA GÓRA,2025,4,28,8,13.4,46,2.0,1004.6,1027.9,147.0,2.0,,1.0,2,0.0,,8.0,,
2025-04-28 09:00:00,351150400,ZIELONA GÓRA,2025,4,28,9,15.1,40,1.6,1004.4,1027.6,148.0,3.0,,1.0,2,0.0,,8.0,,
2025-04-28 10:00:00,351150400,ZIELONA GÓRA,2025,4,28,10,16.4,36,1.3,1004.1,1027.2,236.0,2.0,,1.0,2,0.0,,8.0,,
2025-04-28 11:00:00,351150400,ZIELONA GÓRA,2025,4,28,11,17.7,32,0.8,1003.8,1026.8,210.0,3.0,,1.0,2,0.0,,8.0,,
2025-04-28 12:00:00,351150400,ZIELONA GÓRA,2025,4,28,12,18.4,33,1.8,1003.3,1026.2,90.0,2.0,,1.0,2,0.0,,9.0,,
2025-04-28 13:00:00,351150400,ZIELONA GÓRA,2025,4,28,13,19.6,28,0.6,1002.9,1025.7,203.0,1.0,,1.0,2,0.0,,8.0,,
2025-04-28 14:00:00,351150400,ZIELONA GÓRA,2025,4,28,14,19.6,30,1.5,1002.4,1025.2,5.0,2.0,,1.0,2,0.0,,8.0,,
2025-04-28 15:00:00,351150400,ZIELONA GÓRA,2025,4,28,15,20.2,28,1.1,1002.0,1024.7,286.0,2.0,,1.0,2,0.0,,8.0,,
2025-04-28 16:00:00,351150400,ZIELONA GÓRA,2025,4,28,16,19.8,28,0.7,1001.8,1024.6,342.0,2.0,,1.0,2,0.0,,8.0,,
2025-04-28 17:00:00,351150400,ZIELONA GÓRA,2025,4,28,17,19.2,27,-0.3,1001.6,1024.4,2.0,2.0,,1.0,2,0.0,,8.0,,
2025-04-28 18:00:00,351150400,ZIELONA GÓRA,2025,4,28,18,17.9,31,0.5,1001.7,1024.6,320.0,2.0,,1.0,2,0.0,,9.0,,
2025-04-28 19:00:00,351150400,ZIELONA GÓRA,2025,4,28,19,15.8,37,1.1,1002.0,1025.1,324.0,2.0,,1.0,2,0.0,,8.0,,
2025-04-28 20:00:00,351150400,ZIELONA GÓRA,2025,4,28,20,14.3,39,0.5,1002.2,1025.4,349.0,2.0,,1.0,2,0.0,,8.0,,
2025-04-28 21:00:00,351150400,ZIELONA GÓRA,2025,4,28,21,13.1,40,-0.2,1002.2,1025.5,346.0,2.0,,,0,,,8.0,,
2025-04-28 22:00:00,351150400,ZIELONA GÓRA,2025,4,28,22,12.9,40,-0.4,1002.2,1025.5,355.0,2.0,,,0,,,8.0,,
2025-04-28 23:00:00,351150400,ZIELONA GÓRA,2025,4,28,23,13.3,38,-0.7,1002.2,1025.5,33.0,1.0,,,0,,,8.0,,
2025-04-29 00:00:00,351150400,ZIELONA GÓRA,2025,4,29,0,10.7,48,0.1,1002.0,1025.5,190.0,1.0,,,0,,,9.0,,
2025-04-29 01:00:00,351150400,ZIELONA GÓRA,2025,4,29,1,12.0,42,-0.5,1001.8,1025.2,217.0,2.0,,,0,,,8.0,,
2025-04-29 02:00:00,351150400,ZIELONA GÓRA,2025,4,29,2,12.7,39,-0.9,1001.7,1025.0,228.0,2.0,,,0,,,8.0,,
2025-04-29 03:00:00,351150400,ZIELONA GÓRA,2025,4,29,3,11.9,41,-1.0,1001.6,1025.0,268.0,1.0,,,0,,,8.0,,
2025-04-29 04:00:00,351150400,ZIELONA GÓRA,2025,4,29,4,10.0,45,-1.4,1001.6,1025.2,306.0,2.0,,,0,,,8.0,,
2025-04-29 05:00:00,351150400,ZIELONA GÓRA,2025,4,29,5,12.7,41,-0.2,1001.9,1025.2,288.0,1.0,,3.0,0,,,8.0,,
2025-04-29 06:00:00,351150400,ZIELONA GÓRA,2025,4,29,6,14.4,36,-0.5,1002.2,1025.4,292.0,3.0,,5.0,3,,,9.0,,
2025-04-29 07:00:00,351150400,ZIELONA GÓRA,2025,4,29,7,16.0,34,0.1,1002.3,1025.4,292.0,3.0,,7.0,3,2.0,,8.0,,
2025-04-29 08:00:00,351150400,ZIELONA GÓRA,2025,4,29,8,17.0,36,1.8,1002.2,1025.2,286.0,3.0,,7.0,2,2.0,,8.0,,
2025-04-29 09:00:00,351150400,ZIELONA GÓRA,2025,4,29,9,18.8,35,3.0,1002.0,1024.8,283.0,3.0,,7.0,3,2.0,,8.0,,
2025-04-29 10:00:00,351150400,ZIELONA GÓRA,2025,4,29,10,19.9,32,2.7,1001.8,1024.6,295.0,4.0,,7.0,2,2.0,,8.0,,
2025-04-29 11:00:00,351150400,ZIELONA GÓRA,2025,4,29,11,20.0,34,3.6,1001.6,1024.3,312.0,5.0,,7.0,1,2.0,,8.0,,
2025-04-29 12:00:00,351150400,ZIELONA GÓRA,2025,4,29,12,20.7,32,3.4,1001.1,1023.8,296.0,4.0,,7.0,3,2.0,,9.0,,
2025-04-29 13:00:00,351150400,ZIELONA GÓRA,2025,4,29,13,21.2,32,3.8,1000.8,1023.4,328.0,4.0,,7.0,3,2.0,,8.0,,
2025-04-29 14:00:00,351150400,ZIELONA GÓRA,2025,4,29,14,21.4,33,4.5,1000.5,1023.1,311.0,4.0,,7.0,2,2.0,,8.0,,
2025-04-29 15:00:00,351150400,ZIELONA GÓRA,2025,4,29,15,21.2,39,6.7,1000.2,1022.8,327.0,3.0,,7.0,1,2.0,,8.0,,
2025-04-29 16:00:00,351150400,ZIELONA GÓRA,2025,4,29,16,20.8,40,6.7,1000.0,1022.6,341.0,4.0,,7.0,2,2.0,,8.0,,
2025-04-29 17:00:00,351150400,ZIELONA GÓRA,2025,4,29,17,20.4,44,7.7,999.8,1022.5,330.0,3.0,,7.0,1,2.0,,8.0,,
2025-04-29 18:00:00,351150400,ZIELONA GÓRA,2025,4,29,18,18.9,50,8.2,999.9,1022.7,347.0,2.0,,7.0,1,2.0,,9.0,,
2025-04-29 19:00:00,351150400,ZIELONA GÓRA,2025,4,29,19,16.8,59,8.7,1000.3,1023.3,345.0,1.0,,7.0,2,2.0,,8.0,,
2025-04-29 20:00:00,351150400,ZIELONA GÓRA,2025,4,29,20,16.0,64,9.2,1000.6,1023.6,355.0,1.0,,7.0,2,2.0,,8.0,,
2025-04-29 21:00:00,351150400,ZIELONA GÓRA,2025,4,29,21,14.9,69,9.3,1000.7,1023.8,354.0,2.0,,,0,,,8.0,,
2025-04-29 22:00:00,351150400,ZIELONA GÓRA,2025,4,29,22,13.9,72,8.9,1000.9,1024.1,354.0,2.0,,,0,,,8.0,,
2025-04-29 23:00:00,351150400,ZIELONA GÓRA,2025,4,29,23,12.8,75,8.5,1001.1,1024.4,360.0,1.0,,,0,,,8.0,,
2025-04-30 00:00:00,351150400,ZIELONA GÓRA,2025,4,30,0,11.9,77,8.0,1001.3,1024.7,2.0,1.0,,,0,,,9.0,,
2025-04-30 01:00:00,351150400,ZIELONA GÓRA,2025,4,30,1,11.2,73,6.5,1001.2,1024.6,45.0,1.0,,,0,,,8.0,,
2025-04-30 02:00:00,351150400,ZIELONA GÓRA,2025,4,30,2,10.9,68,5.2,1001.2,1024.7,72.0,2.0,,,0,,,8.0,,
2025-04-30 03:00:00,351150400,ZIELONA GÓRA,2025,4,30,3,11.2,64,4.6,1001.1,1024.5,123.0,1.0,,,0,,,8.0,,
2025-04-30 04:00:00,351150400,ZIELONA GÓRA,2025,4,30,4,10.8,69,5.3,1001.0,1024.5,183.0,1.0,,,0,,,8.0,,
2025-04-30 05:00:00,351150400,ZIELONA GÓRA,2025,4,30,5,12.2,65,5.8,1001.3,1024.7,229.0,1.0,,1.0,0,,,8.0,,
2025-04-30 06:00:00,351150400,ZIELONA GÓRA,2025,4,30,6,13.9,57,5.5,1001.4,1024.6,302.0,1.0,,2.0,3,,,9.0,,
2025-04-30 07:00:00,351150400,ZIELONA GÓRA,2025,4,30,7,15.4,52,5.6,1001.4,1024.5,303.0,2.0,,3.0,3,0.0,,8.0,,
2025-04-30 08:00:00,351150400,ZIELONA GÓRA,2025,4,30,8,16.2,55,7.1,1001.4,1024.4,310.0,2.0,,5.0,3,1.0,,8.0,,
2025-04-30 09:00:00,351150400,ZIELONA GÓRA,2025,4,30,9,17.2,52,7.3,1001.4,1024.4,310.0,3.0,,7.0,3,1.0,,8.0,,
2025-04-30 10:00:00,351150400,ZIELONA GÓRA,2025,4,30,10,18.4,50,7.8,1001.1,1024.0,299.0,3.0,,6.0,1,2.0,,8.0,,
2025-04-30 11:00:00,351150400,ZIELONA GÓRA,2025,4,30,11,19.8,45,7.5,1000.7,1023.4,334.0,3.0,,5.0,1,2.0,,8.0,,
2025-04-30 12:00:00,351150400,ZIELONA GÓRA,2025,4,30,12,20.3,43,7.3,1000.2,1022.9,325.0,3.0,,7.0,1,1.0,,9.0,,
2025-04-30 13:00:00,351150400,ZIELONA GÓRA,2025,4,30,13,21.1,40,7.0,999.7,1022.3,287.0,2.0,,8.0,3,2.0,,8.0,,
2025-04-30 14:00:00,351150400,ZIELONA GÓRA,2025,4,30,14,21.1,42,7.7,999.2,1021.8,352.0,3.0,,8.0,1,2.0,,8.0,,
2025-04-30 15:00:00,351150400,ZIELONA GÓRA,2025,4,30,15,21.8,43,8.7,998.7,1021.2,340.0,2.0,,7.0,3,2.0,,8.0,,
2025-04-30 16:00:00,351150400,ZIELONA GÓRA,2025,4,30,16,21.4,42,8.0,998.5,1021.1,288.0,3.0,,5.0,1,2.0,,8.0,,
2025-04-30 17:00:00,351150400,ZIELONA GÓRA,2025,4,30,17,20.3,43,7.3,998.3,1020.9,309.0,3.0,,6.0,3,2.0,,8.0,,
2025-04-30 18:00:00,351150400,ZIELONA GÓRA,2025,4,30,18,19.3,48,8.0,998.3,1021.0,337.0,3.0,,3.0,1,1.0,,9.0,,
2025-04-30 19:00:00,351150400,ZIELONA GÓRA,2025,4,30,19,17.2,55,8.1,998.6,1021.5,341.0,2.0,,1.0,1,0.0,,8.0,,
2025-04-30 20:00:00,351150400,ZIELONA GÓRA,2025,4,30,20,16.0,58,7.7,998.8,1021.8,342.0,1.0,,1.0,2,0.0,,8.0,,
2025-04-30 21:00:00,351150400,ZIELONA GÓRA,2025,4,30,21,15.4,61,7.9,998.8,1021.8,353.0,2.0,,,0,,,8.0,,
2025-04-30 22:00:00,351150400,ZIELONA GÓRA,2025,4,30,22,14.2,67,8.2,998.8,1021.9,355.0,2.0,,,0,,,8.0,,
2025-04-30 23:00:00,351150400,ZIELONA GÓRA,2025,4,30,23,14.0,69,8.4,999.2,1022.4,2.0,2.0,,,0,,,8.0,,
2025-05-01 00:00:00,351150400,ZIELONA GÓRA,2025,5,1,0,13.3,72,8.4,999.2,1022.4,28.0,1.0,,,0,,,9.0,,
2025-05-01 01:00:00,351150400,ZIELONA GÓRA,2025,5,1,1,12.3,77,8.4,999.1,1022.4,32.0,2.0,,,0,,,8.0,,
2025-05-01 02:00:00,351150400,ZIELONA GÓRA,2025,5,1,2,12.8,73,8.1,999.3,1022.6,62.0,2.0,,,0,,,8.0,,
2025-05-01 03:00:00,351150400,ZIELONA GÓRA,2025,5,1,3,12.9,70,7.6,999.4,1022.7,63.0,2.0,,,0,,,8.0,,
2025-05-01 04:00:00,351150400,ZIELONA GÓRA,2025,5,1,4,11.5,79,8.0,999.7,1023.1,114.0,1.0,,,0,,,8.0,,
2025-05-01 05:00:00,351150400,ZIELONA GÓRA,2025,5,1,5,12.9,75,8.6,1000.2,1023.5,134.0,1.0,,1.0,0,,,8.0,,
2025-05-01 06:00:00,351150400,ZIELONA GÓRA,2025,5,1,6,14.2,71,9.0,1000.4,1023.6,158.0,2.0,,0.0,1,,,9.0,,
2025-05-01 07:00:00,351150400,ZIELONA GÓRA,2025,5,1,7,15.5,64,8.7,1000.6,1023.7,136.0,3.0,,0.0,2,0.0,,8.0,,
2025-05-01 08:00:00,351150400,ZIELONA GÓRA,2025,5,1,8,17.2,56,8.3,1000.7,1023.6,143.0,2.0,,1.0,3,0.0,,8.0,,
2025-05-01 09:00:00,351150400,ZIELONA GÓRA,2025,5,1,9,18.4,49,7.5,1000.7,1023.6,238.0,2.0,,2.0,3,0.0,,8.0,,
2025-05-01 10:00:00,351150400,ZIELONA GÓRA,2025,5,1,10,19.6,46,7.7,1000.3,1023.0,196.0,2.0,,4.0,3,0.0,,8.0,,
2025-05-01 11:00:00,351150400,ZIELONA GÓRA,2025,5,1,11,19.9,41,6.2,999.8,1022.5,249.0,2.0,,4.0,3,0.0,,8.0,,
2025-05-01 12:00:00,351150400,ZIELONA GÓRA,2025,5,1,12,21.0,39,6.5,999.5,1022.1,339.0,2.0,,3.0,1,0.0,,9.0,,
2025-05-01 13:00:00,351150400,ZIELONA GÓRA,2025,5,1,13,21.5,35,5.4,998.7,1021.3,342.0,1.0,,4.0,3,0.0,,8.0,,
2025-05-01 14:00:00,351150400,ZIELONA GÓRA,2025,5,1,14,22.1,33,5.1,998.2,1020.7,264.0,2.0,,4.0,1,0.0,,8.0,,
2025-05-01 15:00:00,351150400,ZIELONA GÓRA,2025,5,1,15,22.1,36,6.3,997.6,1020.1,49.0,2.0,,6.0,3,1.0,,8.0,,
2025-05-01 16:00:00,351150400,ZIELONA GÓRA,2025,5,1,16,21.5,37,6.2,997.2,1019.7,67.0,2.0,,7.0,1,2.0,,8.0,,
2025-05-01 17:00:00,351150400,ZIELONA GÓRA,2025,5,1,17,21.1,37,5.8,996.8,1019.4,90.0,2.0,,6.0,1,2.0,,8.0,,
2025-05-01 18:00:00,351150400,ZIELONA GÓRA,2025,5,1,18,19.2,43,6.3,996.5,1019.2,103.0,1.0,,5.0,1,1.0,,9.0,,
2025-05-01 19:00:00,351150400,ZIELONA GÓRA,2025,5,1,19,17.8,46,6.0,996.7,1019.5,137.0,2.0,,2.0,1,1.0,,8.0,,
2025-05-01 20:00:00,351150400,ZIELONA GÓRA,2025,5,1,20,16.6,53,7.0,996.8,1019.7,141.0,3.0,,1.0,3,0.0,,8.0,,
2025-05-01 21:00:00,351150400,ZIELONA GÓRA,2025,5,1,21,15.7,56,6.9,996.6,1019.6,141.0,3.0,,,0,,,8.0,,
2025-05-01 22:00:00,351150400,ZIELONA GÓRA,2025,5,1,22,15.1,57,6.6,996.3,1019.3,144.0,3.0,,,0,,,8.0,,
2025-05-01 23:00:00,351150400,ZIELONA GÓRA,2025,5,1,23,14.5,58,6.3,996.2,1019.3,150.0,2.0,,,0,,,8.0,,
2025-05-02 00:00:00,351150400,ZIELONA GÓRA,2025,5,2,0,13.8,60,6.2,995.7,1018.8,141.0,2.0,,,0,,,9.0,,
2025-05-02 01:00:00,351150400,ZIELONA GÓRA,2025,5,2,1,13.4,62,6.3,995.3,1018.4,143.0,2.0,,,0,,,8.0,,
2025-05-02 02:00:00,351150400,ZIELONA GÓRA,2025,5,2,2,12.6,65,6.2,994.6,1017.8,139.0,2.0,,,0,,,8.0,,
2025-05-02 03:00:00,351150400,ZIELONA GÓRA,2025,5,2,3,11.8,69,6.3,994.1,1017.3,136.0,2.0,,,0,,,8.0,,
2025-05-02 04:00:00,351150400,ZIELONA GÓRA,2025,5,2,4,11.6,72,6.7,993.7,1016.9,151.0,2.0,,,0,,,8.0,,
2025-05-02 05:00:00,351150400,ZIELONA GÓRA,2025,5,2,5,13.1,67,7.1,993.6,1016.7,160.0,2.0,,1.0,0,,,8.0,,
2025-05-02 06:00:00,351150400,ZIELONA GÓRA,2025,5,2,6,15.8,59,7.8,993.1,1016.0,148.0,2.0,,6.0,3,,,9.0,,
2025-05-02 07:00:00,351150400,ZIELONA GÓRA,2025,5,2,7,17.4,58,9.0,992.5,1015.2,177.0,3.0,,7.0,3,2.0,,8.0,,
2025-05-02 08:00:00,351150400,ZIELONA GÓRA,2025,5,2,8,20.1,53,10.2,992.2,1014.7,193.0,3.0,,7.0,1,2.0,,8.0,,
2025-05-02 09:00:00,351150400,ZIELONA GÓRA,2025,5,2,9,22.9,46,10.7,991.8,1014.1,241.0,3.0,,7.0,1,2.0,,8.0,,
2025-05-02 10:00:00,351150400,ZIELONA GÓRA,2025,5,2,10,25.4,36,9.2,991.2,1013.3,244.0,3.0,,7.0,3,2.0,,8.0,,
2025-05-02 11:00:00,351150400,ZIELONA GÓRA,2025,5,2,11,25.8,24,3.7,990.7,1012.8,290.0,5.0,,7.0,3,2.0,,8.0,,
2025-05-02 12:00:00,351150400,ZIELONA GÓRA,2025,5,2,12,26.3,27,5.8,990.2,1012.2,272.0,4.0,,7.0,3,2.0,,9.0,,
2025-05-02 13:00:00,351150400,ZIELONA GÓRA,2025,5,2,13,27.3,25,5.5,989.5,1011.4,275.0,4.0,,6.0,1,2.0,,8.0,,
2025-05-02 14:00:00,351150400,ZIELONA GÓRA,2025,5,2,14,27.3,26,6.1,989.0,1010.9,284.0,3.0,,6.0,3,2.0,,8.0,,
2025-05-02 15:00:00,351150400,ZIELONA GÓRA,2025,5,2,15,26.6,27,6.1,988.8,1010.8,285.0,4.0,9.0,7.0,3,2.0,,8.0,,
2025-05-02 16:00:00,351150400,ZIELONA GÓRA,2025,5,2,16,25.6,28,5.7,988.4,1010.4,306.0,5.0,,6.0,1,2.0,,8.0,,
2025-05-02 17:00:00,351150400,ZIELONA GÓRA,2025,5,2,17,25.2,31,6.9,988.0,1010.0,283.0,2.0,,6.0,1,2.0,,8.0,,
2025-05-02 18:00:00,351150400,ZIELONA GÓRA,2025,5,2,18,23.6,34,6.8,987.9,1010.1,273.0,3.0,,7.0,1,2.0,,9.0,,
2025-05-02 19:00:00,351150400,ZIELONA GÓRA,2025,5,2,19,23.0,34,6.3,988.0,1010.2,270.0,2.0,,8.0,3,2.0,,8.0,,
2025-05-02 20:00:00,351150400,ZIELONA GÓRA,2025,5,2,20,17.4,67,11.2,990.0,1012.7,336.0,6.0,12.0,8.0,80,8.0,,8.0,,
2025-05-02 21:00:00,351150400,ZIELONA GÓRA,2025,5,2,21,15.7,80,12.3,989.4,1012.2,346.0,3.0,,,81,,,8.0,,
2025-05-02 22:00:00,351150400,ZIELONA GÓRA,2025,5,2,22,14.9,85,12.4,988.7,1011.6,169.0,1.0,,,23,,,8.0,,
2025-05-02 23:00:00,351150400,ZIELONA GÓRA,2025,5,2,23,14.6,87,12.5,989.4,1012.3,226.0,3.0,,,83,,,8.0,,
2025-05-03 00:00:00,351150400,ZIELONA GÓRA,2025,5,3,0,14.0,92,12.7,988.8,1011.7,218.0,3.0,,,23,,4.3,,,
2025-05-03 01:00:00,351150400,ZIELONA GÓRA,2025,5,3,1,14.4,87,12.3,988.6,1011.5,265.0,2.0,,,23,,,8.0,,
2025-05-03 02:00:00,351150400,ZIELONA GÓRA,2025,5,3,2,13.2,96,12.6,988.2,1011.2,317.0,3.0,,,0,,,8.0,,
2025-05-03 03:00:00,351150400,ZIELONA GÓRA,2025,5,3,3,13.2,95,12.4,988.1,1011.1,311.0,3.0,,,0,,,8.0,,
2025-05-03 04:00:00,351150400,ZIELONA GÓRA,2025,5,3,4,12.6,97,12.1,988.0,1011.0,314.0,3.0,,,10,,,8.0,,
2025-05-03 05:00:00,351150400,ZIELONA GÓRA,2025,5,3,5,12.5,98,12.2,988.0,1011.0,312.0,3.0,,8.0,10,,,8.0,,
2025-05-03 06:00:00,351150400,ZIELONA GÓRA,2025,5,3,6,12.5,98,12.2,988.3,1011.3,290.0,2.0,,8.0,10,,0.0,,6.0,
2025-05-03 07:00:00,351150400,ZIELONA GÓRA,2025,5,3,7,13.0,96,12.4,988.1,1011.1,313.0,1.0,,8.0,10,2.0,,8.0,,
2025-05-03 08:00:00,351150400,ZIELONA GÓRA,2025,5,3,8,15.1,83,12.2,987.8,1010.6,313.0,2.0,,6.0,1,2.0,,8.0,,
2025-05-03 09:00:00,351150400,ZIELONA GÓRA,2025,5,3,9,16.4,72,11.3,987.7,1010.4,292.0,2.0,,5.0,1,2.0,,8.0,,
2025-05-03 10:00:00,351150400,ZIELONA GÓRA,2025,5,3,10,18.6,64,11.7,987.2,1009.7,271.0,3.0,,2.0,1,1.0,,8.0,,
2025-05-03 11:00:00,351150400,ZIELONA GÓRA,2025,5,3,11,19.2,61,11.5,986.8,1009.3,294.0,3.0,,6.0,3,1.0,,8.0,,
2025-05-03 12:00:00,351150400,ZIELONA GÓRA,2025,5,3,12,19.1,60,11.1,986.2,1008.7,294.0,2.0,,7.0,3,1.0,,9.0,,
2025-05-03 13:00:00,351150400,ZIELONA GÓRA,2025,5,3,13,19.6,62,12.1,985.5,1007.9,281.0,2.0,,8.0,1,2.0,,8.0,,
2025-05-03 14:00:00,351150400,ZIELONA GÓRA,2025,5,3,14,18.7,63,11.5,985.0,1007.5,271.0,3.0,,8.0,1,2.0,,8.0,,
2025-05-03 15:00:00,351150400,ZIELONA GÓRA,2025,5,3,15,16.7,80,13.2,984.9,1007.5,270.0,3.0,,8.0,81,2.0,,8.0,,
2025-05-03 16:00:00,351150400,ZIELONA GÓRA,2025,5,3,16,14.6,96,14.0,984.1,1006.9,293.0,2.0,,8.0,80,8.0,,8.0,,
2025-05-03 17:00:00,351150400,ZIELONA GÓRA,2025,5,3,17,14.2,97,13.7,982.5,1005.3,228.0,2.0,,8.0,80,8.0,,8.0,,
2025-05-03 18:00:00,351150400,ZIELONA GÓRA,2025,5,3,18,13.9,98,13.6,982.1,1004.9,253.0,2.0,,7.0,25,8.0,3.9,,6.0,
2025-05-03 19:00:00,351150400,ZIELONA GÓRA,2025,5,3,19,13.5,97,13.0,981.6,1004.4,212.0,2.0,,7.0,10,2.0,,8.0,,
2025-05-03 20:00:00,351150400,ZIELONA GÓRA,2025,5,3,20,13.4,99,13.2,981.2,1004.0,200.0,2.0,,8.0,46,2.0,,8.0,,
2025-05-03 21:00:00,351150400,ZIELONA GÓRA,2025,5,3,21,13.4,100,13.4,980.3,1003.1,216.0,2.0,,,61,,,8.0,,
2025-05-03 22:00:00,351150400,ZIELONA GÓRA,2025,5,3,22,13.5,100,13.5,979.5,1002.3,212.0,1.0,,,63,,,8.0,,
2025-05-03 23:00:00,351150400,ZIELONA GÓRA,2025,5,3,23,13.4,99,13.2,979.2,1002.0,285.0,3.0,,,62,,,8.0,,
2025-05-04 00:00:00,351150400,ZIELONA GÓRA,2025,5,4,0,13.0,97,12.5,979.0,1001.8,294.0,5.0,10.0,,23,,11.0,,,
2025-05-04 01:00:00,351150400,ZIELONA GÓRA,2025,5,4,1,11.0,94,10.1,980.0,1003.0,301.0,5.0,9.0,,0,,,8.0,,
2025-05-04 02:00:00,351150400,ZIELONA GÓRA,2025,5,4,2,10.5,94,9.6,980.6,1003.6,296.0,5.0,11.0,,0,,,8.0,,
2025-05-04 03:00:00,351150400,ZIELONA GÓRA,2025,5,4,3,9.2,92,8.0,981.1,1004.2,293.0,4.0,10.0,,0,,,8.0,,
2025-05-04 04:00:00,351150400,ZIELONA GÓRA,2025,5,4,4,8.1,84,5.6,981.8,1005.1,294.0,5.0,,,0,,,8.0,,
2025-05-04 05:00:00,351150400,ZIELONA GÓRA,2025,5,4,5,8.2,82,5.3,982.9,1006.2,297.0,4.0,9.0,1.0,0,,,8.0,,
2025-05-04 06:00:00,351150400,ZIELONA GÓRA,2025,5,4,6,8.0,76,4.0,983.5,1006.8,305.0,6.0,13.0,5.0,3,,,9.0,,
2025-05-04 07:00:00,351150400,ZIELONA GÓRA,2025,5,4,7,8.3,74,3.9,984.2,1007.5,297.0,5.0,11.0,7.0,3,2.0,,8.0,,
2025-05-04 08:00:00,351150400,ZIELONA GÓRA,2025,5,4,8,8.7,71,3.7,984.7,1008.0,277.0,5.0,,7.0,1,2.0,,8.0,,
2025-05-04 09:00:00,351150400,ZIELONA GÓRA,2025,5,4,9,9.2,64,2.7,985.4,1008.6,281.0,4.0,,7.0,2,2.0,,8.0,,
2025-05-04 10:00:00,351150400,ZIELONA GÓRA,2025,5,4,10,9.6,66,3.6,985.7,1008.9,270.0,5.0,10.0,7.0,3,2.0,,8.0,,
2025-05-04 11:00:00,351150400,ZIELONA GÓRA,2025,5,4,11,10.4,65,4.1,985.8,1009.0,274.0,4.0,9.0,7.0,3,2.0,,8.0,,
2025-05-04 12:00:00,351150400,ZIELONA GÓRA,2025,5,4,12,12.0,58,4.0,986.0,1009.0,281.0,4.0,,5.0,1,2.0,,9.0,,
2025-05-04 13:00:00,351150400,ZIELONA GÓRA,2025,5,4,13,12.8,58,4.7,986.1,1009.1,280.0,5.0,10.0,6.0,1,2.0,,8.0,,
2025-05-04 14:00:00,351150400,ZIELONA GÓRA,2025,5,4,14,11.8,57,3.5,986.4,1009.5,286.0,4.0,,6.0,3,2.0,,8.0,,
2025-05-04 15:00:00,351150400,ZIELONA GÓRA,2025,5,4,15,11.4,60,3.9,986.7,1009.8,302.0,4.0,,7.0,1,2.0,,8.0,,
2025-05-04 16:00:00,351150400,ZIELONA GÓRA,2025,5,4,16,11.4,60,3.9,986.8,1009.9,300.0,4.0,,7.0,25,2.0,,8.0,,
2025-05-04 17:00:00,351150400,ZIELONA GÓRA,2025,5,4,17,11.7,57,3.5,987.1,1010.2,285.0,3.0,8.0,4.0,1,1.0,,8.0,,
2025-05-04 18:00:00,351150400,ZIELONA GÓRA,2025,5,4,18,10.4,62,3.4,987.6,1010.8,290.0,2.0,,4.0,1,8.0,0.0,,6.0,
2025-05-04 19:00:00,351150400,ZIELONA GÓRA,2025,5,4,19,10.0,64,3.5,987.9,1011.1,290.0,2.0,,6.0,3,1.0,,8.0,,
2025-05-04 20:00:00,351150400,ZIELONA GÓRA,2025,5,4,20,9.5,67,3.7,988.5,1011.8,323.0,3.0,,4.0,1,1.0,,8.0,,
2025-05-04 21:00:00,351150400,ZIELONA GÓRA,2025,5,4,21,8.2,77,4.4,988.9,1012.3,4.0,2.0,,,0,,,8.0,,
2025-05-04 22:00:00,351150400,ZIELONA GÓRA,2025,5,4,22,6.9,87,4.9,989.6,1013.1,14.0,2.0,,,0,,,8.0,,
2025-05-04 23:00:00,351150400,ZIELONA GÓRA,2025,5,4,23,6.5,85,4.2,990.3,1013.9,35.0,2.0,,,0,,,8.0,,
2025-05-05 00:00:00,351150400,ZIELONA GÓRA,2025,5,5,0,4.9,83,2.3,990.6,1014.3,13.0,2.0,,,0,,,9.0,,
2025-05-05 01:00:00,351150400,ZIELONA GÓRA,2025,5,5,1,4.1,89,2.4,990.9,1014.7,17.0,2.0,,,0,,,8.0,,
2025-05-05 02:00:00,351150400,ZIELONA GÓRA,2025,5,5,2,3.3,92,2.1,991.1,1015.0,25.0,1.0,,,0,,,8.0,,
2025-05-05 03:00:00,351150400,ZIELONA GÓRA,2025,5,5,3,3.1,94,2.2,991.7,1015.6,15.0,1.0,,,0,,,8.0,,
2025-05-05 04:00:00,351150400,ZIELONA GÓRA,2025,5,5,4,3.3,93,2.3,992.2,1016.1,17.0,1.0,,,0,,,8.0,,
2025-05-05 05:00:00,351150400,ZIELONA GÓRA,2025,5,5,5,3.9,90,2.4,992.9,1016.8,24.0,2.0,,2.0,0,,,8.0,,
2025-05-05 06:00:00,351150400,ZIELONA GÓRA,2025,5,5,6,4.6,85,2.3,993.3,1017.1,52.0,3.0,,6.0,3,,,9.0,,
2025-05-05 07:00:00,351150400,ZIELONA GÓRA,2025,5,5,7,5.3,77,1.6,994.0,1017.8,51.0,3.0,,5.0,1,2.0,,8.0,,
2025-05-05 08:00:00,351150400,ZIELONA GÓRA,2025,5,5,8,7.6,68,2.1,993.9,1017.5,20.0,2.0,,2.0,1,1.0,,8.0,,
2025-05-05 09:00:00,351150400,ZIELONA GÓRA,2025,5,5,9,8.7,60,1.4,994.1,1017.6,56.0,3.0,,2.0,1,1.0,,8.0,,
2025-05-05 10:00:00,351150400,ZIELONA GÓRA,2025,5,5,10,10.1,50,0.1,994.3,1017.7,76.0,3.0,,3.0,3,0.0,,8.0,,
2025-05-05 11:00:00,351150400,ZIELONA GÓRA,2025,5,5,11,10.6,47,-0.3,994.0,1017.3,42.0,3.0,9.0,4.0,3,0.0,,8.0,,
2025-05-05 12:00:00,351150400,ZIELONA GÓRA,2025,5,5,12,10.9,44,-0.9,994.1,1017.4,30.0,3.0,,5.0,3,1.0,,9.0,,
2025-05-05 13:00:00,351150400,ZIELONA GÓRA,2025,5,5,13,11.3,38,-2.5,993.9,1017.2,61.0,3.0,,5.0,1,2.0,,8.0,,
2025-05-05 14:00:00,351150400,ZIELONA GÓRA,2025,5,5,14,12.0,35,-3.0,993.7,1016.9,32.0,3.0,,3.0,1,1.0,,8.0,,
2025-05-05 15:00:00,351150400,ZIELONA GÓRA,2025,5,5,15,11.6,29,-5.9,993.6,1016.8,35.0,2.0,,2.0,1,1.0,,8.0,,
2025-05-05 16:00:00,351150400,ZIELONA GÓRA,2025,5,5,16,11.5,30,-5.5,993.6,1016.8,40.0,2.0,,2.0,3,0.0,,8.0,,
2025-05-05 17:00:00,351150400,ZIELONA GÓRA,2025,5,5,17,10.8,30,-6.1,993.6,1016.9,53.0,2.0,,5.0,1,1.0,,8.0,,
2025-05-05 18:00:00,351150400,ZIELONA GÓRA,2025,5,5,18,9.5,36,-4.9,993.9,1017.3,63.0,2.0,,6.0,3,1.0,,9.0,,
2025-05-05 19:00:00,351150400,ZIELONA GÓRA,2025,5,5,19,8.1,42,-4.1,994.3,1017.8,69.0,2.0,,6.0,2,2.0,,8.0,,
2025-05-05 20:00:00,351150400,ZIELONA GÓRA,2025,5,5,20,6.6,53,-2.3,994.5,1018.2,125.0,1.0,,1.0,1,1.0,,8.0,,
2025-05-05 21:00:00,351150400,ZIELONA GÓRA,2025,5,5,21,5.8,58,-1.8,994.9,1018.7,144.0,2.0,,,0,,,8.0,,
2025-05-05 22:00:00,351150400,ZIELONA GÓRA,2025,5,5,22,5.3,62,-1.4,995.1,1018.9,144.0,2.0,,,0,,,8.0,,
2025-05-05 23:00:00,351150400,ZIELONA GÓRA,2025,5,5,23,4.6,67,-1.0,994.9,1018.8,152.0,2.0,,,0,,,8.0,,
2025-05-06 00:00:00,351150400,ZIELONA GÓRA,2025,5,6,0,4.1,67,-1.5,994.4,1018.3,168.0,1.0,,,0,,,9.0,,
2025-05-06 01:00:00,351150400,ZIELONA GÓRA,2025,5,6,1,4.4,63,-2.0,994.4,1018.3,149.0,1.0,,,0,,,8.0,,
2025-05-06 02:00:00,351150400,ZIELONA GÓRA,2025,5,6,2,4.1,64,-2.1,994.5,1018.4,174.0,1.0,,,0,,,8.0,,
2025-05-06 03:00:00,351150400,ZIELONA GÓRA,2025,5,6,3,4.1,64,-2.1,994.5,1018.4,217.0,1.0,,,0,,,8.0,,
2025-05-06 04:00:00,351150400,ZIELONA GÓRA,2025,5,6,4,3.4,71,-1.4,994.5,1018.5,341.0,1.0,,,0,,,8.0,,
2025-05-06 05:00:00,351150400,ZIELONA GÓRA,2025,5,6,5,5.7,62,-1.0,994.7,1018.5,352.0,1.0,,1.0,0,,,8.0,,
2025-05-06 06:00:00,351150400,ZIELONA GÓRA,2025,5,6,6,7.1,54,-1.6,994.7,1018.3,352.0,2.0,,1.0,2,,,9.0,,
2025-05-06 07:00:00,351150400,ZIELONA GÓRA,2025,5,6,7,8.6,48,-1.8,994.7,1018.2,321.0,1.0,,1.0,2,0.0,,8.0,,
2025-05-06 08:00:00,351150400,ZIELONA GÓRA,2025,5,6,8,9.7,40,-3.3,994.7,1018.1,272.0,1.0,,1.0,3,0.0,,8.0,,
2025-05-06 09:00:00,351150400,ZIELONA GÓRA,2025,5,6,9,10.7,36,-3.8,994.6,1017.9,65.0,1.0,,2.0,3,0.0,,8.0,,
2025-05-06 10:00:00,351150400,ZIELONA GÓRA,2025,5,6,10,11.7,35,-3.3,994.4,1017.6,288.0,2.0,,1.0,3,0.0,,8.0,,
2025-05-06 11:00:00,351150400,ZIELONA GÓRA,2025,5,6,11,12.3,35,-2.7,993.8,1017.0,301.0,2.0,,1.0,1,0.0,,8.0,,
2025-05-06 12:00:00,351150400,ZIELONA GÓRA,2025,5,6,12,13.7,33,-2.3,993.4,1016.5,302.0,2.0,,1.0,2,0.0,,9.0,,
2025-05-06 13:00:00,351150400,ZIELONA GÓRA,2025,5,6,13,13.8,32,-2.6,993.0,1016.0,49.0,2.0,,1.0,2,0.0,,8.0,,
2025-05-06 14:00:00,351150400,ZIELONA GÓRA,2025,5,6,14,14.6,32,-1.9,992.6,1015.6,257.0,1.0,,1.0,2,0.0,,8.0,,
2025-05-06 15:00:00,351150400,ZIELONA GÓRA,2025,5,6,15,15.0,31,-2.0,992.5,1015.4,303.0,3.0,,1.0,1,0.0,,8.0,,
2025-05-06 16:00:00,351150400,ZIELONA GÓRA,2025,5,6,16,14.9,31,-2.1,992.6,1015.5,307.0,3.0,,1.0,3,0.0,,8.0,,
2025-05-06 17:00:00,351150400,ZIELONA GÓRA,2025,5,6,17,14.4,26,-4.9,992.7,1015.7,338.0,3.0,,1.0,1,0.0,,8.0,,
2025-05-06 18:00:00,351150400,ZIELONA GÓRA,2025,5,6,18,13.4,31,-3.4,993.0,1016.1,349.0,2.0,,1.0,1,0.0,,9.0,,
2025-05-06 19:00:00,351150400,ZIELONA GÓRA,2025,5,6,19,11.6,35,-3.4,993.4,1016.6,23.0,1.0,,1.0,2,0.0,,8.0,,
2025-05-06 20:00:00,351150400,ZIELONA GÓRA,2025,5,6,20,10.8,39,-2.6,993.7,1017.0,53.0,1.0,,1.0,2,0.0,,8.0,,
2025-05-06 21:00:00,351150400,ZIELONA GÓRA,2025,5,6,21,9.0,62,2.1,994.2,1017.7,5.0,2.0,,,0,,,8.0,,
2025-05-06 22:00:00,351150400,ZIELONA GÓRA,2025,5,6,22,8.7,68,3.1,994.6,1018.1,37.0,2.0,,,0,,,8.0,,
2025-05-06 23:00:00,351150400,ZIELONA GÓRA,2025,5,6,23,8.9,69,3.5,994.7,1018.2,57.0,2.0,,,0,,,8.0,,
2025-05-07 00:00:00,351150400,ZIELONA GÓRA,2025,5,7,0,8.7,71,3.7,994.9,1018.4,52.0,2.0,,,0,,,9.0,,
2025-05-07 01:00:00,351150400,ZIELONA GÓRA,2025,5,7,1,8.4,73,3.8,995.3,1018.8,56.0,2.0,,,0,,,8.0,,
2025-05-07 02:00:00,351150400,ZIELONA GÓRA,2025,5,7,2,8.0,75,3.8,995.5,1019.1,52.0,2.0,,,0,,,8.0,,
2025-05-07 03:00:00,351150400,ZIELONA GÓRA,2025,5,7,3,7.4,80,4.2,995.6,1019.2,51.0,2.0,,,0,,,8.0,,
2025-05-07 04:00:00,351150400,ZIELONA GÓRA,2025,5,7,4,6.8,80,3.6,995.7,1019.4,52.0,3.0,,,0,,,8.0,,
2025-05-07 05:00:00,351150400,ZIELONA GÓRA,2025,5,7,5,7.0,74,2.7,996.1,1019.8,49.0,4.0,,3.0,0,,,8.0,,
2025-05-07 06:00:00,351150400,ZIELONA GÓRA,2025,5,7,6,7.8,66,1.8,996.7,1020.3,44.0,2.0,,4.0,1,,,9.0,,
2025-05-07 07:00:00,351150400,ZIELONA GÓRA,2025,5,7,7,8.2,60,0.9,997.3,1020.9,58.0,4.0,,5.0,1,1.0,,8.0,,
2025-05-07 08:00:00,351150400,ZIELONA GÓRA,2025,5,7,8,8.9,51,-0.7,997.4,1021.0,51.0,4.0,,6.0,3,2.0,,8.0,,
2025-05-07 09:00:00,351150400,ZIELONA GÓRA,2025,5,7,9,10.0,46,-1.1,997.6,1021.1,57.0,3.0,,6.0,2,1.0,,8.0,,
2025-05-07 10:00:00,351150400,ZIELONA GÓRA,2025,5,7,10,10.9,41,-1.9,997.6,1021.0,50.0,3.0,,7.0,3,2.0,,8.0,,
2025-05-07 11:00:00,351150400,ZIELONA GÓRA,2025,5,7,11,11.3,39,-2.2,997.4,1020.8,66.0,3.0,,7.0,2,2.0,,8.0,,
2025-05-07 12:00:00,351150400,ZIELONA GÓRA,2025,5,7,12,11.9,33,-3.9,997.1,1020.4,75.0,3.0,8.0,6.0,1,1.0,,9.0,,
2025-05-07 13:00:00,351150400,ZIELONA GÓRA,2025,5,7,13,12.3,30,-4.8,996.7,1020.0,73.0,4.0,,7.0,3,2.0,,8.0,,
2025-05-07 14:00:00,351150400,ZIELONA GÓRA,2025,5,7,14,12.2,32,-4.0,996.4,1019.7,65.0,4.0,,7.0,3,2.0,,8.0,,
2025-05-07 15:00:00,351150400,ZIELONA GÓRA,2025,5,7,15,12.2,35,-2.8,996.4,1019.7,63.0,3.0,,7.0,3,2.0,,8.0,,
2025-05-07 16:00:00,351150400,ZIELONA GÓRA,2025,5,7,16,12.7,33,-3.2,996.4,1019.6,68.0,3.0,,7.0,3,2.0,,8.0,,
2025-05-07 17:00:00,351150400,ZIELONA GÓRA,2025,5,7,17,11.5,35,-3.5,996.3,1019.6,77.0,3.0,8.0,7.0,3,2.0,,8.0,,
2025-05-07 18:00:00,351150400,ZIELONA GÓRA,2025,5,7,18,10.8,38,-3.0,996.6,1020.0,76.0,3.0,,7.0,1,2.0,,9.0,,
2025-05-07 19:00:00,351150400,ZIELONA GÓRA,2025,5,7,19,9.4,43,-2.6,996.9,1020.4,72.0,2.0,,6.0,1,2.0,,8.0,,
2025-05-07 20:00:00,351150400,ZIELONA GÓRA,2025,5,7,20,8.5,46,-2.5,997.1,1020.7,79.0,2.0,,6.0,2,2.0,,8.0,,
2025-05-07 21:00:00,351150400,ZIELONA GÓRA,2025,5,7,21,8.3,45,-3.0,997.1,1020.7,79.0,2.0,,,0,,,8.0,,
2025-05-07 22:00:00,351150400,ZIELONA GÓRA,2025,5,7,22,7.6,47,-3.0,997.1,1020.8,80.0,3.0,,,0,,,8.0,,
2025-05-07 23:00:00,351150400,ZIELONA GÓRA,2025,5,7,23,7.5,47,-3.1,997.1,1020.8,81.0,2.0,,,0,,,8.0,,
2025-05-08 00:00:00,351150400,ZIELONA GÓRA,2025,5,8,0,7.2,47,-3.4,996.9,1020.6,87.0,2.0,,,0,,,9.0,,
2025-05-08 01:00:00,351150400,ZIELONA GÓRA,2025,5,8,1,6.5,49,-3.5,996.6,1020.3,85.0,2.0,,,0,,,8.0,,
2025-05-08 02:00:00,351150400,ZIELONA GÓRA,2025,5,8,2,5.6,52,-3.5,996.6,1020.4,85.0,1.0,,,0,,,8.0,,
2025-05-08 03:00:00,351150400,ZIELONA GÓRA,2025,5,8,3,5.6,55,-2.7,996.3,1020.1,83.0,2.0,,,0,,,8.0,,
2025-05-08 04:00:00,351150400,ZIELONA GÓRA,2025,5,8,4,4.8,61,-2.1,996.3,1020.2,61.0,3.0,,,0,,,8.0,,
2025-05-08 05:00:00,351150400,ZIELONA GÓRA,2025,5,8,5,5.5,59,-1.9,996.5,1020.3,92.0,2.0,,7.0,0,,,8.0,,
2025-05-08 06:00:00,351150400,ZIELONA GÓRA,2025,5,8,6,5.0,71,0.2,996.8,1020.7,78.0,2.0,,7.0,2,,,9.0,,
2025-05-08 07:00:00,351150400,ZIELONA GÓRA,2025,5,8,7,6.7,66,0.8,996.6,1020.3,145.0,2.0,,7.0,1,2.0,,8.0,,
2025-05-08 08:00:00,351150400,ZIELONA GÓRA,2025,5,8,8,9.1,57,1.0,996.6,1020.1,45.0,2.0,,5.0,3,2.0,,8.0,,
2025-05-08 09:00:00,351150400,ZIELONA GÓRA,2025,5,8,9,10.7,48,0.1,996.5,1019.9,32.0,2.0,,5.0,2,2.0,,8.0,,
2025-05-08 10:00:00,351150400,ZIELONA GÓRA,2025,5,8,10,11.7,44,-0.2,996.2,1019.5,57.0,3.0,,6.0,3,2.0,,8.0,,
2025-05-08 11:00:00,351150400,ZIELONA GÓRA,2025,5,8,11,12.1,40,-1.1,995.9,1019.2,63.0,4.0,,6.0,3,2.0,,8.0,,
2025-05-08 12:00:00,351150400,ZIELONA GÓRA,2025,5,8,12,11.2,42,-1.3,995.9,1019.2,33.0,3.0,,6.0,3,2.0,,9.0,,
2025-05-08 13:00:00,351150400,ZIELONA GÓRA,2025,5,8,13,11.8,39,-1.7,995.6,1018.9,49.0,3.0,8.0,7.0,3,2.0,,8.0,,
2025-05-08 14:00:00,351150400,ZIELONA GÓRA,2025,5,8,14,12.9,37,-1.5,995.3,1018.5,22.0,2.0,,6.0,1,2.0,,8.0,,
2025-05-08 15:00:00,351150400,ZIELONA GÓRA,2025,5,8,15,11.9,38,-2.0,995.4,1018.7,55.0,2.0,,6.0,1,2.0,,8.0,,
2025-05-08 16:00:00,351150400,ZIELONA GÓRA,2025,5,8,16,11.7,37,-2.5,995.4,1018.7,48.0,3.0,,6.0,1,2.0,,8.0,,
2025-05-08 17:00:00,351150400,ZIELONA GÓRA,2025,5,8,17,11.3,37,-2.9,995.4,1018.7,39.0,2.0,,5.0,1,2.0,,8.0,,
2025-05-08 18:00:00,351150400,ZIELONA GÓRA,2025,5,8,18,9.9,40,-3.1,995.6,1019.0,62.0,2.0,,2.0,1,1.0,,9.0,,
2025-05-08 19:00:00,351150400,ZIELONA GÓRA,2025,5,8,19,9.0,39,-4.2,996.1,1019.6,76.0,2.0,,1.0,1,0.0,,8.0,,
2025-05-08 20:00:00,351150400,ZIELONA GÓRA,2025,5,8,20,8.0,44,-3.5,996.5,1020.1,87.0,1.0,,1.0,1,0.0,,8.0,,
2025-05-08 21:00:00,351150400,ZIELONA GÓRA,2025,5,8,21,6.9,50,-2.8,996.5,1020.2,117.0,1.0,,,0,,,8.0,,
2025-05-08 22:00:00,351150400,ZIELONA GÓRA,2025,5,8,22,5.9,53,-3.0,996.7,1020.5,0.0,0.0,,,0,,,8.0,,
2025-05-08 23:00:00,351150400,ZIELONA GÓRA,2025,5,8,23,6.0,52,-3.1,996.8,1020.6,147.0,1.0,,,0,,,8.0,,
2025-05-09 00:00:00,351150400,ZIELONA GÓRA,2025,5,9,0,7.0,47,-3.6,996.7,1020.4,181.0,2.0,,,0,,,9.0,,
2025-05-09 01:00:00,351150400,ZIELONA GÓRA,2025,5,9,1,6.5,49,-3.5,996.7,1020.4,188.0,1.0,,,0,,,8.0,,
2025-05-09 02:00:00,351150400,ZIELONA GÓRA,2025,5,9,2,6.4,49,-3.6,996.8,1020.6,208.0,1.0,,,0,,,8.0,,
2025-05-09 03:00:00,351150400,ZIELONA GÓRA,2025,5,9,3,6.6,50,-3.1,996.8,1020.5,284.0,1.0,,,0,,,8.0,,
2025-05-09 04:00:00,351150400,ZIELONA GÓRA,2025,5,9,4,5.8,55,-2.6,997.1,1020.9,307.0,1.0,,,0,,,8.0,,
2025-05-09 05:00:00,351150400,ZIELONA GÓRA,2025,5,9,5,7.0,54,-1.7,997.6,1021.3,326.0,1.0,,6.0,0,,,8.0,,
2025-05-09 06:00:00,351150400,ZIELONA GÓRA,2025,5,9,6,8.6,48,-1.8,998.0,1021.6,296.0,1.0,,7.0,1,,,9.0,,
2025-05-09 07:00:00,351150400,ZIELONA GÓRA,2025,5,9,7,10.0,44,-1.7,998.4,1021.9,306.0,2.0,,2.0,1,1.0,,8.0,,
2025-05-09 08:00:00,351150400,ZIELONA GÓRA,2025,5,9,8,11.2,40,-1.9,998.5,1021.9,314.0,2.0,,1.0,3,0.0,,8.0,,
2025-05-09 09:00:00,351150400,ZIELONA GÓRA,2025,5,9,9,12.8,37,-1.5,998.4,1021.7,316.0,2.0,,2.0,3,1.0,,8.0,,
2025-05-09 10:00:00,351150400,ZIELONA GÓRA,2025,5,9,10,13.5,36,-1.3,998.4,1021.6,320.0,2.0,,6.0,3,1.0,,8.0,,
2025-05-09 11:00:00,351150400,ZIELONA GÓRA,2025,5,9,11,14.6,34,-1.1,998.0,1021.1,297.0,2.0,,6.0,1,2.0,,8.0,,
2025-05-09 12:00:00,351150400,ZIELONA GÓRA,2025,5,9,12,15.1,34,-0.7,997.8,1020.8,309.0,3.0,,6.0,3,1.0,,9.0,,
2025-05-09 13:00:00,351150400,ZIELONA GÓRA,2025,5,9,13,16.2,31,-1.0,997.4,1020.4,305.0,2.0,,5.0,1,2.0,,8.0,,
2025-05-09 14:00:00,351150400,ZIELONA GÓRA,2025,5,9,14,16.2,30,-1.4,997.1,1020.0,317.0,2.0,,6.0,1,2.0,,8.0,,
2025-05-09 15:00:00,351150400,ZIELONA GÓRA,2025,5,9,15,15.6,32,-1.1,996.8,1019.8,317.0,2.0,,6.0,2,2.0,,8.0,,
2025-05-09 16:00:00,351150400,ZIELONA GÓRA,2025,5,9,16,15.5,34,-0.3,996.7,1019.7,328.0,2.0,,4.0,1,1.0,,8.0,,
2025-05-09 17:00:00,351150400,ZIELONA GÓRA,2025,5,9,17,15.4,37,0.8,996.6,1019.6,320.0,2.0,,5.0,1,1.0,,8.0,,
2025-05-09 18:00:00,351150400,ZIELONA GÓRA,2025,5,9,18,14.8,40,1.3,996.7,1019.7,326.0,1.0,,3.0,1,1.0,,9.0,,
2025-05-09 19:00:00,351150400,ZIELONA GÓRA,2025,5,9,19,13.2,47,2.1,997.1,1020.3,286.0,1.0,,7.0,3,1.0,,8.0,,
2025-05-09 20:00:00,351150400,ZIELONA GÓRA,2025,5,9,20,12.5,47,1.5,997.2,1020.4,295.0,1.0,,7.0,3,2.0,,8.0,,
2025-05-09 21:00:00,351150400,ZIELONA GÓRA,2025,5,9,21,12.9,45,1.2,997.0,1020.2,269.0,2.0,,,0,,,8.0,,
2025-05-09 22:00:00,351150400,ZIELONA GÓRA,2025,5,9,22,13.0,44,1.0,997.1,1020.3,270.0,2.0,,,0,,,8.0,,
2025-05-09 23:00:00,351150400,ZIELONA GÓRA,2025,5,9,23,13.0,41,0.0,996.9,1020.1,275.0,3.0,,,0,,,8.0,,
2025-05-10 00:00:00,351150400,ZIELONA GÓRA,2025,5,10,0,13.0,41,0.0,996.6,1019.8,281.0,4.0,,,0,,,9.0,,
2025-05-10 01:00:00,351150400,ZIELONA GÓRA,2025,5,10,1,12.3,44,0.4,996.3,1019.5,280.0,4.0,9.0,,0,,,8.0,,
2025-05-10 02:00:00,351150400,ZIELONA GÓRA,2025,5,10,2,11.7,48,1.0,996.2,1019.5,293.0,4.0,,,0,,,8.0,,
2025-05-10 03:00:00,351150400,ZIELONA GÓRA,2025,5,10,3,10.7,53,1.5,996.3,1019.7,302.0,3.0,,,0,,,8.0,,
2025-05-10 04:00:00,351150400,ZIELONA GÓRA,2025,5,10,4,10.4,56,2.0,996.4,1019.8,297.0,3.0,,,0,,,8.0,,
2025-05-10 05:00:00,351150400,ZIELONA GÓRA,2025,5,10,5,10.1,60,2.7,996.5,1019.9,303.0,3.0,,7.0,0,,,8.0,,
2025-05-10 06:00:00,351150400,ZIELONA GÓRA,2025,5,10,6,10.5,64,4.0,996.8,1020.2,305.0,3.0,,7.0,3,,,9.0,,
2025-05-10 07:00:00,351150400,ZIELONA GÓRA,2025,5,10,7,11.5,67,5.6,996.8,1020.1,299.0,3.0,,7.0,3,2.0,,8.0,,
2025-05-10 08:00:00,351150400,ZIELONA GÓRA,2025,5,10,8,12.5,71,7.4,996.7,1019.9,308.0,3.0,,7.0,3,2.0,,8.0,,
2025-05-10 09:00:00,351150400,ZIELONA GÓRA,2025,5,10,9,12.3,70,7.0,996.9,1020.2,307.0,4.0,,7.0,3,2.0,,8.0,,
2025-05-10 10:00:00,351150400,ZIELONA GÓRA,2025,5,10,10,11.1,85,8.7,997.1,1020.5,348.0,3.0,,8.0,80,2.0,,8.0,,
2025-05-10 11:00:00,351150400,ZIELONA GÓRA,2025,5,10,11,12.8,73,8.1,996.9,1020.1,311.0,3.0,,7.0,25,2.0,,8.0,,
2025-05-10 12:00:00,351150400,ZIELONA GÓRA,2025,5,10,12,14.3,67,8.3,996.6,1019.7,291.0,3.0,,5.0,1,8.0,0.0,,6.0,
2025-05-10 13:00:00,351150400,ZIELONA GÓRA,2025,5,10,13,14.8,60,7.1,996.4,1019.4,324.0,4.0,,7.0,3,2.0,,8.0,,
2025-05-10 14:00:00,351150400,ZIELONA GÓRA,2025,5,10,14,14.4,72,9.4,996.1,1019.2,351.0,2.0,,7.0,25,2.0,,8.0,,
2025-05-10 15:00:00,351150400,ZIELONA GÓRA,2025,5,10,15,13.0,74,8.5,996.3,1019.5,79.0,2.0,,7.0,3,8.0,,8.0,,
2025-05-10 16:00:00,351150400,ZIELONA GÓRA,2025,5,10,16,12.0,87,9.9,996.2,1019.5,330.0,1.0,,7.0,80,8.0,,8.0,,
2025-05-10 17:00:00,351150400,ZIELONA GÓRA,2025,5,10,17,13.2,80,9.8,995.8,1019.0,328.0,1.0,,7.0,25,2.0,,8.0,,
2025-05-10 18:00:00,351150400,ZIELONA GÓRA,2025,5,10,18,12.2,86,9.9,996.1,1019.3,112.0,1.0,,7.0,3,8.0,0.6,,6.0,
2025-05-10 19:00:00,351150400,ZIELONA GÓRA,2025,5,10,19,10.9,91,9.5,996.5,1019.9,208.0,1.0,,7.0,25,2.0,,8.0,,
2025-05-10 20:00:00,351150400,ZIELONA GÓRA,2025,5,10,20,10.3,94,9.4,996.7,1020.1,81.0,1.0,,7.0,1,2.0,,8.0,,
2025-05-10 21:00:00,351150400,ZIELONA GÓRA,2025,5,10,21,10.1,93,9.0,997.2,1020.6,66.0,2.0,,,0,,,8.0,,
2025-05-10 22:00:00,351150400,ZIELONA GÓRA,2025,5,10,22,9.4,97,8.9,997.4,1020.9,80.0,3.0,,,0,,,8.0,,
2025-05-10 23:00:00,351150400,ZIELONA GÓRA,2025,5,10,23,7.8,88,5.9,997.2,1020.8,138.0,3.0,,,0,,,8.0,,
2025-05-11 00:00:00,351150400,ZIELONA GÓRA,2025,5,11,0,7.1,92,5.9,997.5,1021.2,126.0,1.0,,,0,,0.4,,,
2025-05-11 01:00:00,351150400,ZIELONA GÓRA,2025,5,11,1,7.2,87,5.2,997.7,1021.4,110.0,1.0,,,0,,,8.0,,
2025-05-11 02:00:00,351150400,ZIELONA GÓRA,2025,5,11,2,5.9,88,4.1,997.9,1021.7,83.0,2.0,,,0,,,8.0,,
2025-05-11 03:00:00,351150400,ZIELONA GÓRA,2025,5,11,3,5.2,89,3.5,997.7,1021.6,90.0,1.0,,,0,,,8.0,,
2025-05-11 04:00:00,351150400,ZIELONA GÓRA,2025,5,11,4,4.9,86,2.8,997.7,1021.6,83.0,3.0,,,0,,,8.0,,
2025-05-11 05:00:00,351150400,ZIELONA GÓRA,2025,5,11,5,5.5,80,2.3,997.9,1021.8,86.0,2.0,,1.0,0,,,8.0,,
2025-05-11 06:00:00,351150400,ZIELONA GÓRA,2025,5,11,6,6.9,73,2.4,998.1,1021.8,128.0,2.0,,1.0,2,,,9.0,,
2025-05-11 07:00:00,351150400,ZIELONA GÓRA,2025,5,11,7,9.2,70,4.0,998.0,1021.5,129.0,2.0,,1.0,1,0.0,,8.0,,
2025-05-11 08:00:00,351150400,ZIELONA GÓRA,2025,5,11,8,10.4,59,2.7,998.1,1021.5,123.0,2.0,,1.0,3,0.0,,8.0,,
2025-05-11 09:00:00,351150400,ZIELONA GÓRA,2025,5,11,9,11.6,53,2.3,997.7,1021.0,148.0,2.0,,3.0,3,0.0,,8.0,,
2025-05-11 10:00:00,351150400,ZIELONA GÓRA,2025,5,11,10,12.6,51,2.7,997.5,1020.7,87.0,3.0,,4.0,1,0.0,,8.0,,
2025-05-11 11:00:00,351150400,ZIELONA GÓRA,2025,5,11,11,12.3,49,1.9,997.0,1020.3,84.0,3.0,,5.0,3,1.0,,8.0,,
2025-05-11 12:00:00,351150400,ZIELONA GÓRA,2025,5,11,12,12.7,45,1.1,996.6,1019.8,48.0,2.0,,6.0,3,1.0,,9.0,,
2025-05-11 13:00:00,351150400,ZIELONA GÓRA,2025,5,11,13,13.8,43,1.4,996.3,1019.4,90.0,2.0,,6.0,3,2.0,,8.0,,
2025-05-11 14:00:00,351150400,ZIELONA GÓRA,2025,5,11,14,13.7,40,0.3,995.8,1018.9,59.0,1.0,,6.0,1,2.0,,8.0,,
2025-05-11 15:00:00,351150400,ZIELONA GÓRA,2025,5,11,15,13.9,39,0.2,995.4,1018.5,8.0,2.0,,5.0,1,2.0,,8.0,,
2025-05-11 16:00:00,351150400,ZIELONA GÓRA,2025,5,11,16,13.6,41,0.6,994.9,1018.0,103.0,2.0,,2.0,1,1.0,,8.0,,
2025-05-11 17:00:00,351150400,ZIELONA GÓRA,2025,5,11,17,13.4,39,-0.3,994.7,1017.8,51.0,2.0,,1.0,1,0.0,,8.0,,
2025-05-11 18:00:00,351150400,ZIELONA GÓRA,2025,5,11,18,12.0,45,0.4,994.5,1017.7,95.0,1.0,,1.0,1,1.0,,9.0,,
2025-05-11 19:00:00,351150400,ZIELONA GÓRA,2025,5,11,19,9.7,51,0.0,994.6,1018.0,110.0,1.0,,1.0,1,0.0,,8.0,,
2025-05-11 20:00:00,351150400,ZIELONA GÓRA,2025,5,11,20,8.9,53,-0.2,994.6,1018.1,117.0,1.0,,1.0,2,0.0,,8.0,,
2025-05-11 21:00:00,351150400,ZIELONA GÓRA,2025,5,11,21,8.7,52,-0.6,994.6,1018.1,115.0,1.0,,,0,,,8.0,,
2025-05-11 22:00:00,351150400,ZIELONA GÓRA,2025,5,11,22,7.7,57,-0.3,994.7,1018.3,130.0,1.0,,,0,,,8.0,,
2025-05-11 23:00:00,351150400,ZIELONA GÓRA,2025,5,11,23,7.7,58,-0.1,994.7,1018.3,133.0,2.0,,,0,,,8.0,,
2025-05-12 00:00:00,351150400,ZIELONA GÓRA,2025,5,12,0,7.2,59,-0.3,994.5,1018.1,132.0,2.0,,,0,,,9.0,,
2025-05-12 01:00:00,351150400,ZIELONA GÓRA,2025,5,12,1,6.5,63,0.0,994.4,1018.1,133.0,1.0,,,0,,,8.0,,
2025-05-12 02:00:00,351150400,ZIELONA GÓRA,2025,5,12,2,5.8,65,-0.3,994.7,1018.5,76.0,3.0,,,0,,,8.0,,
2025-05-12 03:00:00,351150400,ZIELONA GÓRA,2025,5,12,3,5.5,64,-0.8,994.9,1018.7,97.0,1.0,,,0,,,8.0,,
2025-05-12 04:00:00,351150400,ZIELONA GÓRA,2025,5,12,4,5.5,66,-0.4,995.1,1018.9,109.0,1.0,,,0,,,8.0,,
2025-05-12 05:00:00,351150400,ZIELONA GÓRA,2025,5,12,5,6.9,63,0.3,995.5,1019.2,121.0,2.0,,2.0,0,,,8.0,,
2025-05-12 06:00:00,351150400,ZIELONA GÓRA,2025,5,12,6,8.3,60,1.0,995.8,1019.4,149.0,2.0,,1.0,1,,,9.0,,
2025-05-12 07:00:00,351150400,ZIELONA GÓRA,2025,5,12,7,10.8,52,1.3,996.0,1019.4,123.0,2.0,,1.0,2,0.0,,8.0,,
2025-05-12 08:00:00,351150400,ZIELONA GÓRA,2025,5,12,8,12.4,42,-0.2,996.3,1019.5,138.0,2.0,,2.0,3,0.0,,8.0,,
2025-05-12 09:00:00,351150400,ZIELONA GÓRA,2025,5,12,9,12.3,38,-1.6,996.4,1019.6,110.0,3.0,8.0,6.0,3,1.0,,8.0,,
2025-05-12 10:00:00,351150400,ZIELONA GÓRA,2025,5,12,10,12.6,38,-1.4,996.5,1019.7,74.0,2.0,,6.0,1,2.0,,8.0,,
2025-05-12 11:00:00,351150400,ZIELONA GÓRA,2025,5,12,11,13.4,34,-2.2,996.3,1019.5,89.0,2.0,,5.0,1,2.0,,8.0,,
2025-05-12 12:00:00,351150400,ZIELONA GÓRA,2025,5,12,12,14.7,34,-1.0,996.0,1019.0,65.0,3.0,,5.0,1,1.0,,9.0,,
2025-05-12 13:00:00,351150400,ZIELONA GÓRA,2025,5,12,13,14.7,32,-1.8,995.9,1018.9,75.0,2.0,7.0,5.0,2,2.0,,8.0,,
2025-05-12 14:00:00,351150400,ZIELONA GÓRA,2025,5,12,14,14.2,35,-1.1,995.7,1018.8,63.0,4.0,,4.0,1,1.0,,8.0,,
2025-05-12 15:00:00,351150400,ZIELONA GÓRA,2025,5,12,15,14.8,34,-0.9,995.6,1018.6,62.0,3.0,,3.0,1,1.0,,8.0,,
2025-05-12 16:00:00,351150400,ZIELONA GÓRA,2025,5,12,16,13.6,35,-1.6,995.5,1018.6,75.0,3.0,,2.0,1,0.0,,8.0,,
2025-05-12 17:00:00,351150400,ZIELONA GÓRA,2025,5,12,17,13.8,35,-1.4,995.4,1018.5,84.0,2.0,,3.0,3,0.0,,8.0,,
2025-05-12 18:00:00,351150400,ZIELONA GÓRA,2025,5,12,18,12.4,39,-1.2,995.7,1018.9,65.0,2.0,,1.0,1,1.0,,9.0,,
2025-05-12 19:00:00,351150400,ZIELONA GÓRA,2025,5,12,19,10.7,44,-1.1,996.0,1019.4,66.0,2.0,,1.0,1,0.0,,8.0,,
2025-05-12 20:00:00,351150400,ZIELONA GÓRA,2025,5,12,20,10.3,43,-1.8,996.3,1019.7,65.0,3.0,,0.0,1,0.0,,8.0,,
2025-05-12 21:00:00,351150400,ZIELONA GÓRA,2025,5,12,21,9.9,45,-1.5,996.4,1019.8,64.0,3.0,,,0,,,8.0,,
2025-05-12 22:00:00,351150400,ZIELONA GÓRA,2025,5,12,22,9.6,46,-1.5,996.5,1020.0,66.0,3.0,,,0,,,8.0,,
2025-05-12 23:00:00,351150400,ZIELONA GÓRA,2025,5,12,23,9.4,47,-1.4,996.6,1020.1,64.0,3.0,,,0,,,8.0,,
2025-05-13 00:00:00,351150400,ZIELONA GÓRA,2025,5,13,0,9.4,46,-1.7,996.8,1020.3,62.0,3.0,,,0,,,9.0,,
2025-05-13 01:00:00,351150400,ZIELONA GÓRA,2025,5,13,1,8.4,50,-1.4,997.0,1020.6,66.0,3.0,,,0,,,8.0,,
2025-05-13 02:00:00,351150400,ZIELONA GÓRA,2025,5,13,2,8.2,50,-1.6,997.2,1020.8,75.0,2.0,,,0,,,8.0,,
2025-05-13 03:00:00,351150400,ZIELONA GÓRA,2025,5,13,3,7.8,53,-1.2,997.2,1020.8,78.0,2.0,,,0,,,8.0,,
2025-05-13 04:00:00,351150400,ZIELONA GÓRA,2025,5,13,4,8.0,51,-1.5,997.6,1021.2,101.0,1.0,,,0,,,8.0,,
2025-05-13 05:00:00,351150400,ZIELONA GÓRA,2025,5,13,5,9.8,48,-0.7,997.8,1021.3,131.0,2.0,,0.0,0,,,8.0,,
2025-05-13 06:00:00,351150400,ZIELONA GÓRA,2025,5,13,6,11.7,49,1.3,998.2,1021.5,167.0,1.0,,1.0,3,,,9.0,,
2025-05-13 07:00:00,351150400,ZIELONA GÓRA,2025,5,13,7,13.3,42,0.6,998.3,1021.5,224.0,1.0,,1.0,2,0.0,,8.0,,
2025-05-13 08:00:00,351150400,ZIELONA GÓRA,2025,5,13,8,14.4,36,-0.5,998.2,1021.3,147.0,2.0,,1.0,3,0.0,,8.0,,
2025-05-13 09:00:00,351150400,ZIELONA GÓRA,2025,5,13,9,14.9,32,-1.7,998.2,1021.3,333.0,2.0,,1.0,2,0.0,,8.0,,
2025-05-13 10:00:00,351150400,ZIELONA GÓRA,2025,5,13,10,15.6,33,-0.6,998.0,1021.0,292.0,2.0,,2.0,3,0.0,,8.0,,
2025-05-13 11:00:00,351150400,ZIELONA GÓRA,2025,5,13,11,16.3,32,-0.4,997.6,1020.5,66.0,2.0,,2.0,2,0.0,,8.0,,
2025-05-13 12:00:00,351150400,ZIELONA GÓRA,2025,5,13,12,16.9,28,-1.8,997.1,1020.0,28.0,3.0,,2.0,2,0.0,,9.0,,
2025-05-13 13:00:00,351150400,ZIELONA GÓRA,2025,5,13,13,17.8,25,-2.5,996.6,1019.4,1.0,2.0,,2.0,2,0.0,,8.0,,
2025-05-13 14:00:00,351150400,ZIELONA GÓRA,2025,5,13,14,18.0,26,-1.8,995.9,1018.7,64.0,3.0,,5.0,3,1.0,,8.0,,
2025-05-13 15:00:00,351150400,ZIELONA GÓRA,2025,5,13,15,17.9,28,-0.9,995.5,1018.3,56.0,2.0,,7.0,3,1.0,,8.0,,
2025-05-13 16:00:00,351150400,ZIELONA GÓRA,2025,5,13,16,18.1,31,0.7,995.0,1017.7,17.0,2.0,,6.0,1,2.0,,8.0,,
2025-05-13 17:00:00,351150400,ZIELONA GÓRA,2025,5,13,17,18.3,34,2.2,994.7,1017.4,318.0,1.0,,6.0,2,2.0,,8.0,,
2025-05-13 18:00:00,351150400,ZIELONA GÓRA,2025,5,13,18,17.1,37,2.3,994.6,1017.4,8.0,1.0,,6.0,1,1.0,,9.0,,
2025-05-13 19:00:00,351150400,ZIELONA GÓRA,2025,5,13,19,14.8,44,2.7,994.7,1017.7,354.0,1.0,,3.0,1,1.0,,8.0,,
2025-05-13 20:00:00,351150400,ZIELONA GÓRA,2025,5,13,20,13.9,48,3.1,994.7,1017.8,344.0,1.0,,7.0,1,1.0,,8.0,,
2025-05-13 21:00:00,351150400,ZIELONA GÓRA,2025,5,13,21,13.1,52,3.5,994.4,1017.5,321.0,1.0,,,0,,,8.0,,
2025-05-13 22:00:00,351150400,ZIELONA GÓRA,2025,5,13,22,13.1,52,3.5,994.3,1017.4,320.0,2.0,,,0,,,8.0,,
2025-05-13 23:00:00,351150400,ZIELONA GÓRA,2025,5,13,23,12.8,54,3.7,993.9,1017.0,325.0,2.0,,,0,,,8.0,,
2025-05-14 00:00:00,351150400,ZIELONA GÓRA,2025,5,14,0,12.6,54,3.5,993.8,1017.0,313.0,2.0,,,0,,,9.0,,
2025-05-14 01:00:00,351150400,ZIELONA GÓRA,2025,5,14,1,12.5,54,3.4,993.4,1016.6,300.0,2.0,,,0,,,8.0,,
2025-05-14 02:00:00,351150400,ZIELONA GÓRA,2025,5,14,2,12.7,52,3.1,993.1,1016.2,292.0,2.0,,,0,,,8.0,,
2025-05-14 03:00:00,351150400,ZIELONA GÓRA,2025,5,14,3,12.8,50,2.6,992.8,1015.9,281.0,2.0,,,0,,,8.0,,
2025-05-14 04:00:00,351150400,ZIELONA GÓRA,2025,5,14,4,13.5,37,-0.9,992.5,1015.6,272.0,3.0,,,0,,,8.0,,
2025-05-14 05:00:00,351150400,ZIELONA GÓRA,2025,5,14,5,12.8,42,0.2,992.3,1015.4,293.0,3.0,,7.0,0,,,8.0,,
2025-05-14 06:00:00,351150400,ZIELONA GÓRA,2025,5,14,6,13.7,49,3.2,992.0,1015.0,288.0,3.0,,6.0,1,,,9.0,,
2025-05-14 07:00:00,351150400,ZIELONA GÓRA,2025,5,14,7,14.0,50,3.7,991.9,1014.9,285.0,3.0,,7.0,1,2.0,,8.0,,
2025-05-14 08:00:00,351150400,ZIELONA GÓRA,2025,5,14,8,16.3,48,5.3,991.4,1014.2,298.0,3.0,,7.0,1,2.0,,8.0,,
2025-05-14 09:00:00,351150400,ZIELONA GÓRA,2025,5,14,9,18.4,45,6.2,990.9,1013.5,276.0,3.0,,7.0,3,2.0,,8.0,,
2025-05-14 10:00:00,351150400,ZIELONA GÓRA,2025,5,14,10,19.5,41,5.9,990.2,1012.7,300.0,4.0,,6.0,3,2.0,,8.0,,
2025-05-14 11:00:00,351150400,ZIELONA GÓRA,2025,5,14,11,20.0,38,5.2,989.6,1012.1,299.0,4.0,,5.0,1,2.0,,8.0,,
2025-05-14 12:00:00,351150400,ZIELONA GÓRA,2025,5,14,12,20.1,37,4.9,988.8,1011.2,314.0,6.0,,7.0,3,2.0,,9.0,,
2025-05-14 13:00:00,351150400,ZIELONA GÓRA,2025,5,14,13,20.4,35,4.4,988.1,1010.5,306.0,4.0,9.0,7.0,2,2.0,,8.0,,
2025-05-14 14:00:00,351150400,ZIELONA GÓRA,2025,5,14,14,20.6,31,2.9,987.6,1010.0,318.0,5.0,,7.0,1,2.0,,8.0,,
2025-05-14 15:00:00,351150400,ZIELONA GÓRA,2025,5,14,15,20.8,29,2.1,987.3,1009.7,304.0,5.0,10.0,7.0,2,2.0,,8.0,,
2025-05-14 16:00:00,351150400,ZIELONA GÓRA,2025,5,14,16,20.2,31,2.5,986.8,1009.2,311.0,4.0,,7.0,2,2.0,,8.0,,
2025-05-14 17:00:00,351150400,ZIELONA GÓRA,2025,5,14,17,19.5,34,3.2,986.5,1008.9,317.0,5.0,,7.0,1,2.0,,8.0,,
2025-05-14 18:00:00,351150400,ZIELONA GÓRA,2025,5,14,18,18.5,36,3.1,986.1,1008.6,324.0,3.0,,7.0,1,2.0,,9.0,,
2025-05-14 19:00:00,351150400,ZIELONA GÓRA,2025,5,14,19,17.1,36,1.9,986.1,1008.7,334.0,3.0,,7.0,1,2.0,,8.0,,
2025-05-14 20:00:00,351150400,ZIELONA GÓRA,2025,5,14,20,15.9,38,1.6,986.1,1008.8,346.0,3.0,,7.0,3,2.0,,8.0,,
2025-05-14 21:00:00,351150400,ZIELONA GÓRA,2025,5,14,21,14.4,60,6.7,985.9,1008.7,354.0,4.0,,,0,,,8.0,,
2025-05-14 22:00:00,351150400,ZIELONA GÓRA,2025,5,14,22,13.2,73,8.5,985.7,1008.6,340.0,2.0,,,0,,,8.0,,
2025-05-14 23:00:00,351150400,ZIELONA GÓRA,2025,5,14,23,12.8,76,8.7,985.0,1007.9,317.0,1.0,,,0,,,8.0,,
2025-05-15 00:00:00,351150400,ZIELONA GÓRA,2025,5,15,0,6.6,95,5.9,985.6,1009.1,58.0,5.0,10.0,,81,,3.0,,,
2025-05-15 01:00:00,351150400,ZIELONA GÓRA,2025,5,15,1,5.5,96,4.9,986.1,1009.7,72.0,4.0,,,81,,,8.0,,
2025-05-15 02:00:00,351150400,ZIELONA GÓRA,2025,5,15,2,4.7,95,4.0,986.7,1010.4,67.0,2.0,,,22,,,8.0,,
2025-05-15 03:00:00,351150400,ZIELONA GÓRA,2025,5,15,3,3.5,95,2.8,987.2,1011.0,35.0,2.0,,,0,,,8.0,,
2025-05-15 04:00:00,351150400,ZIELONA GÓRA,2025,5,15,4,4.1,96,3.5,987.7,1011.4,7.0,1.0,,,0,,,8.0,,
2025-05-15 05:00:00,351150400,ZIELONA GÓRA,2025,5,15,5,5.0,95,4.3,988.6,1012.3,355.0,2.0,,5.0,0,,,8.0,,
2025-05-15 06:00:00,351150400,ZIELONA GÓRA,2025,5,15,6,6.0,83,3.3,988.8,1012.4,353.0,2.0,,2.0,3,,1.8,,,
2025-05-15 07:00:00,351150400,ZIELONA GÓRA,2025,5,15,7,7.2,66,1.3,989.2,1012.7,327.0,3.0,,3.0,1,0.0,,8.0,,
2025-05-15 08:00:00,351150400,ZIELONA GÓRA,2025,5,15,8,8.8,60,1.5,989.1,1012.5,307.0,3.0,,6.0,3,1.0,,8.0,,
2025-05-15 09:00:00,351150400,ZIELONA GÓRA,2025,5,15,9,9.8,54,0.9,988.5,1011.8,311.0,4.0,10.0,7.0,3,1.0,,8.0,,
2025-05-15 10:00:00,351150400,ZIELONA GÓRA,2025,5,15,10,9.9,63,3.2,988.6,1011.9,328.0,3.0,,6.0,25,2.0,,8.0,,
2025-05-15 11:00:00,351150400,ZIELONA GÓRA,2025,5,15,11,7.6,79,4.2,989.2,1012.7,329.0,4.0,,8.0,25,8.0,,8.0,,
2025-05-15 12:00:00,351150400,ZIELONA GÓRA,2025,5,15,12,6.1,93,5.1,990.0,1013.6,336.0,4.0,9.0,8.0,25,8.0,3.3,,6.0,
2025-05-15 13:00:00,351150400,ZIELONA GÓRA,2025,5,15,13,8.3,81,5.2,989.8,1013.2,328.0,5.0,11.0,7.0,1,2.0,,8.0,,
2025-05-15 14:00:00,351150400,ZIELONA GÓRA,2025,5,15,14,8.1,86,5.9,989.9,1013.3,337.0,3.0,8.0,7.0,80,8.0,,8.0,,
2025-05-15 15:00:00,351150400,ZIELONA GÓRA,2025,5,15,15,8.4,87,6.4,990.6,1014.0,351.0,4.0,,1.0,27,8.0,,8.0,,
2025-05-15 16:00:00,351150400,ZIELONA GÓRA,2025,5,15,16,9.8,74,5.4,991.0,1014.3,3.0,4.0,,1.0,1,0.0,,8.0,,
2025-05-15 17:00:00,351150400,ZIELONA GÓRA,2025,5,15,17,9.7,62,2.8,991.4,1014.7,345.0,4.0,,2.0,1,0.0,,8.0,,
2025-05-15 18:00:00,351150400,ZIELONA GÓRA,2025,5,15,18,8.3,64,1.9,991.8,1015.3,344.0,3.0,,3.0,1,8.0,4.5,,8.0,
2025-05-15 19:00:00,351150400,ZIELONA GÓRA,2025,5,15,19,7.8,68,2.3,992.1,1015.6,335.0,3.0,,5.0,3,1.0,,8.0,,
2025-05-15 20:00:00,351150400,ZIELONA GÓRA,2025,5,15,20,8.0,71,3.1,992.6,1016.1,330.0,3.0,,7.0,80,2.0,,8.0,,
2025-05-15 21:00:00,351150400,ZIELONA GÓRA,2025,5,15,21,7.6,75,3.4,992.9,1016.5,347.0,4.0,,,81,,,8.0,,
2025-05-15 22:00:00,351150400,ZIELONA GÓRA,2025,5,15,22,7.3,78,3.7,993.1,1016.7,329.0,4.0,,,0,,,8.0,,
2025-05-15 23:00:00,351150400,ZIELONA GÓRA,2025,5,15,23,7.2,79,3.8,992.9,1016.5,310.0,3.0,,,0,,,8.0,,
2025-05-16 00:00:00,351150400,ZIELONA GÓRA,2025,5,16,0,7.0,80,3.8,992.5,1016.1,307.0,4.0,,,0,,0.0,,,
2025-05-16 01:00:00,351150400,ZIELONA GÓRA,2025,5,16,1,6.9,82,4.0,992.2,1015.8,313.0,4.0,,,0,,,8.0,,
2025-05-16 02:00:00,351150400,ZIELONA GÓRA,2025,5,16,2,6.9,82,4.0,991.7,1015.3,307.0,3.0,,,0,,,8.0,,
2025-05-16 03:00:00,351150400,ZIELONA GÓRA,2025,5,16,3,7.0,83,4.3,991.4,1015.0,304.0,3.0,,,81,,,8.0,,
2025-05-16 04:00:00,351150400,ZIELONA GÓRA,2025,5,16,4,6.9,87,4.9,990.7,1014.3,277.0,3.0,,,81,,,8.0,,
2025-05-16 05:00:00,351150400,ZIELONA GÓRA,2025,5,16,5,7.3,88,5.4,990.5,1014.0,303.0,4.0,,7.0,25,,,8.0,,
2025-05-16 06:00:00,351150400,ZIELONA GÓRA,2025,5,16,6,9.4,80,6.1,989.6,1012.9,300.0,5.0,,6.0,25,,0.1,,6.0,
2025-05-16 07:00:00,351150400,ZIELONA GÓRA,2025,5,16,7,10.5,75,6.3,989.4,1012.6,314.0,4.0,,7.0,3,2.0,,8.0,,
2025-05-16 08:00:00,351150400,ZIELONA GÓRA,2025,5,16,8,11.8,65,5.4,989.4,1012.5,321.0,5.0,,7.0,3,2.0,,8.0,,
2025-05-16 09:00:00,351150400,ZIELONA GÓRA,2025,5,16,9,12.9,61,5.6,989.1,1012.1,302.0,5.0,10.0,6.0,3,2.0,,8.0,,
2025-05-16 10:00:00,351150400,ZIELONA GÓRA,2025,5,16,10,11.0,67,5.1,989.1,1012.3,316.0,6.0,13.0,7.0,80,2.0,,8.0,,
2025-05-16 11:00:00,351150400,ZIELONA GÓRA,2025,5,16,11,12.0,69,6.5,988.9,1012.0,304.0,5.0,10.0,7.0,25,8.0,,8.0,,
2025-05-16 12:00:00,351150400,ZIELONA GÓRA,2025,5,16,12,12.8,67,6.8,988.7,1011.7,300.0,4.0,10.0,7.0,25,8.0,0.3,,6.0,
2025-05-16 13:00:00,351150400,ZIELONA GÓRA,2025,5,16,13,15.2,38,1.0,988.6,1011.4,332.0,5.0,11.0,7.0,1,2.0,,8.0,,
2025-05-16 14:00:00,351150400,ZIELONA GÓRA,2025,5,16,14,14.2,43,1.8,988.8,1011.7,348.0,4.0,10.0,7.0,3,2.0,,8.0,,
2025-05-16 15:00:00,351150400,ZIELONA GÓRA,2025,5,16,15,14.1,45,2.3,989.1,1012.0,353.0,5.0,,6.0,1,2.0,,8.0,,
2025-05-16 16:00:00,351150400,ZIELONA GÓRA,2025,5,16,16,12.3,50,2.2,989.5,1012.6,342.0,5.0,11.0,7.0,1,2.0,,8.0,,
2025-05-16 17:00:00,351150400,ZIELONA GÓRA,2025,5,16,17,11.1,57,2.9,989.6,1012.8,342.0,5.0,11.0,7.0,3,2.0,,8.0,,
2025-05-16 18:00:00,351150400,ZIELONA GÓRA,2025,5,16,18,10.1,65,3.8,990.0,1013.3,346.0,5.0,10.0,7.0,3,2.0,,9.0,,
2025-05-16 19:00:00,351150400,ZIELONA GÓRA,2025,5,16,19,9.8,69,4.4,990.3,1013.6,344.0,4.0,,7.0,2,2.0,,8.0,,
2025-05-16 20:00:00,351150400,ZIELONA GÓRA,2025,5,16,20,9.2,73,4.6,990.3,1013.7,334.0,3.0,,7.0,1,2.0,,8.0,,
2025-05-16 21:00:00,351150400,ZIELONA GÓRA,2025,5,16,21,9.0,75,4.8,990.2,1013.6,329.0,3.0,,,0,,,8.0,,
2025-05-16 22:00:00,351150400,ZIELONA GÓRA,2025,5,16,22,8.6,75,4.4,990.0,1013.4,315.0,3.0,,,0,,,8.0,,
2025-05-16 23:00:00,351150400,ZIELONA GÓRA,2025,5,16,23,8.7,73,4.1,989.5,1012.9,303.0,4.0,,,0,,,8.0,,
2025-05-17 00:00:00,351150400,ZIELONA GÓRA,2025,5,17,0,8.4,74,4.0,988.6,1012.0,293.0,3.0,,,0,,,9.0,,
2025-05-17 01:00:00,351150400,ZIELONA GÓRA,2025,5,17,1,9.0,69,3.6,988.1,1011.4,288.0,4.0,,,0,,,8.0,,
2025-05-17 02:00:00,351150400,ZIELONA GÓRA,2025,5,17,2,9.4,64,2.9,987.4,1010.7,306.0,4.0,9.0,,0,,,8.0,,
2025-05-17 03:00:00,351150400,ZIELONA GÓRA,2025,5,17,3,9.4,63,2.7,986.9,1010.2,304.0,5.0,,,0,,,8.0,,
2025-05-17 04:00:00,351150400,ZIELONA GÓRA,2025,5,17,4,9.1,65,2.9,986.6,1009.9,308.0,4.0,,,0,,,8.0,,
2025-05-17 05:00:00,351150400,ZIELONA GÓRA,2025,5,17,5,9.2,68,3.6,986.5,1009.8,305.0,4.0,,7.0,0,,,8.0,,
2025-05-17 06:00:00,351150400,ZIELONA GÓRA,2025,5,17,6,9.9,68,4.3,986.2,1009.4,306.0,5.0,,7.0,1,,,9.0,,
2025-05-17 07:00:00,351150400,ZIELONA GÓRA,2025,5,17,7,11.1,65,4.8,986.2,1009.3,324.0,5.0,10.0,7.0,3,2.0,,8.0,,
2025-05-17 08:00:00,351150400,ZIELONA GÓRA,2025,5,17,8,12.0,61,4.7,986.1,1009.1,329.0,4.0,,7.0,3,2.0,,8.0,,
2025-05-17 09:00:00,351150400,ZIELONA GÓRA,2025,5,17,9,11.0,63,4.2,986.1,1009.2,356.0,4.0,,8.0,3,2.0,,8.0,,
2025-05-17 10:00:00,351150400,ZIELONA GÓRA,2025,5,17,10,8.2,85,5.8,986.8,1010.2,27.0,2.0,,8.0,80,8.0,,8.0,,
2025-05-17 11:00:00,351150400,ZIELONA GÓRA,2025,5,17,11,7.0,93,5.9,987.1,1010.6,358.0,3.0,,8.0,80,8.0,,8.0,,
2025-05-17 12:00:00,351150400,ZIELONA GÓRA,2025,5,17,12,6.9,94,6.0,986.8,1010.3,353.0,3.0,,7.0,80,8.0,0.8,,6.0,
2025-05-17 13:00:00,351150400,ZIELONA GÓRA,2025,5,17,13,7.4,93,6.3,986.8,1010.2,342.0,3.0,,7.0,25,2.0,,8.0,,
2025-05-17 14:00:00,351150400,ZIELONA GÓRA,2025,5,17,14,7.7,88,5.8,986.8,1010.2,330.0,4.0,,7.0,1,2.0,,8.0,,
2025-05-17 15:00:00,351150400,ZIELONA GÓRA,2025,5,17,15,8.1,85,5.7,986.7,1010.1,312.0,4.0,,7.0,3,8.0,,8.0,,
2025-05-17 16:00:00,351150400,ZIELONA GÓRA,2025,5,17,16,8.8,83,6.1,986.5,1009.8,305.0,3.0,,7.0,2,2.0,,8.0,,
2025-05-17 17:00:00,351150400,ZIELONA GÓRA,2025,5,17,17,8.9,85,6.5,986.5,1009.8,301.0,3.0,,7.0,25,2.0,,8.0,,
2025-05-17 18:00:00,351150400,ZIELONA GÓRA,2025,5,17,18,9.0,75,4.8,986.6,1009.9,328.0,4.0,,7.0,1,8.0,0.1,,6.0,
2025-05-17 19:00:00,351150400,ZIELONA GÓRA,2025,5,17,19,8.3,74,3.9,986.8,1010.2,329.0,4.0,,7.0,1,2.0,,8.0,,
2025-05-17 20:00:00,351150400,ZIELONA GÓRA,2025,5,17,20,8.1,75,3.9,986.9,1010.3,327.0,3.0,8.0,7.0,3,2.0,,8.0,,
2025-05-17 21:00:00,351150400,ZIELONA GÓRA,2025,5,17,21,6.5,84,4.0,987.0,1010.5,316.0,3.0,,,22,,,8.0,,
2025-05-17 22:00:00,351150400,ZIELONA GÓRA,2025,5,17,22,6.0,81,3.0,987.2,1010.8,329.0,4.0,,,0,,,8.0,,
2025-05-17 23:00:00,351150400,ZIELONA GÓRA,2025,5,17,23,5.7,87,3.7,987.2,1010.8,322.0,3.0,,,0,,,8.0,,
2025-05-18 00:00:00,351150400,ZIELONA GÓRA,2025,5,18,0,4.9,90,3.4,986.9,1010.5,315.0,4.0,,,0,,0.0,,,
2025-05-18 01:00:00,351150400,ZIELONA GÓRA,2025,5,18,1,5.2,91,3.8,986.4,1010.0,305.0,3.0,,,0,,,8.0,,
2025-05-18 02:00:00,351150400,ZIELONA GÓRA,2025,5,18,2,5.2,95,4.5,986.1,1009.7,304.0,3.0,,,51,,,8.0,,
2025-05-18 03:00:00,351150400,ZIELONA GÓRA,2025,5,18,3,5.8,96,5.2,986.0,1009.5,313.0,4.0,,,81,,,8.0,,
2025-05-18 04:00:00,351150400,ZIELONA GÓRA,2025,5,18,4,6.2,94,5.3,986.0,1009.5,318.0,4.0,9.0,,23,,,8.0,,
2025-05-18 05:00:00,351150400,ZIELONA GÓRA,2025,5,18,5,6.3,92,5.1,986.3,1009.8,318.0,4.0,,8.0,80,,,8.0,,
2025-05-18 06:00:00,351150400,ZIELONA GÓRA,2025,5,18,6,6.3,94,5.4,986.3,1009.8,308.0,3.0,,8.0,80,,1.4,,6.0,
2025-05-18 07:00:00,351150400,ZIELONA GÓRA,2025,5,18,7,7.3,92,6.1,986.5,1009.9,311.0,4.0,9.0,8.0,25,8.0,,8.0,,
2025-05-18 08:00:00,351150400,ZIELONA GÓRA,2025,5,18,8,7.8,89,6.1,986.8,1010.2,317.0,5.0,10.0,8.0,80,2.0,,8.0,,
2025-05-18 09:00:00,351150400,ZIELONA GÓRA,2025,5,18,9,7.9,94,7.0,986.9,1010.3,305.0,4.0,,8.0,80,8.0,,8.0,,
2025-05-18 10:00:00,351150400,ZIELONA GÓRA,2025,5,18,10,8.8,92,7.6,986.9,1010.2,335.0,2.0,,8.0,80,8.0,,8.0,,
2025-05-18 11:00:00,351150400,ZIELONA GÓRA,2025,5,18,11,7.8,94,6.9,987.1,1010.5,324.0,2.0,,8.0,80,8.0,,8.0,,
2025-05-18 12:00:00,351150400,ZIELONA GÓRA,2025,5,18,12,9.6,90,8.0,986.9,1010.1,330.0,2.0,,7.0,80,8.0,4.7,,6.0,
2025-05-18 13:00:00,351150400,ZIELONA GÓRA,2025,5,18,13,8.9,86,6.7,987.4,1010.7,351.0,4.0,9.0,8.0,80,8.0,,8.0,,
2025-05-18 14:00:00,351150400,ZIELONA GÓRA,2025,5,18,14,7.8,91,6.4,987.7,1011.1,340.0,3.0,,8.0,80,8.0,,8.0,,
2025-05-18 15:00:00,351150400,ZIELONA GÓRA,2025,5,18,15,8.2,87,6.2,987.5,1010.9,329.0,4.0,,8.0,80,8.0,,8.0,,
2025-05-18 16:00:00,351150400,ZIELONA GÓRA,2025,5,18,16,8.3,87,6.3,987.5,1010.9,317.0,3.0,,7.0,25,8.0,,8.0,,
2025-05-18 17:00:00,351150400,ZIELONA GÓRA,2025,5,18,17,8.5,84,5.9,987.7,1011.1,326.0,2.0,,7.0,2,2.0,,8.0,,
2025-05-18 18:00:00,351150400,ZIELONA GÓRA,2025,5,18,18,8.3,88,6.4,988.0,1011.4,315.0,3.0,,7.0,25,8.0,0.6,,6.0,
2025-05-18 19:00:00,351150400,ZIELONA GÓRA,2025,5,18,19,8.0,92,6.8,988.4,1011.8,306.0,2.0,,8.0,80,8.0,,8.0,,
2025-05-18 20:00:00,351150400,ZIELONA GÓRA,2025,5,18,20,7.7,97,7.3,988.7,1012.1,307.0,2.0,,8.0,80,8.0,,8.0,,
2025-05-18 21:00:00,351150400,ZIELONA GÓRA,2025,5,18,21,7.7,98,7.4,988.8,1012.3,334.0,4.0,,,23,,,8.0,,
2025-05-18 22:00:00,351150400,ZIELONA GÓRA,2025,5,18,22,7.5,98,7.2,989.1,1012.6,330.0,3.0,,,10,,,8.0,,
2025-05-18 23:00:00,351150400,ZIELONA GÓRA,2025,5,18,23,7.3,98,7.0,989.2,1012.7,329.0,3.0,,,10,,,8.0,,
2025-05-19 00:00:00,351150400,ZIELONA GÓRA,2025,5,19,0,7.2,99,7.1,989.3,1012.8,334.0,2.0,,,23,,1.4,,,
2025-05-19 01:00:00,351150400,ZIELONA GÓRA,2025,5,19,1,7.5,99,7.4,989.3,1012.8,320.0,3.0,,,10,,,8.0,,
2025-05-19 02:00:00,351150400,ZIELONA GÓRA,2025,5,19,2,7.7,99,7.6,989.5,1013.0,324.0,2.0,,,20,,,8.0,,
2025-05-19 03:00:00,351150400,ZIELONA GÓRA,2025,5,19,3,7.9,99,7.8,989.7,1013.2,327.0,2.0,,,22,,,8.0,,
2025-05-19 04:00:00,351150400,ZIELONA GÓRA,2025,5,19,4,8.1,99,8.0,989.9,1013.3,316.0,3.0,,,20,,,8.0,,
2025-05-19 05:00:00,351150400,ZIELONA GÓRA,2025,5,19,5,8.4,99,8.3,990.1,1013.5,317.0,4.0,,8.0,0,,,8.0,,
2025-05-19 06:00:00,351150400,ZIELONA GÓRA,2025,5,19,6,8.6,99,8.5,990.5,1013.9,316.0,3.0,,8.0,2,,0.7,,6.0,
2025-05-19 07:00:00,351150400,ZIELONA GÓRA,2025,5,19,7,8.6,98,8.3,990.8,1014.2,325.0,4.0,,8.0,61,2.0,,8.0,,
2025-05-19 08:00:00,351150400,ZIELONA GÓRA,2025,5,19,8,8.7,99,8.6,991.3,1014.7,317.0,3.0,,8.0,61,6.0,,8.0,,
2025-05-19 09:00:00,351150400,ZIELONA GÓRA,2025,5,19,9,8.8,98,8.5,991.8,1015.2,322.0,4.0,,8.0,61,6.0,,8.0,,
2025-05-19 10:00:00,351150400,ZIELONA GÓRA,2025,5,19,10,9.0,98,8.7,992.3,1015.7,320.0,5.0,,8.0,61,6.0,,8.0,,
2025-05-19 11:00:00,351150400,ZIELONA GÓRA,2025,5,19,11,9.2,98,8.9,992.5,1015.9,315.0,4.0,,8.0,60,6.0,,8.0,,
2025-05-19 12:00:00,351150400,ZIELONA GÓRA,2025,5,19,12,9.3,98,9.0,992.7,1016.1,318.0,4.0,,8.0,60,6.0,3.0,,6.0,
2025-05-19 13:00:00,351150400,ZIELONA GÓRA,2025,5,19,13,9.6,98,9.3,993.1,1016.5,321.0,4.0,,8.0,21,2.0,,8.0,,
2025-05-19 14:00:00,351150400,ZIELONA GÓRA,2025,5,19,14,9.8,97,9.3,993.4,1016.8,327.0,4.0,,8.0,2,2.0,,8.0,,
2025-05-19 15:00:00,351150400,ZIELONA GÓRA,2025,5,19,15,10.0,97,9.5,993.5,1016.9,328.0,3.0,,8.0,2,6.0,,8.0,,
2025-05-19 16:00:00,351150400,ZIELONA GÓRA,2025,5,19,16,10.2,97,9.7,993.7,1017.1,316.0,3.0,,8.0,10,2.0,,8.0,,
2025-05-19 17:00:00,351150400,ZIELONA GÓRA,2025,5,19,17,10.4,98,10.1,993.7,1017.0,318.0,2.0,,8.0,10,2.0,,8.0,,
2025-05-19 18:00:00,351150400,ZIELONA GÓRA,2025,5,19,18,10.7,97,10.2,993.9,1017.2,321.0,3.0,,8.0,10,6.0,0.2,,6.0,
2025-05-19 19:00:00,351150400,ZIELONA GÓRA,2025,5,19,19,10.8,97,10.3,994.3,1017.6,331.0,2.0,,8.0,1,2.0,,8.0,,
2025-05-19 20:00:00,351150400,ZIELONA GÓRA,2025,5,19,20,10.9,95,10.1,994.6,1017.9,332.0,2.0,,8.0,2,2.0,,8.0,,
2025-05-19 21:00:00,351150400,ZIELONA GÓRA,2025,5,19,21,10.7,95,9.9,994.8,1018.1,330.0,2.0,,,0,,,8.0,,
2025-05-19 22:00:00,351150400,ZIELONA GÓRA,2025,5,19,22,10.2,96,9.6,994.8,1018.2,330.0,1.0,,,0,,,8.0,,
2025-05-19 23:00:00,351150400,ZIELONA GÓRA,2025,5,19,23,10.2,95,9.4,994.8,1018.2,321.0,2.0,,,0,,,8.0,,
2025-05-20 00:00:00,351150400,ZIELONA GÓRA,2025,5,20,0,9.8,94,8.9,995.0,1018.4,328.0,2.0,,,0,,0.1,,,
2025-05-20 01:00:00,351150400,ZIELONA GÓRA,2025,5,20,1,9.8,93,8.7,994.8,1018.2,320.0,2.0,,,0,,,8.0,,
2025-05-20 02:00:00,351150400,ZIELONA GÓRA,2025,5,20,2,9.8,91,8.4,994.7,1018.1,319.0,2.0,,,0,,,8.0,,
2025-05-20 03:00:00,351150400,ZIELONA GÓRA,2025,5,20,3,9.7,90,8.1,994.8,1018.2,318.0,2.0,,,0,,,8.0,,
2025-05-20 04:00:00,351150400,ZIELONA GÓRA,2025,5,20,4,9.7,90,8.1,994.7,1018.1,321.0,2.0,,,0,,,8.0,,
2025-05-20 05:00:00,351150400,ZIELONA GÓRA,2025,5,20,5,11.4,83,8.6,994.7,1018.0,315.0,2.0,,1.0,0,,,8.0,,
2025-05-20 06:00:00,351150400,ZIELONA GÓRA,2025,5,20,6,12.9,81,9.7,994.7,1017.9,332.0,2.0,,1.0,1,,,9.0,,
2025-05-20 07:00:00,351150400,ZIELONA GÓRA,2025,5,20,7,14.5,72,9.5,994.6,1017.6,320.0,2.0,,1.0,3,0.0,,8.0,,
2025-05-20 08:00:00,351150400,ZIELONA GÓRA,2025,5,20,8,16.4,63,9.3,994.9,1017.8,328.0,2.0,,1.0,2,0.0,,8.0,,
2025-05-20 09:00:00,351150400,ZIELONA GÓRA,2025,5,20,9,17.7,54,8.3,994.7,1017.5,292.0,2.0,,1.0,3,0.0,,8.0,,
2025-05-20 10:00:00,351150400,ZIELONA GÓRA,2025,5,20,10,18.9,48,7.6,994.2,1016.9,281.0,2.0,,2.0,3,0.0,,8.0,,
2025-05-20 11:00:00,351150400,ZIELONA GÓRA,2025,5,20,11,19.3,48,8.0,993.6,1016.3,258.0,2.0,,4.0,3,0.0,,8.0,,
2025-05-20 12:00:00,351150400,ZIELONA GÓRA,2025,5,20,12,20.2,45,7.9,993.1,1015.7,229.0,3.0,,5.0,3,1.0,,9.0,,
2025-05-20 13:00:00,351150400,ZIELONA GÓRA,2025,5,20,13,20.0,46,8.0,992.6,1015.2,234.0,3.0,,4.0,3,1.0,,8.0,,
2025-05-20 14:00:00,351150400,ZIELONA GÓRA,2025,5,20,14,21.0,38,6.1,992.1,1014.7,270.0,4.0,,4.0,3,0.0,,8.0,,
2025-05-20 15:00:00,351150400,ZIELONA GÓRA,2025,5,20,15,20.9,41,7.1,991.8,1014.4,273.0,2.0,,3.0,1,1.0,,8.0,,
2025-05-20 16:00:00,351150400,ZIELONA GÓRA,2025,5,20,16,21.1,38,6.2,991.2,1013.7,260.0,3.0,,2.0,3,0.0,,8.0,,
2025-05-20 17:00:00,351150400,ZIELONA GÓRA,2025,5,20,17,20.8,39,6.3,990.8,1013.3,265.0,2.0,,1.0,1,0.0,,8.0,,
2025-05-20 18:00:00,351150400,ZIELONA GÓRA,2025,5,20,18,19.8,43,6.9,990.5,1013.1,263.0,2.0,,1.0,1,1.0,,9.0,,
2025-05-20 19:00:00,351150400,ZIELONA GÓRA,2025,5,20,19,17.8,50,7.2,990.3,1013.1,249.0,1.0,,1.0,2,0.0,,8.0,,
2025-05-20 20:00:00,351150400,ZIELONA GÓRA,2025,5,20,20,17.1,54,7.7,990.4,1013.2,250.0,1.0,,0.0,1,0.0,,8.0,,
2025-05-20 21:00:00,351150400,ZIELONA GÓRA,2025,5,20,21,16.1,58,7.8,990.4,1013.3,232.0,2.0,,,0,,,8.0,,
2025-05-20 22:00:00,351150400,ZIELONA GÓRA,2025,5,20,22,15.7,62,8.4,990.4,1013.3,230.0,2.0,,,0,,,8.0,,
2025-05-20 23:00:00,351150400,ZIELONA GÓRA,2025,5,20,23,14.6,67,8.5,990.2,1013.2,214.0,2.0,,,0,,,8.0,,
2025-05-21 00:00:00,351150400,ZIELONA GÓRA,2025,5,21,0,14.1,71,8.9,989.9,1012.9,211.0,2.0,,,0,,,9.0,,
2025-05-21 01:00:00,351150400,ZIELONA GÓRA,2025,5,21,1,13.0,79,9.4,989.5,1012.6,212.0,2.0,,,0,,,8.0,,
2025-05-21 02:00:00,351150400,ZIELONA GÓRA,2025,5,21,2,13.2,81,10.0,989.0,1012.1,211.0,2.0,,,0,,,8.0,,
2025-05-21 03:00:00,351150400,ZIELONA GÓRA,2025,5,21,3,12.6,85,10.1,988.7,1011.8,196.0,2.0,,,0,,,8.0,,
2025-05-21 04:00:00,351150400,ZIELONA GÓRA,2025,5,21,4,13.0,83,10.2,988.5,1011.6,202.0,2.0,,,0,,,8.0,,
2025-05-21 05:00:00,351150400,ZIELONA GÓRA,2025,5,21,5,13.3,83,10.5,988.5,1011.6,188.0,3.0,,7.0,0,,,8.0,,
2025-05-21 06:00:00,351150400,ZIELONA GÓRA,2025,5,21,6,15.7,74,11.1,988.3,1011.2,203.0,3.0,,5.0,1,,,9.0,,
2025-05-21 07:00:00,351150400,ZIELONA GÓRA,2025,5,21,7,16.3,71,11.0,988.1,1010.9,225.0,3.0,,7.0,3,2.0,,8.0,,
2025-05-21 08:00:00,351150400,ZIELONA GÓRA,2025,5,21,8,18.8,59,10.6,987.7,1010.3,228.0,3.0,,5.0,1,2.0,,8.0,,
2025-05-21 09:00:00,351150400,ZIELONA GÓRA,2025,5,21,9,18.7,62,11.3,987.9,1010.5,262.0,4.0,,7.0,3,2.0,,8.0,,
2025-05-21 10:00:00,351150400,ZIELONA GÓRA,2025,5,21,10,20.3,49,9.2,987.5,1010.0,255.0,4.0,,6.0,1,2.0,,8.0,,
2025-05-21 11:00:00,351150400,ZIELONA GÓRA,2025,5,21,11,20.4,44,7.7,986.9,1009.4,266.0,5.0,,3.0,3,1.0,,8.0,,
2025-05-21 12:00:00,351150400,ZIELONA GÓRA,2025,5,21,12,20.8,37,5.6,986.3,1008.7,284.0,4.0,,7.0,3,1.0,,9.0,,
2025-05-21 13:00:00,351150400,ZIELONA GÓRA,2025,5,21,13,21.0,39,6.5,985.9,1008.3,255.0,4.0,,4.0,1,1.0,,8.0,,
2025-05-21 14:00:00,351150400,ZIELONA GÓRA,2025,5,21,14,22.0,33,5.0,985.4,1007.7,266.0,5.0,,5.0,1,1.0,,8.0,,
2025-05-21 15:00:00,351150400,ZIELONA GÓRA,2025,5,21,15,21.5,31,3.6,984.9,1007.3,237.0,5.0,,7.0,1,1.0,,8.0,,
2025-05-21 16:00:00,351150400,ZIELONA GÓRA,2025,5,21,16,21.5,26,1.2,984.4,1006.7,281.0,5.0,,6.0,1,2.0,,8.0,,
2025-05-21 17:00:00,351150400,ZIELONA GÓRA,2025,5,21,17,20.5,23,-1.4,984.2,1006.6,262.0,4.0,,6.0,2,2.0,,8.0,,
2025-05-21 18:00:00,351150400,ZIELONA GÓRA,2025,5,21,18,18.8,31,1.3,984.4,1006.9,255.0,3.0,,6.0,2,1.0,,9.0,,
2025-05-21 19:00:00,351150400,ZIELONA GÓRA,2025,5,21,19,17.2,33,0.8,984.7,1007.4,268.0,2.0,,6.0,1,2.0,,8.0,,
2025-05-21 20:00:00,351150400,ZIELONA GÓRA,2025,5,21,20,16.5,33,0.2,984.7,1007.4,278.0,4.0,,6.0,3,2.0,,8.0,,
2025-05-21 21:00:00,351150400,ZIELONA GÓRA,2025,5,21,21,15.4,37,0.8,984.6,1007.4,233.0,2.0,,,0,,,8.0,,
2025-05-21 22:00:00,351150400,ZIELONA GÓRA,2025,5,21,22,13.4,47,2.3,984.5,1007.5,215.0,2.0,,,0,,,8.0,,
2025-05-21 23:00:00,351150400,ZIELONA GÓRA,2025,5,21,23,14.7,44,2.6,984.4,1007.3,259.0,3.0,,,0,,,8.0,,
2025-05-22 00:00:00,351150400,ZIELONA GÓRA,2025,5,22,0,14.3,46,2.8,983.9,1006.8,266.0,3.0,,,0,,,9.0,,
2025-05-22 01:00:00,351150400,ZIELONA GÓRA,2025,5,22,1,12.0,56,3.5,983.9,1007.0,226.0,2.0,,,0,,,8.0,,
2025-05-22 02:00:00,351150400,ZIELONA GÓRA,2025,5,22,2,12.4,55,3.6,983.9,1006.9,293.0,4.0,,,0,,,8.0,,
2025-05-22 03:00:00,351150400,ZIELONA GÓRA,2025,5,22,3,11.4,58,3.4,983.8,1006.9,308.0,4.0,,,0,,,8.0,,
2025-05-22 04:00:00,351150400,ZIELONA GÓRA,2025,5,22,4,10.6,64,4.1,984.2,1007.4,303.0,4.0,,,0,,,8.0,,
2025-05-22 05:00:00,351150400,ZIELONA GÓRA,2025,5,22,5,10.0,69,4.6,984.8,1008.1,294.0,3.0,,8.0,0,,,8.0,,
2025-05-22 06:00:00,351150400,ZIELONA GÓRA,2025,5,22,6,10.4,69,5.0,985.3,1008.5,288.0,3.0,,7.0,3,,,9.0,,
2025-05-22 07:00:00,351150400,ZIELONA GÓRA,2025,5,22,7,10.9,66,4.8,985.4,1008.6,267.0,3.0,,7.0,3,2.0,,8.0,,
2025-05-22 08:00:00,351150400,ZIELONA GÓRA,2025,5,22,8,11.7,59,3.9,985.6,1008.7,294.0,4.0,,7.0,3,2.0,,8.0,,
2025-05-22 09:00:00,351150400,ZIELONA GÓRA,2025,5,22,9,11.7,54,2.7,985.8,1009.0,264.0,3.0,,7.0,1,2.0,,8.0,,
2025-05-22 10:00:00,351150400,ZIELONA GÓRA,2025,5,22,10,12.7,54,3.6,985.9,1009.0,250.0,3.0,,7.0,1,2.0,,8.0,,
2025-05-22 11:00:00,351150400,ZIELONA GÓRA,2025,5,22,11,15.0,44,2.8,985.7,1008.6,268.0,3.0,,7.0,3,2.0,,8.0,,
2025-05-22 12:00:00,351150400,ZIELONA GÓRA,2025,5,22,12,14.9,41,1.7,985.4,1008.2,264.0,4.0,,6.0,3,2.0,,9.0,,
2025-05-22 13:00:00,351150400,ZIELONA GÓRA,2025,5,22,13,14.6,43,2.1,985.3,1008.1,233.0,3.0,,7.0,1,2.0,,8.0,,
2025-05-22 14:00:00,351150400,ZIELONA GÓRA,2025,5,22,14,14.7,39,0.9,985.3,1008.1,241.0,3.0,,7.0,1,2.0,,8.0,,
2025-05-22 15:00:00,351150400,ZIELONA GÓRA,2025,5,22,15,12.8,52,3.2,985.8,1008.8,291.0,4.0,,8.0,1,2.0,,8.0,,
2025-05-22 16:00:00,351150400,ZIELONA GÓRA,2025,5,22,16,13.7,44,1.7,986.0,1008.9,259.0,4.0,,7.0,1,2.0,,8.0,,
2025-05-22 17:00:00,351150400,ZIELONA GÓRA,2025,5,22,17,12.9,32,-3.4,986.2,1009.2,246.0,2.0,,7.0,1,2.0,,8.0,,
2025-05-22 18:00:00,351150400,ZIELONA GÓRA,2025,5,22,18,12.2,37,-2.1,986.4,1009.4,224.0,2.0,,3.0,1,1.0,,9.0,,
2025-05-22 19:00:00,351150400,ZIELONA GÓRA,2025,5,22,19,11.4,42,-1.1,987.3,1010.4,274.0,4.0,,2.0,1,0.0,,8.0,,
2025-05-22 20:00:00,351150400,ZIELONA GÓRA,2025,5,22,20,10.1,46,-1.0,988.2,1011.4,277.0,3.0,,1.0,1,0.0,,8.0,,
2025-05-22 21:00:00,351150400,ZIELONA GÓRA,2025,5,22,21,8.8,50,-1.1,988.8,1012.2,264.0,3.0,,,0,,,8.0,,
2025-05-22 22:00:00,351150400,ZIELONA GÓRA,2025,5,22,22,7.8,57,-0.2,989.3,1012.8,270.0,3.0,,,0,,,8.0,,
2025-05-22 23:00:00,351150400,ZIELONA GÓRA,2025,5,22,23,6.5,63,0.0,989.6,1013.2,259.0,3.0,,,0,,,8.0,,
2025-05-23 00:00:00,351150400,ZIELONA GÓRA,2025,5,23,0,5.6,69,0.4,989.9,1013.6,265.0,2.0,,,0,,,9.0,,
2025-05-23 01:00:00,351150400,ZIELONA GÓRA,2025,5,23,1,5.1,71,0.3,989.8,1013.5,256.0,2.0,,,0,,,8.0,,
2025-05-23 02:00:00,351150400,ZIELONA GÓRA,2025,5,23,2,3.2,80,0.1,990.0,1013.9,163.0,1.0,,,0,,,8.0,,
2025-05-23 03:00:00,351150400,ZIELONA GÓRA,2025,5,23,3,2.3,85,0.0,989.8,1013.7,189.0,2.0,,,0,,,8.0,,
2025-05-23 04:00:00,351150400,ZIELONA GÓRA,2025,5,23,4,4.3,75,0.3,989.8,1013.6,231.0,2.0,,,0,,,8.0,,
2025-05-23 05:00:00,351150400,ZIELONA GÓRA,2025,5,23,5,6.3,66,0.4,990.2,1013.8,209.0,2.0,,0.0,0,,,8.0,,
2025-05-23 06:00:00,351150400,ZIELONA GÓRA,2025,5,23,6,7.7,62,0.9,990.3,1013.8,218.0,2.0,,1.0,3,,,9.0,,
2025-05-23 07:00:00,351150400,ZIELONA GÓRA,2025,5,23,7,10.0,54,1.1,990.4,1013.7,224.0,3.0,,1.0,3,0.0,,8.0,,
2025-05-23 08:00:00,351150400,ZIELONA GÓRA,2025,5,23,8,11.2,47,0.3,990.6,1013.8,253.0,3.0,,3.0,3,0.0,,8.0,,
2025-05-23 09:00:00,351150400,ZIELONA GÓRA,2025,5,23,9,12.0,43,-0.2,990.7,1013.8,254.0,3.0,,3.0,2,0.0,,8.0,,
2025-05-23 10:00:00,351150400,ZIELONA GÓRA,2025,5,23,10,11.3,44,-0.5,990.7,1013.9,278.0,4.0,,5.0,3,1.0,,8.0,,
2025-05-23 11:00:00,351150400,ZIELONA GÓRA,2025,5,23,11,13.1,39,-0.6,990.5,1013.5,223.0,3.0,,6.0,3,2.0,,8.0,,
2025-05-23 12:00:00,351150400,ZIELONA GÓRA,2025,5,23,12,13.1,40,-0.2,990.4,1013.4,220.0,3.0,,6.0,16,1.0,,9.0,,
2025-05-23 13:00:00,351150400,ZIELONA GÓRA,2025,5,23,13,13.1,38,-0.9,990.3,1013.3,189.0,3.0,,6.0,16,2.0,,8.0,,
2025-05-23 14:00:00,351150400,ZIELONA GÓRA,2025,5,23,14,13.2,34,-2.3,990.5,1013.5,253.0,3.0,,7.0,16,2.0,,8.0,,
2025-05-23 15:00:00,351150400,ZIELONA GÓRA,2025,5,23,15,12.7,44,0.7,991.1,1014.2,285.0,2.0,,3.0,25,8.0,,8.0,,
2025-05-23 16:00:00,351150400,ZIELONA GÓRA,2025,5,23,16,10.1,58,2.2,991.5,1014.8,282.0,5.0,,6.0,80,1.0,,8.0,,
2025-05-23 17:00:00,351150400,ZIELONA GÓRA,2025,5,23,17,11.5,53,2.2,991.5,1014.7,260.0,2.0,,1.0,25,1.0,,8.0,,
2025-05-23 18:00:00,351150400,ZIELONA GÓRA,2025,5,23,18,11.0,52,1.5,992.0,1015.3,244.0,2.0,,1.0,1,8.0,0.0,,6.0,
2025-05-23 19:00:00,351150400,ZIELONA GÓRA,2025,5,23,19,9.4,61,2.3,992.5,1015.9,254.0,2.0,,1.0,3,0.0,,8.0,,
2025-05-23 20:00:00,351150400,ZIELONA GÓRA,2025,5,23,20,8.8,59,1.2,992.9,1016.4,258.0,2.0,,1.0,1,0.0,,8.0,,
2025-05-23 21:00:00,351150400,ZIELONA GÓRA,2025,5,23,21,8.3,62,1.4,993.2,1016.7,264.0,2.0,,,0,,,8.0,,
2025-05-23 22:00:00,351150400,ZIELONA GÓRA,2025,5,23,22,7.6,66,1.6,993.3,1016.9,233.0,2.0,,,0,,,8.0,,
2025-05-23 23:00:00,351150400,ZIELONA GÓRA,2025,5,23,23,8.0,63,1.4,993.3,1016.8,251.0,2.0,,,0,,,8.0,,
2025-05-24 00:00:00,351150400,ZIELONA GÓRA,2025,5,24,0,5.9,73,1.4,993.2,1016.9,244.0,1.0,,,0,,,9.0,,
2025-05-24 01:00:00,351150400,ZIELONA GÓRA,2025,5,24,1,7.1,68,1.6,993.1,1016.7,252.0,2.0,,,0,,,8.0,,
2025-05-24 02:00:00,351150400,ZIELONA GÓRA,2025,5,24,2,3.8,83,1.2,993.1,1017.0,159.0,1.0,,,0,,,8.0,,
2025-05-24 03:00:00,351150400,ZIELONA GÓRA,2025,5,24,3,3.7,85,1.4,993.1,1017.0,194.0,2.0,,,0,,,8.0,,
2025-05-24 04:00:00,351150400,ZIELONA GÓRA,2025,5,24,4,4.2,85,1.9,993.3,1017.2,185.0,2.0,,,0,,,8.0,,
2025-05-24 05:00:00,351150400,ZIELONA GÓRA,2025,5,24,5,6.0,80,2.8,993.5,1017.2,174.0,2.0,,1.0,0,,,8.0,,
2025-05-24 06:00:00,351150400,ZIELONA GÓRA,2025,5,24,6,8.6,71,3.6,993.7,1017.2,204.0,2.0,,0.0,1,,,9.0,,
2025-05-24 07:00:00,351150400,ZIELONA GÓRA,2025,5,24,7,10.3,65,4.0,993.9,1017.3,282.0,3.0,,1.0,3,0.0,,8.0,,
2025-05-24 08:00:00,351150400,ZIELONA GÓRA,2025,5,24,8,11.5,57,3.3,994.0,1017.3,260.0,3.0,,4.0,3,0.0,,8.0,,
2025-05-24 09:00:00,351150400,ZIELONA GÓRA,2025,5,24,9,12.0,54,3.0,994.1,1017.3,269.0,3.0,,6.0,3,1.0,,8.0,,
2025-05-24 10:00:00,351150400,ZIELONA GÓRA,2025,5,24,10,11.8,53,2.5,994.3,1017.5,264.0,4.0,,7.0,1,2.0,,8.0,,
2025-05-24 11:00:00,351150400,ZIELONA GÓRA,2025,5,24,11,13.2,50,3.0,994.0,1017.1,290.0,3.0,,7.0,1,2.0,,8.0,,
2025-05-24 12:00:00,351150400,ZIELONA GÓRA,2025,5,24,12,13.6,43,1.2,993.9,1017.0,275.0,3.0,,7.0,2,1.0,,9.0,,
2025-05-24 13:00:00,351150400,ZIELONA GÓRA,2025,5,24,13,14.0,43,1.6,993.7,1016.7,259.0,3.0,,6.0,1,2.0,,8.0,,
2025-05-24 14:00:00,351150400,ZIELONA GÓRA,2025,5,24,14,14.7,40,1.2,993.5,1016.5,221.0,3.0,,7.0,1,2.0,,8.0,,
2025-05-24 15:00:00,351150400,ZIELONA GÓRA,2025,5,24,15,15.8,36,0.7,993.3,1016.2,262.0,2.0,,5.0,1,2.0,,8.0,,
2025-05-24 16:00:00,351150400,ZIELONA GÓRA,2025,5,24,16,15.4,36,0.4,993.1,1016.0,237.0,2.0,,4.0,1,1.0,,8.0,,
2025-05-24 17:00:00,351150400,ZIELONA GÓRA,2025,5,24,17,15.5,33,-0.7,993.1,1016.0,239.0,2.0,,3.0,1,0.0,,8.0,,
2025-05-24 18:00:00,351150400,ZIELONA GÓRA,2025,5,24,18,14.5,36,-0.4,993.1,1016.1,228.0,2.0,,1.0,1,1.0,,9.0,,
2025-05-24 19:00:00,351150400,ZIELONA GÓRA,2025,5,24,19,12.4,43,0.2,993.3,1016.5,178.0,1.0,,1.0,3,0.0,,8.0,,
2025-05-24 20:00:00,351150400,ZIELONA GÓRA,2025,5,24,20,12.2,42,-0.4,993.4,1016.6,149.0,2.0,,1.0,1,0.0,,8.0,,
2025-05-24 21:00:00,351150400,ZIELONA GÓRA,2025,5,24,21,11.0,47,0.1,993.3,1016.6,134.0,2.0,,,0,,,8.0,,
2025-05-24 22:00:00,351150400,ZIELONA GÓRA,2025,5,24,22,10.2,51,0.5,993.3,1016.6,143.0,2.0,,,0,,,8.0,,
2025-05-24 23:00:00,351150400,ZIELONA GÓRA,2025,5,24,23,9.2,54,0.4,993.1,1016.5,158.0,1.0,,,0,,,8.0,,
2025-05-25 00:00:00,351150400,ZIELONA GÓRA,2025,5,25,0,8.6,57,0.6,992.6,1016.1,135.0,2.0,,,0,,,9.0,,
2025-05-25 01:00:00,351150400,ZIELONA GÓRA,2025,5,25,1,8.2,60,0.9,992.4,1015.9,170.0,2.0,,,0,,,8.0,,
2025-05-25 02:00:00,351150400,ZIELONA GÓRA,2025,5,25,2,7.8,62,1.0,992.1,1015.6,174.0,2.0,,,0,,,8.0,,
2025-05-25 03:00:00,351150400,ZIELONA GÓRA,2025,5,25,3,7.1,66,1.2,991.9,1015.5,135.0,2.0,,,0,,,8.0,,
2025-05-25 04:00:00,351150400,ZIELONA GÓRA,2025,5,25,4,6.8,71,1.9,991.6,1015.2,132.0,2.0,,,0,,,8.0,,
2025-05-25 05:00:00,351150400,ZIELONA GÓRA,2025,5,25,5,8.4,66,2.4,991.4,1014.9,142.0,2.0,,5.0,0,,,8.0,,
2025-05-25 06:00:00,351150400,ZIELONA GÓRA,2025,5,25,6,11.6,57,3.4,991.2,1014.4,148.0,3.0,,4.0,1,,,9.0,,
2025-05-25 07:00:00,351150400,ZIELONA GÓRA,2025,5,25,7,14.0,50,3.7,990.9,1013.9,154.0,3.0,,2.0,3,0.0,,8.0,,
2025-05-25 08:00:00,351150400,ZIELONA GÓRA,2025,5,25,8,16.5,42,3.5,990.5,1013.3,174.0,3.0,,2.0,3,0.0,,8.0,,
2025-05-25 09:00:00,351150400,ZIELONA GÓRA,2025,5,25,9,17.3,37,2.5,990.0,1012.7,173.0,5.0,,2.0,3,0.0,,8.0,,
2025-05-25 10:00:00,351150400,ZIELONA GÓRA,2025,5,25,10,18.8,30,0.8,989.5,1012.1,169.0,5.0,,3.0,3,0.0,,8.0,,
2025-05-25 11:00:00,351150400,ZIELONA GÓRA,2025,5,25,11,19.1,34,2.9,989.0,1011.5,191.0,4.0,,7.0,3,1.0,,8.0,,
2025-05-25 12:00:00,351150400,ZIELONA GÓRA,2025,5,25,12,19.5,39,5.2,988.8,1011.3,181.0,4.0,,7.0,3,1.0,,9.0,,
2025-05-25 13:00:00,351150400,ZIELONA GÓRA,2025,5,25,13,18.5,45,6.3,988.5,1011.1,211.0,3.0,,7.0,3,2.0,,8.0,,
2025-05-25 14:00:00,351150400,ZIELONA GÓRA,2025,5,25,14,17.6,52,7.6,988.7,1011.3,211.0,4.0,,7.0,3,2.0,,8.0,,
2025-05-25 15:00:00,351150400,ZIELONA GÓRA,2025,5,25,15,16.1,58,7.8,988.9,1011.7,196.0,4.0,,8.0,3,2.0,,8.0,,
2025-05-25 16:00:00,351150400,ZIELONA GÓRA,2025,5,25,16,16.3,60,8.5,988.8,1011.5,219.0,3.0,,7.0,1,2.0,,8.0,,
2025-05-25 17:00:00,351150400,ZIELONA GÓRA,2025,5,25,17,15.8,64,9.0,988.8,1011.6,200.0,3.0,,8.0,1,2.0,,8.0,,
2025-05-25 18:00:00,351150400,ZIELONA GÓRA,2025,5,25,18,14.3,78,10.5,988.9,1011.8,207.0,2.0,,8.0,80,2.0,0.0,,6.0,
2025-05-25 19:00:00,351150400,ZIELONA GÓRA,2025,5,25,19,13.1,92,11.8,988.9,1011.9,158.0,1.0,,7.0,80,8.0,,8.0,,
2025-05-25 20:00:00,351150400,ZIELONA GÓRA,2025,5,25,20,12.8,93,11.7,989.0,1012.0,184.0,3.0,,7.0,25,2.0,,8.0,,
2025-05-25 21:00:00,351150400,ZIELONA GÓRA,2025,5,25,21,12.5,96,11.9,988.9,1012.0,195.0,3.0,,,81,,,8.0,,
2025-05-25 22:00:00,351150400,ZIELONA GÓRA,2025,5,25,22,12.4,97,11.9,988.7,1011.8,170.0,3.0,,,81,,,8.0,,
2025-05-25 23:00:00,351150400,ZIELONA GÓRA,2025,5,25,23,12.2,97,11.7,988.3,1011.4,175.0,2.0,,,10,,,8.0,,
2025-05-26 00:00:00,351150400,ZIELONA GÓRA,2025,5,26,0,12.1,97,11.6,988.0,1011.1,191.0,2.0,,,10,,1.3,,,
2025-05-26 01:00:00,351150400,ZIELONA GÓRA,2025,5,26,1,11.8,96,11.2,988.0,1011.1,212.0,2.0,,,10,,,8.0,,
2025-05-26 02:00:00,351150400,ZIELONA GÓRA,2025,5,26,2,12.3,96,11.7,988.3,1011.4,226.0,1.0,,,10,,,8.0,,
2025-05-26 03:00:00,351150400,ZIELONA GÓRA,2025,5,26,3,12.8,96,12.2,988.5,1011.5,253.0,2.0,,,10,,,8.0,,
2025-05-26 04:00:00,351150400,ZIELONA GÓRA,2025,5,26,4,12.6,96,12.0,988.9,1011.9,286.0,3.0,,,10,,,8.0,,
2025-05-26 05:00:00,351150400,ZIELONA GÓRA,2025,5,26,5,12.6,94,11.7,989.5,1012.6,306.0,3.0,,8.0,10,,,8.0,,
2025-05-26 06:00:00,351150400,ZIELONA GÓRA,2025,5,26,6,13.5,88,11.5,989.8,1012.8,306.0,2.0,,7.0,1,,,9.0,,
2025-05-26 07:00:00,351150400,ZIELONA GÓRA,2025,5,26,7,14.0,85,11.5,990.5,1013.5,285.0,4.0,,7.0,3,2.0,,8.0,,
2025-05-26 08:00:00,351150400,ZIELONA GÓRA,2025,5,26,8,15.1,78,11.3,990.9,1013.8,298.0,3.0,,7.0,3,2.0,,8.0,,
2025-05-26 09:00:00,351150400,ZIELONA GÓRA,2025,5,26,9,15.7,73,10.9,990.9,1013.7,301.0,3.0,,7.0,1,2.0,,8.0,,
2025-05-26 10:00:00,351150400,ZIELONA GÓRA,2025,5,26,10,16.3,71,11.0,991.1,1013.9,268.0,4.0,,7.0,3,2.0,,8.0,,
2025-05-26 11:00:00,351150400,ZIELONA GÓRA,2025,5,26,11,17.2,61,9.6,991.3,1014.0,292.0,3.0,,7.0,1,2.0,,8.0,,
2025-05-26 12:00:00,351150400,ZIELONA GÓRA,2025,5,26,12,18.0,51,7.7,991.6,1014.3,283.0,5.0,,6.0,1,2.0,,9.0,,
2025-05-26 13:00:00,351150400,ZIELONA GÓRA,2025,5,26,13,18.0,44,5.6,991.8,1014.5,287.0,4.0,,4.0,1,1.0,,8.0,,
2025-05-26 14:00:00,351150400,ZIELONA GÓRA,2025,5,26,14,18.9,39,4.6,991.9,1014.5,284.0,4.0,,4.0,1,0.0,,8.0,,
2025-05-26 15:00:00,351150400,ZIELONA GÓRA,2025,5,26,15,18.6,38,4.0,992.1,1014.7,304.0,3.0,,5.0,3,1.0,,8.0,,
2025-05-26 16:00:00,351150400,ZIELONA GÓRA,2025,5,26,16,18.7,36,3.3,992.4,1015.0,301.0,3.0,,5.0,1,2.0,,8.0,,
2025-05-26 17:00:00,351150400,ZIELONA GÓRA,2025,5,26,17,18.2,37,3.3,992.7,1015.4,319.0,2.0,,3.0,1,1.0,,8.0,,
2025-05-26 18:00:00,351150400,ZIELONA GÓRA,2025,5,26,18,18.3,36,3.0,993.1,1015.8,307.0,2.0,,2.0,1,1.0,,9.0,,
2025-05-26 19:00:00,351150400,ZIELONA GÓRA,2025,5,26,19,15.8,46,4.2,993.8,1016.7,28.0,1.0,,2.0,3,0.0,,8.0,,
2025-05-26 20:00:00,351150400,ZIELONA GÓRA,2025,5,26,20,14.3,50,4.0,994.4,1017.4,119.0,1.0,,2.0,2,0.0,,8.0,,
2025-05-26 21:00:00,351150400,ZIELONA GÓRA,2025,5,26,21,15.2,45,3.3,994.7,1017.7,166.0,1.0,,,0,,,8.0,,
2025-05-26 22:00:00,351150400,ZIELONA GÓRA,2025,5,26,22,13.8,50,3.5,994.8,1017.9,299.0,1.0,,,0,,,8.0,,
2025-05-26 23:00:00,351150400,ZIELONA GÓRA,2025,5,26,23,12.8,55,4.0,994.8,1018.0,308.0,2.0,,,0,,,8.0,,
2025-05-27 00:00:00,351150400,ZIELONA GÓRA,2025,5,27,0,11.3,66,5.2,994.8,1018.1,325.0,2.0,,,0,,,9.0,,
2025-05-27 01:00:00,351150400,ZIELONA GÓRA,2025,5,27,1,10.6,70,5.4,994.9,1018.3,314.0,2.0,,,0,,,8.0,,
2025-05-27 02:00:00,351150400,ZIELONA GÓRA,2025,5,27,2,11.2,69,5.7,994.8,1018.1,327.0,2.0,,,0,,,8.0,,
2025-05-27 03:00:00,351150400,ZIELONA GÓRA,2025,5,27,3,11.5,69,6.0,995.2,1018.5,296.0,2.0,,,0,,,8.0,,
2025-05-27 04:00:00,351150400,ZIELONA GÓRA,2025,5,27,4,11.7,69,6.2,995.4,1018.7,308.0,2.0,,,0,,,8.0,,
2025-05-27 05:00:00,351150400,ZIELONA GÓRA,2025,5,27,5,15.0,61,7.5,995.5,1018.5,0.0,0.0,,1.0,0,,,8.0,,
2025-05-27 06:00:00,351150400,ZIELONA GÓRA,2025,5,27,6,15.4,59,7.4,996.0,1019.0,191.0,2.0,,2.0,3,,,9.0,,
2025-05-27 07:00:00,351150400,ZIELONA GÓRA,2025,5,27,7,17.0,53,7.3,996.2,1019.1,190.0,3.0,,1.0,1,0.0,,8.0,,
2025-05-27 08:00:00,351150400,ZIELONA GÓRA,2025,5,27,8,18.1,47,6.6,996.2,1019.0,232.0,2.0,,1.0,3,0.0,,8.0,,
2025-05-27 09:00:00,351150400,ZIELONA GÓRA,2025,5,27,9,18.2,45,6.1,995.9,1018.7,220.0,2.0,,5.0,3,1.0,,8.0,,
2025-05-27 10:00:00,351150400,ZIELONA GÓRA,2025,5,27,10,17.8,42,4.7,995.7,1018.5,214.0,3.0,,6.0,3,2.0,,8.0,,
2025-05-27 11:00:00,351150400,ZIELONA GÓRA,2025,5,27,11,19.4,37,4.3,995.6,1018.3,203.0,2.0,,5.0,1,2.0,,8.0,,
2025-05-27 12:00:00,351150400,ZIELONA GÓRA,2025,5,27,12,19.5,35,3.6,995.4,1018.0,236.0,3.0,,6.0,3,1.0,,9.0,,
2025-05-27 13:00:00,351150400,ZIELONA GÓRA,2025,5,27,13,20.2,35,4.2,995.0,1017.6,252.0,3.0,,6.0,1,2.0,,8.0,,
2025-05-27 14:00:00,351150400,ZIELONA GÓRA,2025,5,27,14,18.7,40,4.8,995.2,1017.9,246.0,3.0,,7.0,3,2.0,,8.0,,
2025-05-27 15:00:00,351150400,ZIELONA GÓRA,2025,5,27,15,19.8,37,4.7,994.8,1017.4,241.0,2.0,,6.0,1,2.0,,8.0,,
2025-05-27 16:00:00,351150400,ZIELONA GÓRA,2025,5,27,16,20.3,36,4.7,994.5,1017.1,252.0,2.0,7.0,5.0,1,2.0,,8.0,,
2025-05-27 17:00:00,351150400,ZIELONA GÓRA,2025,5,27,17,19.5,36,4.0,994.2,1016.8,215.0,3.0,,1.0,1,1.0,,8.0,,
2025-05-27 18:00:00,351150400,ZIELONA GÓRA,2025,5,27,18,17.7,42,4.6,994.3,1017.1,222.0,2.0,,2.0,3,1.0,,9.0,,
2025-05-27 19:00:00,351150400,ZIELONA GÓRA,2025,5,27,19,16.4,47,5.0,994.3,1017.2,211.0,2.0,,4.0,3,0.0,,8.0,,
2025-05-27 20:00:00,351150400,ZIELONA GÓRA,2025,5,27,20,15.7,49,5.0,994.5,1017.4,205.0,2.0,,5.0,3,1.0,,8.0,,
2025-05-27 21:00:00,351150400,ZIELONA GÓRA,2025,5,27,21,14.8,51,4.8,994.3,1017.3,201.0,2.0,,,0,,,8.0,,
2025-05-27 22:00:00,351150400,ZIELONA GÓRA,2025,5,27,22,13.9,54,4.7,993.9,1017.0,197.0,2.0,,,0,,,8.0,,
2025-05-27 23:00:00,351150400,ZIELONA GÓRA,2025,5,27,23,13.1,58,5.0,993.6,1016.7,185.0,2.0,,,0,,,8.0,,
2025-05-28 00:00:00,351150400,ZIELONA GÓRA,2025,5,28,0,12.6,61,5.3,993.1,1016.2,184.0,2.0,,,0,,,9.0,,
2025-05-28 01:00:00,351150400,ZIELONA GÓRA,2025,5,28,1,12.3,64,5.7,992.2,1015.3,175.0,2.0,,,0,,,8.0,,
2025-05-28 02:00:00,351150400,ZIELONA GÓRA,2025,5,28,2,12.3,65,5.9,991.7,1014.8,188.0,3.0,,,0,,,8.0,,
2025-05-28 03:00:00,351150400,ZIELONA GÓRA,2025,5,28,3,11.8,68,6.1,990.9,1014.1,171.0,2.0,,,0,,,8.0,,
2025-05-28 04:00:00,351150400,ZIELONA GÓRA,2025,5,28,4,12.2,69,6.7,990.6,1013.7,176.0,2.0,,,0,,,8.0,,
2025-05-28 05:00:00,351150400,ZIELONA GÓRA,2025,5,28,5,13.2,68,7.4,990.1,1013.1,180.0,3.0,,7.0,0,,,8.0,,
2025-05-28 06:00:00,351150400,ZIELONA GÓRA,2025,5,28,6,15.3,65,8.8,989.8,1012.6,192.0,3.0,,7.0,3,,,9.0,,
2025-05-28 07:00:00,351150400,ZIELONA GÓRA,2025,5,28,7,14.8,78,11.0,989.8,1012.7,224.0,3.0,9.0,8.0,60,2.0,,8.0,,
2025-05-28 08:00:00,351150400,ZIELONA GÓRA,2025,5,28,8,14.6,83,11.7,989.6,1012.5,206.0,4.0,,8.0,60,6.0,,8.0,,
2025-05-28 09:00:00,351150400,ZIELONA GÓRA,2025,5,28,9,13.6,94,12.7,989.2,1012.2,202.0,3.0,,8.0,61,6.0,,8.0,,
2025-05-28 10:00:00,351150400,ZIELONA GÓRA,2025,5,28,10,13.8,96,13.2,988.9,1011.8,203.0,3.0,,8.0,63,6.0,,8.0,,
2025-05-28 11:00:00,351150400,ZIELONA GÓRA,2025,5,28,11,14.3,95,13.5,988.8,1011.7,223.0,3.0,,8.0,63,6.0,,8.0,,
2025-05-28 12:00:00,351150400,ZIELONA GÓRA,2025,5,28,12,15.1,92,13.8,988.3,1011.1,241.0,3.0,,8.0,21,6.0,4.7,,6.0,
2025-05-28 13:00:00,351150400,ZIELONA GÓRA,2025,5,28,13,16.0,90,14.4,987.8,1010.5,235.0,3.0,,7.0,1,2.0,,8.0,,
2025-05-28 14:00:00,351150400,ZIELONA GÓRA,2025,5,28,14,16.8,82,13.7,987.2,1009.9,227.0,3.0,,6.0,3,2.0,,8.0,,
2025-05-28 15:00:00,351150400,ZIELONA GÓRA,2025,5,28,15,18.0,75,13.5,987.0,1009.6,217.0,3.0,,7.0,95,2.0,,8.0,,
2025-05-28 16:00:00,351150400,ZIELONA GÓRA,2025,5,28,16,12.4,92,11.1,987.9,1010.9,256.0,1.0,,7.0,91,9.0,,8.0,,
2025-05-28 17:00:00,351150400,ZIELONA GÓRA,2025,5,28,17,14.2,91,12.8,987.9,1010.8,268.0,2.0,,7.0,25,8.0,,8.0,,
2025-05-28 18:00:00,351150400,ZIELONA GÓRA,2025,5,28,18,14.1,93,13.0,988.2,1011.1,218.0,2.0,,6.0,1,9.0,3.6,,6.0,
2025-05-28 19:00:00,351150400,ZIELONA GÓRA,2025,5,28,19,13.5,96,12.9,988.5,1011.5,231.0,2.0,,4.0,1,1.0,,8.0,,
2025-05-28 20:00:00,351150400,ZIELONA GÓRA,2025,5,28,20,13.4,93,12.3,988.8,1011.8,247.0,2.0,,6.0,3,1.0,,8.0,,
2025-05-28 21:00:00,351150400,ZIELONA GÓRA,2025,5,28,21,13.0,95,12.2,989.3,1012.3,264.0,4.0,,,62,,,8.0,,
2025-05-28 22:00:00,351150400,ZIELONA GÓRA,2025,5,28,22,12.8,95,12.0,989.5,1012.5,285.0,3.0,,,0,,,8.0,,
2025-05-28 23:00:00,351150400,ZIELONA GÓRA,2025,5,28,23,12.5,94,11.6,989.9,1013.0,296.0,3.0,,,0,,,8.0,,
2025-05-29 00:00:00,351150400,ZIELONA GÓRA,2025,5,29,0,12.2,95,11.4,990.5,1013.6,298.0,3.0,,,0,,0.6,,,
2025-05-29 01:00:00,351150400,ZIELONA GÓRA,2025,5,29,1,12.0,96,11.4,991.1,1014.2,303.0,3.0,,,0,,,8.0,,
2025-05-29 02:00:00,351150400,ZIELONA GÓRA,2025,5,29,2,11.8,94,10.9,991.9,1015.1,306.0,3.0,,,0,,,8.0,,
2025-05-29 03:00:00,351150400,ZIELONA GÓRA,2025,5,29,3,11.2,92,9.9,992.6,1015.8,300.0,3.0,,,0,,,8.0,,
2025-05-29 04:00:00,351150400,ZIELONA GÓRA,2025,5,29,4,11.0,90,9.4,993.5,1016.8,297.0,4.0,,,0,,,8.0,,
2025-05-29 05:00:00,351150400,ZIELONA GÓRA,2025,5,29,5,11.4,87,9.3,994.2,1017.5,298.0,4.0,,5.0,0,,,8.0,,
2025-05-29 06:00:00,351150400,ZIELONA GÓRA,2025,5,29,6,12.2,79,8.7,994.8,1018.0,301.0,4.0,,4.0,1,,,9.0,,
2025-05-29 07:00:00,351150400,ZIELONA GÓRA,2025,5,29,7,13.0,71,7.9,995.7,1018.9,296.0,6.0,,6.0,3,1.0,,8.0,,
2025-05-29 08:00:00,351150400,ZIELONA GÓRA,2025,5,29,8,13.5,70,8.1,996.0,1019.1,304.0,5.0,10.0,7.0,3,2.0,,8.0,,
2025-05-29 09:00:00,351150400,ZIELONA GÓRA,2025,5,29,9,14.4,66,8.1,996.3,1019.4,302.0,5.0,,6.0,3,1.0,,8.0,,
2025-05-29 10:00:00,351150400,ZIELONA GÓRA,2025,5,29,10,14.4,62,7.2,996.7,1019.8,300.0,5.0,,6.0,3,2.0,,8.0,,
2025-05-29 11:00:00,351150400,ZIELONA GÓRA,2025,5,29,11,16.1,55,7.0,996.8,1019.7,296.0,4.0,9.0,4.0,1,1.0,,8.0,,
2025-05-29 12:00:00,351150400,ZIELONA GÓRA,2025,5,29,12,16.9,42,3.9,996.6,1019.5,294.0,5.0,,4.0,2,1.0,,9.0,,
2025-05-29 13:00:00,351150400,ZIELONA GÓRA,2025,5,29,13,16.9,42,3.9,996.6,1019.5,297.0,5.0,,5.0,1,1.0,,8.0,,
2025-05-29 14:00:00,351150400,ZIELONA GÓRA,2025,5,29,14,17.4,42,4.3,996.8,1019.6,288.0,5.0,,4.0,1,1.0,,8.0,,
2025-05-29 15:00:00,351150400,ZIELONA GÓRA,2025,5,29,15,17.9,37,3.0,996.8,1019.6,264.0,4.0,,5.0,3,1.0,,8.0,,
2025-05-29 16:00:00,351150400,ZIELONA GÓRA,2025,5,29,16,17.8,37,2.9,996.6,1019.4,282.0,4.0,9.0,6.0,1,2.0,,8.0,,
2025-05-29 17:00:00,351150400,ZIELONA GÓRA,2025,5,29,17,17.3,39,3.2,996.5,1019.3,285.0,4.0,,7.0,1,2.0,,8.0,,
2025-05-29 18:00:00,351150400,ZIELONA GÓRA,2025,5,29,18,16.8,43,4.1,996.6,1019.5,284.0,3.0,,7.0,2,1.0,,9.0,,
2025-05-29 19:00:00,351150400,ZIELONA GÓRA,2025,5,29,19,15.4,49,4.7,996.8,1019.8,277.0,2.0,,7.0,2,2.0,,8.0,,
2025-05-29 20:00:00,351150400,ZIELONA GÓRA,2025,5,29,20,14.4,54,5.2,996.9,1020.0,250.0,1.0,,8.0,1,2.0,,8.0,,
2025-05-29 21:00:00,351150400,ZIELONA GÓRA,2025,5,29,21,14.4,50,4.1,996.8,1019.9,255.0,2.0,,,0,,,8.0,,
2025-05-29 22:00:00,351150400,ZIELONA GÓRA,2025,5,29,22,13.4,60,5.8,996.6,1019.8,237.0,2.0,,,0,,,8.0,,
2025-05-29 23:00:00,351150400,ZIELONA GÓRA,2025,5,29,23,14.3,56,5.6,996.3,1019.4,257.0,2.0,,,0,,,8.0,,
2025-05-30 00:00:00,351150400,ZIELONA GÓRA,2025,5,30,0,14.4,57,6.0,996.2,1019.3,249.0,2.0,,,0,,,9.0,,
2025-05-30 01:00:00,351150400,ZIELONA GÓRA,2025,5,30,1,13.1,68,7.3,996.1,1019.3,226.0,2.0,,,0,,,8.0,,
2025-05-30 02:00:00,351150400,ZIELONA GÓRA,2025,5,30,2,13.2,76,9.1,995.9,1019.1,247.0,3.0,,,0,,,8.0,,
2025-05-30 03:00:00,351150400,ZIELONA GÓRA,2025,5,30,3,12.3,87,10.2,995.7,1018.9,214.0,3.0,,,81,,,8.0,,
2025-05-30 04:00:00,351150400,ZIELONA GÓRA,2025,5,30,4,11.9,95,11.1,995.5,1018.8,203.0,3.0,,,81,,,8.0,,
2025-05-30 05:00:00,351150400,ZIELONA GÓRA,2025,5,30,5,12.3,96,11.7,995.5,1018.7,220.0,3.0,,8.0,21,,,8.0,,
2025-05-30 06:00:00,351150400,ZIELONA GÓRA,2025,5,30,6,12.6,97,12.1,995.3,1018.5,226.0,2.0,,8.0,10,,0.3,,6.0,
2025-05-30 07:00:00,351150400,ZIELONA GÓRA,2025,5,30,7,13.6,95,12.8,995.3,1018.4,256.0,2.0,,8.0,21,2.0,,8.0,,
2025-05-30 08:00:00,351150400,ZIELONA GÓRA,2025,5,30,8,14.9,92,13.6,995.5,1018.5,268.0,3.0,,8.0,2,2.0,,8.0,,
2025-05-30 09:00:00,351150400,ZIELONA GÓRA,2025,5,30,9,16.2,87,14.0,995.6,1018.5,273.0,3.0,,8.0,2,6.0,,8.0,,
2025-05-30 10:00:00,351150400,ZIELONA GÓRA,2025,5,30,10,17.4,83,14.5,996.0,1018.8,280.0,3.0,,7.0,1,2.0,,8.0,,
2025-05-30 11:00:00,351150400,ZIELONA GÓRA,2025,5,30,11,19.8,73,14.8,995.7,1018.3,260.0,3.0,,7.0,3,2.0,,8.0,,
2025-05-30 12:00:00,351150400,ZIELONA GÓRA,2025,5,30,12,21.2,65,14.4,995.4,1017.9,276.0,4.0,,5.0,3,6.0,0.0,,6.0,
2025-05-30 13:00:00,351150400,ZIELONA GÓRA,2025,5,30,13,22.5,54,12.7,995.3,1017.7,295.0,4.0,,5.0,3,2.0,,8.0,,
2025-05-30 14:00:00,351150400,ZIELONA GÓRA,2025,5,30,14,20.9,62,13.3,995.7,1018.2,290.0,3.0,,7.0,1,2.0,,8.0,,
2025-05-30 15:00:00,351150400,ZIELONA GÓRA,2025,5,30,15,22.1,57,13.2,995.5,1017.9,297.0,2.0,,6.0,1,2.0,,8.0,,
2025-05-30 16:00:00,351150400,ZIELONA GÓRA,2025,5,30,16,22.3,57,13.4,995.2,1017.6,232.0,2.0,,5.0,1,2.0,,8.0,,
2025-05-30 17:00:00,351150400,ZIELONA GÓRA,2025,5,30,17,22.7,54,12.9,995.2,1017.6,260.0,2.0,,2.0,1,1.0,,8.0,,
2025-05-30 18:00:00,351150400,ZIELONA GÓRA,2025,5,30,18,22.2,59,13.8,995.1,1017.5,242.0,1.0,,3.0,3,1.0,,9.0,,
2025-05-30 19:00:00,351150400,ZIELONA GÓRA,2025,5,30,19,20.6,66,14.0,995.1,1017.7,198.0,1.0,,3.0,2,0.0,,8.0,,
2025-05-30 20:00:00,351150400,ZIELONA GÓRA,2025,5,30,20,19.5,67,13.2,995.4,1018.0,243.0,1.0,,3.0,1,0.0,,8.0,,
2025-05-30 21:00:00,351150400,ZIELONA GÓRA,2025,5,30,21,19.6,66,13.1,995.5,1018.1,255.0,2.0,,,0,,,8.0,,
2025-05-30 22:00:00,351150400,ZIELONA GÓRA,2025,5,30,22,19.2,63,12.0,995.4,1018.1,262.0,2.0,,,0,,,8.0,,
2025-05-30 23:00:00,351150400,ZIELONA GÓRA,2025,5,30,23,18.4,65,11.7,995.5,1018.2,276.0,2.0,,,0,,,8.0,,
2025-05-31 00:00:00,351150400,ZIELONA GÓRA,2025,5,31,0,18.0,66,11.5,995.4,1018.2,273.0,2.0,,,0,,,9.0,,
2025-05-31 01:00:00,351150400,ZIELONA GÓRA,2025,5,31,1,17.8,65,11.1,995.4,1018.2,269.0,2.0,,,0,,,8.0,,
2025-05-31 02:00:00,351150400,ZIELONA GÓRA,2025,5,31,2,17.3,68,11.3,995.5,1018.3,288.0,1.0,,,0,,,8.0,,
2025-05-31 03:00:00,351150400,ZIELONA GÓRA,2025,5,31,3,17.3,69,11.6,995.6,1018.4,287.0,2.0,,,0,,,8.0,,
2025-05-31 04:00:00,351150400,ZIELONA GÓRA,2025,5,31,4,17.3,70,11.8,995.8,1018.6,295.0,2.0,,,0,,,8.0,,
2025-05-31 05:00:00,351150400,ZIELONA GÓRA,2025,5,31,5,18.3,67,12.1,996.0,1018.8,288.0,1.0,,5.0,0,,,8.0,,
2025-05-31 06:00:00,351150400,ZIELONA GÓRA,2025,5,31,6,19.6,63,12.4,996.1,1018.8,269.0,1.0,,1.0,1,,,9.0,,
2025-05-31 07:00:00,351150400,ZIELONA GÓRA,2025,5,31,7,21.0,61,13.2,996.0,1018.5,125.0,1.0,,2.0,1,0.0,,8.0,,
2025-05-31 08:00:00,351150400,ZIELONA GÓRA,2025,5,31,8,21.4,58,12.8,996.2,1018.7,269.0,2.0,,7.0,3,1.0,,8.0,,
2025-05-31 09:00:00,351150400,ZIELONA GÓRA,2025,5,31,9,22.1,55,12.6,996.2,1018.7,263.0,2.0,,7.0,2,1.0,,8.0,,
2025-05-31 10:00:00,351150400,ZIELONA GÓRA,2025,5,31,10,22.3,54,12.5,996.2,1018.6,294.0,2.0,,7.0,3,2.0,,8.0,,
2025-05-31 11:00:00,351150400,ZIELONA GÓRA,2025,5,31,11,23.2,51,12.5,995.9,1018.3,318.0,2.0,,5.0,1,2.0,,8.0,,
2025-05-31 12:00:00,351150400,ZIELONA GÓRA,2025,5,31,12,23.9,48,12.2,995.4,1017.7,290.0,3.0,,3.0,3,1.0,,9.0,,
2025-05-31 13:00:00,351150400,ZIELONA GÓRA,2025,5,31,13,25.0,46,12.6,995.0,1017.2,325.0,3.0,,5.0,3,1.0,,8.0,,
2025-05-31 14:00:00,351150400,ZIELONA GÓRA,2025,5,31,14,24.5,45,11.8,994.7,1016.9,312.0,3.0,,7.0,3,2.0,,8.0,,
2025-05-31 15:00:00,351150400,ZIELONA GÓRA,2025,5,31,15,24.8,49,13.4,994.6,1016.8,14.0,2.0,,6.0,1,1.0,,8.0,,
2025-05-31 16:00:00,351150400,ZIELONA GÓRA,2025,5,31,16,24.4,48,12.7,994.5,1016.7,348.0,2.0,,5.0,1,2.0,,8.0,,
2025-05-31 17:00:00,351150400,ZIELONA GÓRA,2025,5,31,17,23.4,51,12.7,994.5,1016.8,8.0,2.0,,5.0,1,2.0,,8.0,,
2025-05-31 18:00:00,351150400,ZIELONA GÓRA,2025,5,31,18,22.3,54,12.5,994.6,1017.0,27.0,1.0,,7.0,3,1.0,,9.0,,
2025-05-31 19:00:00,351150400,ZIELONA GÓRA,2025,5,31,19,21.0,60,12.9,994.9,1017.4,31.0,1.0,,7.0,1,2.0,,8.0,,
2025-05-31 20:00:00,351150400,ZIELONA GÓRA,2025,5,31,20,20.5,60,12.5,995.1,1017.7,51.0,2.0,,7.0,3,2.0,,8.0,,
2025-05-31 21:00:00,351150400,ZIELONA GÓRA,2025,5,31,21,19.9,61,12.2,994.8,1017.4,58.0,3.0,,,0,,,8.0,,
2025-05-31 22:00:00,351150400,ZIELONA GÓRA,2025,5,31,22,19.7,62,12.2,995.0,1017.6,68.0,2.0,,,0,,,8.0,,
2025-05-31 23:00:00,351150400,ZIELONA GÓRA,2025,5,31,23,18.4,68,12.4,994.6,1017.3,92.0,1.0,,,0,,,8.0,,
2025-06-01 00:00:00,351150400,ZIELONA GÓRA,2025,6,1,0,18.0,70,12.4,994.0,1016.7,90.0,2.0,,,0,,,9.0,,
2025-06-01 01:00:00,351150400,ZIELONA GÓRA,2025,6,1,1,17.5,71,12.2,993.8,1016.6,115.0,2.0,,,0,,,8.0,,
2025-06-01 02:00:00,351150400,ZIELONA GÓRA,2025,6,1,2,16.9,75,12.4,993.8,1016.6,130.0,3.0,,,0,,,8.0,,
2025-06-01 03:00:00,351150400,ZIELONA GÓRA,2025,6,1,3,16.4,77,12.4,993.8,1016.7,56.0,3.0,,,0,,,8.0,,
2025-06-01 04:00:00,351150400,ZIELONA GÓRA,2025,6,1,4,16.5,75,12.1,993.4,1016.2,89.0,2.0,,,0,,,8.0,,
2025-06-01 05:00:00,351150400,ZIELONA GÓRA,2025,6,1,5,16.3,78,12.5,993.1,1015.9,134.0,3.0,,7.0,0,,,8.0,,
2025-06-01 06:00:00,351150400,ZIELONA GÓRA,2025,6,1,6,18.0,78,14.1,993.4,1016.1,155.0,4.0,,7.0,3,,,9.0,,
2025-06-01 07:00:00,351150400,ZIELONA GÓRA,2025,6,1,7,21.2,67,14.8,992.9,1015.4,129.0,3.0,,7.0,1,2.0,,8.0,,
2025-06-01 08:00:00,351150400,ZIELONA GÓRA,2025,6,1,8,21.6,67,15.2,993.1,1015.5,164.0,3.0,,7.0,3,2.0,,8.0,,
2025-06-01 09:00:00,351150400,ZIELONA GÓRA,2025,6,1,9,22.5,65,15.6,992.8,1015.2,167.0,3.0,,7.0,3,2.0,,8.0,,
2025-06-01 10:00:00,351150400,ZIELONA GÓRA,2025,6,1,10,22.6,63,15.2,992.3,1014.6,154.0,3.0,,8.0,1,2.0,,8.0,,
2025-06-01 11:00:00,351150400,ZIELONA GÓRA,2025,6,1,11,23.7,60,15.5,991.8,1014.0,182.0,3.0,,8.0,3,2.0,,8.0,,
2025-06-01 12:00:00,351150400,ZIELONA GÓRA,2025,6,1,12,23.5,60,15.3,991.3,1013.5,189.0,3.0,,7.0,1,2.0,,9.0,,
2025-06-01 13:00:00,351150400,ZIELONA GÓRA,2025,6,1,13,24.4,60,16.1,990.3,1012.5,196.0,4.0,,7.0,3,2.0,,8.0,,
2025-06-01 14:00:00,351150400,ZIELONA GÓRA,2025,6,1,14,24.9,52,14.4,989.6,1011.7,222.0,4.0,,7.0,3,2.0,,8.0,,
2025-06-01 15:00:00,351150400,ZIELONA GÓRA,2025,6,1,15,24.6,52,14.1,989.2,1011.3,221.0,4.0,,7.0,1,2.0,,8.0,,
2025-06-01 16:00:00,351150400,ZIELONA GÓRA,2025,6,1,16,25.6,43,12.1,988.8,1010.8,243.0,3.0,,5.0,1,2.0,,8.0,,
2025-06-01 17:00:00,351150400,ZIELONA GÓRA,2025,6,1,17,25.2,44,12.1,988.7,1010.8,248.0,3.0,,5.0,3,2.0,,8.0,,
2025-06-01 18:00:00,351150400,ZIELONA GÓRA,2025,6,1,18,24.1,47,12.1,988.9,1011.0,250.0,2.0,,7.0,3,2.0,,9.0,,
2025-06-01 19:00:00,351150400,ZIELONA GÓRA,2025,6,1,19,21.6,63,14.3,989.1,1011.4,206.0,4.0,10.0,8.0,80,8.0,,8.0,,
2025-06-01 20:00:00,351150400,ZIELONA GÓRA,2025,6,1,20,19.8,75,15.2,989.5,1012.0,223.0,3.0,,7.0,25,2.0,,8.0,,
2025-06-01 21:00:00,351150400,ZIELONA GÓRA,2025,6,1,21,18.5,84,15.7,989.6,1012.2,213.0,4.0,8.0,,0,,,8.0,,
2025-06-01 22:00:00,351150400,ZIELONA GÓRA,2025,6,1,22,17.5,89,15.7,989.7,1012.4,225.0,2.0,,,0,,,8.0,,
2025-06-01 23:00:00,351150400,ZIELONA GÓRA,2025,6,1,23,16.8,81,13.5,989.8,1012.5,250.0,2.0,,,0,,,8.0,,
2025-06-02 00:00:00,351150400,ZIELONA GÓRA,2025,6,2,0,16.2,84,13.5,990.0,1012.8,256.0,3.0,,,0,,0.0,,,
2025-06-02 01:00:00,351150400,ZIELONA GÓRA,2025,6,2,1,15.7,86,13.4,990.3,1013.1,258.0,4.0,,,0,,,8.0,,
2025-06-02 02:00:00,351150400,ZIELONA GÓRA,2025,6,2,2,15.3,89,13.5,990.5,1013.4,274.0,3.0,,,0,,,8.0,,
2025-06-02 03:00:00,351150400,ZIELONA GÓRA,2025,6,2,3,14.8,92,13.5,990.8,1013.7,281.0,3.0,,,0,,,8.0,,
2025-06-02 04:00:00,351150400,ZIELONA GÓRA,2025,6,2,4,15.0,92,13.7,991.4,1014.3,295.0,3.0,,,0,,,8.0,,
2025-06-02 05:00:00,351150400,ZIELONA GÓRA,2025,6,2,5,15.3,90,13.7,992.0,1014.9,297.0,3.0,,7.0,0,,,8.0,,
2025-06-02 06:00:00,351150400,ZIELONA GÓRA,2025,6,2,6,16.0,85,13.5,992.5,1015.4,310.0,1.0,,8.0,1,,,9.0,,
2025-06-02 07:00:00,351150400,ZIELONA GÓRA,2025,6,2,7,17.4,74,12.7,992.9,1015.7,288.0,1.0,,8.0,3,2.0,,8.0,,
2025-06-02 08:00:00,351150400,ZIELONA GÓRA,2025,6,2,8,17.6,73,12.7,993.2,1015.9,169.0,1.0,,8.0,3,2.0,,8.0,,
2025-06-02 09:00:00,351150400,ZIELONA GÓRA,2025,6,2,9,17.7,72,12.6,993.2,1015.9,146.0,1.0,,8.0,3,2.0,,8.0,,
2025-06-02 10:00:00,351150400,ZIELONA GÓRA,2025,6,2,10,18.1,73,13.2,993.4,1016.1,174.0,2.0,,8.0,25,2.0,,8.0,,
2025-06-02 11:00:00,351150400,ZIELONA GÓRA,2025,6,2,11,18.2,69,12.4,993.3,1016.0,196.0,1.0,,8.0,1,2.0,,8.0,,
2025-06-02 12:00:00,351150400,ZIELONA GÓRA,2025,6,2,12,19.9,58,11.4,993.0,1015.6,169.0,3.0,,7.0,3,8.0,0.0,,6.0,
2025-06-02 13:00:00,351150400,ZIELONA GÓRA,2025,6,2,13,21.1,54,11.4,992.2,1014.6,220.0,2.0,,8.0,1,2.0,,8.0,,
2025-06-02 14:00:00,351150400,ZIELONA GÓRA,2025,6,2,14,20.9,53,11.0,992.1,1014.6,235.0,1.0,,8.0,1,2.0,,8.0,,
2025-06-02 15:00:00,351150400,ZIELONA GÓRA,2025,6,2,15,20.0,61,12.2,991.9,1014.4,236.0,1.0,,7.0,80,2.0,,8.0,,
2025-06-02 16:00:00,351150400,ZIELONA GÓRA,2025,6,2,16,20.3,63,13.0,991.5,1014.0,200.0,1.0,,7.0,25,2.0,,8.0,,
2025-06-02 17:00:00,351150400,ZIELONA GÓRA,2025,6,2,17,20.3,56,11.2,991.4,1013.9,225.0,2.0,,8.0,1,2.0,,8.0,,
2025-06-02 18:00:00,351150400,ZIELONA GÓRA,2025,6,2,18,19.1,61,11.4,991.9,1014.5,319.0,2.0,,7.0,3,8.0,0.6,,6.0,
2025-06-02 19:00:00,351150400,ZIELONA GÓRA,2025,6,2,19,17.6,71,12.3,991.9,1014.6,4.0,1.0,,7.0,1,2.0,,8.0,,
2025-06-02 20:00:00,351150400,ZIELONA GÓRA,2025,6,2,20,17.1,72,12.0,992.2,1015.0,13.0,1.0,,7.0,3,2.0,,8.0,,
2025-06-02 21:00:00,351150400,ZIELONA GÓRA,2025,6,2,21,15.7,80,12.3,992.5,1015.4,111.0,1.0,,,0,,,8.0,,
2025-06-02 22:00:00,351150400,ZIELONA GÓRA,2025,6,2,22,16.0,80,12.5,992.3,1015.2,128.0,1.0,,,0,,,8.0,,
2025-06-02 23:00:00,351150400,ZIELONA GÓRA,2025,6,2,23,16.1,80,12.6,992.1,1014.9,98.0,1.0,,,0,,,8.0,,
2025-06-03 00:00:00,351150400,ZIELONA GÓRA,2025,6,3,0,16.6,75,12.1,992.0,1014.8,145.0,2.0,,,0,,,9.0,,
2025-06-03 01:00:00,351150400,ZIELONA GÓRA,2025,6,3,1,16.1,79,12.5,991.7,1014.5,153.0,1.0,,,0,,,8.0,,
2025-06-03 02:00:00,351150400,ZIELONA GÓRA,2025,6,3,2,15.5,81,12.3,991.6,1014.5,193.0,1.0,,,0,,,8.0,,
2025-06-03 03:00:00,351150400,ZIELONA GÓRA,2025,6,3,3,15.1,78,11.3,991.7,1014.6,225.0,1.0,,,0,,,8.0,,
2025-06-03 04:00:00,351150400,ZIELONA GÓRA,2025,6,3,4,15.0,76,10.8,991.9,1014.8,270.0,1.0,,,0,,,8.0,,
2025-06-03 05:00:00,351150400,ZIELONA GÓRA,2025,6,3,5,15.4,78,11.6,992.1,1015.0,287.0,3.0,,4.0,0,,,8.0,,
2025-06-03 06:00:00,351150400,ZIELONA GÓRA,2025,6,3,6,17.1,74,12.4,992.3,1015.1,282.0,2.0,,4.0,1,,,9.0,,
2025-06-03 07:00:00,351150400,ZIELONA GÓRA,2025,6,3,7,17.8,67,11.6,992.8,1015.5,304.0,4.0,,4.0,2,0.0,,8.0,,
2025-06-03 08:00:00,351150400,ZIELONA GÓRA,2025,6,3,8,19.3,60,11.3,992.9,1015.5,320.0,3.0,,3.0,3,0.0,,8.0,,
2025-06-03 09:00:00,351150400,ZIELONA GÓRA,2025,6,3,9,20.1,48,8.7,992.8,1015.3,305.0,3.0,,4.0,3,0.0,,8.0,,
2025-06-03 10:00:00,351150400,ZIELONA GÓRA,2025,6,3,10,22.3,40,8.0,992.6,1015.0,285.0,2.0,,4.0,3,0.0,,8.0,,
2025-06-03 11:00:00,351150400,ZIELONA GÓRA,2025,6,3,11,21.8,36,6.1,992.3,1014.7,223.0,3.0,,3.0,1,0.0,,8.0,,
2025-06-03 12:00:00,351150400,ZIELONA GÓRA,2025,6,3,12,22.6,32,5.1,992.1,1014.4,253.0,2.0,,3.0,1,0.0,,9.0,,
2025-06-03 13:00:00,351150400,ZIELONA GÓRA,2025,6,3,13,23.4,31,5.3,991.9,1014.2,243.0,3.0,,3.0,1,0.0,,8.0,,
2025-06-03 14:00:00,351150400,ZIELONA GÓRA,2025,6,3,14,23.4,31,5.3,991.4,1013.7,221.0,3.0,8.0,2.0,1,0.0,,8.0,,
2025-06-03 15:00:00,351150400,ZIELONA GÓRA,2025,6,3,15,23.2,31,5.1,991.1,1013.4,256.0,3.0,,2.0,2,0.0,,8.0,,
2025-06-03 16:00:00,351150400,ZIELONA GÓRA,2025,6,3,16,23.1,32,5.5,990.7,1013.0,222.0,2.0,,1.0,1,0.0,,8.0,,
2025-06-03 17:00:00,351150400,ZIELONA GÓRA,2025,6,3,17,23.3,32,5.7,990.4,1012.6,223.0,2.0,,1.0,1,0.0,,8.0,,
2025-06-03 18:00:00,351150400,ZIELONA GÓRA,2025,6,3,18,22.4,37,7.0,990.4,1012.7,193.0,2.0,,1.0,3,0.0,,9.0,,
2025-06-03 19:00:00,351150400,ZIELONA GÓRA,2025,6,3,19,20.5,45,8.2,990.4,1012.9,128.0,1.0,,5.0,3,1.0,,8.0,,
2025-06-03 20:00:00,351150400,ZIELONA GÓRA,2025,6,3,20,20.1,46,8.1,990.7,1013.2,134.0,2.0,,5.0,2,2.0,,8.0,,
2025-06-03 21:00:00,351150400,ZIELONA GÓRA,2025,6,3,21,19.4,53,9.6,990.5,1013.0,139.0,2.0,,,0,,,8.0,,
2025-06-03 22:00:00,351150400,ZIELONA GÓRA,2025,6,3,22,17.6,64,10.7,990.2,1012.9,134.0,2.0,,,0,,,8.0,,
2025-06-03 23:00:00,351150400,ZIELONA GÓRA,2025,6,3,23,16.9,72,11.8,990.2,1012.9,134.0,2.0,,,0,,,8.0,,
2025-06-04 00:00:00,351150400,ZIELONA GÓRA,2025,6,4,0,16.6,75,12.1,990.0,1012.7,145.0,2.0,,,0,,,9.0,,
2025-06-04 01:00:00,351150400,ZIELONA GÓRA,2025,6,4,1,16.4,76,12.2,989.7,1012.5,141.0,2.0,,,0,,,8.0,,
2025-06-04 02:00:00,351150400,ZIELONA GÓRA,2025,6,4,2,15.7,79,12.1,989.3,1012.1,141.0,2.0,,,0,,,8.0,,
2025-06-04 03:00:00,351150400,ZIELONA GÓRA,2025,6,4,3,15.4,79,11.8,989.2,1012.0,153.0,2.0,,,0,,,8.0,,
2025-06-04 04:00:00,351150400,ZIELONA GÓRA,2025,6,4,4,15.4,80,12.0,989.3,1012.1,149.0,2.0,,,0,,,8.0,,
2025-06-04 05:00:00,351150400,ZIELONA GÓRA,2025,6,4,5,16.4,77,12.4,989.3,1012.0,152.0,2.0,,7.0,0,,,8.0,,
2025-06-04 06:00:00,351150400,ZIELONA GÓRA,2025,6,4,6,18.2,72,13.1,989.3,1011.9,168.0,2.0,,7.0,1,,,9.0,,
2025-06-04 07:00:00,351150400,ZIELONA GÓRA,2025,6,4,7,20.7,67,14.3,988.9,1011.3,178.0,3.0,,7.0,3,2.0,,8.0,,
2025-06-04 08:00:00,351150400,ZIELONA GÓRA,2025,6,4,8,22.8,58,14.1,988.8,1011.0,205.0,3.0,,7.0,3,2.0,,8.0,,
2025-06-04 09:00:00,351150400,ZIELONA GÓRA,2025,6,4,9,23.6,55,14.0,988.4,1010.6,156.0,3.0,8.0,7.0,3,2.0,,8.0,,
2025-06-04 10:00:00,351150400,ZIELONA GÓRA,2025,6,4,10,24.7,50,13.6,988.4,1010.5,147.0,4.0,,6.0,3,2.0,,8.0,,
2025-06-04 11:00:00,351150400,ZIELONA GÓRA,2025,6,4,11,24.7,48,12.9,988.3,1010.4,184.0,4.0,,7.0,3,2.0,,8.0,,
2025-06-04 12:00:00,351150400,ZIELONA GÓRA,2025,6,4,12,25.8,44,12.6,987.6,1009.6,214.0,4.0,,7.0,1,2.0,,9.0,,
2025-06-04 13:00:00,351150400,ZIELONA GÓRA,2025,6,4,13,25.0,46,12.6,987.4,1009.4,191.0,3.0,,7.0,3,2.0,,8.0,,
2025-06-04 14:00:00,351150400,ZIELONA GÓRA,2025,6,4,14,24.6,51,13.8,987.1,1009.2,207.0,3.0,,7.0,3,2.0,,8.0,,
2025-06-04 15:00:00,351150400,ZIELONA GÓRA,2025,6,4,15,25.7,47,13.5,987.0,1009.0,222.0,4.0,,7.0,1,2.0,,8.0,,
2025-06-04 16:00:00,351150400,ZIELONA GÓRA,2025,6,4,16,25.0,47,12.9,986.2,1008.2,239.0,2.0,,7.0,3,2.0,,8.0,,
2025-06-04 17:00:00,351150400,ZIELONA GÓRA,2025,6,4,17,22.7,58,14.0,986.2,1008.4,155.0,3.0,,7.0,3,2.0,,8.0,,
2025-06-04 18:00:00,351150400,ZIELONA GÓRA,2025,6,4,18,20.1,74,15.3,985.8,1008.2,143.0,2.0,,7.0,1,2.0,,9.0,,
2025-06-04 19:00:00,351150400,ZIELONA GÓRA,2025,6,4,19,19.5,77,15.4,985.4,1007.8,160.0,1.0,,7.0,1,2.0,,8.0,,
2025-06-04 20:00:00,351150400,ZIELONA GÓRA,2025,6,4,20,18.8,84,16.0,986.3,1008.8,138.0,2.0,,7.0,25,2.0,,8.0,,
2025-06-04 21:00:00,351150400,ZIELONA GÓRA,2025,6,4,21,18.0,89,16.2,986.9,1009.5,180.0,1.0,,,23,,,8.0,,
2025-06-04 22:00:00,351150400,ZIELONA GÓRA,2025,6,4,22,18.0,85,15.4,986.5,1009.1,161.0,1.0,,,0,,,8.0,,
2025-06-04 23:00:00,351150400,ZIELONA GÓRA,2025,6,4,23,18.8,79,15.1,986.2,1008.7,246.0,1.0,,,0,,,8.0,,
2025-06-05 00:00:00,351150400,ZIELONA GÓRA,2025,6,5,0,19.4,71,14.0,986.6,1009.1,257.0,2.0,,,0,,0.2,,,
2025-06-05 01:00:00,351150400,ZIELONA GÓRA,2025,6,5,1,18.2,80,14.7,986.7,1009.2,249.0,1.0,,,61,,,8.0,,
2025-06-05 02:00:00,351150400,ZIELONA GÓRA,2025,6,5,2,17.3,83,14.4,986.9,1009.5,232.0,1.0,,,81,,,8.0,,
2025-06-05 03:00:00,351150400,ZIELONA GÓRA,2025,6,5,3,17.0,85,14.5,987.1,1009.8,240.0,1.0,,,81,,,8.0,,
2025-06-05 04:00:00,351150400,ZIELONA GÓRA,2025,6,5,4,16.7,88,14.7,987.5,1010.2,217.0,2.0,,,0,,,8.0,,
2025-06-05 05:00:00,351150400,ZIELONA GÓRA,2025,6,5,5,17.3,86,14.9,987.9,1010.5,216.0,3.0,,3.0,0,,,8.0,,
2025-06-05 06:00:00,351150400,ZIELONA GÓRA,2025,6,5,6,18.4,83,15.5,988.2,1010.8,220.0,3.0,,6.0,3,,0.3,,6.0,
2025-06-05 07:00:00,351150400,ZIELONA GÓRA,2025,6,5,7,19.3,73,14.3,988.5,1011.0,241.0,3.0,,6.0,3,2.0,,8.0,,
2025-06-05 08:00:00,351150400,ZIELONA GÓRA,2025,6,5,8,20.3,68,14.2,988.9,1011.3,232.0,3.0,,6.0,3,2.0,,8.0,,
2025-06-05 09:00:00,351150400,ZIELONA GÓRA,2025,6,5,9,21.8,58,13.2,988.9,1011.2,200.0,4.0,,4.0,1,1.0,,8.0,,
2025-06-05 10:00:00,351150400,ZIELONA GÓRA,2025,6,5,10,21.9,56,12.7,989.1,1011.4,238.0,3.0,,7.0,3,1.0,,8.0,,
2025-06-05 11:00:00,351150400,ZIELONA GÓRA,2025,6,5,11,23.2,51,12.5,989.1,1011.3,219.0,3.0,,6.0,3,2.0,,8.0,,
2025-06-05 12:00:00,351150400,ZIELONA GÓRA,2025,6,5,12,22.5,52,12.1,989.2,1011.5,226.0,3.0,,7.0,1,1.0,,9.0,,
2025-06-05 13:00:00,351150400,ZIELONA GÓRA,2025,6,5,13,22.6,50,11.6,988.9,1011.2,214.0,3.0,,7.0,16,2.0,,8.0,,
2025-06-05 14:00:00,351150400,ZIELONA GÓRA,2025,6,5,14,23.0,47,11.1,989.0,1011.2,207.0,4.0,9.0,7.0,1,2.0,,8.0,,
2025-06-05 15:00:00,351150400,ZIELONA GÓRA,2025,6,5,15,20.4,65,13.6,988.7,1011.1,181.0,3.0,,8.0,1,2.0,,8.0,,
2025-06-05 16:00:00,351150400,ZIELONA GÓRA,2025,6,5,16,21.0,65,14.2,988.4,1010.8,188.0,4.0,,6.0,16,2.0,,8.0,,
2025-06-05 17:00:00,351150400,ZIELONA GÓRA,2025,6,5,17,21.5,59,13.1,988.4,1010.7,237.0,3.0,8.0,3.0,1,1.0,,8.0,,
2025-06-05 18:00:00,351150400,ZIELONA GÓRA,2025,6,5,18,20.1,63,12.8,988.4,1010.8,192.0,3.0,,4.0,1,1.0,,9.0,,
2025-06-05 19:00:00,351150400,ZIELONA GÓRA,2025,6,5,19,18.7,72,13.5,988.4,1010.9,169.0,3.0,,6.0,1,1.0,,8.0,,
2025-06-05 20:00:00,351150400,ZIELONA GÓRA,2025,6,5,20,17.9,75,13.4,988.8,1011.4,177.0,3.0,,7.0,1,2.0,,8.0,,
2025-06-05 21:00:00,351150400,ZIELONA GÓRA,2025,6,5,21,17.7,78,13.8,988.9,1011.5,197.0,3.0,,,0,,,8.0,,
2025-06-05 22:00:00,351150400,ZIELONA GÓRA,2025,6,5,22,17.0,82,13.9,989.1,1011.8,203.0,3.0,,,0,,,8.0,,
2025-06-05 23:00:00,351150400,ZIELONA GÓRA,2025,6,5,23,16.1,86,13.8,989.1,1011.9,207.0,2.0,,,0,,,8.0,,
2025-06-06 00:00:00,351150400,ZIELONA GÓRA,2025,6,6,0,15.1,91,13.6,989.1,1011.9,186.0,2.0,,,0,,,9.0,,
2025-06-06 01:00:00,351150400,ZIELONA GÓRA,2025,6,6,1,14.3,93,13.2,988.9,1011.8,183.0,2.0,,,0,,,8.0,,
2025-06-06 02:00:00,351150400,ZIELONA GÓRA,2025,6,6,2,13.7,95,12.9,988.5,1011.4,157.0,1.0,,,0,,,8.0,,
2025-06-06 03:00:00,351150400,ZIELONA GÓRA,2025,6,6,3,13.9,93,12.8,988.0,1010.9,168.0,2.0,,,0,,,8.0,,
2025-06-06 04:00:00,351150400,ZIELONA GÓRA,2025,6,6,4,13.8,91,12.4,987.6,1010.5,156.0,1.0,,,0,,,8.0,,
2025-06-06 05:00:00,351150400,ZIELONA GÓRA,2025,6,6,5,14.1,89,12.3,987.3,1010.2,150.0,2.0,,7.0,0,,,8.0,,
2025-06-06 06:00:00,351150400,ZIELONA GÓRA,2025,6,6,6,16.3,81,13.0,987.1,1009.8,163.0,3.0,,6.0,1,,,9.0,,
2025-06-06 07:00:00,351150400,ZIELONA GÓRA,2025,6,6,7,18.2,69,12.4,986.6,1009.1,179.0,5.0,,7.0,3,2.0,,8.0,,
2025-06-06 08:00:00,351150400,ZIELONA GÓRA,2025,6,6,8,19.5,61,11.8,986.5,1008.9,206.0,5.0,11.0,7.0,3,2.0,,8.0,,
2025-06-06 09:00:00,351150400,ZIELONA GÓRA,2025,6,6,9,20.8,59,12.5,986.4,1008.7,196.0,4.0,,7.0,3,2.0,,8.0,,
2025-06-06 10:00:00,351150400,ZIELONA GÓRA,2025,6,6,10,20.9,58,12.3,986.8,1009.1,210.0,6.0,,7.0,25,2.0,,8.0,,
2025-06-06 11:00:00,351150400,ZIELONA GÓRA,2025,6,6,11,21.5,59,13.1,986.9,1009.2,210.0,5.0,13.0,7.0,1,2.0,,8.0,,
2025-06-06 12:00:00,351150400,ZIELONA GÓRA,2025,6,6,12,22.4,55,12.9,986.4,1008.6,208.0,5.0,10.0,7.0,3,8.0,0.0,,6.0,
2025-06-06 13:00:00,351150400,ZIELONA GÓRA,2025,6,6,13,21.4,64,14.3,986.9,1009.2,227.0,5.0,10.0,7.0,81,2.0,,8.0,,
2025-06-06 14:00:00,351150400,ZIELONA GÓRA,2025,6,6,14,17.6,85,15.0,987.5,1010.1,240.0,3.0,,7.0,95,8.0,,8.0,,
2025-06-06 15:00:00,351150400,ZIELONA GÓRA,2025,6,6,15,19.7,78,15.8,987.5,1009.9,253.0,3.0,,6.0,1,9.0,,8.0,,
2025-06-06 16:00:00,351150400,ZIELONA GÓRA,2025,6,6,16,21.1,61,13.3,987.8,1010.1,241.0,4.0,9.0,6.0,1,2.0,,8.0,,
2025-06-06 17:00:00,351150400,ZIELONA GÓRA,2025,6,6,17,20.2,58,11.7,988.5,1010.9,247.0,2.0,,6.0,1,2.0,,8.0,,
2025-06-06 18:00:00,351150400,ZIELONA GÓRA,2025,6,6,18,19.7,63,12.5,988.7,1011.2,214.0,2.0,,6.0,3,9.0,2.1,,6.0,
2025-06-06 19:00:00,351150400,ZIELONA GÓRA,2025,6,6,19,19.0,69,13.2,989.0,1011.5,204.0,1.0,,6.0,3,2.0,,8.0,,
2025-06-06 20:00:00,351150400,ZIELONA GÓRA,2025,6,6,20,17.5,73,12.6,989.7,1012.4,206.0,1.0,,1.0,1,1.0,,8.0,,
2025-06-06 21:00:00,351150400,ZIELONA GÓRA,2025,6,6,21,16.7,77,12.6,989.7,1012.4,198.0,1.0,,,0,,,8.0,,
2025-06-06 22:00:00,351150400,ZIELONA GÓRA,2025,6,6,22,15.9,77,11.9,989.9,1012.7,192.0,2.0,,,0,,,8.0,,
2025-06-06 23:00:00,351150400,ZIELONA GÓRA,2025,6,6,23,16.9,64,10.0,990.0,1012.7,249.0,2.0,,,0,,,8.0,,
2025-06-07 00:00:00,351150400,ZIELONA GÓRA,2025,6,7,0,15.5,75,11.1,989.9,1012.7,187.0,2.0,,,0,,,9.0,,
2025-06-07 01:00:00,351150400,ZIELONA GÓRA,2025,6,7,1,14.7,81,11.5,990.0,1012.9,195.0,2.0,,,0,,,8.0,,
2025-06-07 02:00:00,351150400,ZIELONA GÓRA,2025,6,7,2,14.5,83,11.6,989.8,1012.7,209.0,2.0,,,0,,,8.0,,
2025-06-07 03:00:00,351150400,ZIELONA GÓRA,2025,6,7,3,14.0,86,11.7,990.0,1013.0,186.0,2.0,,,0,,,8.0,,
2025-06-07 04:00:00,351150400,ZIELONA GÓRA,2025,6,7,4,14.0,87,11.9,989.7,1012.7,183.0,2.0,,,0,,,8.0,,
2025-06-07 05:00:00,351150400,ZIELONA GÓRA,2025,6,7,5,15.3,83,12.4,989.5,1012.3,179.0,2.0,,7.0,0,,,8.0,,
2025-06-07 06:00:00,351150400,ZIELONA GÓRA,2025,6,7,6,17.3,77,13.2,989.4,1012.1,182.0,3.0,,5.0,1,,,9.0,,
2025-06-07 07:00:00,351150400,ZIELONA GÓRA,2025,6,7,7,19.3,65,12.6,989.3,1011.8,194.0,3.0,,7.0,3,2.0,,8.0,,
2025-06-07 08:00:00,351150400,ZIELONA GÓRA,2025,6,7,8,20.4,59,12.1,988.9,1011.3,181.0,4.0,,6.0,3,2.0,,8.0,,
2025-06-07 09:00:00,351150400,ZIELONA GÓRA,2025,6,7,9,20.4,56,11.3,988.9,1011.3,199.0,4.0,,8.0,3,2.0,,8.0,,
2025-06-07 10:00:00,351150400,ZIELONA GÓRA,2025,6,7,10,20.4,62,12.9,988.5,1010.9,200.0,4.0,,8.0,1,2.0,,8.0,,
2025-06-07 11:00:00,351150400,ZIELONA GÓRA,2025,6,7,11,20.0,62,12.5,988.2,1010.6,188.0,4.0,,8.0,1,2.0,,8.0,,
2025-06-07 12:00:00,351150400,ZIELONA GÓRA,2025,6,7,12,19.7,68,13.6,987.2,1009.6,175.0,4.0,,8.0,1,2.0,,9.0,,
2025-06-07 13:00:00,351150400,ZIELONA GÓRA,2025,6,7,13,20.4,69,14.5,986.7,1009.1,184.0,5.0,11.0,7.0,3,2.0,,8.0,,
2025-06-07 14:00:00,351150400,ZIELONA GÓRA,2025,6,7,14,20.9,66,14.3,986.1,1008.4,182.0,4.0,,7.0,3,2.0,,8.0,,
2025-06-07 15:00:00,351150400,ZIELONA GÓRA,2025,6,7,15,21.6,60,13.5,985.1,1007.3,176.0,5.0,,7.0,3,2.0,,8.0,,
2025-06-07 16:00:00,351150400,ZIELONA GÓRA,2025,6,7,16,20.9,62,13.3,984.8,1007.1,189.0,5.0,,7.0,3,2.0,,8.0,,
2025-06-07 17:00:00,351150400,ZIELONA GÓRA,2025,6,7,17,16.0,85,13.5,986.3,1009.0,299.0,5.0,,7.0,95,2.0,,8.0,,
2025-06-07 18:00:00,351150400,ZIELONA GÓRA,2025,6,7,18,15.4,94,14.4,986.5,1009.3,258.0,2.0,,8.0,80,9.0,5.6,,6.0,
2025-06-07 19:00:00,351150400,ZIELONA GÓRA,2025,6,7,19,14.9,97,14.4,986.6,1009.4,183.0,2.0,,8.0,46,8.0,,8.0,,
2025-06-07 20:00:00,351150400,ZIELONA GÓRA,2025,6,7,20,14.8,92,13.5,987.6,1010.4,218.0,4.0,,7.0,80,2.0,,8.0,,
2025-06-07 21:00:00,351150400,ZIELONA GÓRA,2025,6,7,21,14.2,90,12.6,987.9,1010.8,227.0,3.0,,,23,,,8.0,,
2025-06-07 22:00:00,351150400,ZIELONA GÓRA,2025,6,7,22,13.5,94,12.6,988.2,1011.2,218.0,3.0,,,0,,,8.0,,
2025-06-07 23:00:00,351150400,ZIELONA GÓRA,2025,6,7,23,13.0,95,12.2,988.2,1011.2,208.0,3.0,,,0,,,8.0,,
2025-06-08 00:00:00,351150400,ZIELONA GÓRA,2025,6,8,0,12.3,97,11.8,988.0,1011.0,192.0,2.0,,,0,,0.5,,,
2025-06-08 01:00:00,351150400,ZIELONA GÓRA,2025,6,8,1,12.0,97,11.5,987.9,1011.0,179.0,2.0,,,0,,,8.0,,
2025-06-08 02:00:00,351150400,ZIELONA GÓRA,2025,6,8,2,11.8,96,11.2,987.6,1010.7,177.0,2.0,,,0,,,8.0,,
2025-06-08 03:00:00,351150400,ZIELONA GÓRA,2025,6,8,3,11.5,97,11.0,987.3,1010.4,157.0,2.0,,,10,,,8.0,,
2025-06-08 04:00:00,351150400,ZIELONA GÓRA,2025,6,8,4,11.5,95,10.7,987.5,1010.6,177.0,2.0,,,0,,,8.0,,
2025-06-08 05:00:00,351150400,ZIELONA GÓRA,2025,6,8,5,12.5,94,11.6,987.1,1010.1,180.0,2.0,,1.0,0,,,8.0,,
2025-06-08 06:00:00,351150400,ZIELONA GÓRA,2025,6,8,6,13.5,94,12.6,986.9,1009.8,149.0,2.0,,5.0,3,,,9.0,,
2025-06-08 07:00:00,351150400,ZIELONA GÓRA,2025,6,8,7,14.7,90,13.1,986.8,1009.6,173.0,3.0,,7.0,3,2.0,,8.0,,
2025-06-08 08:00:00,351150400,ZIELONA GÓRA,2025,6,8,8,15.3,88,13.3,986.3,1009.1,170.0,3.0,,7.0,3,2.0,,8.0,,
2025-06-08 09:00:00,351150400,ZIELONA GÓRA,2025,6,8,9,15.9,85,13.4,985.7,1008.4,172.0,3.0,,7.0,3,2.0,,8.0,,
2025-06-08 10:00:00,351150400,ZIELONA GÓRA,2025,6,8,10,18.0,71,12.7,985.1,1007.6,179.0,4.0,,8.0,3,2.0,,8.0,,
2025-06-08 11:00:00,351150400,ZIELONA GÓRA,2025,6,8,11,12.5,91,11.1,985.7,1008.7,221.0,6.0,11.0,8.0,95,9.0,,8.0,,
2025-06-08 12:00:00,351150400,ZIELONA GÓRA,2025,6,8,12,14.4,88,12.4,985.4,1008.2,185.0,4.0,9.0,7.0,29,8.0,2.4,,6.0,
2025-06-08 13:00:00,351150400,ZIELONA GÓRA,2025,6,8,13,16.5,76,12.3,985.2,1007.8,213.0,3.0,8.0,5.0,1,2.0,,8.0,,
2025-06-08 14:00:00,351150400,ZIELONA GÓRA,2025,6,8,14,17.2,69,11.5,985.1,1007.7,210.0,3.0,,7.0,80,2.0,,8.0,,
2025-06-08 15:00:00,351150400,ZIELONA GÓRA,2025,6,8,15,13.1,85,10.6,985.7,1008.6,219.0,3.0,8.0,7.0,29,8.0,,8.0,,
2025-06-08 16:00:00,351150400,ZIELONA GÓRA,2025,6,8,16,15.6,82,12.5,985.9,1008.6,225.0,3.0,,4.0,1,1.0,,8.0,,
2025-06-08 17:00:00,351150400,ZIELONA GÓRA,2025,6,8,17,12.5,84,9.9,986.7,1009.7,251.0,4.0,11.0,7.0,80,1.0,,8.0,,
2025-06-08 18:00:00,351150400,ZIELONA GÓRA,2025,6,8,18,13.4,80,10.0,987.5,1010.4,238.0,3.0,,4.0,25,9.0,5.6,,6.0,
2025-06-08 19:00:00,351150400,ZIELONA GÓRA,2025,6,8,19,12.8,74,8.3,988.6,1011.6,265.0,3.0,,4.0,25,0.0,,8.0,,
2025-06-08 20:00:00,351150400,ZIELONA GÓRA,2025,6,8,20,12.4,76,8.3,989.5,1012.6,251.0,3.0,8.0,6.0,3,1.0,,8.0,,
2025-06-08 21:00:00,351150400,ZIELONA GÓRA,2025,6,8,21,12.1,76,8.0,990.3,1013.4,252.0,4.0,9.0,,0,,,8.0,,
2025-06-08 22:00:00,351150400,ZIELONA GÓRA,2025,6,8,22,11.5,79,8.0,991.2,1014.4,247.0,3.0,8.0,,0,,,8.0,,
2025-06-08 23:00:00,351150400,ZIELONA GÓRA,2025,6,8,23,11.0,82,8.0,991.8,1015.0,254.0,4.0,9.0,,0,,,8.0,,
2025-06-09 00:00:00,351150400,ZIELONA GÓRA,2025,6,9,0,10.2,90,8.6,992.3,1015.6,256.0,5.0,10.0,,82,,0.4,,,
2025-06-09 01:00:00,351150400,ZIELONA GÓRA,2025,6,9,1,10.0,93,8.9,992.7,1016.1,261.0,5.0,10.0,,61,,,8.0,,
2025-06-09 02:00:00,351150400,ZIELONA GÓRA,2025,6,9,2,9.9,92,8.7,993.3,1016.7,264.0,5.0,,,0,,,8.0,,
2025-06-09 03:00:00,351150400,ZIELONA GÓRA,2025,6,9,3,10.0,89,8.3,994.2,1017.6,259.0,4.0,,,0,,,8.0,,
2025-06-09 04:00:00,351150400,ZIELONA GÓRA,2025,6,9,4,10.2,88,8.3,995.0,1018.4,255.0,3.0,,,0,,,8.0,,
2025-06-09 05:00:00,351150400,ZIELONA GÓRA,2025,6,9,5,10.6,85,8.2,995.7,1019.1,258.0,4.0,9.0,7.0,0,,,8.0,,
2025-06-09 06:00:00,351150400,ZIELONA GÓRA,2025,6,9,6,11.0,82,8.0,996.4,1019.8,252.0,3.0,9.0,7.0,2,,0.4,,6.0,
2025-06-09 07:00:00,351150400,ZIELONA GÓRA,2025,6,9,7,10.9,85,8.5,997.1,1020.5,262.0,4.0,,8.0,80,2.0,,8.0,,
2025-06-09 08:00:00,351150400,ZIELONA GÓRA,2025,6,9,8,11.3,89,9.6,997.8,1021.2,253.0,3.0,,7.0,25,2.0,,8.0,,
2025-06-09 09:00:00,351150400,ZIELONA GÓRA,2025,6,9,9,12.9,74,8.4,998.2,1021.4,259.0,3.0,8.0,7.0,3,8.0,,8.0,,
2025-06-09 10:00:00,351150400,ZIELONA GÓRA,2025,6,9,10,14.3,58,6.1,998.7,1021.8,257.0,4.0,9.0,8.0,1,2.0,,8.0,,
2025-06-09 11:00:00,351150400,ZIELONA GÓRA,2025,6,9,11,14.2,58,6.0,999.0,1022.2,264.0,5.0,,8.0,1,2.0,,8.0,,
2025-06-09 12:00:00,351150400,ZIELONA GÓRA,2025,6,9,12,14.7,57,6.3,999.0,1022.1,244.0,5.0,,8.0,3,8.0,1.4,,6.0,
2025-06-09 13:00:00,351150400,ZIELONA GÓRA,2025,6,9,13,15.2,56,6.5,999.0,1022.1,254.0,4.0,10.0,8.0,1,2.0,,8.0,,
2025-06-09 14:00:00,351150400,ZIELONA GÓRA,2025,6,9,14,16.1,50,5.7,999.3,1022.3,276.0,5.0,,7.0,1,2.0,,8.0,,
2025-06-09 15:00:00,351150400,ZIELONA GÓRA,2025,6,9,15,17.0,47,5.6,999.1,1022.0,248.0,3.0,,7.0,1,2.0,,8.0,,
2025-06-09 16:00:00,351150400,ZIELONA GÓRA,2025,6,9,16,16.5,46,4.8,999.0,1022.0,274.0,4.0,,6.0,3,2.0,,8.0,,
2025-06-09 17:00:00,351150400,ZIELONA GÓRA,2025,6,9,17,16.8,44,4.5,999.2,1022.1,272.0,3.0,,3.0,1,1.0,,8.0,,
2025-06-09 18:00:00,351150400,ZIELONA GÓRA,2025,6,9,18,16.0,53,6.4,999.7,1022.7,244.0,1.0,,3.0,1,1.0,,9.0,,
2025-06-09 19:00:00,351150400,ZIELONA GÓRA,2025,6,9,19,13.9,65,7.4,999.9,1023.1,184.0,1.0,,2.0,1,0.0,,8.0,,
2025-06-09 20:00:00,351150400,ZIELONA GÓRA,2025,6,9,20,12.7,73,8.0,1000.2,1023.5,221.0,2.0,,1.0,1,0.0,,8.0,,
2025-06-09 21:00:00,351150400,ZIELONA GÓRA,2025,6,9,21,11.2,81,8.1,999.9,1023.3,163.0,2.0,,,0,,,8.0,,
2025-06-09 22:00:00,351150400,ZIELONA GÓRA,2025,6,9,22,10.5,86,8.3,999.9,1023.4,181.0,2.0,,,0,,,8.0,,
2025-06-09 23:00:00,351150400,ZIELONA GÓRA,2025,6,9,23,10.3,87,8.2,999.6,1023.1,189.0,2.0,,,0,,,8.0,,
2025-06-10 00:00:00,351150400,ZIELONA GÓRA,2025,6,10,0,9.8,89,8.1,999.4,1022.9,172.0,2.0,,,0,,,9.0,,
2025-06-10 01:00:00,351150400,ZIELONA GÓRA,2025,6,10,1,9.3,91,7.9,999.0,1022.6,150.0,2.0,,,0,,,8.0,,
2025-06-10 02:00:00,351150400,ZIELONA GÓRA,2025,6,10,2,9.5,89,7.8,998.5,1022.0,167.0,2.0,,,0,,,8.0,,
2025-06-10 03:00:00,351150400,ZIELONA GÓRA,2025,6,10,3,9.8,84,7.2,998.1,1021.6,171.0,2.0,,,0,,,8.0,,
2025-06-10 04:00:00,351150400,ZIELONA GÓRA,2025,6,10,4,10.1,82,7.2,997.9,1021.4,154.0,2.0,,,0,,,8.0,,
2025-06-10 05:00:00,351150400,ZIELONA GÓRA,2025,6,10,5,10.7,78,7.0,997.6,1021.0,143.0,2.0,,7.0,0,,,8.0,,
2025-06-10 06:00:00,351150400,ZIELONA GÓRA,2025,6,10,6,12.0,76,7.9,997.3,1020.6,155.0,2.0,,7.0,3,,,9.0,,
2025-06-10 07:00:00,351150400,ZIELONA GÓRA,2025,6,10,7,14.2,66,7.9,996.9,1020.0,170.0,3.0,,7.0,3,2.0,,8.0,,
2025-06-10 08:00:00,351150400,ZIELONA GÓRA,2025,6,10,8,16.1,55,7.0,996.2,1019.1,190.0,3.0,,7.0,3,2.0,,8.0,,
2025-06-10 09:00:00,351150400,ZIELONA GÓRA,2025,6,10,9,17.2,53,7.5,995.3,1018.1,185.0,4.0,,8.0,1,2.0,,8.0,,
2025-06-10 10:00:00,351150400,ZIELONA GÓRA,2025,6,10,10,18.4,50,7.8,994.5,1017.2,181.0,4.0,,8.0,3,2.0,,8.0,,
2025-06-10 11:00:00,351150400,ZIELONA GÓRA,2025,6,10,11,18.5,46,6.7,993.7,1016.4,193.0,4.0,,8.0,3,2.0,,8.0,,
2025-06-10 12:00:00,351150400,ZIELONA GÓRA,2025,6,10,12,19.0,47,7.4,992.6,1015.2,211.0,3.0,,8.0,3,2.0,,9.0,,
2025-06-10 13:00:00,351150400,ZIELONA GÓRA,2025,6,10,13,19.6,45,7.3,992.0,1014.6,203.0,3.0,,8.0,3,2.0,,8.0,,
2025-06-10 14:00:00,351150400,ZIELONA GÓRA,2025,6,10,14,19.0,52,8.9,990.7,1013.3,169.0,3.0,,8.0,1,2.0,,8.0,,
2025-06-10 15:00:00,351150400,ZIELONA GÓRA,2025,6,10,15,19.0,54,9.5,990.0,1012.6,188.0,2.0,,7.0,3,2.0,,8.0,,
2025-06-10 16:00:00,351150400,ZIELONA GÓRA,2025,6,10,16,16.7,68,10.8,990.3,1013.0,262.0,4.0,,8.0,80,8.0,,8.0,,
2025-06-10 17:00:00,351150400,ZIELONA GÓRA,2025,6,10,17,16.0,69,10.3,989.8,1012.6,244.0,2.0,,8.0,25,2.0,,8.0,,
2025-06-10 18:00:00,351150400,ZIELONA GÓRA,2025,6,10,18,15.0,77,11.0,989.6,1012.5,228.0,1.0,,7.0,25,8.0,0.4,,6.0,
2025-06-10 19:00:00,351150400,ZIELONA GÓRA,2025,6,10,19,14.1,88,12.1,989.7,1012.6,235.0,1.0,,8.0,80,8.0,,8.0,,
2025-06-10 20:00:00,351150400,ZIELONA GÓRA,2025,6,10,20,13.7,93,12.6,989.9,1012.9,274.0,3.0,,8.0,25,8.0,,8.0,,
2025-06-10 21:00:00,351150400,ZIELONA GÓRA,2025,6,10,21,13.4,94,12.5,989.9,1012.9,265.0,3.0,,,23,,,8.0,,
2025-06-10 22:00:00,351150400,ZIELONA GÓRA,2025,6,10,22,13.4,93,12.3,990.0,1013.0,250.0,3.0,,,0,,,8.0,,
2025-06-10 23:00:00,351150400,ZIELONA GÓRA,2025,6,10,23,13.4,92,12.1,989.9,1012.9,256.0,3.0,,,0,,,8.0,,
2025-06-11 00:00:00,351150400,ZIELONA GÓRA,2025,6,11,0,13.2,92,11.9,990.0,1013.0,259.0,4.0,,,0,,0.4,,,
2025-06-11 01:00:00,351150400,ZIELONA GÓRA,2025,6,11,1,13.1,90,11.5,990.0,1013.0,254.0,4.0,,,0,,,8.0,,
2025-06-11 02:00:00,351150400,ZIELONA GÓRA,2025,6,11,2,12.8,90,11.2,990.3,1013.4,261.0,4.0,,,0,,,8.0,,
2025-06-11 03:00:00,351150400,ZIELONA GÓRA,2025,6,11,3,12.2,94,11.3,991.0,1014.1,268.0,4.0,,,62,,,8.0,,
2025-06-11 04:00:00,351150400,ZIELONA GÓRA,2025,6,11,4,11.8,93,10.7,991.8,1015.0,276.0,4.0,,,23,,,8.0,,
2025-06-11 05:00:00,351150400,ZIELONA GÓRA,2025,6,11,5,11.5,88,9.6,992.8,1016.0,285.0,4.0,,8.0,0,,,8.0,,
2025-06-11 06:00:00,351150400,ZIELONA GÓRA,2025,6,11,6,11.7,85,9.3,993.6,1016.8,284.0,4.0,,8.0,1,,0.6,,6.0,
2025-06-11 07:00:00,351150400,ZIELONA GÓRA,2025,6,11,7,12.1,82,9.1,994.5,1017.7,283.0,4.0,,8.0,2,2.0,,8.0,,
2025-06-11 08:00:00,351150400,ZIELONA GÓRA,2025,6,11,8,12.9,78,9.2,994.9,1018.1,287.0,4.0,,8.0,2,2.0,,8.0,,
2025-06-11 09:00:00,351150400,ZIELONA GÓRA,2025,6,11,9,13.9,66,7.6,995.8,1018.9,293.0,5.0,10.0,8.0,3,2.0,,8.0,,
2025-06-11 10:00:00,351150400,ZIELONA GÓRA,2025,6,11,10,14.3,66,8.0,996.4,1019.5,283.0,3.0,,7.0,1,2.0,,8.0,,
2025-06-11 11:00:00,351150400,ZIELONA GÓRA,2025,6,11,11,14.4,65,7.9,997.1,1020.2,266.0,3.0,,8.0,1,2.0,,8.0,,
2025-06-11 12:00:00,351150400,ZIELONA GÓRA,2025,6,11,12,16.0,58,7.7,997.3,1020.3,266.0,5.0,,7.0,1,2.0,,9.0,,
2025-06-11 13:00:00,351150400,ZIELONA GÓRA,2025,6,11,13,16.6,54,7.2,997.4,1020.3,281.0,5.0,,6.0,3,2.0,,8.0,,
2025-06-11 14:00:00,351150400,ZIELONA GÓRA,2025,6,11,14,16.8,50,6.3,997.4,1020.3,296.0,4.0,,4.0,1,1.0,,8.0,,
2025-06-11 15:00:00,351150400,ZIELONA GÓRA,2025,6,11,15,17.9,44,5.5,997.3,1020.1,300.0,4.0,,3.0,1,1.0,,8.0,,
2025-06-11 16:00:00,351150400,ZIELONA GÓRA,2025,6,11,16,17.8,46,6.0,997.4,1020.2,314.0,4.0,,3.0,1,0.0,,8.0,,
2025-06-11 17:00:00,351150400,ZIELONA GÓRA,2025,6,11,17,18.1,44,5.6,997.5,1020.3,285.0,4.0,,3.0,1,0.0,,8.0,,
2025-06-11 18:00:00,351150400,ZIELONA GÓRA,2025,6,11,18,17.7,45,5.6,997.7,1020.5,312.0,2.0,,4.0,1,1.0,,9.0,,
2025-06-11 19:00:00,351150400,ZIELONA GÓRA,2025,6,11,19,16.3,51,6.1,998.1,1021.1,311.0,1.0,,2.0,1,0.0,,8.0,,
2025-06-11 20:00:00,351150400,ZIELONA GÓRA,2025,6,11,20,14.0,60,6.4,998.7,1021.9,300.0,1.0,,2.0,1,0.0,,8.0,,
2025-06-11 21:00:00,351150400,ZIELONA GÓRA,2025,6,11,21,13.5,62,6.4,998.8,1022.0,306.0,1.0,,,0,,,8.0,,
2025-06-11 22:00:00,351150400,ZIELONA GÓRA,2025,6,11,22,13.1,63,6.2,999.0,1022.2,319.0,1.0,,,0,,,8.0,,
2025-06-11 23:00:00,351150400,ZIELONA GÓRA,2025,6,11,23,12.9,64,6.2,999.1,1022.4,309.0,1.0,,,0,,,8.0,,
2025-06-12 00:00:00,351150400,ZIELONA GÓRA,2025,6,12,0,12.4,66,6.2,999.5,1022.8,341.0,2.0,,,0,,,9.0,,
2025-06-12 01:00:00,351150400,ZIELONA GÓRA,2025,6,12,1,11.2,72,6.3,999.7,1023.1,344.0,1.0,,,0,,,8.0,,
2025-06-12 02:00:00,351150400,ZIELONA GÓRA,2025,6,12,2,10.9,72,6.0,999.8,1023.2,357.0,1.0,,,0,,,8.0,,
2025-06-12 03:00:00,351150400,ZIELONA GÓRA,2025,6,12,3,10.7,72,5.9,999.8,1023.3,1.0,1.0,,,0,,,8.0,,
2025-06-12 04:00:00,351150400,ZIELONA GÓRA,2025,6,12,4,10.6,77,6.7,1000.0,1023.5,340.0,2.0,,,0,,,8.0,,
2025-06-12 05:00:00,351150400,ZIELONA GÓRA,2025,6,12,5,12.9,68,7.1,1000.3,1023.6,4.0,1.0,,1.0,0,,,8.0,,
2025-06-12 06:00:00,351150400,ZIELONA GÓRA,2025,6,12,6,14.0,68,8.2,1000.6,1023.8,38.0,1.0,,1.0,2,,,9.0,,
2025-06-12 07:00:00,351150400,ZIELONA GÓRA,2025,6,12,7,15.3,60,7.6,1000.9,1024.0,357.0,2.0,,1.0,2,0.0,,8.0,,
2025-06-12 08:00:00,351150400,ZIELONA GÓRA,2025,6,12,8,16.4,49,5.6,1001.1,1024.1,353.0,1.0,,1.0,3,0.0,,8.0,,
2025-06-12 09:00:00,351150400,ZIELONA GÓRA,2025,6,12,9,17.5,42,4.4,1001.2,1024.1,297.0,2.0,,1.0,2,0.0,,8.0,,
2025-06-12 10:00:00,351150400,ZIELONA GÓRA,2025,6,12,10,18.4,41,4.9,1001.2,1024.1,43.0,2.0,,1.0,2,0.0,,8.0,,
2025-06-12 11:00:00,351150400,ZIELONA GÓRA,2025,6,12,11,19.2,32,2.1,1001.0,1023.8,321.0,2.0,,1.0,2,0.0,,8.0,,
2025-06-12 12:00:00,351150400,ZIELONA GÓRA,2025,6,12,12,19.7,31,2.1,1000.9,1023.7,42.0,2.0,,1.0,1,0.0,,9.0,,
2025-06-12 13:00:00,351150400,ZIELONA GÓRA,2025,6,12,13,20.5,32,3.2,1000.6,1023.3,342.0,2.0,,1.0,2,0.0,,8.0,,
2025-06-12 14:00:00,351150400,ZIELONA GÓRA,2025,6,12,14,21.0,36,5.3,1000.5,1023.1,355.0,3.0,,1.0,1,0.0,,8.0,,
2025-06-12 15:00:00,351150400,ZIELONA GÓRA,2025,6,12,15,21.1,38,6.2,1000.4,1023.0,357.0,2.0,,1.0,2,0.0,,8.0,,
2025-06-12 16:00:00,351150400,ZIELONA GÓRA,2025,6,12,16,20.7,39,6.2,1000.1,1022.8,330.0,3.0,,1.0,2,0.0,,8.0,,
2025-06-12 17:00:00,351150400,ZIELONA GÓRA,2025,6,12,17,20.4,38,5.6,1000.3,1023.0,37.0,2.0,,1.0,1,0.0,,8.0,,
2025-06-12 18:00:00,351150400,ZIELONA GÓRA,2025,6,12,18,19.9,39,5.5,1000.5,1023.2,28.0,2.0,,1.0,2,0.0,,9.0,,
2025-06-12 19:00:00,351150400,ZIELONA GÓRA,2025,6,12,19,18.4,45,6.2,1001.0,1023.9,21.0,1.0,,1.0,2,0.0,,8.0,,
2025-06-12 20:00:00,351150400,ZIELONA GÓRA,2025,6,12,20,16.8,50,6.3,1001.5,1024.5,21.0,2.0,,1.0,2,0.0,,8.0,,
2025-06-12 21:00:00,351150400,ZIELONA GÓRA,2025,6,12,21,15.6,47,4.3,1002.0,1025.1,45.0,3.0,,,0,,,8.0,,
2025-06-12 22:00:00,351150400,ZIELONA GÓRA,2025,6,12,22,14.4,49,3.8,1002.7,1025.9,31.0,2.0,,,0,,,8.0,,
2025-06-12 23:00:00,351150400,ZIELONA GÓRA,2025,6,12,23,13.0,57,4.7,1002.7,1026.0,47.0,3.0,,,0,,,8.0,,
2025-06-13 00:00:00,351150400,ZIELONA GÓRA,2025,6,13,0,12.2,63,5.4,1003.1,1026.5,53.0,4.0,,,0,,,9.0,,
2025-06-13 01:00:00,351150400,ZIELONA GÓRA,2025,6,13,1,12.0,68,6.3,1003.3,1026.7,65.0,3.0,,,0,,,8.0,,
2025-06-13 02:00:00,351150400,ZIELONA GÓRA,2025,6,13,2,11.4,73,6.7,1003.3,1026.8,69.0,3.0,,,0,,,8.0,,
2025-06-13 03:00:00,351150400,ZIELONA GÓRA,2025,6,13,3,10.7,77,6.8,1003.7,1027.2,89.0,2.0,,,0,,,8.0,,
2025-06-13 04:00:00,351150400,ZIELONA GÓRA,2025,6,13,4,10.8,77,6.9,1004.1,1027.7,85.0,2.0,,,0,,,8.0,,
2025-06-13 05:00:00,351150400,ZIELONA GÓRA,2025,6,13,5,12.0,70,6.7,1004.7,1028.2,87.0,2.0,,0.0,0,,,8.0,,
2025-06-13 06:00:00,351150400,ZIELONA GÓRA,2025,6,13,6,13.4,59,5.5,1005.3,1028.7,94.0,2.0,,1.0,3,,,9.0,,
2025-06-13 07:00:00,351150400,ZIELONA GÓRA,2025,6,13,7,14.2,53,4.7,1005.4,1028.7,65.0,3.0,,0.0,1,0.0,,8.0,,
2025-06-13 08:00:00,351150400,ZIELONA GÓRA,2025,6,13,8,16.0,45,4.1,1005.7,1028.9,75.0,2.0,,0.0,2,0.0,,8.0,,
2025-06-13 09:00:00,351150400,ZIELONA GÓRA,2025,6,13,9,17.4,42,4.3,1005.8,1028.8,115.0,2.0,,0.0,2,0.0,,8.0,,
2025-06-13 10:00:00,351150400,ZIELONA GÓRA,2025,6,13,10,18.0,42,4.9,1005.7,1028.7,114.0,2.0,,1.0,3,0.0,,8.0,,
2025-06-13 11:00:00,351150400,ZIELONA GÓRA,2025,6,13,11,19.2,38,4.5,1005.4,1028.3,95.0,2.0,,1.0,2,0.0,,8.0,,
2025-06-13 12:00:00,351150400,ZIELONA GÓRA,2025,6,13,12,19.9,37,4.8,1005.1,1027.9,79.0,2.0,,1.0,2,0.0,,9.0,,
2025-06-13 13:00:00,351150400,ZIELONA GÓRA,2025,6,13,13,21.0,40,6.9,1004.8,1027.5,122.0,2.0,,1.0,2,0.0,,8.0,,
2025-06-13 14:00:00,351150400,ZIELONA GÓRA,2025,6,13,14,21.1,39,6.6,1004.6,1027.3,67.0,3.0,,0.0,1,0.0,,8.0,,
2025-06-13 15:00:00,351150400,ZIELONA GÓRA,2025,6,13,15,21.6,40,7.4,1004.3,1027.0,54.0,3.0,,1.0,3,0.0,,8.0,,
2025-06-13 16:00:00,351150400,ZIELONA GÓRA,2025,6,13,16,21.4,41,7.6,1003.9,1026.6,85.0,3.0,,1.0,2,0.0,,8.0,,
2025-06-13 17:00:00,351150400,ZIELONA GÓRA,2025,6,13,17,20.9,44,8.2,1003.7,1026.4,82.0,2.0,,1.0,2,0.0,,8.0,,
2025-06-13 18:00:00,351150400,ZIELONA GÓRA,2025,6,13,18,20.1,48,8.7,1003.5,1026.3,78.0,2.0,,1.0,2,0.0,,9.0,,
2025-06-13 19:00:00,351150400,ZIELONA GÓRA,2025,6,13,19,18.6,55,9.4,1003.6,1026.5,68.0,2.0,,1.0,2,0.0,,8.0,,
2025-06-13 20:00:00,351150400,ZIELONA GÓRA,2025,6,13,20,16.7,64,9.9,1003.8,1026.9,88.0,1.0,,1.0,2,0.0,,8.0,,
2025-06-13 21:00:00,351150400,ZIELONA GÓRA,2025,6,13,21,16.5,65,9.9,1003.7,1026.8,88.0,1.0,,,0,,,8.0,,
2025-06-13 22:00:00,351150400,ZIELONA GÓRA,2025,6,13,22,16.2,66,9.8,1003.6,1026.7,95.0,2.0,,,0,,,8.0,,
2025-06-13 23:00:00,351150400,ZIELONA GÓRA,2025,6,13,23,15.5,69,9.8,1003.2,1026.3,110.0,2.0,,,0,,,8.0,,
2025-06-14 00:00:00,351150400,ZIELONA GÓRA,2025,6,14,0,14.7,72,9.7,1002.9,1026.1,112.0,2.0,,,0,,,9.0,,
2025-06-14 01:00:00,351150400,ZIELONA GÓRA,2025,6,14,1,14.0,77,10.0,1002.7,1026.0,116.0,2.0,,,0,,,8.0,,
2025-06-14 02:00:00,351150400,ZIELONA GÓRA,2025,6,14,2,13.4,81,10.2,1002.4,1025.7,119.0,2.0,,,0,,,8.0,,
2025-06-14 03:00:00,351150400,ZIELONA GÓRA,2025,6,14,3,12.8,83,10.0,1002.7,1026.1,89.0,1.0,,,0,,,8.0,,
2025-06-14 04:00:00,351150400,ZIELONA GÓRA,2025,6,14,4,13.6,80,10.2,1002.8,1026.1,107.0,2.0,,,0,,,8.0,,
2025-06-14 05:00:00,351150400,ZIELONA GÓRA,2025,6,14,5,14.9,76,10.7,1002.8,1026.0,117.0,2.0,,1.0,0,,,8.0,,
2025-06-14 06:00:00,351150400,ZIELONA GÓRA,2025,6,14,6,16.7,69,11.0,1002.8,1025.8,116.0,3.0,,1.0,2,,,9.0,,
2025-06-14 07:00:00,351150400,ZIELONA GÓRA,2025,6,14,7,18.4,63,11.2,1003.0,1025.9,116.0,3.0,,1.0,2,0.0,,8.0,,
2025-06-14 08:00:00,351150400,ZIELONA GÓRA,2025,6,14,8,19.8,59,11.6,1002.7,1025.5,109.0,4.0,,1.0,3,0.0,,8.0,,
2025-06-14 09:00:00,351150400,ZIELONA GÓRA,2025,6,14,9,20.6,53,10.7,1002.4,1025.1,123.0,4.0,,1.0,3,0.0,,8.0,,
2025-06-14 10:00:00,351150400,ZIELONA GÓRA,2025,6,14,10,21.7,48,10.2,1001.9,1024.5,97.0,3.0,,0.0,1,0.0,,8.0,,
2025-06-14 11:00:00,351150400,ZIELONA GÓRA,2025,6,14,11,23.0,45,10.4,1001.5,1024.0,89.0,3.0,,1.0,3,0.0,,8.0,,
2025-06-14 12:00:00,351150400,ZIELONA GÓRA,2025,6,14,12,23.8,42,10.1,1000.6,1023.0,92.0,3.0,,1.0,2,0.0,,9.0,,
2025-06-14 13:00:00,351150400,ZIELONA GÓRA,2025,6,14,13,24.8,42,11.0,1000.2,1022.5,134.0,3.0,,0.0,1,0.0,,8.0,,
2025-06-14 14:00:00,351150400,ZIELONA GÓRA,2025,6,14,14,24.9,40,10.4,999.8,1022.1,140.0,3.0,,0.0,2,0.0,,8.0,,
2025-06-14 15:00:00,351150400,ZIELONA GÓRA,2025,6,14,15,24.8,39,9.9,999.5,1021.8,129.0,3.0,,0.0,2,0.0,,8.0,,
2025-06-14 16:00:00,351150400,ZIELONA GÓRA,2025,6,14,16,24.6,39,9.7,998.9,1021.2,135.0,3.0,,0.0,2,0.0,,8.0,,
2025-06-14 17:00:00,351150400,ZIELONA GÓRA,2025,6,14,17,24.3,40,9.8,998.8,1021.1,128.0,3.0,,0.0,2,0.0,,8.0,,
2025-06-14 18:00:00,351150400,ZIELONA GÓRA,2025,6,14,18,23.2,41,9.2,998.5,1020.9,129.0,3.0,,0.0,2,0.0,,9.0,,
2025-06-14 19:00:00,351150400,ZIELONA GÓRA,2025,6,14,19,21.3,54,11.6,998.4,1021.0,111.0,1.0,,1.0,3,0.0,,8.0,,
2025-06-14 20:00:00,351150400,ZIELONA GÓRA,2025,6,14,20,19.6,57,10.8,998.5,1021.2,110.0,2.0,,0.0,1,0.0,,8.0,,
2025-06-14 21:00:00,351150400,ZIELONA GÓRA,2025,6,14,21,19.0,49,8.0,998.3,1021.0,116.0,3.0,,,0,,,8.0,,
2025-06-14 22:00:00,351150400,ZIELONA GÓRA,2025,6,14,22,18.3,48,7.1,998.4,1021.2,123.0,4.0,,,0,,,8.0,,
2025-06-14 23:00:00,351150400,ZIELONA GÓRA,2025,6,14,23,17.6,49,6.8,998.2,1021.1,121.0,4.0,,,0,,,8.0,,
2025-06-15 00:00:00,351150400,ZIELONA GÓRA,2025,6,15,0,17.2,47,5.8,997.8,1020.7,125.0,4.0,,,0,,,9.0,,
2025-06-15 01:00:00,351150400,ZIELONA GÓRA,2025,6,15,1,16.6,50,6.1,997.2,1020.1,123.0,4.0,,,0,,,8.0,,
2025-06-15 02:00:00,351150400,ZIELONA GÓRA,2025,6,15,2,16.0,52,6.1,996.6,1019.5,124.0,4.0,,,0,,,8.0,,
2025-06-15 03:00:00,351150400,ZIELONA GÓRA,2025,6,15,3,15.5,55,6.5,996.5,1019.5,122.0,4.0,,,0,,,8.0,,
2025-06-15 04:00:00,351150400,ZIELONA GÓRA,2025,6,15,4,15.4,58,7.2,996.3,1019.3,123.0,3.0,,,0,,,8.0,,
2025-06-15 05:00:00,351150400,ZIELONA GÓRA,2025,6,15,5,16.9,57,8.3,996.1,1019.0,131.0,3.0,,1.0,0,,,8.0,,
2025-06-15 06:00:00,351150400,ZIELONA GÓRA,2025,6,15,6,19.0,55,9.7,996.1,1018.8,143.0,3.0,,2.0,3,,,9.0,,
2025-06-15 07:00:00,351150400,ZIELONA GÓRA,2025,6,15,7,21.0,50,10.2,996.1,1018.6,133.0,4.0,,1.0,1,0.0,,8.0,,
2025-06-15 08:00:00,351150400,ZIELONA GÓRA,2025,6,15,8,23.5,46,11.2,995.9,1018.2,131.0,3.0,,1.0,3,0.0,,8.0,,
2025-06-15 09:00:00,351150400,ZIELONA GÓRA,2025,6,15,9,25.0,44,11.9,995.5,1017.7,132.0,3.0,,1.0,2,0.0,,8.0,,
2025-06-15 10:00:00,351150400,ZIELONA GÓRA,2025,6,15,10,26.4,41,12.1,995.2,1017.3,100.0,3.0,,1.0,2,0.0,,8.0,,
2025-06-15 11:00:00,351150400,ZIELONA GÓRA,2025,6,15,11,27.6,36,11.2,994.8,1016.8,115.0,3.0,,1.0,3,0.0,,8.0,,
2025-06-15 12:00:00,351150400,ZIELONA GÓRA,2025,6,15,12,29.0,35,12.0,994.0,1015.9,136.0,3.0,,1.0,1,0.0,,9.0,,
2025-06-15 13:00:00,351150400,ZIELONA GÓRA,2025,6,15,13,29.2,35,12.2,993.6,1015.5,145.0,3.0,,1.0,3,0.0,,8.0,,
2025-06-15 14:00:00,351150400,ZIELONA GÓRA,2025,6,15,14,29.8,35,12.7,992.9,1014.7,128.0,3.0,,1.0,3,0.0,,8.0,,
2025-06-15 15:00:00,351150400,ZIELONA GÓRA,2025,6,15,15,29.6,36,12.9,992.1,1013.9,129.0,3.0,,1.0,3,0.0,,8.0,,
2025-06-15 16:00:00,351150400,ZIELONA GÓRA,2025,6,15,16,29.3,37,13.1,991.6,1013.4,135.0,3.0,,1.0,3,0.0,,8.0,,
2025-06-15 17:00:00,351150400,ZIELONA GÓRA,2025,6,15,17,28.4,39,13.1,991.6,1013.5,127.0,3.0,,2.0,3,0.0,,8.0,,
2025-06-15 18:00:00,351150400,ZIELONA GÓRA,2025,6,15,18,26.9,40,12.2,991.8,1013.8,136.0,3.0,,5.0,29,1.0,,9.0,,
2025-06-15 19:00:00,351150400,ZIELONA GÓRA,2025,6,15,19,25.8,46,13.3,992.4,1014.5,162.0,3.0,,7.0,3,2.0,,8.0,,
2025-06-15 20:00:00,351150400,ZIELONA GÓRA,2025,6,15,20,21.0,86,18.6,993.5,1016.0,233.0,3.0,,7.0,81,8.0,,8.0,,
2025-06-15 21:00:00,351150400,ZIELONA GÓRA,2025,6,15,21,20.1,81,16.7,993.5,1016.1,294.0,4.0,,,23,,,8.0,,
2025-06-15 22:00:00,351150400,ZIELONA GÓRA,2025,6,15,22,20.0,81,16.6,993.0,1015.6,315.0,4.0,,,0,,,8.0,,
2025-06-15 23:00:00,351150400,ZIELONA GÓRA,2025,6,15,23,19.1,87,16.9,993.3,1015.9,303.0,4.0,,,0,,,8.0,,
2025-06-16 00:00:00,351150400,ZIELONA GÓRA,2025,6,16,0,18.9,91,17.4,993.9,1016.6,287.0,3.0,,,0,,1.8,,,
2025-06-16 01:00:00,351150400,ZIELONA GÓRA,2025,6,16,1,17.4,89,15.6,994.7,1017.5,285.0,4.0,,,0,,,8.0,,
2025-06-16 02:00:00,351150400,ZIELONA GÓRA,2025,6,16,2,16.1,92,14.8,994.8,1017.7,312.0,6.0,,,81,,,8.0,,
2025-06-16 03:00:00,351150400,ZIELONA GÓRA,2025,6,16,3,16.0,93,14.9,995.4,1018.3,301.0,4.0,,,23,,,8.0,,
2025-06-16 04:00:00,351150400,ZIELONA GÓRA,2025,6,16,4,15.0,95,14.2,996.2,1019.2,298.0,5.0,,,62,,,8.0,,
2025-06-16 05:00:00,351150400,ZIELONA GÓRA,2025,6,16,5,14.8,95,14.0,996.5,1019.5,299.0,4.0,,8.0,25,,,8.0,,
2025-06-16 06:00:00,351150400,ZIELONA GÓRA,2025,6,16,6,15.3,94,14.3,997.0,1020.0,289.0,4.0,,8.0,10,,0.6,,6.0,
2025-06-16 07:00:00,351150400,ZIELONA GÓRA,2025,6,16,7,15.5,94,14.5,997.8,1020.8,291.0,4.0,,8.0,61,2.0,,8.0,,
2025-06-16 08:00:00,351150400,ZIELONA GÓRA,2025,6,16,8,15.4,93,14.3,998.5,1021.5,295.0,5.0,,8.0,61,6.0,,8.0,,
2025-06-16 09:00:00,351150400,ZIELONA GÓRA,2025,6,16,9,15.6,88,13.6,999.0,1022.0,294.0,4.0,,8.0,21,6.0,,8.0,,
2025-06-16 10:00:00,351150400,ZIELONA GÓRA,2025,6,16,10,15.9,84,13.2,999.4,1022.4,285.0,4.0,9.0,8.0,21,6.0,,8.0,,
2025-06-16 11:00:00,351150400,ZIELONA GÓRA,2025,6,16,11,17.0,73,12.1,999.7,1022.6,300.0,4.0,,8.0,1,2.0,,8.0,,
2025-06-16 12:00:00,351150400,ZIELONA GÓRA,2025,6,16,12,18.2,61,10.6,1000.0,1022.9,297.0,5.0,,7.0,3,6.0,0.6,,6.0,
2025-06-16 13:00:00,351150400,ZIELONA GÓRA,2025,6,16,13,18.2,60,10.3,1000.3,1023.2,306.0,4.0,,8.0,1,2.0,,8.0,,
2025-06-16 14:00:00,351150400,ZIELONA GÓRA,2025,6,16,14,18.4,60,10.5,1000.5,1023.3,291.0,4.0,,7.0,1,2.0,,8.0,,
2025-06-16 15:00:00,351150400,ZIELONA GÓRA,2025,6,16,15,18.6,61,10.9,1000.7,1023.5,300.0,3.0,,7.0,2,2.0,,8.0,,
2025-06-16 16:00:00,351150400,ZIELONA GÓRA,2025,6,16,16,19.2,56,10.2,1000.4,1023.2,318.0,4.0,9.0,7.0,1,2.0,,8.0,,
2025-06-16 17:00:00,351150400,ZIELONA GÓRA,2025,6,16,17,19.4,56,10.4,1000.6,1023.4,308.0,3.0,,7.0,3,2.0,,8.0,,
2025-06-16 18:00:00,351150400,ZIELONA GÓRA,2025,6,16,18,19.3,57,10.6,1000.7,1023.5,314.0,3.0,,7.0,3,2.0,,9.0,,
2025-06-16 19:00:00,351150400,ZIELONA GÓRA,2025,6,16,19,18.9,57,10.2,1001.0,1023.8,297.0,2.0,,6.0,1,2.0,,8.0,,
2025-06-16 20:00:00,351150400,ZIELONA GÓRA,2025,6,16,20,17.3,61,9.7,1001.6,1024.6,295.0,1.0,,4.0,1,1.0,,8.0,,
2025-06-16 21:00:00,351150400,ZIELONA GÓRA,2025,6,16,21,16.7,64,9.9,1001.8,1024.8,303.0,2.0,,,0,,,8.0,,
2025-06-16 22:00:00,351150400,ZIELONA GÓRA,2025,6,16,22,16.4,64,9.6,1002.1,1025.1,292.0,1.0,,,0,,,8.0,,
2025-06-16 23:00:00,351150400,ZIELONA GÓRA,2025,6,16,23,15.6,69,9.9,1002.1,1025.2,303.0,2.0,,,0,,,8.0,,
2025-06-17 00:00:00,351150400,ZIELONA GÓRA,2025,6,17,0,15.0,71,9.8,1002.1,1025.3,299.0,2.0,,,0,,,9.0,,
2025-06-17 01:00:00,351150400,ZIELONA GÓRA,2025,6,17,1,14.5,74,9.9,1002.0,1025.2,286.0,2.0,,,0,,,8.0,,
2025-06-17 02:00:00,351150400,ZIELONA GÓRA,2025,6,17,2,15.0,70,9.6,1002.0,1025.2,280.0,3.0,,,0,,,8.0,,
2025-06-17 03:00:00,351150400,ZIELONA GÓRA,2025,6,17,3,14.5,75,10.1,1002.0,1025.2,283.0,2.0,,,0,,,8.0,,
2025-06-17 04:00:00,351150400,ZIELONA GÓRA,2025,6,17,4,14.6,76,10.4,1002.1,1025.3,292.0,2.0,,,0,,,8.0,,
2025-06-17 05:00:00,351150400,ZIELONA GÓRA,2025,6,17,5,15.2,74,10.6,1002.3,1025.4,292.0,3.0,,1.0,0,,,8.0,,
2025-06-17 06:00:00,351150400,ZIELONA GÓRA,2025,6,17,6,16.1,73,11.3,1002.5,1025.6,297.0,3.0,,2.0,3,,,9.0,,
2025-06-17 07:00:00,351150400,ZIELONA GÓRA,2025,6,17,7,17.5,67,11.3,1002.5,1025.5,290.0,3.0,,3.0,3,0.0,,8.0,,
2025-06-17 08:00:00,351150400,ZIELONA GÓRA,2025,6,17,8,19.2,58,10.7,1002.4,1025.2,273.0,3.0,,7.0,3,1.0,,8.0,,
2025-06-17 09:00:00,351150400,ZIELONA GÓRA,2025,6,17,9,20.1,51,9.6,1002.2,1025.0,275.0,3.0,,7.0,2,1.0,,8.0,,
2025-06-17 10:00:00,351150400,ZIELONA GÓRA,2025,6,17,10,21.1,49,10.0,1002.3,1025.0,285.0,4.0,,8.0,3,2.0,,8.0,,
2025-06-17 11:00:00,351150400,ZIELONA GÓRA,2025,6,17,11,22.4,44,9.5,1002.1,1024.7,292.0,3.0,8.0,8.0,2,2.0,,8.0,,
2025-06-17 12:00:00,351150400,ZIELONA GÓRA,2025,6,17,12,22.9,44,10.0,1001.7,1024.2,286.0,3.0,,8.0,1,1.0,,9.0,,
2025-06-17 13:00:00,351150400,ZIELONA GÓRA,2025,6,17,13,23.6,40,9.2,1001.6,1024.1,320.0,3.0,,7.0,1,2.0,,8.0,,
2025-06-17 14:00:00,351150400,ZIELONA GÓRA,2025,6,17,14,24.0,37,8.4,1001.3,1023.7,322.0,3.0,,7.0,1,2.0,,8.0,,
2025-06-17 15:00:00,351150400,ZIELONA GÓRA,2025,6,17,15,24.3,39,9.5,1001.1,1023.5,353.0,2.0,,7.0,1,2.0,,8.0,,
2025-06-17 16:00:00,351150400,ZIELONA GÓRA,2025,6,17,16,25.1,38,9.8,1000.7,1023.0,324.0,2.0,,7.0,2,2.0,,8.0,,
2025-06-17 17:00:00,351150400,ZIELONA GÓRA,2025,6,17,17,24.9,39,10.0,1000.3,1022.6,304.0,2.0,,7.0,2,2.0,,8.0,,
2025-06-17 18:00:00,351150400,ZIELONA GÓRA,2025,6,17,18,24.1,38,8.9,1000.1,1022.5,302.0,2.0,,7.0,2,2.0,,9.0,,
2025-06-17 19:00:00,351150400,ZIELONA GÓRA,2025,6,17,19,22.4,46,10.2,1000.0,1022.5,0.0,0.0,,7.0,2,2.0,,8.0,,
2025-06-17 20:00:00,351150400,ZIELONA GÓRA,2025,6,17,20,20.7,52,10.5,1000.1,1022.8,34.0,1.0,,7.0,2,2.0,,8.0,,
2025-06-17 21:00:00,351150400,ZIELONA GÓRA,2025,6,17,21,20.2,52,10.0,1000.0,1022.7,0.0,0.0,,,0,,,8.0,,
2025-06-17 22:00:00,351150400,ZIELONA GÓRA,2025,6,17,22,20.2,53,10.3,999.9,1022.6,156.0,2.0,,,0,,,8.0,,
2025-06-17 23:00:00,351150400,ZIELONA GÓRA,2025,6,17,23,19.8,52,9.7,999.6,1022.3,181.0,1.0,,,0,,,8.0,,
2025-06-18 00:00:00,351150400,ZIELONA GÓRA,2025,6,18,0,18.1,59,10.0,999.0,1021.8,196.0,1.0,,,0,,,9.0,,
2025-06-18 01:00:00,351150400,ZIELONA GÓRA,2025,6,18,1,18.7,62,11.3,998.8,1021.6,238.0,2.0,,,0,,,8.0,,
2025-06-18 02:00:00,351150400,ZIELONA GÓRA,2025,6,18,2,18.7,62,11.3,998.5,1021.3,236.0,2.0,,,0,,,8.0,,
2025-06-18 03:00:00,351150400,ZIELONA GÓRA,2025,6,18,3,17.8,65,11.1,998.4,1021.2,228.0,2.0,,,0,,,8.0,,
2025-06-18 04:00:00,351150400,ZIELONA GÓRA,2025,6,18,4,20.0,59,11.7,998.3,1021.0,258.0,4.0,,,0,,,8.0,,
2025-06-18 05:00:00,351150400,ZIELONA GÓRA,2025,6,18,5,20.8,58,12.2,998.4,1021.0,257.0,3.0,,5.0,0,,,8.0,,
2025-06-18 06:00:00,351150400,ZIELONA GÓRA,2025,6,18,6,21.9,57,13.0,998.3,1020.8,224.0,2.0,,7.0,3,,,9.0,,
2025-06-18 07:00:00,351150400,ZIELONA GÓRA,2025,6,18,7,22.2,55,12.7,998.2,1020.7,261.0,2.0,,7.0,2,2.0,,8.0,,
2025-06-18 08:00:00,351150400,ZIELONA GÓRA,2025,6,18,8,23.7,50,12.7,998.1,1020.5,278.0,2.0,,7.0,3,2.0,,8.0,,
2025-06-18 09:00:00,351150400,ZIELONA GÓRA,2025,6,18,9,24.9,45,12.1,998.1,1020.4,271.0,3.0,,6.0,3,2.0,,8.0,,
2025-06-18 10:00:00,351150400,ZIELONA GÓRA,2025,6,18,10,24.8,44,11.7,997.9,1020.2,278.0,3.0,,7.0,3,2.0,,8.0,,
2025-06-18 11:00:00,351150400,ZIELONA GÓRA,2025,6,18,11,25.5,38,10.1,997.8,1020.0,282.0,4.0,10.0,8.0,1,2.0,,8.0,,
2025-06-18 12:00:00,351150400,ZIELONA GÓRA,2025,6,18,12,26.0,35,9.3,997.3,1019.5,293.0,4.0,,8.0,1,2.0,,9.0,,
2025-06-18 13:00:00,351150400,ZIELONA GÓRA,2025,6,18,13,27.1,32,9.0,997.0,1019.1,269.0,3.0,,7.0,1,2.0,,8.0,,
2025-06-18 14:00:00,351150400,ZIELONA GÓRA,2025,6,18,14,26.8,30,7.8,996.7,1018.8,290.0,5.0,,6.0,1,2.0,,8.0,,
2025-06-18 15:00:00,351150400,ZIELONA GÓRA,2025,6,18,15,27.0,26,5.9,996.6,1018.7,296.0,6.0,,6.0,1,2.0,,8.0,,
2025-06-18 16:00:00,351150400,ZIELONA GÓRA,2025,6,18,16,26.5,32,8.5,996.5,1018.6,310.0,4.0,,3.0,1,1.0,,8.0,,
2025-06-18 17:00:00,351150400,ZIELONA GÓRA,2025,6,18,17,25.0,39,10.1,996.8,1019.1,325.0,5.0,10.0,6.0,1,1.0,,8.0,,
2025-06-18 18:00:00,351150400,ZIELONA GÓRA,2025,6,18,18,23.5,45,10.9,997.1,1019.5,336.0,4.0,,7.0,1,1.0,,9.0,,
2025-06-18 19:00:00,351150400,ZIELONA GÓRA,2025,6,18,19,22.4,49,11.2,997.2,1019.7,334.0,3.0,,7.0,1,2.0,,8.0,,
2025-06-18 20:00:00,351150400,ZIELONA GÓRA,2025,6,18,20,21.3,55,11.9,997.5,1020.1,322.0,2.0,,7.0,3,2.0,,8.0,,
2025-06-18 21:00:00,351150400,ZIELONA GÓRA,2025,6,18,21,20.3,58,11.8,997.3,1019.9,317.0,1.0,,,0,,,8.0,,
2025-06-18 22:00:00,351150400,ZIELONA GÓRA,2025,6,18,22,19.9,60,11.9,997.3,1020.0,305.0,1.0,,,0,,,8.0,,
2025-06-18 23:00:00,351150400,ZIELONA GÓRA,2025,6,18,23,19.7,60,11.7,997.2,1019.9,278.0,1.0,,,0,,,8.0,,
2025-06-19 00:00:00,351150400,ZIELONA GÓRA,2025,6,19,0,19.7,58,11.2,997.0,1019.7,280.0,1.0,,,0,,,9.0,,
2025-06-19 01:00:00,351150400,ZIELONA GÓRA,2025,6,19,1,19.7,59,11.5,997.2,1019.9,309.0,3.0,,,0,,,8.0,,
2025-06-19 02:00:00,351150400,ZIELONA GÓRA,2025,6,19,2,18.2,70,12.6,996.9,1019.7,254.0,2.0,,,23,,,8.0,,
2025-06-19 03:00:00,351150400,ZIELONA GÓRA,2025,6,19,3,16.3,88,14.3,996.9,1019.8,273.0,3.0,,,82,,,8.0,,
2025-06-19 04:00:00,351150400,ZIELONA GÓRA,2025,6,19,4,16.4,89,14.6,996.8,1019.7,280.0,2.0,,,23,,,8.0,,
2025-06-19 05:00:00,351150400,ZIELONA GÓRA,2025,6,19,5,16.9,81,13.6,996.9,1019.8,299.0,3.0,,1.0,0,,,8.0,,
2025-06-19 06:00:00,351150400,ZIELONA GÓRA,2025,6,19,6,16.7,76,12.4,997.4,1020.3,314.0,4.0,,5.0,3,,0.7,,6.0,
2025-06-19 07:00:00,351150400,ZIELONA GÓRA,2025,6,19,7,17.6,60,9.7,997.7,1020.5,317.0,5.0,,2.0,1,1.0,,8.0,,
2025-06-19 08:00:00,351150400,ZIELONA GÓRA,2025,6,19,8,18.3,49,7.4,998.1,1020.9,312.0,5.0,,1.0,1,0.0,,8.0,,
2025-06-19 09:00:00,351150400,ZIELONA GÓRA,2025,6,19,9,18.9,44,6.4,998.3,1021.1,314.0,5.0,10.0,2.0,3,1.0,,8.0,,
2025-06-19 10:00:00,351150400,ZIELONA GÓRA,2025,6,19,10,19.8,41,6.2,998.3,1021.0,300.0,5.0,,1.0,1,0.0,,8.0,,
2025-06-19 11:00:00,351150400,ZIELONA GÓRA,2025,6,19,11,20.6,38,5.8,998.4,1021.0,292.0,5.0,10.0,3.0,3,0.0,,8.0,,
2025-06-19 12:00:00,351150400,ZIELONA GÓRA,2025,6,19,12,21.2,35,5.1,998.4,1021.0,301.0,6.0,12.0,2.0,1,1.0,,9.0,,
2025-06-19 13:00:00,351150400,ZIELONA GÓRA,2025,6,19,13,20.9,36,5.3,998.6,1021.2,303.0,6.0,11.0,2.0,2,0.0,,8.0,,
2025-06-19 14:00:00,351150400,ZIELONA GÓRA,2025,6,19,14,20.6,37,5.4,998.7,1021.3,321.0,6.0,,4.0,3,0.0,,8.0,,
2025-06-19 15:00:00,351150400,ZIELONA GÓRA,2025,6,19,15,21.3,35,5.2,998.8,1021.4,296.0,5.0,,4.0,1,0.0,,8.0,,
2025-06-19 16:00:00,351150400,ZIELONA GÓRA,2025,6,19,16,20.5,35,4.5,999.1,1021.7,307.0,6.0,11.0,2.0,1,0.0,,8.0,,
2025-06-19 17:00:00,351150400,ZIELONA GÓRA,2025,6,19,17,20.5,34,4.1,999.5,1022.2,312.0,4.0,,2.0,1,0.0,,8.0,,
2025-06-19 18:00:00,351150400,ZIELONA GÓRA,2025,6,19,18,19.1,38,4.4,999.9,1022.7,323.0,4.0,9.0,1.0,1,0.0,,9.0,,
2025-06-19 19:00:00,351150400,ZIELONA GÓRA,2025,6,19,19,17.9,41,4.5,1000.2,1023.1,321.0,3.0,,1.0,2,0.0,,8.0,,
2025-06-19 20:00:00,351150400,ZIELONA GÓRA,2025,6,19,20,16.6,44,4.3,1000.6,1023.6,326.0,3.0,,0.0,1,0.0,,8.0,,
2025-06-19 21:00:00,351150400,ZIELONA GÓRA,2025,6,19,21,15.5,48,4.5,1000.7,1023.8,323.0,2.0,,,0,,,8.0,,
2025-06-19 22:00:00,351150400,ZIELONA GÓRA,2025,6,19,22,14.8,51,4.8,1001.1,1024.2,327.0,3.0,,,0,,,8.0,,
2025-06-19 23:00:00,351150400,ZIELONA GÓRA,2025,6,19,23,13.7,56,5.1,1001.4,1024.6,324.0,2.0,,,0,,,8.0,,
2025-06-20 00:00:00,351150400,ZIELONA GÓRA,2025,6,20,0,13.1,59,5.3,1001.6,1024.9,314.0,2.0,,,0,,,9.0,,
2025-06-20 01:00:00,351150400,ZIELONA GÓRA,2025,6,20,1,12.3,63,5.5,1001.7,1025.1,305.0,2.0,,,0,,,8.0,,
2025-06-20 02:00:00,351150400,ZIELONA GÓRA,2025,6,20,2,11.8,67,5.9,1001.5,1024.9,305.0,2.0,,,0,,,8.0,,
2025-06-20 03:00:00,351150400,ZIELONA GÓRA,2025,6,20,3,11.5,70,6.2,1001.6,1025.0,303.0,2.0,,,0,,,8.0,,
2025-06-20 04:00:00,351150400,ZIELONA GÓRA,2025,6,20,4,11.9,68,6.2,1001.9,1025.3,301.0,3.0,,,0,,,8.0,,
2025-06-20 05:00:00,351150400,ZIELONA GÓRA,2025,6,20,5,12.5,68,6.7,1002.3,1025.7,310.0,3.0,,0.0,0,,,8.0,,
2025-06-20 06:00:00,351150400,ZIELONA GÓRA,2025,6,20,6,13.9,65,7.4,1002.5,1025.8,303.0,2.0,,1.0,3,,,9.0,,
2025-06-20 07:00:00,351150400,ZIELONA GÓRA,2025,6,20,7,15.8,56,7.0,1002.7,1025.8,307.0,3.0,,2.0,3,0.0,,8.0,,
2025-06-20 08:00:00,351150400,ZIELONA GÓRA,2025,6,20,8,16.4,53,6.8,1002.6,1025.7,303.0,3.0,,5.0,3,1.0,,8.0,,
2025-06-20 09:00:00,351150400,ZIELONA GÓRA,2025,6,20,9,17.9,46,6.1,1002.6,1025.5,318.0,4.0,,4.0,1,1.0,,8.0,,
2025-06-20 10:00:00,351150400,ZIELONA GÓRA,2025,6,20,10,18.8,43,5.9,1002.6,1025.5,322.0,3.0,,3.0,1,0.0,,8.0,,
2025-06-20 11:00:00,351150400,ZIELONA GÓRA,2025,6,20,11,19.5,38,4.8,1002.5,1025.3,322.0,4.0,,3.0,2,0.0,,8.0,,
2025-06-20 12:00:00,351150400,ZIELONA GÓRA,2025,6,20,12,20.4,35,4.4,1002.3,1025.0,320.0,3.0,,3.0,2,1.0,,9.0,,
2025-06-20 13:00:00,351150400,ZIELONA GÓRA,2025,6,20,13,20.8,33,3.9,1002.0,1024.7,310.0,4.0,,3.0,1,0.0,,8.0,,
2025-06-20 14:00:00,351150400,ZIELONA GÓRA,2025,6,20,14,21.3,33,4.4,1001.7,1024.3,350.0,3.0,,4.0,3,0.0,,8.0,,
2025-06-20 15:00:00,351150400,ZIELONA GÓRA,2025,6,20,15,21.8,31,3.9,1001.7,1024.3,312.0,2.0,,3.0,1,0.0,,8.0,,
2025-06-20 16:00:00,351150400,ZIELONA GÓRA,2025,6,20,16,21.0,34,4.5,1001.7,1024.4,353.0,3.0,,2.0,1,0.0,,8.0,,
2025-06-20 17:00:00,351150400,ZIELONA GÓRA,2025,6,20,17,21.1,32,3.8,1001.6,1024.3,3.0,2.0,,1.0,1,0.0,,8.0,,
2025-06-20 18:00:00,351150400,ZIELONA GÓRA,2025,6,20,18,20.4,31,2.7,1001.6,1024.3,356.0,2.0,,1.0,1,0.0,,9.0,,
2025-06-20 19:00:00,351150400,ZIELONA GÓRA,2025,6,20,19,19.3,35,3.4,1001.7,1024.5,338.0,1.0,,0.0,1,0.0,,8.0,,
2025-06-20 20:00:00,351150400,ZIELONA GÓRA,2025,6,20,20,17.2,40,3.5,1002.2,1025.2,342.0,1.0,,0.0,2,0.0,,8.0,,
2025-06-20 21:00:00,351150400,ZIELONA GÓRA,2025,6,20,21,16.6,43,4.0,1002.5,1025.5,345.0,1.0,,,0,,,8.0,,
2025-06-20 22:00:00,351150400,ZIELONA GÓRA,2025,6,20,22,16.7,44,4.4,1002.7,1025.7,15.0,1.0,,,0,,,8.0,,
2025-06-20 23:00:00,351150400,ZIELONA GÓRA,2025,6,20,23,15.8,48,4.8,1002.5,1025.6,44.0,2.0,,,0,,,8.0,,
2025-06-21 00:00:00,351150400,ZIELONA GÓRA,2025,6,21,0,15.7,48,4.7,1002.4,1025.5,67.0,3.0,,,0,,,9.0,,
2025-06-21 01:00:00,351150400,ZIELONA GÓRA,2025,6,21,1,14.5,52,4.8,1002.2,1025.4,104.0,1.0,,,0,,,8.0,,
2025-06-21 02:00:00,351150400,ZIELONA GÓRA,2025,6,21,2,13.6,55,4.7,1002.1,1025.4,125.0,2.0,,,0,,,8.0,,
2025-06-21 03:00:00,351150400,ZIELONA GÓRA,2025,6,21,3,13.6,56,5.0,1002.2,1025.5,141.0,2.0,,,0,,,8.0,,
2025-06-21 04:00:00,351150400,ZIELONA GÓRA,2025,6,21,4,14.0,57,5.6,1002.3,1025.5,146.0,2.0,,,0,,,8.0,,
2025-06-21 05:00:00,351150400,ZIELONA GÓRA,2025,6,21,5,15.5,52,5.7,1002.4,1025.5,161.0,2.0,,1.0,0,,,8.0,,
2025-06-21 06:00:00,351150400,ZIELONA GÓRA,2025,6,21,6,17.3,48,6.2,1002.5,1025.5,170.0,2.0,,1.0,2,,,9.0,,
2025-06-21 07:00:00,351150400,ZIELONA GÓRA,2025,6,21,7,19.5,42,6.2,1002.4,1025.2,185.0,2.0,,1.0,3,0.0,,8.0,,
2025-06-21 08:00:00,351150400,ZIELONA GÓRA,2025,6,21,8,21.1,33,4.2,1002.3,1025.0,224.0,2.0,,1.0,2,0.0,,8.0,,
2025-06-21 09:00:00,351150400,ZIELONA GÓRA,2025,6,21,9,21.9,29,3.0,1002.0,1024.6,243.0,1.0,,1.0,1,0.0,,8.0,,
2025-06-21 10:00:00,351150400,ZIELONA GÓRA,2025,6,21,10,22.5,30,4.0,1001.3,1023.8,181.0,2.0,,3.0,3,0.0,,8.0,,
2025-06-21 11:00:00,351150400,ZIELONA GÓRA,2025,6,21,11,23.9,27,3.8,1001.0,1023.4,277.0,2.0,,3.0,2,0.0,,8.0,,
2025-06-21 12:00:00,351150400,ZIELONA GÓRA,2025,6,21,12,25.4,25,3.9,1000.4,1022.7,262.0,3.0,,3.0,3,0.0,,9.0,,
2025-06-21 13:00:00,351150400,ZIELONA GÓRA,2025,6,21,13,26.0,23,3.3,999.8,1022.0,306.0,2.0,,2.0,1,0.0,,8.0,,
2025-06-21 14:00:00,351150400,ZIELONA GÓRA,2025,6,21,14,26.3,21,2.2,999.2,1021.4,9.0,1.0,,1.0,1,0.0,,8.0,,
2025-06-21 15:00:00,351150400,ZIELONA GÓRA,2025,6,21,15,26.8,22,3.3,998.7,1020.9,184.0,1.0,,1.0,1,0.0,,8.0,,
2025-06-21 16:00:00,351150400,ZIELONA GÓRA,2025,6,21,16,27.0,21,2.8,998.3,1020.4,250.0,1.0,,0.0,1,0.0,,8.0,,
2025-06-21 17:00:00,351150400,ZIELONA GÓRA,2025,6,21,17,27.0,21,2.8,998.1,1020.2,273.0,2.0,,1.0,3,0.0,,8.0,,
2025-06-21 18:00:00,351150400,ZIELONA GÓRA,2025,6,21,18,26.4,22,3.0,997.9,1020.1,300.0,2.0,,1.0,2,0.0,,9.0,,
2025-06-21 19:00:00,351150400,ZIELONA GÓRA,2025,6,21,19,24.3,27,4.1,998.0,1020.3,282.0,1.0,,3.0,3,0.0,,8.0,,
2025-06-21 20:00:00,351150400,ZIELONA GÓRA,2025,6,21,20,22.1,30,3.7,998.2,1020.7,249.0,1.0,,2.0,1,0.0,,8.0,,
2025-06-21 21:00:00,351150400,ZIELONA GÓRA,2025,6,21,21,21.8,31,3.9,998.1,1020.6,290.0,1.0,,,0,,,8.0,,
2025-06-21 22:00:00,351150400,ZIELONA GÓRA,2025,6,21,22,20.6,34,4.2,998.1,1020.7,210.0,1.0,,,0,,,8.0,,
2025-06-21 23:00:00,351150400,ZIELONA GÓRA,2025,6,21,23,18.7,43,5.9,998.0,1020.8,195.0,1.0,,,0,,,8.0,,
2025-06-22 00:00:00,351150400,ZIELONA GÓRA,2025,6,22,0,17.9,43,5.1,997.9,1020.7,215.0,1.0,,,0,,,9.0,,
2025-06-22 01:00:00,351150400,ZIELONA GÓRA,2025,6,22,1,18.3,41,4.8,997.7,1020.5,234.0,1.0,,,0,,,8.0,,
2025-06-22 02:00:00,351150400,ZIELONA GÓRA,2025,6,22,2,19.6,35,3.7,997.5,1020.2,260.0,1.0,,,0,,,8.0,,
2025-06-22 03:00:00,351150400,ZIELONA GÓRA,2025,6,22,3,18.4,42,5.2,997.4,1020.2,211.0,1.0,,,0,,,8.0,,
2025-06-22 04:00:00,351150400,ZIELONA GÓRA,2025,6,22,4,17.4,49,6.6,997.4,1020.3,192.0,1.0,,,0,,,8.0,,
2025-06-22 05:00:00,351150400,ZIELONA GÓRA,2025,6,22,5,20.8,41,7.1,997.6,1020.2,248.0,1.0,,1.0,0,,,8.0,,
2025-06-22 06:00:00,351150400,ZIELONA GÓRA,2025,6,22,6,22.2,44,9.4,997.6,1020.1,191.0,1.0,,1.0,2,,,9.0,,
2025-06-22 07:00:00,351150400,ZIELONA GÓRA,2025,6,22,7,23.8,34,7.0,997.7,1020.1,268.0,2.0,,2.0,3,0.0,,8.0,,
2025-06-22 08:00:00,351150400,ZIELONA GÓRA,2025,6,22,8,25.9,29,6.5,997.5,1019.7,262.0,2.0,,5.0,3,1.0,,8.0,,
2025-06-22 09:00:00,351150400,ZIELONA GÓRA,2025,6,22,9,27.3,25,5.5,997.0,1019.1,313.0,2.0,,7.0,3,1.0,,8.0,,
2025-06-22 10:00:00,351150400,ZIELONA GÓRA,2025,6,22,10,28.4,25,6.5,996.4,1018.4,188.0,2.0,,7.0,2,2.0,,8.0,,
2025-06-22 11:00:00,351150400,ZIELONA GÓRA,2025,6,22,11,29.1,23,5.8,996.1,1018.0,205.0,2.0,,7.0,2,2.0,,8.0,,
2025-06-22 12:00:00,351150400,ZIELONA GÓRA,2025,6,22,12,29.7,24,7.0,995.4,1017.3,213.0,3.0,,5.0,1,1.0,,9.0,,
2025-06-22 13:00:00,351150400,ZIELONA GÓRA,2025,6,22,13,31.1,23,7.5,994.8,1016.6,181.0,3.0,,2.0,1,1.0,,8.0,,
2025-06-22 14:00:00,351150400,ZIELONA GÓRA,2025,6,22,14,30.5,23,7.0,994.0,1015.8,166.0,3.0,,1.0,1,0.0,,8.0,,
2025-06-22 15:00:00,351150400,ZIELONA GÓRA,2025,6,22,15,30.5,23,7.0,993.2,1015.0,161.0,3.0,,3.0,3,1.0,,8.0,,
2025-06-22 16:00:00,351150400,ZIELONA GÓRA,2025,6,22,16,30.3,23,6.9,992.5,1014.3,198.0,4.0,,5.0,1,1.0,,8.0,,
2025-06-22 17:00:00,351150400,ZIELONA GÓRA,2025,6,22,17,29.1,25,7.1,992.3,1014.1,165.0,3.0,,7.0,3,2.0,,8.0,,
2025-06-22 18:00:00,351150400,ZIELONA GÓRA,2025,6,22,18,27.8,28,7.6,991.8,1013.7,158.0,2.0,,7.0,2,1.0,,9.0,,
2025-06-22 19:00:00,351150400,ZIELONA GÓRA,2025,6,22,19,25.4,35,8.8,991.7,1013.8,149.0,2.0,,7.0,3,2.0,,8.0,,
2025-06-22 20:00:00,351150400,ZIELONA GÓRA,2025,6,22,20,23.7,41,9.7,991.6,1013.8,149.0,2.0,,7.0,2,2.0,,8.0,,
2025-06-22 21:00:00,351150400,ZIELONA GÓRA,2025,6,22,21,23.0,43,9.7,990.9,1013.2,145.0,2.0,,,0,,,8.0,,
2025-06-22 22:00:00,351150400,ZIELONA GÓRA,2025,6,22,22,22.1,44,9.3,990.7,1013.0,141.0,2.0,,,0,,,8.0,,
2025-06-22 23:00:00,351150400,ZIELONA GÓRA,2025,6,22,23,21.5,45,9.1,990.0,1012.4,137.0,2.0,,,0,,,8.0,,
2025-06-23 00:00:00,351150400,ZIELONA GÓRA,2025,6,23,0,20.3,49,9.2,989.1,1011.5,139.0,3.0,,,0,,,9.0,,
2025-06-23 01:00:00,351150400,ZIELONA GÓRA,2025,6,23,1,19.9,50,9.2,988.3,1010.8,146.0,3.0,,,0,,,8.0,,
2025-06-23 02:00:00,351150400,ZIELONA GÓRA,2025,6,23,2,20.2,48,8.8,987.6,1010.0,177.0,3.0,,,0,,,8.0,,
2025-06-23 03:00:00,351150400,ZIELONA GÓRA,2025,6,23,3,20.2,48,8.8,986.6,1009.0,171.0,3.0,,,0,,,8.0,,
2025-06-23 04:00:00,351150400,ZIELONA GÓRA,2025,6,23,4,20.7,46,8.7,986.0,1008.3,183.0,4.0,,,0,,,8.0,,
2025-06-23 05:00:00,351150400,ZIELONA GÓRA,2025,6,23,5,22.0,44,9.2,986.4,1008.6,214.0,4.0,,7.0,0,,,8.0,,
2025-06-23 06:00:00,351150400,ZIELONA GÓRA,2025,6,23,6,18.5,79,14.8,986.3,1008.8,282.0,2.0,,8.0,95,,1.4,,6.0,
2025-06-23 07:00:00,351150400,ZIELONA GÓRA,2025,6,23,7,19.1,79,15.4,987.1,1009.6,216.0,3.0,8.0,7.0,25,2.0,,8.0,,
2025-06-23 08:00:00,351150400,ZIELONA GÓRA,2025,6,23,8,22.9,56,13.7,986.9,1009.1,251.0,3.0,,7.0,3,2.0,,8.0,,
2025-06-23 09:00:00,351150400,ZIELONA GÓRA,2025,6,23,9,25.2,48,13.4,986.6,1008.6,245.0,3.0,8.0,7.0,3,8.0,,8.0,,
2025-06-23 10:00:00,351150400,ZIELONA GÓRA,2025,6,23,10,26.1,43,12.5,986.2,1008.1,238.0,4.0,9.0,7.0,3,2.0,,8.0,,
2025-06-23 11:00:00,351150400,ZIELONA GÓRA,2025,6,23,11,26.3,43,12.7,985.5,1007.4,246.0,5.0,,7.0,3,2.0,,8.0,,
2025-06-23 12:00:00,351150400,ZIELONA GÓRA,2025,6,23,12,27.3,38,11.7,984.9,1006.7,235.0,5.0,10.0,7.0,3,8.0,0.0,,6.0,
2025-06-23 13:00:00,351150400,ZIELONA GÓRA,2025,6,23,13,26.7,39,11.6,984.3,1006.1,253.0,4.0,10.0,8.0,25,2.0,,8.0,,
2025-06-23 14:00:00,351150400,ZIELONA GÓRA,2025,6,23,14,25.3,44,12.2,984.3,1006.3,251.0,4.0,10.0,8.0,80,2.0,,8.0,,
2025-06-23 15:00:00,351150400,ZIELONA GÓRA,2025,6,23,15,22.7,55,13.2,983.1,1005.2,218.0,3.0,,8.0,25,8.0,,8.0,,
2025-06-23 16:00:00,351150400,ZIELONA GÓRA,2025,6,23,16,24.1,50,13.0,982.4,1004.4,223.0,4.0,10.0,7.0,3,2.0,,8.0,,
2025-06-23 17:00:00,351150400,ZIELONA GÓRA,2025,6,23,17,22.4,66,15.7,982.8,1004.9,238.0,3.0,11.0,7.0,81,2.0,,8.0,,
2025-06-23 18:00:00,351150400,ZIELONA GÓRA,2025,6,23,18,17.3,63,10.2,985.0,1007.6,297.0,8.0,15.0,7.0,25,8.0,0.6,,6.0,
2025-06-23 19:00:00,351150400,ZIELONA GÓRA,2025,6,23,19,16.8,63,9.7,986.2,1008.8,297.0,5.0,,3.0,1,1.0,,8.0,,
2025-06-23 20:00:00,351150400,ZIELONA GÓRA,2025,6,23,20,16.2,62,8.9,987.8,1010.5,294.0,4.0,,1.0,1,0.0,,8.0,,
2025-06-23 21:00:00,351150400,ZIELONA GÓRA,2025,6,23,21,15.4,66,9.1,988.7,1011.5,277.0,3.0,,,0,,,8.0,,
2025-06-23 22:00:00,351150400,ZIELONA GÓRA,2025,6,23,22,15.0,64,8.2,989.1,1012.0,285.0,3.0,,,0,,,8.0,,
2025-06-23 23:00:00,351150400,ZIELONA GÓRA,2025,6,23,23,13.5,71,8.3,989.3,1012.3,239.0,1.0,,,0,,,8.0,,
2025-06-24 00:00:00,351150400,ZIELONA GÓRA,2025,6,24,0,12.9,74,8.4,989.4,1012.4,237.0,2.0,,,0,,0.0,,,
2025-06-24 01:00:00,351150400,ZIELONA GÓRA,2025,6,24,1,12.9,73,8.2,989.3,1012.3,241.0,2.0,,,0,,,8.0,,
2025-06-24 02:00:00,351150400,ZIELONA GÓRA,2025,6,24,2,13.5,65,7.0,989.2,1012.2,262.0,3.0,,,0,,,8.0,,
2025-06-24 03:00:00,351150400,ZIELONA GÓRA,2025,6,24,3,12.6,68,6.8,989.2,1012.3,239.0,2.0,,,0,,,8.0,,
2025-06-24 04:00:00,351150400,ZIELONA GÓRA,2025,6,24,4,12.8,66,6.6,989.3,1012.3,236.0,3.0,,,0,,,8.0,,
2025-06-24 05:00:00,351150400,ZIELONA GÓRA,2025,6,24,5,14.5,59,6.6,989.4,1012.3,249.0,3.0,,1.0,0,,,8.0,,
2025-06-24 06:00:00,351150400,ZIELONA GÓRA,2025,6,24,6,16.1,54,6.8,989.5,1012.3,261.0,4.0,,1.0,3,,,9.0,,
2025-06-24 07:00:00,351150400,ZIELONA GÓRA,2025,6,24,7,17.5,47,6.1,989.4,1012.1,270.0,6.0,12.0,4.0,3,0.0,,8.0,,
2025-06-24 08:00:00,351150400,ZIELONA GÓRA,2025,6,24,8,17.9,43,5.1,989.2,1011.8,247.0,5.0,10.0,7.0,3,1.0,,8.0,,
2025-06-24 09:00:00,351150400,ZIELONA GÓRA,2025,6,24,9,18.6,39,4.4,989.2,1011.8,253.0,4.0,10.0,7.0,3,1.0,,8.0,,
2025-06-24 10:00:00,351150400,ZIELONA GÓRA,2025,6,24,10,19.8,36,4.3,988.9,1011.4,248.0,4.0,9.0,7.0,1,2.0,,8.0,,
2025-06-24 11:00:00,351150400,ZIELONA GÓRA,2025,6,24,11,20.0,35,4.1,988.6,1011.1,253.0,4.0,,7.0,3,2.0,,8.0,,
2025-06-24 12:00:00,351150400,ZIELONA GÓRA,2025,6,24,12,20.4,36,4.8,988.4,1010.8,260.0,5.0,,7.0,1,1.0,,9.0,,
2025-06-24 13:00:00,351150400,ZIELONA GÓRA,2025,6,24,13,19.9,36,4.4,988.0,1010.4,263.0,5.0,,7.0,25,2.0,,8.0,,
2025-06-24 14:00:00,351150400,ZIELONA GÓRA,2025,6,24,14,20.3,38,5.5,988.1,1010.5,268.0,4.0,9.0,7.0,80,2.0,,8.0,,
2025-06-24 15:00:00,351150400,ZIELONA GÓRA,2025,6,24,15,20.5,37,5.3,988.0,1010.4,276.0,4.0,9.0,7.0,1,8.0,,8.0,,
2025-06-24 16:00:00,351150400,ZIELONA GÓRA,2025,6,24,16,21.8,35,5.6,987.7,1010.0,259.0,5.0,10.0,6.0,3,2.0,,8.0,,
2025-06-24 17:00:00,351150400,ZIELONA GÓRA,2025,6,24,17,21.4,36,5.7,987.7,1010.0,256.0,4.0,,4.0,1,1.0,,8.0,,
2025-06-24 18:00:00,351150400,ZIELONA GÓRA,2025,6,24,18,19.7,49,8.7,988.0,1010.5,269.0,2.0,,7.0,25,8.0,0.0,,6.0,
2025-06-24 19:00:00,351150400,ZIELONA GÓRA,2025,6,24,19,19.7,46,7.7,987.6,1010.1,260.0,3.0,,7.0,1,2.0,,8.0,,
2025-06-24 20:00:00,351150400,ZIELONA GÓRA,2025,6,24,20,19.0,50,8.3,987.7,1010.2,260.0,2.0,,7.0,3,2.0,,8.0,,
2025-06-24 21:00:00,351150400,ZIELONA GÓRA,2025,6,24,21,18.5,52,8.5,987.3,1009.8,256.0,2.0,,,0,,,8.0,,
2025-06-24 22:00:00,351150400,ZIELONA GÓRA,2025,6,24,22,18.4,54,8.9,987.3,1009.8,256.0,2.0,,,0,,,8.0,,
2025-06-24 23:00:00,351150400,ZIELONA GÓRA,2025,6,24,23,18.5,57,9.8,987.2,1009.7,263.0,4.0,,,0,,,8.0,,
2025-06-25 00:00:00,351150400,ZIELONA GÓRA,2025,6,25,0,18.2,62,10.8,987.2,1009.8,256.0,3.0,,,0,,0.0,,,
2025-06-25 01:00:00,351150400,ZIELONA GÓRA,2025,6,25,1,17.7,68,11.7,987.1,1009.7,241.0,2.0,,,0,,,8.0,,
2025-06-25 02:00:00,351150400,ZIELONA GÓRA,2025,6,25,2,17.5,70,12.0,987.3,1009.9,255.0,4.0,9.0,,0,,,8.0,,
2025-06-25 03:00:00,351150400,ZIELONA GÓRA,2025,6,25,3,17.3,72,12.2,987.0,1009.6,246.0,3.0,,,0,,,8.0,,
2025-06-25 04:00:00,351150400,ZIELONA GÓRA,2025,6,25,4,17.5,73,12.6,987.0,1009.6,241.0,3.0,,,0,,,8.0,,
2025-06-25 05:00:00,351150400,ZIELONA GÓRA,2025,6,25,5,18.1,71,12.8,987.4,1010.0,246.0,3.0,,7.0,16,,,8.0,,
2025-06-25 06:00:00,351150400,ZIELONA GÓRA,2025,6,25,6,18.5,71,13.1,987.6,1010.1,231.0,2.0,,7.0,1,,,9.0,,
2025-06-25 07:00:00,351150400,ZIELONA GÓRA,2025,6,25,7,19.7,68,13.6,987.9,1010.4,252.0,3.0,,7.0,2,2.0,,8.0,,
2025-06-25 08:00:00,351150400,ZIELONA GÓRA,2025,6,25,8,19.5,71,14.1,987.8,1010.3,269.0,3.0,,7.0,2,2.0,,8.0,,
2025-06-25 09:00:00,351150400,ZIELONA GÓRA,2025,6,25,9,21.3,65,14.5,987.8,1010.1,255.0,3.0,,7.0,2,2.0,,8.0,,
2025-06-25 10:00:00,351150400,ZIELONA GÓRA,2025,6,25,10,20.5,70,14.8,987.6,1010.0,292.0,4.0,9.0,7.0,80,2.0,,8.0,,
2025-06-25 11:00:00,351150400,ZIELONA GÓRA,2025,6,25,11,22.3,67,15.9,987.8,1010.1,298.0,4.0,,5.0,25,2.0,,8.0,,
2025-06-25 12:00:00,351150400,ZIELONA GÓRA,2025,6,25,12,23.2,62,15.5,987.8,1010.0,285.0,4.0,,5.0,3,8.0,0.3,,6.0,
2025-06-25 13:00:00,351150400,ZIELONA GÓRA,2025,6,25,13,24.1,50,13.0,987.9,1010.0,287.0,6.0,12.0,6.0,3,2.0,,8.0,,
2025-06-25 14:00:00,351150400,ZIELONA GÓRA,2025,6,25,14,25.0,45,12.2,987.9,1010.0,292.0,5.0,,7.0,1,2.0,,8.0,,
2025-06-25 15:00:00,351150400,ZIELONA GÓRA,2025,6,25,15,25.7,42,11.8,988.0,1010.0,298.0,5.0,10.0,5.0,1,2.0,,8.0,,
2025-06-25 16:00:00,351150400,ZIELONA GÓRA,2025,6,25,16,24.7,47,12.6,988.6,1010.7,306.0,5.0,,6.0,3,2.0,,8.0,,
2025-06-25 17:00:00,351150400,ZIELONA GÓRA,2025,6,25,17,24.7,48,12.9,988.9,1011.0,298.0,4.0,9.0,2.0,1,1.0,,8.0,,
2025-06-25 18:00:00,351150400,ZIELONA GÓRA,2025,6,25,18,24.0,50,12.9,989.2,1011.4,299.0,4.0,,3.0,3,1.0,,9.0,,
2025-06-25 19:00:00,351150400,ZIELONA GÓRA,2025,6,25,19,23.0,53,12.9,989.6,1011.8,299.0,3.0,,5.0,1,1.0,,8.0,,
2025-06-25 20:00:00,351150400,ZIELONA GÓRA,2025,6,25,20,22.1,56,12.9,990.2,1012.5,318.0,3.0,,5.0,2,2.0,,8.0,,
2025-06-25 21:00:00,351150400,ZIELONA GÓRA,2025,6,25,21,21.1,58,12.5,990.6,1013.0,321.0,2.0,,,4,,,8.0,,
2025-06-25 22:00:00,351150400,ZIELONA GÓRA,2025,6,25,22,19.2,63,12.0,990.9,1013.5,39.0,2.0,,,0,,,8.0,,
2025-06-25 23:00:00,351150400,ZIELONA GÓRA,2025,6,25,23,18.1,65,11.4,991.3,1014.0,19.0,1.0,,,0,,,8.0,,
2025-06-26 00:00:00,351150400,ZIELONA GÓRA,2025,6,26,0,17.3,67,11.1,991.5,1014.2,47.0,1.0,,,0,,,9.0,,
2025-06-26 01:00:00,351150400,ZIELONA GÓRA,2025,6,26,1,16.5,72,11.4,991.8,1014.6,45.0,1.0,,,0,,,8.0,,
2025-06-26 02:00:00,351150400,ZIELONA GÓRA,2025,6,26,2,16.0,78,12.2,992.0,1014.8,72.0,1.0,,,0,,,8.0,,
2025-06-26 03:00:00,351150400,ZIELONA GÓRA,2025,6,26,3,15.7,77,11.7,992.1,1015.0,91.0,1.0,,,0,,,8.0,,
2025-06-26 04:00:00,351150400,ZIELONA GÓRA,2025,6,26,4,16.5,71,11.2,991.8,1014.6,108.0,2.0,,,0,,,8.0,,
2025-06-26 05:00:00,351150400,ZIELONA GÓRA,2025,6,26,5,17.4,72,12.3,992.0,1014.7,135.0,3.0,,3.0,0,,,8.0,,
2025-06-26 06:00:00,351150400,ZIELONA GÓRA,2025,6,26,6,19.3,64,12.3,991.8,1014.4,144.0,3.0,,2.0,1,,,9.0,,
2025-06-26 07:00:00,351150400,ZIELONA GÓRA,2025,6,26,7,20.9,60,12.8,992.1,1014.6,148.0,3.0,,3.0,1,0.0,,8.0,,
2025-06-26 08:00:00,351150400,ZIELONA GÓRA,2025,6,26,8,23.6,48,11.9,992.0,1014.3,211.0,1.0,,5.0,3,1.0,,8.0,,
2025-06-26 09:00:00,351150400,ZIELONA GÓRA,2025,6,26,9,24.7,46,12.3,991.3,1013.5,170.0,2.0,,2.0,3,1.0,,8.0,,
2025-06-26 10:00:00,351150400,ZIELONA GÓRA,2025,6,26,10,25.4,45,12.6,991.6,1013.7,178.0,3.0,,7.0,3,1.0,,8.0,,
2025-06-26 11:00:00,351150400,ZIELONA GÓRA,2025,6,26,11,26.4,44,13.2,991.2,1013.2,182.0,1.0,,7.0,3,2.0,,8.0,,
2025-06-26 12:00:00,351150400,ZIELONA GÓRA,2025,6,26,12,26.1,45,13.2,990.4,1012.4,144.0,2.0,,7.0,1,1.0,,9.0,,
2025-06-26 13:00:00,351150400,ZIELONA GÓRA,2025,6,26,13,29.1,40,14.1,989.8,1011.6,167.0,2.0,,4.0,1,1.0,,8.0,,
2025-06-26 14:00:00,351150400,ZIELONA GÓRA,2025,6,26,14,29.7,39,14.3,988.9,1010.6,136.0,2.0,,6.0,3,1.0,,8.0,,
2025-06-26 15:00:00,351150400,ZIELONA GÓRA,2025,6,26,15,30.0,40,14.9,988.1,1009.8,142.0,3.0,,6.0,3,1.0,,8.0,,
2025-06-26 16:00:00,351150400,ZIELONA GÓRA,2025,6,26,16,28.7,45,15.6,987.2,1009.0,126.0,2.0,,7.0,80,2.0,,8.0,,
2025-06-26 17:00:00,351150400,ZIELONA GÓRA,2025,6,26,17,28.2,51,17.1,986.2,1008.0,86.0,2.0,,5.0,29,8.0,,8.0,,
2025-06-26 18:00:00,351150400,ZIELONA GÓRA,2025,6,26,18,26.6,59,17.9,985.8,1007.7,145.0,3.0,,7.0,3,9.0,0.0,,6.0,
2025-06-26 19:00:00,351150400,ZIELONA GÓRA,2025,6,26,19,20.8,84,18.0,988.5,1010.9,283.0,4.0,9.0,7.0,95,9.0,,8.0,,
2025-06-26 20:00:00,351150400,ZIELONA GÓRA,2025,6,26,20,20.0,83,17.0,989.5,1012.0,273.0,3.0,,7.0,25,8.0,,8.0,,
2025-06-26 21:00:00,351150400,ZIELONA GÓRA,2025,6,26,21,20.1,80,16.5,990.5,1013.0,268.0,4.0,,,0,,,8.0,,
2025-06-26 22:00:00,351150400,ZIELONA GÓRA,2025,6,26,22,19.8,79,16.1,991.1,1013.6,256.0,4.0,,,0,,,8.0,,
2025-06-26 23:00:00,351150400,ZIELONA GÓRA,2025,6,26,23,19.3,79,15.6,991.5,1014.1,259.0,4.0,9.0,,0,,,8.0,,
2025-06-27 00:00:00,351150400,ZIELONA GÓRA,2025,6,27,0,18.9,79,15.2,991.8,1014.4,267.0,5.0,,,0,,2.2,,,
2025-06-27 01:00:00,351150400,ZIELONA GÓRA,2025,6,27,1,19.1,79,15.4,992.0,1014.6,255.0,4.0,,,0,,,8.0,,
2025-06-27 02:00:00,351150400,ZIELONA GÓRA,2025,6,27,2,18.9,80,15.4,992.5,1015.1,256.0,3.0,,,0,,,8.0,,
2025-06-27 03:00:00,351150400,ZIELONA GÓRA,2025,6,27,3,18.7,80,15.2,992.9,1015.5,254.0,3.0,,,0,,,8.0,,
2025-06-27 04:00:00,351150400,ZIELONA GÓRA,2025,6,27,4,18.0,87,15.8,993.0,1015.7,257.0,4.0,,,21,,,8.0,,
2025-06-27 05:00:00,351150400,ZIELONA GÓRA,2025,6,27,5,19.0,82,15.9,993.3,1015.9,266.0,4.0,,2.0,0,,,8.0,,
2025-06-27 06:00:00,351150400,ZIELONA GÓRA,2025,6,27,6,20.1,76,15.7,993.4,1016.0,266.0,4.0,,4.0,3,,,9.0,,
2025-06-27 07:00:00,351150400,ZIELONA GÓRA,2025,6,27,7,20.9,68,14.8,993.7,1016.2,271.0,4.0,,5.0,3,1.0,,8.0,,
2025-06-27 08:00:00,351150400,ZIELONA GÓRA,2025,6,27,8,20.3,67,14.0,993.7,1016.2,261.0,3.0,,7.0,80,2.0,,8.0,,
2025-06-27 09:00:00,351150400,ZIELONA GÓRA,2025,6,27,9,20.4,70,14.7,994.0,1016.5,251.0,3.0,,7.0,25,1.0,,8.0,,
2025-06-27 10:00:00,351150400,ZIELONA GÓRA,2025,6,27,10,20.7,67,14.3,994.4,1016.9,286.0,4.0,,7.0,80,2.0,,8.0,,
2025-06-27 11:00:00,351150400,ZIELONA GÓRA,2025,6,27,11,21.2,61,13.4,994.6,1017.1,270.0,4.0,,7.0,25,2.0,,8.0,,
2025-06-27 12:00:00,351150400,ZIELONA GÓRA,2025,6,27,12,20.9,57,12.1,994.9,1017.4,274.0,4.0,,8.0,15,8.0,0.0,,6.0,
2025-06-27 13:00:00,351150400,ZIELONA GÓRA,2025,6,27,13,16.8,86,14.4,996.0,1018.9,284.0,5.0,12.0,7.0,25,8.0,,8.0,,
2025-06-27 14:00:00,351150400,ZIELONA GÓRA,2025,6,27,14,18.8,64,11.8,996.2,1018.9,292.0,4.0,,7.0,1,2.0,,8.0,,
2025-06-27 15:00:00,351150400,ZIELONA GÓRA,2025,6,27,15,19.6,57,10.8,996.3,1019.0,289.0,5.0,12.0,5.0,1,8.0,,8.0,,
2025-06-27 16:00:00,351150400,ZIELONA GÓRA,2025,6,27,16,19.0,59,10.8,996.7,1019.4,288.0,4.0,,7.0,3,2.0,,8.0,,
2025-06-27 17:00:00,351150400,ZIELONA GÓRA,2025,6,27,17,18.5,62,11.1,997.0,1019.8,289.0,4.0,,7.0,15,2.0,,8.0,,
2025-06-27 18:00:00,351150400,ZIELONA GÓRA,2025,6,27,18,17.4,67,11.2,997.8,1020.7,293.0,4.0,9.0,7.0,1,8.0,0.7,,6.0,
2025-06-27 19:00:00,351150400,ZIELONA GÓRA,2025,6,27,19,16.8,68,10.9,998.3,1021.2,280.0,3.0,,1.0,1,1.0,,8.0,,
2025-06-27 20:00:00,351150400,ZIELONA GÓRA,2025,6,27,20,16.3,70,10.8,998.7,1021.7,274.0,3.0,,6.0,1,1.0,,8.0,,
2025-06-27 21:00:00,351150400,ZIELONA GÓRA,2025,6,27,21,16.3,70,10.8,999.1,1022.1,274.0,2.0,,,0,,,8.0,,
2025-06-27 22:00:00,351150400,ZIELONA GÓRA,2025,6,27,22,16.0,71,10.7,999.2,1022.2,276.0,2.0,,,0,,,8.0,,
2025-06-27 23:00:00,351150400,ZIELONA GÓRA,2025,6,27,23,15.3,73,10.5,999.7,1022.8,277.0,2.0,,,0,,,8.0,,
2025-06-28 00:00:00,351150400,ZIELONA GÓRA,2025,6,28,0,15.0,72,10.0,1000.1,1023.2,271.0,2.0,,,0,,,9.0,,
2025-06-28 01:00:00,351150400,ZIELONA GÓRA,2025,6,28,1,14.5,75,10.1,1000.4,1023.6,275.0,2.0,,,0,,,8.0,,
2025-06-28 02:00:00,351150400,ZIELONA GÓRA,2025,6,28,2,14.0,79,10.4,1000.5,1023.7,267.0,2.0,,,0,,,8.0,,
2025-06-28 03:00:00,351150400,ZIELONA GÓRA,2025,6,28,3,14.0,78,10.2,1000.4,1023.6,268.0,2.0,,,0,,,8.0,,
2025-06-28 04:00:00,351150400,ZIELONA GÓRA,2025,6,28,4,14.6,78,10.8,1000.8,1024.0,266.0,2.0,,,0,,,8.0,,
2025-06-28 05:00:00,351150400,ZIELONA GÓRA,2025,6,28,5,15.9,75,11.5,1000.7,1023.8,268.0,2.0,,1.0,0,,,8.0,,
2025-06-28 06:00:00,351150400,ZIELONA GÓRA,2025,6,28,6,17.4,69,11.7,1000.8,1023.7,269.0,2.0,,1.0,2,,,9.0,,
2025-06-28 07:00:00,351150400,ZIELONA GÓRA,2025,6,28,7,18.7,61,11.0,1000.8,1023.6,271.0,3.0,,4.0,3,0.0,,8.0,,
2025-06-28 08:00:00,351150400,ZIELONA GÓRA,2025,6,28,8,20.1,56,11.0,1000.3,1023.0,248.0,3.0,,4.0,2,0.0,,8.0,,
2025-06-28 09:00:00,351150400,ZIELONA GÓRA,2025,6,28,9,20.9,54,11.2,1000.0,1022.6,254.0,3.0,,3.0,1,0.0,,8.0,,
2025-06-28 10:00:00,351150400,ZIELONA GÓRA,2025,6,28,10,22.6,50,11.6,1000.0,1022.5,260.0,3.0,,3.0,3,0.0,,8.0,,
2025-06-28 11:00:00,351150400,ZIELONA GÓRA,2025,6,28,11,24.1,48,12.4,999.5,1021.9,267.0,3.0,,3.0,3,0.0,,8.0,,
2025-06-28 12:00:00,351150400,ZIELONA GÓRA,2025,6,28,12,24.6,48,12.9,999.2,1021.5,250.0,3.0,,2.0,1,0.0,,9.0,,
2025-06-28 13:00:00,351150400,ZIELONA GÓRA,2025,6,28,13,26.1,45,13.2,998.8,1021.0,247.0,3.0,,2.0,2,0.0,,8.0,,
2025-06-28 14:00:00,351150400,ZIELONA GÓRA,2025,6,28,14,27.1,43,13.4,998.3,1020.4,259.0,4.0,,2.0,2,0.0,,8.0,,
2025-06-28 15:00:00,351150400,ZIELONA GÓRA,2025,6,28,15,27.7,42,13.6,997.9,1020.0,271.0,3.0,,2.0,1,0.0,,8.0,,
2025-06-28 16:00:00,351150400,ZIELONA GÓRA,2025,6,28,16,27.5,42,13.4,997.7,1019.8,252.0,2.0,,3.0,3,0.0,,8.0,,
2025-06-28 17:00:00,351150400,ZIELONA GÓRA,2025,6,28,17,27.8,41,13.3,997.4,1019.5,279.0,2.0,,6.0,1,1.0,,8.0,,
2025-06-28 18:00:00,351150400,ZIELONA GÓRA,2025,6,28,18,26.9,44,13.6,997.4,1019.5,313.0,1.0,,7.0,3,1.0,,9.0,,
2025-06-28 19:00:00,351150400,ZIELONA GÓRA,2025,6,28,19,26.2,46,13.7,997.5,1019.7,315.0,2.0,,7.0,2,2.0,,8.0,,
2025-06-28 20:00:00,351150400,ZIELONA GÓRA,2025,6,28,20,25.7,48,13.9,998.0,1020.2,305.0,3.0,,7.0,2,2.0,,8.0,,
2025-06-28 21:00:00,351150400,ZIELONA GÓRA,2025,6,28,21,25.0,51,14.2,998.2,1020.5,293.0,2.0,,,0,,,8.0,,
2025-06-28 22:00:00,351150400,ZIELONA GÓRA,2025,6,28,22,23.8,57,14.8,998.3,1020.7,293.0,3.0,,,0,,,8.0,,
2025-06-28 23:00:00,351150400,ZIELONA GÓRA,2025,6,28,23,22.8,64,15.6,998.3,1020.8,286.0,3.0,,,0,,,8.0,,
2025-06-29 00:00:00,351150400,ZIELONA GÓRA,2025,6,29,0,22.1,66,15.4,998.3,1020.8,274.0,3.0,,,0,,,9.0,,
2025-06-29 01:00:00,351150400,ZIELONA GÓRA,2025,6,29,1,21.4,72,16.1,998.4,1021.0,300.0,3.0,,,0,,,8.0,,
2025-06-29 02:00:00,351150400,ZIELONA GÓRA,2025,6,29,2,20.8,76,16.4,998.3,1020.9,292.0,2.0,,,0,,,8.0,,
2025-06-29 03:00:00,351150400,ZIELONA GÓRA,2025,6,29,3,20.6,77,16.4,998.2,1020.8,287.0,3.0,,,0,,,8.0,,
2025-06-29 04:00:00,351150400,ZIELONA GÓRA,2025,6,29,4,20.7,78,16.7,998.3,1020.9,281.0,2.0,,,0,,,8.0,,
2025-06-29 05:00:00,351150400,ZIELONA GÓRA,2025,6,29,5,21.2,76,16.8,998.5,1021.1,282.0,3.0,,0.0,0,,,8.0,,
2025-06-29 06:00:00,351150400,ZIELONA GÓRA,2025,6,29,6,22.3,67,15.9,998.5,1021.0,293.0,4.0,9.0,2.0,3,,,9.0,,
2025-06-29 07:00:00,351150400,ZIELONA GÓRA,2025,6,29,7,23.4,60,15.2,998.4,1020.8,288.0,4.0,,3.0,3,0.0,,8.0,,
2025-06-29 08:00:00,351150400,ZIELONA GÓRA,2025,6,29,8,24.1,55,14.5,998.3,1020.7,290.0,4.0,,6.0,3,1.0,,8.0,,
2025-06-29 09:00:00,351150400,ZIELONA GÓRA,2025,6,29,9,25.2,50,14.0,998.0,1020.3,287.0,3.0,,5.0,1,1.0,,8.0,,
2025-06-29 10:00:00,351150400,ZIELONA GÓRA,2025,6,29,10,26.0,49,14.5,997.8,1020.0,274.0,4.0,,7.0,3,2.0,,8.0,,
2025-06-29 11:00:00,351150400,ZIELONA GÓRA,2025,6,29,11,26.7,46,14.1,997.2,1019.3,288.0,3.0,,7.0,3,2.0,,8.0,,
2025-06-29 12:00:00,351150400,ZIELONA GÓRA,2025,6,29,12,27.1,44,13.8,996.6,1018.7,271.0,3.0,,7.0,3,1.0,,9.0,,
2025-06-29 13:00:00,351150400,ZIELONA GÓRA,2025,6,29,13,26.6,47,14.4,996.6,1018.7,278.0,4.0,,7.0,1,2.0,,8.0,,
2025-06-29 14:00:00,351150400,ZIELONA GÓRA,2025,6,29,14,27.9,44,14.5,996.2,1018.2,262.0,5.0,10.0,7.0,3,2.0,,8.0,,
2025-06-29 15:00:00,351150400,ZIELONA GÓRA,2025,6,29,15,27.2,46,14.6,995.8,1017.9,288.0,5.0,10.0,7.0,1,2.0,,8.0,,
2025-06-29 16:00:00,351150400,ZIELONA GÓRA,2025,6,29,16,26.6,47,14.4,995.5,1017.6,289.0,5.0,,7.0,3,2.0,,8.0,,
2025-06-29 17:00:00,351150400,ZIELONA GÓRA,2025,6,29,17,26.1,49,14.5,995.7,1017.8,317.0,5.0,,7.0,1,2.0,,8.0,,
2025-06-29 18:00:00,351150400,ZIELONA GÓRA,2025,6,29,18,25.0,52,14.5,995.8,1018.0,318.0,4.0,,6.0,1,2.0,,9.0,,
2025-06-29 19:00:00,351150400,ZIELONA GÓRA,2025,6,29,19,24.3,54,14.4,995.9,1018.2,312.0,4.0,9.0,7.0,1,2.0,,8.0,,
2025-06-29 20:00:00,351150400,ZIELONA GÓRA,2025,6,29,20,23.1,42,9.5,996.7,1019.1,322.0,4.0,,5.0,1,2.0,,8.0,,
2025-06-29 21:00:00,351150400,ZIELONA GÓRA,2025,6,29,21,21.3,42,7.9,997.1,1019.6,322.0,3.0,,,0,,,8.0,,
2025-06-29 22:00:00,351150400,ZIELONA GÓRA,2025,6,29,22,19.8,43,6.9,997.5,1020.2,321.0,2.0,,,0,,,8.0,,
2025-06-29 23:00:00,351150400,ZIELONA GÓRA,2025,6,29,23,18.4,49,7.5,998.2,1021.0,328.0,4.0,,,0,,,8.0,,
2025-06-30 00:00:00,351150400,ZIELONA GÓRA,2025,6,30,0,16.9,53,7.3,998.3,1021.2,316.0,4.0,,,0,,,9.0,,
2025-06-30 01:00:00,351150400,ZIELONA GÓRA,2025,6,30,1,15.6,60,7.9,998.3,1021.3,309.0,3.0,,,0,,,8.0,,
2025-06-30 02:00:00,351150400,ZIELONA GÓRA,2025,6,30,2,14.6,65,8.1,998.5,1021.6,315.0,2.0,,,0,,,8.0,,
2025-06-30 03:00:00,351150400,ZIELONA GÓRA,2025,6,30,3,13.7,69,8.1,998.6,1021.8,323.0,3.0,,,0,,,8.0,,
2025-06-30 04:00:00,351150400,ZIELONA GÓRA,2025,6,30,4,13.8,70,8.4,998.8,1022.0,315.0,4.0,,,0,,,8.0,,
2025-06-30 05:00:00,351150400,ZIELONA GÓRA,2025,6,30,5,14.4,71,9.2,999.0,1022.1,315.0,4.0,,1.0,0,,,8.0,,
2025-06-30 06:00:00,351150400,ZIELONA GÓRA,2025,6,30,6,15.2,67,9.1,999.0,1022.1,321.0,3.0,,1.0,2,,,9.0,,
2025-06-30 07:00:00,351150400,ZIELONA GÓRA,2025,6,30,7,16.5,60,8.7,999.0,1022.0,299.0,3.0,,1.0,2,0.0,,8.0,,
2025-06-30 08:00:00,351150400,ZIELONA GÓRA,2025,6,30,8,18.0,51,7.7,999.1,1021.9,320.0,3.0,,1.0,2,0.0,,8.0,,
2025-06-30 09:00:00,351150400,ZIELONA GÓRA,2025,6,30,9,20.0,43,7.0,999.3,1022.0,306.0,3.0,,1.0,2,0.0,,8.0,,
2025-06-30 10:00:00,351150400,ZIELONA GÓRA,2025,6,30,10,21.9,34,5.3,999.1,1021.6,289.0,4.0,,1.0,2,0.0,,8.0,,
2025-06-30 11:00:00,351150400,ZIELONA GÓRA,2025,6,30,11,23.0,31,5.0,999.0,1021.5,322.0,3.0,,1.0,2,0.0,,8.0,,
2025-06-30 12:00:00,351150400,ZIELONA GÓRA,2025,6,30,12,23.9,22,0.9,998.7,1021.1,304.0,5.0,,1.0,3,0.0,,9.0,,
2025-06-30 13:00:00,351150400,ZIELONA GÓRA,2025,6,30,13,24.8,21,1.0,998.4,1020.7,303.0,4.0,,1.0,1,0.0,,8.0,,
2025-06-30 14:00:00,351150400,ZIELONA GÓRA,2025,6,30,14,25.3,21,1.4,998.1,1020.4,321.0,4.0,,1.0,2,0.0,,8.0,,
2025-06-30 15:00:00,351150400,ZIELONA GÓRA,2025,6,30,15,25.7,20,1.0,997.6,1019.8,319.0,3.0,,1.0,2,0.0,,8.0,,
2025-06-30 16:00:00,351150400,ZIELONA GÓRA,2025,6,30,16,25.2,21,1.3,997.2,1019.4,344.0,3.0,,0.0,1,0.0,,8.0,,
2025-06-30 17:00:00,351150400,ZIELONA GÓRA,2025,6,30,17,24.5,24,2.6,996.9,1019.2,346.0,3.0,8.0,0.0,2,0.0,,8.0,,
2025-06-30 18:00:00,351150400,ZIELONA GÓRA,2025,6,30,18,23.6,27,3.5,996.9,1019.3,354.0,2.0,,1.0,3,0.0,,9.0,,
2025-06-30 19:00:00,351150400,ZIELONA GÓRA,2025,6,30,19,21.7,33,4.7,997.1,1019.6,11.0,1.0,,1.0,2,0.0,,8.0,,
2025-06-30 20:00:00,351150400,ZIELONA GÓRA,2025,6,30,20,19.6,47,8.0,997.6,1020.3,42.0,2.0,,1.0,2,0.0,,8.0,,
2025-06-30 21:00:00,351150400,ZIELONA GÓRA,2025,6,30,21,18.5,54,9.0,997.6,1020.4,59.0,3.0,,,0,,,8.0,,
2025-06-30 22:00:00,351150400,ZIELONA GÓRA,2025,6,30,22,17.9,56,9.0,997.9,1020.7,67.0,2.0,,,0,,,8.0,,
2025-06-30 23:00:00,351150400,ZIELONA GÓRA,2025,6,30,23,16.8,61,9.2,998.2,1021.1,97.0,1.0,,,0,,,8.0,,
2025-07-01 00:00:00,351150400,ZIELONA GÓRA,2025,7,1,0,15.6,67,9.5,998.5,1021.5,115.0,1.0,,,0,,,9.0,,
2025-07-01 01:00:00,351150400,ZIELONA GÓRA,2025,7,1,1,15.1,69,9.5,998.5,1021.6,126.0,2.0,,,0,,,8.0,,
2025-07-01 02:00:00,351150400,ZIELONA GÓRA,2025,7,1,2,15.4,67,9.3,998.4,1021.4,131.0,2.0,,,0,,,8.0,,
2025-07-01 03:00:00,351150400,ZIELONA GÓRA,2025,7,1,3,15.5,65,8.9,998.2,1021.2,129.0,2.0,,,0,,,8.0,,
2025-07-01 04:00:00,351150400,ZIELONA GÓRA,2025,7,1,4,16.1,65,9.5,998.1,1021.1,134.0,2.0,,,0,,,8.0,,
2025-07-01 05:00:00,351150400,ZIELONA GÓRA,2025,7,1,5,17.5,61,9.9,998.3,1021.2,129.0,2.0,,0.0,0,,,8.0,,
2025-07-01 06:00:00,351150400,ZIELONA GÓRA,2025,7,1,6,18.8,56,9.8,998.3,1021.1,147.0,3.0,,0.0,2,,,9.0,,
2025-07-01 07:00:00,351150400,ZIELONA GÓRA,2025,7,1,7,20.6,50,9.8,998.2,1020.8,134.0,3.0,,0.0,2,0.0,,8.0,,
2025-07-01 08:00:00,351150400,ZIELONA GÓRA,2025,7,1,8,22.2,41,8.3,998.2,1020.7,148.0,2.0,,0.0,2,0.0,,8.0,,
2025-07-01 09:00:00,351150400,ZIELONA GÓRA,2025,7,1,9,23.8,36,7.8,998.0,1020.4,167.0,2.0,,0.0,2,0.0,,8.0,,
2025-07-01 10:00:00,351150400,ZIELONA GÓRA,2025,7,1,10,24.8,31,6.5,997.9,1020.2,22.0,2.0,,0.0,2,0.0,,8.0,,
2025-07-01 11:00:00,351150400,ZIELONA GÓRA,2025,7,1,11,26.1,24,3.9,997.4,1019.6,136.0,2.0,,0.0,2,0.0,,8.0,,
2025-07-01 12:00:00,351150400,ZIELONA GÓRA,2025,7,1,12,27.6,25,5.8,997.0,1019.1,146.0,2.0,,0.0,2,0.0,,9.0,,
2025-07-01 13:00:00,351150400,ZIELONA GÓRA,2025,7,1,13,28.8,22,5.0,996.8,1018.8,228.0,2.0,,0.0,2,0.0,,8.0,,
2025-07-01 14:00:00,351150400,ZIELONA GÓRA,2025,7,1,14,28.8,22,5.0,996.5,1018.5,153.0,2.0,,0.0,2,0.0,,8.0,,
2025-07-01 15:00:00,351150400,ZIELONA GÓRA,2025,7,1,15,29.3,21,4.7,996.3,1018.2,196.0,2.0,,0.0,2,0.0,,8.0,,
2025-07-01 16:00:00,351150400,ZIELONA GÓRA,2025,7,1,16,29.3,23,6.0,995.9,1017.8,154.0,2.0,,0.0,2,0.0,,8.0,,
2025-07-01 17:00:00,351150400,ZIELONA GÓRA,2025,7,1,17,28.8,23,5.6,995.7,1017.6,97.0,2.0,,0.0,2,0.0,,8.0,,
2025-07-01 18:00:00,351150400,ZIELONA GÓRA,2025,7,1,18,28.1,25,6.2,995.6,1017.6,76.0,1.0,,0.0,2,0.0,,9.0,,
2025-07-01 19:00:00,351150400,ZIELONA GÓRA,2025,7,1,19,25.7,30,6.8,995.5,1017.7,94.0,1.0,,0.0,2,0.0,,8.0,,
2025-07-01 20:00:00,351150400,ZIELONA GÓRA,2025,7,1,20,23.6,36,7.6,995.9,1018.2,121.0,2.0,,0.0,2,0.0,,8.0,,
2025-07-01 21:00:00,351150400,ZIELONA GÓRA,2025,7,1,21,22.9,38,7.8,996.1,1018.5,128.0,2.0,,,0,,,8.0,,
2025-07-01 22:00:00,351150400,ZIELONA GÓRA,2025,7,1,22,22.1,38,7.1,996.3,1018.8,138.0,2.0,,,0,,,8.0,,
2025-07-01 23:00:00,351150400,ZIELONA GÓRA,2025,7,1,23,20.8,41,7.1,996.1,1018.7,126.0,2.0,,,0,,,8.0,,
2025-07-02 00:00:00,351150400,ZIELONA GÓRA,2025,7,2,0,20.6,41,6.9,996.1,1018.7,132.0,3.0,,,0,,,9.0,,
2025-07-02 01:00:00,351150400,ZIELONA GÓRA,2025,7,2,1,19.9,44,7.3,996.3,1018.9,130.0,2.0,,,0,,,8.0,,
2025-07-02 02:00:00,351150400,ZIELONA GÓRA,2025,7,2,2,19.2,47,7.6,996.1,1018.8,130.0,3.0,,,0,,,8.0,,
2025-07-02 03:00:00,351150400,ZIELONA GÓRA,2025,7,2,3,19.1,48,7.8,995.9,1018.6,129.0,3.0,,,0,,,8.0,,
2025-07-02 04:00:00,351150400,ZIELONA GÓRA,2025,7,2,4,19.5,48,8.2,996.0,1018.7,119.0,2.0,,,0,,,8.0,,
2025-07-02 05:00:00,351150400,ZIELONA GÓRA,2025,7,2,5,21.1,44,8.4,996.1,1018.6,131.0,3.0,,0.0,0,,,8.0,,
2025-07-02 06:00:00,351150400,ZIELONA GÓRA,2025,7,2,6,23.5,40,9.1,996.0,1018.3,136.0,2.0,,0.0,2,,,9.0,,
2025-07-02 07:00:00,351150400,ZIELONA GÓRA,2025,7,2,7,25.3,32,7.4,996.1,1018.3,146.0,3.0,,0.0,2,0.0,,8.0,,
2025-07-02 08:00:00,351150400,ZIELONA GÓRA,2025,7,2,8,27.6,29,8.0,995.9,1017.9,149.0,2.0,,0.0,2,0.0,,8.0,,
2025-07-02 09:00:00,351150400,ZIELONA GÓRA,2025,7,2,9,29.3,25,7.2,995.7,1017.6,147.0,2.0,,0.0,2,0.0,,8.0,,
2025-07-02 10:00:00,351150400,ZIELONA GÓRA,2025,7,2,10,30.6,25,8.3,995.3,1017.1,117.0,2.0,,0.0,2,0.0,,8.0,,
2025-07-02 11:00:00,351150400,ZIELONA GÓRA,2025,7,2,11,31.6,23,7.9,994.8,1016.5,156.0,2.0,,0.0,2,0.0,,8.0,,
2025-07-02 12:00:00,351150400,ZIELONA GÓRA,2025,7,2,12,33.0,17,4.7,994.3,1015.9,181.0,3.0,,0.0,2,0.0,,9.0,,
2025-07-02 13:00:00,351150400,ZIELONA GÓRA,2025,7,2,13,33.6,16,4.3,994.0,1015.6,139.0,2.0,,0.0,2,0.0,,8.0,,
2025-07-02 14:00:00,351150400,ZIELONA GÓRA,2025,7,2,14,33.6,15,3.4,993.5,1015.0,127.0,3.0,,0.0,2,0.0,,8.0,,
2025-07-02 15:00:00,351150400,ZIELONA GÓRA,2025,7,2,15,33.9,16,4.5,993.1,1014.6,133.0,2.0,,0.0,2,0.0,,8.0,,
2025-07-02 16:00:00,351150400,ZIELONA GÓRA,2025,7,2,16,33.7,18,6.1,992.5,1014.0,164.0,3.0,,0.0,2,0.0,,8.0,,
2025-07-02 17:00:00,351150400,ZIELONA GÓRA,2025,7,2,17,33.0,20,7.0,992.0,1013.6,136.0,3.0,,0.0,2,0.0,,8.0,,
2025-07-02 18:00:00,351150400,ZIELONA GÓRA,2025,7,2,18,31.7,21,6.7,991.7,1013.3,124.0,3.0,,0.0,2,0.0,,9.0,,
2025-07-02 19:00:00,351150400,ZIELONA GÓRA,2025,7,2,19,29.6,28,9.2,991.3,1013.1,127.0,3.0,,1.0,3,0.0,,8.0,,
2025-07-02 20:00:00,351150400,ZIELONA GÓRA,2025,7,2,20,27.5,34,10.2,991.9,1013.9,130.0,3.0,,1.0,2,0.0,,8.0,,
2025-07-02 21:00:00,351150400,ZIELONA GÓRA,2025,7,2,21,26.2,39,11.1,992.0,1014.1,129.0,3.0,,,0,,,8.0,,
2025-07-02 22:00:00,351150400,ZIELONA GÓRA,2025,7,2,22,25.2,42,11.4,991.8,1013.9,136.0,3.0,,,0,,,8.0,,
2025-07-02 23:00:00,351150400,ZIELONA GÓRA,2025,7,2,23,23.7,47,11.7,991.5,1013.7,138.0,2.0,,,0,,,8.0,,
2025-07-03 00:00:00,351150400,ZIELONA GÓRA,2025,7,3,0,23.4,47,11.4,991.3,1013.6,141.0,2.0,,,0,,,9.0,,
2025-07-03 01:00:00,351150400,ZIELONA GÓRA,2025,7,3,1,22.9,47,11.0,991.0,1013.3,143.0,3.0,,,0,,,8.0,,
2025-07-03 02:00:00,351150400,ZIELONA GÓRA,2025,7,3,2,22.1,49,10.9,991.0,1013.3,154.0,2.0,,,0,,,8.0,,
2025-07-03 03:00:00,351150400,ZIELONA GÓRA,2025,7,3,3,21.8,49,10.6,990.8,1013.2,162.0,3.0,,,0,,,8.0,,
2025-07-03 04:00:00,351150400,ZIELONA GÓRA,2025,7,3,4,20.9,53,11.0,990.9,1013.3,151.0,2.0,,,0,,,8.0,,
2025-07-03 05:00:00,351150400,ZIELONA GÓRA,2025,7,3,5,24.0,43,10.6,991.5,1013.7,258.0,3.0,,4.0,0,,,8.0,,
2025-07-03 06:00:00,351150400,ZIELONA GÓRA,2025,7,3,6,22.6,57,13.6,992.3,1014.6,273.0,3.0,8.0,7.0,16,,,9.0,,
2025-07-03 07:00:00,351150400,ZIELONA GÓRA,2025,7,3,7,24.0,59,15.5,993.4,1015.7,291.0,4.0,9.0,4.0,1,1.0,,8.0,,
2025-07-03 08:00:00,351150400,ZIELONA GÓRA,2025,7,3,8,25.5,51,14.6,994.5,1016.7,306.0,6.0,11.0,3.0,1,0.0,,8.0,,
2025-07-03 09:00:00,351150400,ZIELONA GÓRA,2025,7,3,9,25.3,52,14.7,995.3,1017.5,292.0,5.0,,5.0,3,1.0,,8.0,,
2025-07-03 10:00:00,351150400,ZIELONA GÓRA,2025,7,3,10,25.1,54,15.1,996.1,1018.3,315.0,4.0,,7.0,3,2.0,,8.0,,
2025-07-03 11:00:00,351150400,ZIELONA GÓRA,2025,7,3,11,23.0,65,16.1,997.5,1019.9,300.0,4.0,,7.0,1,2.0,,8.0,,
2025-07-03 12:00:00,351150400,ZIELONA GÓRA,2025,7,3,12,21.0,71,15.5,998.5,1021.1,304.0,6.0,11.0,8.0,3,1.0,,9.0,,
2025-07-03 13:00:00,351150400,ZIELONA GÓRA,2025,7,3,13,20.4,68,14.3,999.0,1021.7,302.0,4.0,,8.0,25,2.0,,8.0,,
2025-07-03 14:00:00,351150400,ZIELONA GÓRA,2025,7,3,14,19.9,73,14.9,999.5,1022.2,286.0,3.0,,8.0,25,8.0,,8.0,,
2025-07-03 15:00:00,351150400,ZIELONA GÓRA,2025,7,3,15,20.2,71,14.8,999.2,1021.9,268.0,2.0,,8.0,1,8.0,,8.0,,
2025-07-03 16:00:00,351150400,ZIELONA GÓRA,2025,7,3,16,22.2,63,14.8,999.3,1021.8,253.0,2.0,,7.0,25,2.0,,8.0,,
2025-07-03 17:00:00,351150400,ZIELONA GÓRA,2025,7,3,17,22.7,55,13.2,999.4,1021.9,260.0,2.0,,3.0,1,1.0,,8.0,,
2025-07-03 18:00:00,351150400,ZIELONA GÓRA,2025,7,3,18,22.9,44,10.0,999.8,1022.3,302.0,2.0,,4.0,3,8.0,0.0,,6.0,
2025-07-03 19:00:00,351150400,ZIELONA GÓRA,2025,7,3,19,21.6,44,8.8,1000.1,1022.7,322.0,2.0,,3.0,3,0.0,,8.0,,
2025-07-03 20:00:00,351150400,ZIELONA GÓRA,2025,7,3,20,19.9,49,8.9,1001.1,1023.8,352.0,1.0,,6.0,3,1.0,,8.0,,
2025-07-03 21:00:00,351150400,ZIELONA GÓRA,2025,7,3,21,18.2,52,8.2,1001.5,1024.4,345.0,2.0,,,0,,,8.0,,
2025-07-03 22:00:00,351150400,ZIELONA GÓRA,2025,7,3,22,17.3,54,7.9,1001.9,1024.9,342.0,3.0,,,0,,,8.0,,
2025-07-03 23:00:00,351150400,ZIELONA GÓRA,2025,7,3,23,15.7,59,7.7,1002.3,1025.4,353.0,2.0,,,0,,,8.0,,
2025-07-04 00:00:00,351150400,ZIELONA GÓRA,2025,7,4,0,15.0,57,6.5,1002.4,1025.6,344.0,2.0,,,0,,,9.0,,
2025-07-04 01:00:00,351150400,ZIELONA GÓRA,2025,7,4,1,14.2,61,6.8,1002.6,1025.8,344.0,2.0,,,0,,,8.0,,
2025-07-04 02:00:00,351150400,ZIELONA GÓRA,2025,7,4,2,13.6,62,6.5,1002.6,1025.9,348.0,1.0,,,0,,,8.0,,
2025-07-04 03:00:00,351150400,ZIELONA GÓRA,2025,7,4,3,12.8,66,6.6,1002.5,1025.8,341.0,1.0,,,0,,,8.0,,
2025-07-04 04:00:00,351150400,ZIELONA GÓRA,2025,7,4,4,13.0,68,7.2,1002.9,1026.2,330.0,1.0,,,0,,,8.0,,
2025-07-04 05:00:00,351150400,ZIELONA GÓRA,2025,7,4,5,14.9,61,7.4,1003.0,1026.2,325.0,2.0,,1.0,0,,,8.0,,
2025-07-04 06:00:00,351150400,ZIELONA GÓRA,2025,7,4,6,16.7,57,8.1,1003.0,1026.0,20.0,1.0,,1.0,3,,,9.0,,
2025-07-04 07:00:00,351150400,ZIELONA GÓRA,2025,7,4,7,17.9,49,7.0,1003.0,1025.9,303.0,1.0,,4.0,3,0.0,,8.0,,
2025-07-04 08:00:00,351150400,ZIELONA GÓRA,2025,7,4,8,18.8,46,6.9,1002.9,1025.8,273.0,2.0,,6.0,3,1.0,,8.0,,
2025-07-04 09:00:00,351150400,ZIELONA GÓRA,2025,7,4,9,19.5,44,6.9,1003.0,1025.8,292.0,3.0,,7.0,1,1.0,,8.0,,
2025-07-04 10:00:00,351150400,ZIELONA GÓRA,2025,7,4,10,19.3,45,7.1,1003.0,1025.8,311.0,3.0,,5.0,1,2.0,,8.0,,
2025-07-04 11:00:00,351150400,ZIELONA GÓRA,2025,7,4,11,20.3,36,4.7,1002.6,1025.3,306.0,3.0,,3.0,3,1.0,,8.0,,
2025-07-04 12:00:00,351150400,ZIELONA GÓRA,2025,7,4,12,21.5,33,4.5,1002.2,1024.8,328.0,3.0,,3.0,1,1.0,,9.0,,
2025-07-04 13:00:00,351150400,ZIELONA GÓRA,2025,7,4,13,22.2,30,3.8,1001.7,1024.3,319.0,3.0,8.0,2.0,1,0.0,,8.0,,
2025-07-04 14:00:00,351150400,ZIELONA GÓRA,2025,7,4,14,22.8,31,4.8,1001.6,1024.1,290.0,2.0,,3.0,3,0.0,,8.0,,
2025-07-04 15:00:00,351150400,ZIELONA GÓRA,2025,7,4,15,22.8,28,3.3,1001.3,1023.8,307.0,4.0,,3.0,2,0.0,,8.0,,
2025-07-04 16:00:00,351150400,ZIELONA GÓRA,2025,7,4,16,23.1,26,2.5,1000.8,1023.3,283.0,3.0,,2.0,1,0.0,,8.0,,
2025-07-04 17:00:00,351150400,ZIELONA GÓRA,2025,7,4,17,22.6,28,3.2,1000.7,1023.2,275.0,3.0,,3.0,1,0.0,,8.0,,
2025-07-04 18:00:00,351150400,ZIELONA GÓRA,2025,7,4,18,21.9,29,3.0,1000.7,1023.3,306.0,3.0,,5.0,1,1.0,,9.0,,
2025-07-04 19:00:00,351150400,ZIELONA GÓRA,2025,7,4,19,20.4,32,3.1,1000.6,1023.3,318.0,2.0,,6.0,3,2.0,,8.0,,
2025-07-04 20:00:00,351150400,ZIELONA GÓRA,2025,7,4,20,18.2,38,3.6,1000.6,1023.5,338.0,1.0,,5.0,1,2.0,,8.0,,
2025-07-04 21:00:00,351150400,ZIELONA GÓRA,2025,7,4,21,18.1,38,3.5,1000.4,1023.3,29.0,2.0,,,0,,,8.0,,
2025-07-04 22:00:00,351150400,ZIELONA GÓRA,2025,7,4,22,17.7,39,3.6,1000.4,1023.3,58.0,2.0,,,0,,,8.0,,
2025-07-04 23:00:00,351150400,ZIELONA GÓRA,2025,7,4,23,16.3,43,3.7,1000.2,1023.2,113.0,1.0,,,0,,,8.0,,
2025-07-05 00:00:00,351150400,ZIELONA GÓRA,2025,7,5,0,15.2,47,4.0,999.8,1022.9,122.0,2.0,,,0,,,9.0,,
2025-07-05 01:00:00,351150400,ZIELONA GÓRA,2025,7,5,1,15.1,48,4.2,999.2,1022.3,121.0,2.0,,,0,,,8.0,,
2025-07-05 02:00:00,351150400,ZIELONA GÓRA,2025,7,5,2,14.8,47,3.6,998.6,1021.7,143.0,2.0,,,0,,,8.0,,
2025-07-05 03:00:00,351150400,ZIELONA GÓRA,2025,7,5,3,14.2,50,3.9,998.3,1021.4,158.0,2.0,,,0,,,8.0,,
2025-07-05 04:00:00,351150400,ZIELONA GÓRA,2025,7,5,4,15.7,46,4.1,997.9,1020.9,150.0,2.0,,,0,,,8.0,,
2025-07-05 05:00:00,351150400,ZIELONA GÓRA,2025,7,5,5,16.9,45,4.9,997.5,1020.4,174.0,2.0,,4.0,0,,,8.0,,
2025-07-05 06:00:00,351150400,ZIELONA GÓRA,2025,7,5,6,18.5,44,6.0,997.1,1019.9,182.0,3.0,,4.0,2,,,9.0,,
2025-07-05 07:00:00,351150400,ZIELONA GÓRA,2025,7,5,7,20.7,41,7.0,996.7,1019.3,192.0,3.0,,7.0,3,1.0,,8.0,,
2025-07-05 08:00:00,351150400,ZIELONA GÓRA,2025,7,5,8,22.7,35,6.4,996.0,1018.4,194.0,3.0,,7.0,2,2.0,,8.0,,
2025-07-05 09:00:00,351150400,ZIELONA GÓRA,2025,7,5,9,24.9,31,6.6,995.3,1017.5,202.0,3.0,,7.0,3,1.0,,8.0,,
2025-07-05 10:00:00,351150400,ZIELONA GÓRA,2025,7,5,10,25.7,29,6.3,994.3,1016.4,202.0,3.0,,7.0,2,2.0,,8.0,,
2025-07-05 11:00:00,351150400,ZIELONA GÓRA,2025,7,5,11,27.1,25,5.4,993.1,1015.1,224.0,3.0,,6.0,3,2.0,,8.0,,
2025-07-05 12:00:00,351150400,ZIELONA GÓRA,2025,7,5,12,27.7,26,6.4,992.2,1014.1,181.0,4.0,9.0,7.0,1,1.0,,9.0,,
2025-07-05 13:00:00,351150400,ZIELONA GÓRA,2025,7,5,13,28.4,24,5.9,991.4,1013.3,206.0,4.0,,7.0,3,2.0,,8.0,,
2025-07-05 14:00:00,351150400,ZIELONA GÓRA,2025,7,5,14,28.0,26,6.7,990.7,1012.6,188.0,2.0,,7.0,1,2.0,,8.0,,
2025-07-05 15:00:00,351150400,ZIELONA GÓRA,2025,7,5,15,27.9,25,6.0,990.0,1011.9,184.0,3.0,,7.0,3,2.0,,8.0,,
2025-07-05 16:00:00,351150400,ZIELONA GÓRA,2025,7,5,16,28.9,19,3.0,989.6,1011.4,252.0,4.0,,7.0,1,2.0,,8.0,,
2025-07-05 17:00:00,351150400,ZIELONA GÓRA,2025,7,5,17,28.0,20,2.9,989.7,1011.6,267.0,4.0,9.0,3.0,1,1.0,,8.0,,
2025-07-05 18:00:00,351150400,ZIELONA GÓRA,2025,7,5,18,27.1,19,1.5,989.5,1011.4,259.0,3.0,,2.0,1,1.0,,9.0,,
2025-07-05 19:00:00,351150400,ZIELONA GÓRA,2025,7,5,19,24.9,23,2.3,989.6,1011.7,255.0,1.0,,3.0,3,0.0,,8.0,,
2025-07-05 20:00:00,351150400,ZIELONA GÓRA,2025,7,5,20,24.0,25,2.7,989.7,1011.9,254.0,1.0,,7.0,3,1.0,,8.0,,
2025-07-05 21:00:00,351150400,ZIELONA GÓRA,2025,7,5,21,22.9,27,2.9,989.6,1011.8,206.0,1.0,,,0,,,8.0,,
2025-07-05 22:00:00,351150400,ZIELONA GÓRA,2025,7,5,22,22.1,30,3.7,989.3,1011.6,217.0,2.0,,,0,,,8.0,,
2025-07-05 23:00:00,351150400,ZIELONA GÓRA,2025,7,5,23,21.7,31,3.8,989.4,1011.7,285.0,3.0,,,0,,,8.0,,
2025-07-06 00:00:00,351150400,ZIELONA GÓRA,2025,7,6,0,19.9,37,4.8,989.0,1011.5,334.0,2.0,,,0,,,9.0,,
2025-07-06 01:00:00,351150400,ZIELONA GÓRA,2025,7,6,1,19.9,39,5.5,989.0,1011.5,315.0,2.0,,,0,,,8.0,,
2025-07-06 02:00:00,351150400,ZIELONA GÓRA,2025,7,6,2,19.9,40,5.9,988.7,1011.2,317.0,2.0,,,0,,,8.0,,
2025-07-06 03:00:00,351150400,ZIELONA GÓRA,2025,7,6,3,19.4,42,6.1,988.5,1011.0,314.0,2.0,,,0,,,8.0,,
2025-07-06 04:00:00,351150400,ZIELONA GÓRA,2025,7,6,4,19.1,44,6.6,988.3,1010.8,319.0,1.0,,,0,,,8.0,,
2025-07-06 05:00:00,351150400,ZIELONA GÓRA,2025,7,6,5,19.9,44,7.3,988.4,1010.9,317.0,2.0,,7.0,0,,,8.0,,
2025-07-06 06:00:00,351150400,ZIELONA GÓRA,2025,7,6,6,21.8,39,7.2,988.2,1010.5,295.0,1.0,,7.0,1,,,9.0,,
2025-07-06 07:00:00,351150400,ZIELONA GÓRA,2025,7,6,7,22.2,42,8.7,987.9,1010.2,152.0,2.0,,7.0,1,2.0,,8.0,,
2025-07-06 08:00:00,351150400,ZIELONA GÓRA,2025,7,6,8,24.2,33,6.9,987.6,1009.7,166.0,1.0,,7.0,2,2.0,,8.0,,
2025-07-06 09:00:00,351150400,ZIELONA GÓRA,2025,7,6,9,25.0,31,6.7,987.2,1009.2,160.0,2.0,,7.0,1,2.0,,8.0,,
2025-07-06 10:00:00,351150400,ZIELONA GÓRA,2025,7,6,10,27.2,27,6.6,986.6,1008.5,160.0,3.0,,7.0,3,2.0,,8.0,,
2025-07-06 11:00:00,351150400,ZIELONA GÓRA,2025,7,6,11,28.0,25,6.1,985.8,1007.6,243.0,3.0,,7.0,1,2.0,,8.0,,
2025-07-06 12:00:00,351150400,ZIELONA GÓRA,2025,7,6,12,29.3,21,4.7,985.0,1006.7,195.0,4.0,,4.0,3,1.0,,9.0,,
2025-07-06 13:00:00,351150400,ZIELONA GÓRA,2025,7,6,13,29.2,22,5.3,984.5,1006.2,200.0,3.0,,6.0,1,1.0,,8.0,,
2025-07-06 14:00:00,351150400,ZIELONA GÓRA,2025,7,6,14,29.8,22,5.8,984.0,1005.6,192.0,4.0,,7.0,3,2.0,,8.0,,
2025-07-06 15:00:00,351150400,ZIELONA GÓRA,2025,7,6,15,29.1,23,5.8,983.5,1005.2,208.0,3.0,,7.0,3,1.0,,8.0,,
2025-07-06 16:00:00,351150400,ZIELONA GÓRA,2025,7,6,16,28.3,24,5.8,983.3,1005.0,250.0,3.0,,7.0,1,2.0,,8.0,,
2025-07-06 17:00:00,351150400,ZIELONA GÓRA,2025,7,6,17,27.5,20,2.5,983.0,1004.8,256.0,3.0,,7.0,1,2.0,,8.0,,
2025-07-06 18:00:00,351150400,ZIELONA GÓRA,2025,7,6,18,26.4,22,3.0,982.9,1004.7,272.0,2.0,,7.0,3,1.0,,9.0,,
2025-07-06 19:00:00,351150400,ZIELONA GÓRA,2025,7,6,19,25.3,26,4.4,982.8,1004.7,304.0,2.0,,7.0,3,2.0,,8.0,,
2025-07-06 20:00:00,351150400,ZIELONA GÓRA,2025,7,6,20,24.4,31,6.2,982.4,1004.4,317.0,1.0,,7.0,2,2.0,,8.0,,
2025-07-06 21:00:00,351150400,ZIELONA GÓRA,2025,7,6,21,23.7,33,6.5,982.0,1004.0,307.0,2.0,,,0,,,8.0,,
2025-07-06 22:00:00,351150400,ZIELONA GÓRA,2025,7,6,22,23.5,35,7.1,982.2,1004.2,298.0,2.0,,,0,,,8.0,,
2025-07-06 23:00:00,351150400,ZIELONA GÓRA,2025,7,6,23,21.9,39,7.3,982.1,1004.3,154.0,1.0,,,0,,,8.0,,
2025-07-07 00:00:00,351150400,ZIELONA GÓRA,2025,7,7,0,21.5,37,6.2,981.2,1003.4,281.0,2.0,,,0,,,9.0,,
2025-07-07 01:00:00,351150400,ZIELONA GÓRA,2025,7,7,1,20.9,39,6.4,980.9,1003.1,304.0,2.0,,,0,,,8.0,,
2025-07-07 02:00:00,351150400,ZIELONA GÓRA,2025,7,7,2,20.5,40,6.4,980.4,1002.6,308.0,3.0,,,0,,,8.0,,
2025-07-07 03:00:00,351150400,ZIELONA GÓRA,2025,7,7,3,20.1,42,6.8,980.3,1002.6,280.0,3.0,,,0,,,8.0,,
2025-07-07 04:00:00,351150400,ZIELONA GÓRA,2025,7,7,4,18.5,52,8.5,980.7,1003.1,273.0,3.0,,,0,,,8.0,,
2025-07-07 05:00:00,351150400,ZIELONA GÓRA,2025,7,7,5,16.8,70,11.3,981.0,1003.5,251.0,2.0,,8.0,61,,,8.0,,
2025-07-07 06:00:00,351150400,ZIELONA GÓRA,2025,7,7,6,16.7,75,12.2,980.9,1003.4,213.0,2.0,,8.0,60,,0.0,,6.0,
2025-07-07 07:00:00,351150400,ZIELONA GÓRA,2025,7,7,7,18.0,67,11.8,981.0,1003.4,247.0,2.0,,8.0,21,2.0,,8.0,,
2025-07-07 08:00:00,351150400,ZIELONA GÓRA,2025,7,7,8,19.0,63,11.8,980.8,1003.2,251.0,3.0,,7.0,3,2.0,,8.0,,
2025-07-07 09:00:00,351150400,ZIELONA GÓRA,2025,7,7,9,18.9,64,11.9,980.8,1003.2,240.0,3.0,,7.0,3,6.0,,8.0,,
2025-07-07 10:00:00,351150400,ZIELONA GÓRA,2025,7,7,10,19.6,61,11.9,980.6,1002.9,240.0,3.0,,7.0,3,2.0,,8.0,,
2025-07-07 11:00:00,351150400,ZIELONA GÓRA,2025,7,7,11,20.0,59,11.7,980.6,1002.9,243.0,2.0,,8.0,3,2.0,,8.0,,
2025-07-07 12:00:00,351150400,ZIELONA GÓRA,2025,7,7,12,19.8,61,12.1,980.4,1002.7,224.0,2.0,,8.0,1,6.0,0.2,,6.0,
2025-07-07 13:00:00,351150400,ZIELONA GÓRA,2025,7,7,13,21.1,55,11.7,980.0,1002.2,224.0,2.0,,8.0,1,2.0,,8.0,,
2025-07-07 14:00:00,351150400,ZIELONA GÓRA,2025,7,7,14,21.4,53,11.4,979.8,1001.9,209.0,4.0,,7.0,1,2.0,,8.0,,
2025-07-07 15:00:00,351150400,ZIELONA GÓRA,2025,7,7,15,23.2,48,11.6,979.3,1001.3,210.0,2.0,,6.0,1,2.0,,8.0,,
2025-07-07 16:00:00,351150400,ZIELONA GÓRA,2025,7,7,16,22.1,50,11.2,979.1,1001.2,198.0,3.0,,6.0,3,2.0,,8.0,,
2025-07-07 17:00:00,351150400,ZIELONA GÓRA,2025,7,7,17,22.5,48,10.9,979.0,1001.0,191.0,2.0,,7.0,3,2.0,,8.0,,
2025-07-07 18:00:00,351150400,ZIELONA GÓRA,2025,7,7,18,21.2,56,12.1,979.7,1001.9,278.0,2.0,12.0,6.0,17,2.0,,9.0,,
2025-07-07 19:00:00,351150400,ZIELONA GÓRA,2025,7,7,19,15.6,92,14.3,980.0,1002.6,16.0,1.0,,6.0,80,8.0,,8.0,,
2025-07-07 20:00:00,351150400,ZIELONA GÓRA,2025,7,7,20,14.9,95,14.1,980.4,1003.1,178.0,2.0,,3.0,1,1.0,,8.0,,
2025-07-07 21:00:00,351150400,ZIELONA GÓRA,2025,7,7,21,14.5,97,14.0,980.2,1002.9,184.0,2.0,,,20,,,8.0,,
2025-07-07 22:00:00,351150400,ZIELONA GÓRA,2025,7,7,22,14.4,92,13.1,980.6,1003.3,232.0,1.0,,,0,,,8.0,,
2025-07-07 23:00:00,351150400,ZIELONA GÓRA,2025,7,7,23,14.2,91,12.8,980.7,1003.4,209.0,2.0,,,0,,,8.0,,
2025-07-08 00:00:00,351150400,ZIELONA GÓRA,2025,7,8,0,14.5,95,13.7,981.2,1003.9,219.0,2.0,,,0,,0.8,,,
2025-07-08 01:00:00,351150400,ZIELONA GÓRA,2025,7,8,1,14.7,91,13.2,981.3,1004.0,258.0,3.0,,,0,,,8.0,,
2025-07-08 02:00:00,351150400,ZIELONA GÓRA,2025,7,8,2,14.4,92,13.1,981.6,1004.3,261.0,2.0,,,0,,,8.0,,
2025-07-08 03:00:00,351150400,ZIELONA GÓRA,2025,7,8,3,14.2,93,13.1,981.7,1004.4,275.0,3.0,,,0,,,8.0,,
2025-07-08 04:00:00,351150400,ZIELONA GÓRA,2025,7,8,4,14.1,97,13.6,982.2,1005.0,268.0,3.0,,,4,,,8.0,,
2025-07-08 05:00:00,351150400,ZIELONA GÓRA,2025,7,8,5,14.3,97,13.8,982.7,1005.5,259.0,3.0,,8.0,61,,,8.0,,
2025-07-08 06:00:00,351150400,ZIELONA GÓRA,2025,7,8,6,14.4,96,13.8,983.1,1005.9,282.0,3.0,,8.0,21,,1.0,,6.0,
2025-07-08 07:00:00,351150400,ZIELONA GÓRA,2025,7,8,7,14.0,96,13.4,983.6,1006.4,296.0,4.0,,8.0,61,6.0,,8.0,,
2025-07-08 08:00:00,351150400,ZIELONA GÓRA,2025,7,8,8,14.0,95,13.2,984.3,1007.1,287.0,4.0,,8.0,21,6.0,,8.0,,
2025-07-08 09:00:00,351150400,ZIELONA GÓRA,2025,7,8,9,14.1,94,13.1,984.9,1007.7,301.0,4.0,,8.0,61,6.0,,8.0,,
2025-07-08 10:00:00,351150400,ZIELONA GÓRA,2025,7,8,10,14.4,91,12.9,985.5,1008.3,287.0,4.0,,8.0,21,6.0,,8.0,,
2025-07-08 11:00:00,351150400,ZIELONA GÓRA,2025,7,8,11,15.3,82,12.2,985.9,1008.7,283.0,3.0,,8.0,3,2.0,,8.0,,
2025-07-08 12:00:00,351150400,ZIELONA GÓRA,2025,7,8,12,16.4,72,11.3,986.2,1008.9,282.0,4.0,,7.0,3,6.0,1.5,,6.0,
2025-07-08 13:00:00,351150400,ZIELONA GÓRA,2025,7,8,13,17.1,67,10.9,986.4,1009.0,294.0,3.0,,7.0,1,2.0,,8.0,,
2025-07-08 14:00:00,351150400,ZIELONA GÓRA,2025,7,8,14,18.9,53,9.1,986.5,1009.0,311.0,3.0,,7.0,3,2.0,,8.0,,
2025-07-08 15:00:00,351150400,ZIELONA GÓRA,2025,7,8,15,18.6,52,8.5,986.6,1009.1,284.0,4.0,,7.0,3,2.0,,8.0,,
2025-07-08 16:00:00,351150400,ZIELONA GÓRA,2025,7,8,16,19.0,49,8.0,986.5,1009.0,293.0,4.0,,7.0,1,2.0,,8.0,,
2025-07-08 17:00:00,351150400,ZIELONA GÓRA,2025,7,8,17,18.8,50,8.2,987.0,1009.5,288.0,3.0,,7.0,2,2.0,,8.0,,
2025-07-08 18:00:00,351150400,ZIELONA GÓRA,2025,7,8,18,18.6,51,8.3,987.2,1009.7,291.0,3.0,,7.0,1,2.0,,9.0,,
2025-07-08 19:00:00,351150400,ZIELONA GÓRA,2025,7,8,19,18.2,51,7.9,987.7,1010.3,283.0,2.0,,7.0,3,2.0,,8.0,,
2025-07-08 20:00:00,351150400,ZIELONA GÓRA,2025,7,8,20,17.7,54,8.3,988.3,1010.9,292.0,3.0,,7.0,3,2.0,,8.0,,
2025-07-08 21:00:00,351150400,ZIELONA GÓRA,2025,7,8,21,17.1,54,7.7,988.6,1011.3,300.0,3.0,,,0,,,8.0,,
2025-07-08 22:00:00,351150400,ZIELONA GÓRA,2025,7,8,22,16.0,58,7.7,988.8,1011.6,299.0,3.0,,,0,,,8.0,,
2025-07-08 23:00:00,351150400,ZIELONA GÓRA,2025,7,8,23,14.8,63,7.8,989.3,1012.2,301.0,4.0,,,0,,,8.0,,
2025-07-09 00:00:00,351150400,ZIELONA GÓRA,2025,7,9,0,14.0,66,7.7,989.3,1012.2,293.0,3.0,,,0,,,9.0,,
2025-07-09 01:00:00,351150400,ZIELONA GÓRA,2025,7,9,1,13.4,70,8.0,989.5,1012.5,285.0,3.0,,,0,,,8.0,,
2025-07-09 02:00:00,351150400,ZIELONA GÓRA,2025,7,9,2,13.0,74,8.5,989.7,1012.7,292.0,3.0,,,0,,,8.0,,
2025-07-09 03:00:00,351150400,ZIELONA GÓRA,2025,7,9,3,12.6,78,8.9,989.7,1012.8,297.0,3.0,,,0,,,8.0,,
2025-07-09 04:00:00,351150400,ZIELONA GÓRA,2025,7,9,4,13.1,79,9.5,989.8,1012.8,284.0,3.0,,,0,,,8.0,,
2025-07-09 05:00:00,351150400,ZIELONA GÓRA,2025,7,9,5,13.3,80,9.9,990.1,1013.1,285.0,3.0,,7.0,0,,,8.0,,
2025-07-09 06:00:00,351150400,ZIELONA GÓRA,2025,7,9,6,14.0,81,10.8,990.1,1013.1,281.0,3.0,,7.0,2,,,9.0,,
2025-07-09 07:00:00,351150400,ZIELONA GÓRA,2025,7,9,7,15.0,81,11.8,990.7,1013.6,297.0,3.0,,8.0,3,2.0,,8.0,,
2025-07-09 08:00:00,351150400,ZIELONA GÓRA,2025,7,9,8,16.0,77,12.0,990.6,1013.4,285.0,3.0,,7.0,3,2.0,,8.0,,
2025-07-09 09:00:00,351150400,ZIELONA GÓRA,2025,7,9,9,16.0,77,12.0,991.0,1013.8,290.0,3.0,,7.0,25,8.0,,8.0,,
2025-07-09 10:00:00,351150400,ZIELONA GÓRA,2025,7,9,10,15.0,93,13.9,991.3,1014.2,309.0,3.0,,7.0,81,8.0,,8.0,,
2025-07-09 11:00:00,351150400,ZIELONA GÓRA,2025,7,9,11,16.3,88,14.3,991.6,1014.4,305.0,3.0,,7.0,80,8.0,,8.0,,
2025-07-09 12:00:00,351150400,ZIELONA GÓRA,2025,7,9,12,16.7,84,14.0,991.8,1014.6,286.0,4.0,,7.0,25,8.0,3.6,,6.0,
2025-07-09 13:00:00,351150400,ZIELONA GÓRA,2025,7,9,13,17.2,85,14.7,991.8,1014.5,285.0,3.0,,7.0,80,8.0,,8.0,,
2025-07-09 14:00:00,351150400,ZIELONA GÓRA,2025,7,9,14,15.3,90,13.7,992.1,1015.0,277.0,3.0,,7.0,81,8.0,,8.0,,
2025-07-09 15:00:00,351150400,ZIELONA GÓRA,2025,7,9,15,16.2,92,14.9,992.4,1015.2,258.0,2.0,,7.0,80,8.0,,8.0,,
2025-07-09 16:00:00,351150400,ZIELONA GÓRA,2025,7,9,16,16.1,89,14.3,992.6,1015.4,333.0,4.0,,8.0,81,8.0,,8.0,,
2025-07-09 17:00:00,351150400,ZIELONA GÓRA,2025,7,9,17,15.9,91,14.4,992.6,1015.5,276.0,3.0,,7.0,80,8.0,,8.0,,
2025-07-09 18:00:00,351150400,ZIELONA GÓRA,2025,7,9,18,16.2,90,14.6,993.0,1015.9,307.0,2.0,,7.0,25,8.0,15.5,,6.0,
2025-07-09 19:00:00,351150400,ZIELONA GÓRA,2025,7,9,19,15.8,88,13.8,993.2,1016.1,303.0,3.0,,3.0,1,1.0,,8.0,,
2025-07-09 20:00:00,351150400,ZIELONA GÓRA,2025,7,9,20,15.3,89,13.5,993.6,1016.5,299.0,3.0,,3.0,3,0.0,,8.0,,
2025-07-09 21:00:00,351150400,ZIELONA GÓRA,2025,7,9,21,15.2,89,13.4,993.8,1016.7,295.0,3.0,,,0,,,8.0,,
2025-07-09 22:00:00,351150400,ZIELONA GÓRA,2025,7,9,22,14.6,93,13.5,994.2,1017.2,300.0,2.0,,,0,,,8.0,,
2025-07-09 23:00:00,351150400,ZIELONA GÓRA,2025,7,9,23,14.3,95,13.5,994.0,1017.0,304.0,3.0,,,0,,,8.0,,
2025-07-10 00:00:00,351150400,ZIELONA GÓRA,2025,7,10,0,14.2,96,13.6,994.4,1017.4,314.0,3.0,,,0,,0.1,,,
2025-07-10 01:00:00,351150400,ZIELONA GÓRA,2025,7,10,1,14.2,96,13.6,994.3,1017.3,318.0,3.0,,,0,,,8.0,,
2025-07-10 02:00:00,351150400,ZIELONA GÓRA,2025,7,10,2,13.8,95,13.0,994.3,1017.4,320.0,3.0,,,0,,,8.0,,
2025-07-10 03:00:00,351150400,ZIELONA GÓRA,2025,7,10,3,13.4,94,12.5,994.7,1017.8,315.0,2.0,,,0,,,8.0,,
2025-07-10 04:00:00,351150400,ZIELONA GÓRA,2025,7,10,4,13.4,95,12.6,995.0,1018.1,299.0,3.0,,,0,,,8.0,,
2025-07-10 05:00:00,351150400,ZIELONA GÓRA,2025,7,10,5,14.3,93,13.2,995.0,1018.0,303.0,2.0,,6.0,0,,,8.0,,
2025-07-10 06:00:00,351150400,ZIELONA GÓRA,2025,7,10,6,15.8,88,13.8,994.9,1017.8,294.0,3.0,,7.0,3,,0.2,,6.0,
2025-07-10 07:00:00,351150400,ZIELONA GÓRA,2025,7,10,7,17.5,77,13.4,994.9,1017.7,296.0,3.0,,6.0,3,2.0,,8.0,,
2025-07-10 08:00:00,351150400,ZIELONA GÓRA,2025,7,10,8,18.3,73,13.4,994.9,1017.6,294.0,5.0,,3.0,1,1.0,,8.0,,
2025-07-10 09:00:00,351150400,ZIELONA GÓRA,2025,7,10,9,19.7,62,12.2,994.8,1017.4,289.0,4.0,,2.0,1,1.0,,8.0,,
2025-07-10 10:00:00,351150400,ZIELONA GÓRA,2025,7,10,10,21.0,52,10.8,994.5,1017.0,303.0,5.0,,2.0,3,0.0,,8.0,,
2025-07-10 11:00:00,351150400,ZIELONA GÓRA,2025,7,10,11,22.1,46,9.9,993.9,1016.3,283.0,4.0,9.0,5.0,3,1.0,,8.0,,
2025-07-10 12:00:00,351150400,ZIELONA GÓRA,2025,7,10,12,22.6,39,7.9,993.6,1016.0,288.0,5.0,,3.0,1,1.0,,9.0,,
2025-07-10 13:00:00,351150400,ZIELONA GÓRA,2025,7,10,13,15.8,80,12.4,994.4,1017.3,357.0,4.0,10.0,7.0,81,1.0,,8.0,,
2025-07-10 14:00:00,351150400,ZIELONA GÓRA,2025,7,10,14,15.6,87,13.4,994.5,1017.4,326.0,2.0,,7.0,95,8.0,,8.0,,
2025-07-10 15:00:00,351150400,ZIELONA GÓRA,2025,7,10,15,15.6,84,12.9,994.3,1017.2,253.0,1.0,,7.0,29,8.0,,8.0,,
2025-07-10 16:00:00,351150400,ZIELONA GÓRA,2025,7,10,16,14.8,85,12.3,994.5,1017.5,298.0,3.0,,7.0,80,2.0,,8.0,,
2025-07-10 17:00:00,351150400,ZIELONA GÓRA,2025,7,10,17,15.1,78,11.3,993.8,1016.8,295.0,3.0,,7.0,25,2.0,,8.0,,
2025-07-10 18:00:00,351150400,ZIELONA GÓRA,2025,7,10,18,15.8,74,11.2,993.7,1016.6,293.0,3.0,,6.0,3,9.0,2.8,,6.0,
2025-07-10 19:00:00,351150400,ZIELONA GÓRA,2025,7,10,19,15.7,80,12.3,993.9,1016.8,287.0,3.0,,2.0,1,1.0,,8.0,,
2025-07-10 20:00:00,351150400,ZIELONA GÓRA,2025,7,10,20,15.2,78,11.4,993.9,1016.9,296.0,3.0,,1.0,1,0.0,,8.0,,
2025-07-10 21:00:00,351150400,ZIELONA GÓRA,2025,7,10,21,14.2,85,11.7,993.8,1016.8,300.0,3.0,,,0,,,8.0,,
2025-07-10 22:00:00,351150400,ZIELONA GÓRA,2025,7,10,22,13.8,88,11.8,993.8,1016.9,301.0,2.0,,,0,,,8.0,,
2025-07-10 23:00:00,351150400,ZIELONA GÓRA,2025,7,10,23,13.8,87,11.7,993.4,1016.5,316.0,3.0,,,0,,,8.0,,
2025-07-11 00:00:00,351150400,ZIELONA GÓRA,2025,7,11,0,13.5,84,10.8,993.1,1016.2,314.0,3.0,,,0,,,9.0,,
2025-07-11 01:00:00,351150400,ZIELONA GÓRA,2025,7,11,1,12.8,84,10.2,992.7,1015.8,310.0,3.0,,,0,,,8.0,,
2025-07-11 02:00:00,351150400,ZIELONA GÓRA,2025,7,11,2,12.9,88,11.0,992.3,1015.4,295.0,2.0,,,0,,,8.0,,
2025-07-11 03:00:00,351150400,ZIELONA GÓRA,2025,7,11,3,12.9,88,11.0,992.2,1015.3,295.0,3.0,,,0,,,8.0,,
2025-07-11 04:00:00,351150400,ZIELONA GÓRA,2025,7,11,4,13.3,84,10.7,992.1,1015.2,288.0,3.0,,,0,,,8.0,,
2025-07-11 05:00:00,351150400,ZIELONA GÓRA,2025,7,11,5,13.2,83,10.4,991.9,1015.0,295.0,4.0,,7.0,0,,,8.0,,
2025-07-11 06:00:00,351150400,ZIELONA GÓRA,2025,7,11,6,13.2,83,10.4,991.9,1015.0,295.0,2.0,,7.0,3,,,9.0,,
2025-07-11 07:00:00,351150400,ZIELONA GÓRA,2025,7,11,7,14.3,80,10.9,991.9,1014.9,284.0,3.0,,7.0,1,2.0,,8.0,,
2025-07-11 08:00:00,351150400,ZIELONA GÓRA,2025,7,11,8,15.9,75,11.5,991.3,1014.1,264.0,3.0,,7.0,3,2.0,,8.0,,
2025-07-11 09:00:00,351150400,ZIELONA GÓRA,2025,7,11,9,17.4,70,11.9,991.0,1013.7,276.0,3.0,,7.0,3,2.0,,8.0,,
2025-07-11 10:00:00,351150400,ZIELONA GÓRA,2025,7,11,10,18.5,60,10.6,990.6,1013.2,273.0,4.0,9.0,8.0,25,2.0,,8.0,,
2025-07-11 11:00:00,351150400,ZIELONA GÓRA,2025,7,11,11,18.3,60,10.4,990.2,1012.8,267.0,4.0,,8.0,3,2.0,,8.0,,
2025-07-11 12:00:00,351150400,ZIELONA GÓRA,2025,7,11,12,18.3,65,11.6,989.8,1012.4,261.0,3.0,,8.0,1,8.0,0.0,,6.0,
2025-07-11 13:00:00,351150400,ZIELONA GÓRA,2025,7,11,13,13.6,90,12.0,990.7,1013.7,6.0,3.0,,8.0,81,8.0,,8.0,,
2025-07-11 14:00:00,351150400,ZIELONA GÓRA,2025,7,11,14,13.8,91,12.4,990.4,1013.4,250.0,3.0,,8.0,81,8.0,,8.0,,
2025-07-11 15:00:00,351150400,ZIELONA GÓRA,2025,7,11,15,14.0,91,12.6,990.1,1013.1,275.0,2.0,,8.0,80,8.0,,8.0,,
2025-07-11 16:00:00,351150400,ZIELONA GÓRA,2025,7,11,16,14.0,94,13.0,989.8,1012.8,244.0,2.0,,8.0,81,8.0,,8.0,,
2025-07-11 17:00:00,351150400,ZIELONA GÓRA,2025,7,11,17,14.1,93,13.0,989.2,1012.1,242.0,1.0,,8.0,80,8.0,,8.0,,
2025-07-11 18:00:00,351150400,ZIELONA GÓRA,2025,7,11,18,14.0,96,13.4,989.2,1012.1,288.0,2.0,,8.0,81,8.0,20.4,,6.0,
2025-07-11 19:00:00,351150400,ZIELONA GÓRA,2025,7,11,19,13.9,95,13.1,989.0,1011.9,285.0,4.0,,8.0,80,8.0,,8.0,,
2025-07-11 20:00:00,351150400,ZIELONA GÓRA,2025,7,11,20,13.3,96,12.7,988.7,1011.7,285.0,3.0,,8.0,61,8.0,,8.0,,
2025-07-11 21:00:00,351150400,ZIELONA GÓRA,2025,7,11,21,13.1,96,12.5,988.3,1011.3,280.0,3.0,,,61,,,8.0,,
2025-07-11 22:00:00,351150400,ZIELONA GÓRA,2025,7,11,22,13.0,96,12.4,987.9,1010.9,275.0,4.0,,,61,,,8.0,,
2025-07-11 23:00:00,351150400,ZIELONA GÓRA,2025,7,11,23,13.0,97,12.5,987.8,1010.8,275.0,3.0,,,61,,,8.0,,
2025-07-12 00:00:00,351150400,ZIELONA GÓRA,2025,7,12,0,13.1,97,12.6,987.4,1010.4,273.0,4.0,,,81,,6.6,,,
2025-07-12 01:00:00,351150400,ZIELONA GÓRA,2025,7,12,1,13.2,97,12.7,986.9,1009.9,274.0,3.0,,,51,,,8.0,,
2025-07-12 02:00:00,351150400,ZIELONA GÓRA,2025,7,12,2,13.2,97,12.7,986.6,1009.5,275.0,3.0,,,61,,,8.0,,
2025-07-12 03:00:00,351150400,ZIELONA GÓRA,2025,7,12,3,13.2,97,12.7,986.4,1009.3,263.0,3.0,,,51,,,8.0,,
2025-07-12 04:00:00,351150400,ZIELONA GÓRA,2025,7,12,4,13.2,97,12.7,986.2,1009.1,266.0,4.0,,,81,,,8.0,,
2025-07-12 05:00:00,351150400,ZIELONA GÓRA,2025,7,12,5,13.3,97,12.8,985.9,1008.8,262.0,3.0,,8.0,61,,,8.0,,
2025-07-12 06:00:00,351150400,ZIELONA GÓRA,2025,7,12,6,13.5,97,13.0,985.8,1008.7,254.0,2.0,,8.0,61,,3.1,,6.0,
2025-07-12 07:00:00,351150400,ZIELONA GÓRA,2025,7,12,7,13.7,97,13.2,985.9,1008.8,256.0,2.0,,8.0,61,6.0,,8.0,,
2025-07-12 08:00:00,351150400,ZIELONA GÓRA,2025,7,12,8,14.1,96,13.5,986.0,1008.9,241.0,2.0,,8.0,63,6.0,,8.0,,
2025-07-12 09:00:00,351150400,ZIELONA GÓRA,2025,7,12,9,14.4,96,13.8,986.0,1008.8,229.0,2.0,,8.0,60,6.0,,8.0,,
2025-07-12 10:00:00,351150400,ZIELONA GÓRA,2025,7,12,10,14.7,96,14.1,986.2,1009.0,222.0,2.0,,8.0,81,8.0,,8.0,,
2025-07-12 11:00:00,351150400,ZIELONA GÓRA,2025,7,12,11,15.3,94,14.3,986.2,1009.0,219.0,2.0,,8.0,80,8.0,,8.0,,
2025-07-12 12:00:00,351150400,ZIELONA GÓRA,2025,7,12,12,15.2,94,14.2,986.3,1009.1,212.0,3.0,,8.0,81,6.0,5.4,,6.0,
2025-07-12 13:00:00,351150400,ZIELONA GÓRA,2025,7,12,13,16.0,94,15.0,986.3,1009.0,194.0,2.0,,7.0,80,8.0,,8.0,,
2025-07-12 14:00:00,351150400,ZIELONA GÓRA,2025,7,12,14,16.0,94,15.0,986.5,1009.2,206.0,3.0,,7.0,80,8.0,,8.0,,
2025-07-12 15:00:00,351150400,ZIELONA GÓRA,2025,7,12,15,15.6,94,14.6,986.7,1009.5,213.0,4.0,,8.0,80,8.0,,8.0,,
2025-07-12 16:00:00,351150400,ZIELONA GÓRA,2025,7,12,16,15.7,95,14.9,986.8,1009.5,199.0,3.0,,7.0,80,8.0,,8.0,,
2025-07-12 17:00:00,351150400,ZIELONA GÓRA,2025,7,12,17,15.7,94,14.7,986.9,1009.6,175.0,3.0,,7.0,25,2.0,,8.0,,
2025-07-12 18:00:00,351150400,ZIELONA GÓRA,2025,7,12,18,15.3,94,14.3,987.1,1009.9,179.0,3.0,,7.0,3,8.0,5.8,,6.0,
2025-07-12 19:00:00,351150400,ZIELONA GÓRA,2025,7,12,19,15.0,96,14.4,987.1,1009.9,151.0,2.0,,8.0,3,2.0,,8.0,,
2025-07-12 20:00:00,351150400,ZIELONA GÓRA,2025,7,12,20,14.8,96,14.2,987.4,1010.2,156.0,2.0,,8.0,80,2.0,,8.0,,
2025-07-12 21:00:00,351150400,ZIELONA GÓRA,2025,7,12,21,14.7,98,14.4,987.5,1010.3,169.0,3.0,,,61,,,8.0,,
2025-07-12 22:00:00,351150400,ZIELONA GÓRA,2025,7,12,22,14.6,97,14.1,987.8,1010.7,170.0,3.0,,,81,,,8.0,,
2025-07-12 23:00:00,351150400,ZIELONA GÓRA,2025,7,12,23,14.5,97,14.0,987.7,1010.6,139.0,2.0,,,10,,,8.0,,
2025-07-13 00:00:00,351150400,ZIELONA GÓRA,2025,7,13,0,14.3,98,14.0,987.8,1010.7,129.0,2.0,,,10,,1.7,,,
2025-07-13 01:00:00,351150400,ZIELONA GÓRA,2025,7,13,1,14.1,97,13.6,987.7,1010.6,134.0,2.0,,,10,,,8.0,,
2025-07-13 02:00:00,351150400,ZIELONA GÓRA,2025,7,13,2,14.0,97,13.5,987.4,1010.3,147.0,3.0,,,23,,,8.0,,
2025-07-13 03:00:00,351150400,ZIELONA GÓRA,2025,7,13,3,13.9,97,13.4,987.4,1010.3,149.0,2.0,,,61,,,8.0,,
2025-07-13 04:00:00,351150400,ZIELONA GÓRA,2025,7,13,4,14.0,97,13.5,987.6,1010.5,146.0,3.0,,,61,,,8.0,,
2025-07-13 05:00:00,351150400,ZIELONA GÓRA,2025,7,13,5,14.2,97,13.7,987.7,1010.6,140.0,3.0,,7.0,25,,,8.0,,
2025-07-13 06:00:00,351150400,ZIELONA GÓRA,2025,7,13,6,14.7,97,14.2,988.0,1010.9,146.0,2.0,,7.0,1,,1.8,,6.0,
2025-07-13 07:00:00,351150400,ZIELONA GÓRA,2025,7,13,7,15.2,96,14.6,988.2,1011.0,153.0,2.0,,7.0,3,2.0,,8.0,,
2025-07-13 08:00:00,351150400,ZIELONA GÓRA,2025,7,13,8,15.7,95,14.9,988.5,1011.3,153.0,2.0,,7.0,3,2.0,,8.0,,
2025-07-13 09:00:00,351150400,ZIELONA GÓRA,2025,7,13,9,16.0,95,15.2,988.9,1011.7,174.0,2.0,,7.0,80,8.0,,8.0,,
2025-07-13 10:00:00,351150400,ZIELONA GÓRA,2025,7,13,10,17.3,90,15.6,989.0,1011.7,138.0,2.0,,7.0,25,2.0,,8.0,,
2025-07-13 11:00:00,351150400,ZIELONA GÓRA,2025,7,13,11,18.6,81,15.3,989.1,1011.7,139.0,2.0,,6.0,3,2.0,,8.0,,
2025-07-13 12:00:00,351150400,ZIELONA GÓRA,2025,7,13,12,18.6,88,16.6,989.0,1011.6,127.0,3.0,,7.0,80,8.0,0.6,,6.0,
2025-07-13 13:00:00,351150400,ZIELONA GÓRA,2025,7,13,13,19.1,84,16.3,989.0,1011.5,110.0,1.0,,7.0,25,8.0,,8.0,,
2025-07-13 14:00:00,351150400,ZIELONA GÓRA,2025,7,13,14,17.1,93,16.0,989.5,1012.2,128.0,2.0,,8.0,95,9.0,,8.0,,
2025-07-13 15:00:00,351150400,ZIELONA GÓRA,2025,7,13,15,17.8,93,16.7,989.5,1012.1,111.0,1.0,,7.0,91,8.0,,8.0,,
2025-07-13 16:00:00,351150400,ZIELONA GÓRA,2025,7,13,16,17.7,94,16.7,989.2,1011.8,146.0,2.0,,7.0,80,2.0,,8.0,,
2025-07-13 17:00:00,351150400,ZIELONA GÓRA,2025,7,13,17,18.1,95,17.3,989.2,1011.8,146.0,2.0,,7.0,1,2.0,,8.0,,
2025-07-13 18:00:00,351150400,ZIELONA GÓRA,2025,7,13,18,18.5,94,17.5,989.0,1011.6,163.0,2.0,,5.0,1,9.0,5.7,,6.0,
2025-07-13 19:00:00,351150400,ZIELONA GÓRA,2025,7,13,19,17.4,95,16.6,989.4,1012.1,157.0,2.0,,5.0,3,2.0,,8.0,,
2025-07-13 20:00:00,351150400,ZIELONA GÓRA,2025,7,13,20,16.6,97,16.1,989.7,1012.4,148.0,2.0,,3.0,1,1.0,,8.0,,
2025-07-13 21:00:00,351150400,ZIELONA GÓRA,2025,7,13,21,16.1,97,15.6,989.9,1012.7,154.0,2.0,,,10,,,8.0,,
2025-07-13 22:00:00,351150400,ZIELONA GÓRA,2025,7,13,22,15.8,96,15.2,990.0,1012.8,173.0,2.0,,,0,,,8.0,,
2025-07-13 23:00:00,351150400,ZIELONA GÓRA,2025,7,13,23,15.3,96,14.7,990.1,1013.0,176.0,1.0,,,0,,,8.0,,
2025-07-14 00:00:00,351150400,ZIELONA GÓRA,2025,7,14,0,15.4,96,14.8,990.1,1012.9,159.0,1.0,,,0,,,9.0,,
2025-07-14 01:00:00,351150400,ZIELONA GÓRA,2025,7,14,1,15.1,97,14.6,989.9,1012.8,164.0,1.0,,,10,,,8.0,,
2025-07-14 02:00:00,351150400,ZIELONA GÓRA,2025,7,14,2,14.7,98,14.4,989.8,1012.7,146.0,2.0,,,34,,,8.0,,
2025-07-14 03:00:00,351150400,ZIELONA GÓRA,2025,7,14,3,14.9,97,14.4,989.7,1012.6,186.0,1.0,,,20,,,8.0,,
2025-07-14 04:00:00,351150400,ZIELONA GÓRA,2025,7,14,4,15.5,94,14.5,989.9,1012.7,191.0,1.0,,,0,,,8.0,,
2025-07-14 05:00:00,351150400,ZIELONA GÓRA,2025,7,14,5,16.1,94,15.1,990.2,1013.0,163.0,1.0,,2.0,0,,,8.0,,
2025-07-14 06:00:00,351150400,ZIELONA GÓRA,2025,7,14,6,17.3,92,16.0,990.6,1013.3,183.0,1.0,,3.0,3,,,9.0,,
2025-07-14 07:00:00,351150400,ZIELONA GÓRA,2025,7,14,7,19.7,80,16.2,990.7,1013.2,185.0,2.0,,1.0,1,0.0,,8.0,,
2025-07-14 08:00:00,351150400,ZIELONA GÓRA,2025,7,14,8,22.0,67,15.6,991.0,1013.4,221.0,2.0,,1.0,1,0.0,,8.0,,
2025-07-14 09:00:00,351150400,ZIELONA GÓRA,2025,7,14,9,23.8,63,16.3,991.0,1013.2,171.0,2.0,,2.0,3,0.0,,8.0,,
2025-07-14 10:00:00,351150400,ZIELONA GÓRA,2025,7,14,10,24.3,54,14.4,990.9,1013.1,219.0,2.0,,5.0,3,1.0,,8.0,,
2025-07-14 11:00:00,351150400,ZIELONA GÓRA,2025,7,14,11,24.6,53,14.4,990.7,1012.8,296.0,1.0,,6.0,1,2.0,,8.0,,
2025-07-14 12:00:00,351150400,ZIELONA GÓRA,2025,7,14,12,24.5,54,14.6,990.9,1013.1,249.0,2.0,,7.0,95,1.0,0.0,,6.0,
2025-07-14 13:00:00,351150400,ZIELONA GÓRA,2025,7,14,13,24.3,58,15.5,990.8,1013.0,334.0,2.0,,4.0,29,1.0,,8.0,,
2025-07-14 14:00:00,351150400,ZIELONA GÓRA,2025,7,14,14,25.3,51,14.4,990.7,1012.8,278.0,3.0,,2.0,3,0.0,,8.0,,
2025-07-14 15:00:00,351150400,ZIELONA GÓRA,2025,7,14,15,24.8,54,14.9,990.6,1012.7,289.0,3.0,,6.0,1,9.0,,8.0,,
2025-07-14 16:00:00,351150400,ZIELONA GÓRA,2025,7,14,16,25.8,48,14.0,990.4,1012.4,258.0,3.0,,5.0,1,2.0,,8.0,,
2025-07-14 17:00:00,351150400,ZIELONA GÓRA,2025,7,14,17,25.1,52,14.5,990.6,1012.7,280.0,2.0,,6.0,1,2.0,,8.0,,
2025-07-14 18:00:00,351150400,ZIELONA GÓRA,2025,7,14,18,24.8,49,13.4,990.6,1012.7,283.0,3.0,,6.0,1,9.0,,9.0,,
2025-07-14 19:00:00,351150400,ZIELONA GÓRA,2025,7,14,19,22.7,60,14.5,991.0,1013.3,326.0,1.0,,6.0,3,2.0,,8.0,,
2025-07-14 20:00:00,351150400,ZIELONA GÓRA,2025,7,14,20,19.3,82,16.1,992.0,1014.6,234.0,2.0,7.0,7.0,95,2.0,,8.0,,
2025-07-14 21:00:00,351150400,ZIELONA GÓRA,2025,7,14,21,18.2,87,16.0,991.7,1014.4,224.0,1.0,,,23,,,8.0,,
2025-07-14 22:00:00,351150400,ZIELONA GÓRA,2025,7,14,22,17.7,91,16.2,992.1,1014.8,6.0,1.0,,,0,,,8.0,,
2025-07-14 23:00:00,351150400,ZIELONA GÓRA,2025,7,14,23,16.7,96,16.1,992.3,1015.1,186.0,1.0,,,10,,,8.0,,
2025-07-15 00:00:00,351150400,ZIELONA GÓRA,2025,7,15,0,17.0,92,15.7,992.3,1015.1,179.0,2.0,,,0,,2.5,,,
2025-07-15 01:00:00,351150400,ZIELONA GÓRA,2025,7,15,1,17.0,86,14.6,992.4,1015.2,194.0,2.0,,,0,,,8.0,,
2025-07-15 02:00:00,351150400,ZIELONA GÓRA,2025,7,15,2,17.2,85,14.7,992.2,1015.0,232.0,1.0,,,0,,,8.0,,
2025-07-15 03:00:00,351150400,ZIELONA GÓRA,2025,7,15,3,16.4,89,14.6,992.1,1014.9,270.0,1.0,,,0,,,8.0,,
2025-07-15 04:00:00,351150400,ZIELONA GÓRA,2025,7,15,4,17.9,84,15.2,992.2,1014.9,276.0,2.0,,,0,,,8.0,,
2025-07-15 05:00:00,351150400,ZIELONA GÓRA,2025,7,15,5,18.4,85,15.8,992.3,1015.0,196.0,1.0,,5.0,0,,,8.0,,
2025-07-15 06:00:00,351150400,ZIELONA GÓRA,2025,7,15,6,19.4,83,16.4,992.4,1015.0,197.0,1.0,,7.0,3,,,9.0,,
2025-07-15 07:00:00,351150400,ZIELONA GÓRA,2025,7,15,7,20.9,73,15.9,992.5,1015.0,273.0,2.0,,7.0,3,2.0,,8.0,,
2025-07-15 08:00:00,351150400,ZIELONA GÓRA,2025,7,15,8,20.8,80,17.2,992.5,1015.0,213.0,2.0,,7.0,80,2.0,,8.0,,
2025-07-15 09:00:00,351150400,ZIELONA GÓRA,2025,7,15,9,18.8,92,17.5,992.9,1015.5,235.0,2.0,,8.0,25,2.0,,8.0,,
2025-07-15 10:00:00,351150400,ZIELONA GÓRA,2025,7,15,10,20.9,71,15.4,992.5,1015.0,255.0,2.0,,7.0,25,2.0,,8.0,,
2025-07-15 11:00:00,351150400,ZIELONA GÓRA,2025,7,15,11,21.4,75,16.8,992.0,1014.4,276.0,2.0,,8.0,1,2.0,,8.0,,
2025-07-15 12:00:00,351150400,ZIELONA GÓRA,2025,7,15,12,22.3,63,14.9,991.7,1014.0,271.0,3.0,,7.0,3,8.0,1.7,,6.0,
2025-07-15 13:00:00,351150400,ZIELONA GÓRA,2025,7,15,13,23.2,60,15.0,991.1,1013.4,257.0,2.0,,7.0,3,2.0,,8.0,,
2025-07-15 14:00:00,351150400,ZIELONA GÓRA,2025,7,15,14,18.1,88,16.1,991.7,1014.4,290.0,4.0,,8.0,95,9.0,,8.0,,
2025-07-15 15:00:00,351150400,ZIELONA GÓRA,2025,7,15,15,18.1,86,15.7,991.3,1014.0,298.0,3.0,,7.0,25,9.0,,8.0,,
2025-07-15 16:00:00,351150400,ZIELONA GÓRA,2025,7,15,16,18.7,82,15.6,991.2,1013.8,273.0,3.0,,6.0,3,2.0,,8.0,,
2025-07-15 17:00:00,351150400,ZIELONA GÓRA,2025,7,15,17,18.5,82,15.4,991.4,1014.0,271.0,3.0,,7.0,3,2.0,,8.0,,
2025-07-15 18:00:00,351150400,ZIELONA GÓRA,2025,7,15,18,17.4,76,13.1,991.6,1014.3,297.0,5.0,,7.0,1,9.0,1.8,,6.0,
2025-07-15 19:00:00,351150400,ZIELONA GÓRA,2025,7,15,19,17.3,75,12.8,991.8,1014.5,299.0,4.0,,6.0,1,2.0,,8.0,,
2025-07-15 20:00:00,351150400,ZIELONA GÓRA,2025,7,15,20,16.5,80,13.0,992.1,1014.9,287.0,2.0,,2.0,1,1.0,,8.0,,
2025-07-15 21:00:00,351150400,ZIELONA GÓRA,2025,7,15,21,15.8,85,13.3,992.4,1015.3,278.0,2.0,,,0,,,8.0,,
2025-07-15 22:00:00,351150400,ZIELONA GÓRA,2025,7,15,22,15.3,83,12.4,992.1,1015.0,282.0,2.0,,,0,,,8.0,,
2025-07-15 23:00:00,351150400,ZIELONA GÓRA,2025,7,15,23,14.9,81,11.7,992.0,1014.9,270.0,2.0,,,0,,,8.0,,
2025-07-16 00:00:00,351150400,ZIELONA GÓRA,2025,7,16,0,15.3,82,12.2,991.8,1014.7,267.0,3.0,,,0,,,9.0,,
2025-07-16 01:00:00,351150400,ZIELONA GÓRA,2025,7,16,1,14.3,89,12.5,991.6,1014.6,277.0,3.0,,,0,,,8.0,,
2025-07-16 02:00:00,351150400,ZIELONA GÓRA,2025,7,16,2,13.9,92,12.6,991.4,1014.4,270.0,3.0,,,0,,,8.0,,
2025-07-16 03:00:00,351150400,ZIELONA GÓRA,2025,7,16,3,13.7,93,12.6,991.3,1014.3,279.0,2.0,,,0,,,8.0,,
2025-07-16 04:00:00,351150400,ZIELONA GÓRA,2025,7,16,4,13.6,93,12.5,991.2,1014.2,252.0,2.0,,,0,,,8.0,,
2025-07-16 05:00:00,351150400,ZIELONA GÓRA,2025,7,16,5,13.8,92,12.5,991.4,1014.4,264.0,2.0,,6.0,0,,,8.0,,
2025-07-16 06:00:00,351150400,ZIELONA GÓRA,2025,7,16,6,15.0,84,12.3,991.3,1014.2,262.0,2.0,,2.0,1,,,9.0,,
2025-07-16 07:00:00,351150400,ZIELONA GÓRA,2025,7,16,7,16.4,77,12.4,991.3,1014.1,250.0,2.0,,1.0,1,0.0,,8.0,,
2025-07-16 08:00:00,351150400,ZIELONA GÓRA,2025,7,16,8,18.1,63,10.9,991.1,1013.8,262.0,3.0,,1.0,2,0.0,,8.0,,
2025-07-16 09:00:00,351150400,ZIELONA GÓRA,2025,7,16,9,19.5,57,10.8,990.7,1013.2,254.0,2.0,,1.0,1,0.0,,8.0,,
2025-07-16 10:00:00,351150400,ZIELONA GÓRA,2025,7,16,10,20.2,51,9.7,990.4,1012.9,272.0,3.0,,4.0,3,0.0,,8.0,,
2025-07-16 11:00:00,351150400,ZIELONA GÓRA,2025,7,16,11,20.6,51,10.1,989.9,1012.3,254.0,3.0,,6.0,3,1.0,,8.0,,
2025-07-16 12:00:00,351150400,ZIELONA GÓRA,2025,7,16,12,20.1,53,10.2,989.2,1011.7,274.0,2.0,,7.0,1,1.0,,9.0,,
2025-07-16 13:00:00,351150400,ZIELONA GÓRA,2025,7,16,13,20.4,51,9.9,988.5,1010.9,293.0,3.0,,7.0,3,2.0,,8.0,,
2025-07-16 14:00:00,351150400,ZIELONA GÓRA,2025,7,16,14,20.8,50,10.0,988.1,1010.5,236.0,2.0,,7.0,80,2.0,,8.0,,
2025-07-16 15:00:00,351150400,ZIELONA GÓRA,2025,7,16,15,20.2,52,10.0,987.9,1010.3,210.0,3.0,,7.0,25,8.0,,8.0,,
2025-07-16 16:00:00,351150400,ZIELONA GÓRA,2025,7,16,16,17.3,65,10.7,988.7,1011.4,270.0,5.0,,7.0,3,2.0,,8.0,,
2025-07-16 17:00:00,351150400,ZIELONA GÓRA,2025,7,16,17,17.3,62,9.9,988.0,1010.6,274.0,1.0,,6.0,1,2.0,,8.0,,
2025-07-16 18:00:00,351150400,ZIELONA GÓRA,2025,7,16,18,16.5,66,10.1,987.5,1010.2,237.0,1.0,,6.0,1,8.0,0.3,,6.0,
2025-07-16 19:00:00,351150400,ZIELONA GÓRA,2025,7,16,19,15.8,73,11.0,987.5,1010.3,228.0,1.0,,3.0,1,1.0,,8.0,,
2025-07-16 20:00:00,351150400,ZIELONA GÓRA,2025,7,16,20,15.2,75,10.8,988.1,1010.9,230.0,1.0,,6.0,1,1.0,,8.0,,
2025-07-16 21:00:00,351150400,ZIELONA GÓRA,2025,7,16,21,15.2,78,11.4,988.1,1010.9,279.0,1.0,,,0,,,8.0,,
2025-07-16 22:00:00,351150400,ZIELONA GÓRA,2025,7,16,22,14.9,76,10.7,988.2,1011.0,293.0,1.0,,,0,,,8.0,,
2025-07-16 23:00:00,351150400,ZIELONA GÓRA,2025,7,16,23,14.8,81,11.6,988.3,1011.2,283.0,2.0,,,0,,,8.0,,
2025-07-17 00:00:00,351150400,ZIELONA GÓRA,2025,7,17,0,14.9,81,11.7,988.4,1011.2,268.0,2.0,,,0,,,9.0,,
2025-07-17 01:00:00,351150400,ZIELONA GÓRA,2025,7,17,1,14.8,81,11.6,988.3,1011.2,278.0,3.0,,,0,,,8.0,,
2025-07-17 02:00:00,351150400,ZIELONA GÓRA,2025,7,17,2,14.2,83,11.4,987.9,1010.8,295.0,3.0,,,0,,,8.0,,
2025-07-17 03:00:00,351150400,ZIELONA GÓRA,2025,7,17,3,14.2,82,11.2,987.8,1010.7,291.0,4.0,,,0,,,8.0,,
2025-07-17 04:00:00,351150400,ZIELONA GÓRA,2025,7,17,4,13.6,87,11.5,988.4,1011.4,290.0,3.0,,,0,,,8.0,,
2025-07-17 05:00:00,351150400,ZIELONA GÓRA,2025,7,17,5,14.1,85,11.6,988.8,1011.7,282.0,3.0,,7.0,0,,,8.0,,
2025-07-17 06:00:00,351150400,ZIELONA GÓRA,2025,7,17,6,14.5,83,11.6,989.2,1012.1,282.0,3.0,,7.0,2,,,9.0,,
2025-07-17 07:00:00,351150400,ZIELONA GÓRA,2025,7,17,7,16.2,74,11.6,989.4,1012.2,284.0,3.0,,7.0,3,2.0,,8.0,,
2025-07-17 08:00:00,351150400,ZIELONA GÓRA,2025,7,17,8,18.4,67,12.2,989.4,1012.0,266.0,4.0,,5.0,3,2.0,,8.0,,
2025-07-17 09:00:00,351150400,ZIELONA GÓRA,2025,7,17,9,19.0,63,11.8,989.3,1011.8,285.0,4.0,,7.0,3,2.0,,8.0,,
2025-07-17 10:00:00,351150400,ZIELONA GÓRA,2025,7,17,10,19.7,58,11.2,989.2,1011.7,247.0,4.0,8.0,7.0,3,2.0,,8.0,,
2025-07-17 11:00:00,351150400,ZIELONA GÓRA,2025,7,17,11,20.0,57,11.2,989.2,1011.7,283.0,4.0,9.0,7.0,1,2.0,,8.0,,
2025-07-17 12:00:00,351150400,ZIELONA GÓRA,2025,7,17,12,19.8,46,7.8,989.1,1011.6,280.0,5.0,11.0,7.0,1,2.0,,9.0,,
2025-07-17 13:00:00,351150400,ZIELONA GÓRA,2025,7,17,13,17.2,71,11.9,989.3,1012.0,275.0,3.0,,8.0,80,2.0,,8.0,,
2025-07-17 14:00:00,351150400,ZIELONA GÓRA,2025,7,17,14,18.0,68,12.0,989.4,1012.0,262.0,2.0,,8.0,80,2.0,,8.0,,
2025-07-17 15:00:00,351150400,ZIELONA GÓRA,2025,7,17,15,16.4,83,13.5,989.7,1012.5,269.0,4.0,,7.0,80,8.0,,8.0,,
2025-07-17 16:00:00,351150400,ZIELONA GÓRA,2025,7,17,16,15.5,91,14.0,989.6,1012.4,248.0,3.0,,8.0,61,8.0,,8.0,,
2025-07-17 17:00:00,351150400,ZIELONA GÓRA,2025,7,17,17,15.3,94,14.3,989.4,1012.2,232.0,2.0,,8.0,61,6.0,,8.0,,
2025-07-17 18:00:00,351150400,ZIELONA GÓRA,2025,7,17,18,15.3,95,14.5,989.2,1012.0,242.0,2.0,,8.0,60,8.0,1.6,,6.0,
2025-07-17 19:00:00,351150400,ZIELONA GÓRA,2025,7,17,19,14.8,97,14.3,989.1,1012.0,214.0,2.0,,8.0,61,6.0,,8.0,,
2025-07-17 20:00:00,351150400,ZIELONA GÓRA,2025,7,17,20,14.7,97,14.2,989.0,1011.9,200.0,2.0,,8.0,60,6.0,,8.0,,
2025-07-17 21:00:00,351150400,ZIELONA GÓRA,2025,7,17,21,14.8,98,14.5,988.7,1011.6,197.0,1.0,,,21,,,8.0,,
2025-07-17 22:00:00,351150400,ZIELONA GÓRA,2025,7,17,22,14.9,98,14.6,988.7,1011.6,166.0,1.0,,,34,,,8.0,,
2025-07-17 23:00:00,351150400,ZIELONA GÓRA,2025,7,17,23,14.9,98,14.6,988.8,1011.7,164.0,1.0,,,33,,,8.0,,
2025-07-18 00:00:00,351150400,ZIELONA GÓRA,2025,7,18,0,15.1,98,14.8,988.9,1011.7,0.0,0.0,,,33,,0.9,,,
2025-07-18 01:00:00,351150400,ZIELONA GÓRA,2025,7,18,1,15.3,98,15.0,988.9,1011.7,0.0,0.0,,,20,,,8.0,,
2025-07-18 02:00:00,351150400,ZIELONA GÓRA,2025,7,18,2,15.4,98,15.1,989.2,1012.0,37.0,1.0,,,81,,,8.0,,
2025-07-18 03:00:00,351150400,ZIELONA GÓRA,2025,7,18,3,15.3,97,14.8,989.3,1012.1,13.0,1.0,,,81,,,8.0,,
2025-07-18 04:00:00,351150400,ZIELONA GÓRA,2025,7,18,4,15.1,98,14.8,989.6,1012.5,47.0,2.0,,,21,,,8.0,,
2025-07-18 05:00:00,351150400,ZIELONA GÓRA,2025,7,18,5,15.2,97,14.7,989.9,1012.8,33.0,1.0,,8.0,10,,,8.0,,
2025-07-18 06:00:00,351150400,ZIELONA GÓRA,2025,7,18,6,15.4,96,14.8,990.1,1012.9,60.0,1.0,,8.0,10,,0.5,,6.0,
2025-07-18 07:00:00,351150400,ZIELONA GÓRA,2025,7,18,7,16.0,93,14.9,990.3,1013.1,63.0,1.0,,8.0,25,8.0,,8.0,,
2025-07-18 08:00:00,351150400,ZIELONA GÓRA,2025,7,18,8,16.7,88,14.7,990.5,1013.3,111.0,1.0,,7.0,1,2.0,,8.0,,
2025-07-18 09:00:00,351150400,ZIELONA GÓRA,2025,7,18,9,17.1,89,15.3,990.8,1013.5,89.0,1.0,,7.0,1,8.0,,8.0,,
2025-07-18 10:00:00,351150400,ZIELONA GÓRA,2025,7,18,10,17.2,88,15.2,991.3,1014.0,0.0,0.0,,8.0,80,2.0,,8.0,,
2025-07-18 11:00:00,351150400,ZIELONA GÓRA,2025,7,18,11,17.6,86,15.2,991.4,1014.1,4.0,1.0,,7.0,25,2.0,,8.0,,
2025-07-18 12:00:00,351150400,ZIELONA GÓRA,2025,7,18,12,18.7,76,14.4,991.4,1014.0,124.0,1.0,,7.0,1,8.0,0.0,,6.0,
2025-07-18 13:00:00,351150400,ZIELONA GÓRA,2025,7,18,13,20.3,67,14.0,991.3,1013.8,80.0,1.0,,7.0,3,2.0,,8.0,,
2025-07-18 14:00:00,351150400,ZIELONA GÓRA,2025,7,18,14,20.8,67,14.4,991.0,1013.4,150.0,2.0,,7.0,1,2.0,,8.0,,
2025-07-18 15:00:00,351150400,ZIELONA GÓRA,2025,7,18,15,20.2,68,14.1,990.9,1013.4,145.0,1.0,,7.0,3,2.0,,8.0,,
2025-07-18 16:00:00,351150400,ZIELONA GÓRA,2025,7,18,16,20.8,64,13.7,990.7,1013.1,158.0,1.0,,7.0,1,2.0,,8.0,,
2025-07-18 17:00:00,351150400,ZIELONA GÓRA,2025,7,18,17,20.2,70,14.6,990.7,1013.2,126.0,1.0,,5.0,3,2.0,,8.0,,
2025-07-18 18:00:00,351150400,ZIELONA GÓRA,2025,7,18,18,20.4,68,14.3,990.7,1013.2,80.0,1.0,,2.0,1,1.0,,9.0,,
2025-07-18 19:00:00,351150400,ZIELONA GÓRA,2025,7,18,19,18.7,77,14.6,990.9,1013.5,0.0,0.0,,2.0,1,0.0,,8.0,,
2025-07-18 20:00:00,351150400,ZIELONA GÓRA,2025,7,18,20,17.8,79,14.1,991.0,1013.7,0.0,0.0,,1.0,1,0.0,,8.0,,
2025-07-18 21:00:00,351150400,ZIELONA GÓRA,2025,7,18,21,17.4,80,13.9,991.0,1013.7,291.0,1.0,,,0,,,8.0,,
2025-07-18 22:00:00,351150400,ZIELONA GÓRA,2025,7,18,22,17.4,80,13.9,991.2,1013.9,283.0,1.0,,,0,,,8.0,,
2025-07-18 23:00:00,351150400,ZIELONA GÓRA,2025,7,18,23,17.2,81,13.9,990.8,1013.5,294.0,1.0,,,0,,,8.0,,
2025-07-19 00:00:00,351150400,ZIELONA GÓRA,2025,7,19,0,16.8,84,14.1,990.7,1013.4,279.0,1.0,,,0,,,9.0,,
2025-07-19 01:00:00,351150400,ZIELONA GÓRA,2025,7,19,1,16.9,85,14.4,990.6,1013.3,308.0,1.0,,,0,,,8.0,,
2025-07-19 02:00:00,351150400,ZIELONA GÓRA,2025,7,19,2,16.7,86,14.3,990.3,1013.0,308.0,2.0,,,0,,,8.0,,
2025-07-19 03:00:00,351150400,ZIELONA GÓRA,2025,7,19,3,16.0,88,14.0,990.3,1013.1,297.0,1.0,,,0,,,8.0,,
2025-07-19 04:00:00,351150400,ZIELONA GÓRA,2025,7,19,4,15.8,90,14.2,990.2,1013.0,313.0,2.0,,,0,,,8.0,,
2025-07-19 05:00:00,351150400,ZIELONA GÓRA,2025,7,19,5,16.3,89,14.5,990.3,1013.1,316.0,2.0,,3.0,0,,,8.0,,
2025-07-19 06:00:00,351150400,ZIELONA GÓRA,2025,7,19,6,18.2,79,14.5,990.3,1012.9,318.0,1.0,,1.0,1,,,9.0,,
2025-07-19 07:00:00,351150400,ZIELONA GÓRA,2025,7,19,7,19.8,71,14.4,990.4,1012.9,309.0,2.0,,1.0,3,0.0,,8.0,,
2025-07-19 08:00:00,351150400,ZIELONA GÓRA,2025,7,19,8,21.5,65,14.6,990.2,1012.6,321.0,2.0,,2.0,3,0.0,,8.0,,
2025-07-19 09:00:00,351150400,ZIELONA GÓRA,2025,7,19,9,22.6,58,13.9,989.8,1012.1,305.0,2.0,,3.0,3,0.0,,8.0,,
2025-07-19 10:00:00,351150400,ZIELONA GÓRA,2025,7,19,10,22.4,58,13.7,989.6,1011.9,322.0,3.0,,6.0,3,1.0,,8.0,,
2025-07-19 11:00:00,351150400,ZIELONA GÓRA,2025,7,19,11,23.7,55,14.1,989.2,1011.4,309.0,2.0,,6.0,1,2.0,,8.0,,
2025-07-19 12:00:00,351150400,ZIELONA GÓRA,2025,7,19,12,24.9,50,13.8,988.6,1010.7,328.0,1.0,,6.0,1,1.0,,9.0,,
2025-07-19 13:00:00,351150400,ZIELONA GÓRA,2025,7,19,13,25.1,50,13.9,988.3,1010.4,301.0,2.0,,2.0,3,1.0,,8.0,,
2025-07-19 14:00:00,351150400,ZIELONA GÓRA,2025,7,19,14,25.5,49,14.0,987.8,1009.8,337.0,1.0,,5.0,3,1.0,,8.0,,
2025-07-19 15:00:00,351150400,ZIELONA GÓRA,2025,7,19,15,26.1,47,13.9,987.7,1009.7,289.0,2.0,,5.0,1,1.0,,8.0,,
2025-07-19 16:00:00,351150400,ZIELONA GÓRA,2025,7,19,16,25.4,49,13.9,987.5,1009.5,277.0,2.0,,4.0,1,1.0,,8.0,,
2025-07-19 17:00:00,351150400,ZIELONA GÓRA,2025,7,19,17,25.7,49,14.2,987.4,1009.4,271.0,2.0,,3.0,1,0.0,,8.0,,
2025-07-19 18:00:00,351150400,ZIELONA GÓRA,2025,7,19,18,25.1,51,14.2,987.2,1009.2,299.0,2.0,,1.0,1,1.0,,9.0,,
2025-07-19 19:00:00,351150400,ZIELONA GÓRA,2025,7,19,19,23.2,59,14.7,987.4,1009.6,28.0,2.0,,2.0,3,0.0,,8.0,,
2025-07-19 20:00:00,351150400,ZIELONA GÓRA,2025,7,19,20,22.1,64,15.0,987.4,1009.7,43.0,1.0,,3.0,3,0.0,,8.0,,
2025-07-19 21:00:00,351150400,ZIELONA GÓRA,2025,7,19,21,21.6,67,15.2,987.7,1010.0,42.0,2.0,,,0,,,8.0,,
2025-07-19 22:00:00,351150400,ZIELONA GÓRA,2025,7,19,22,20.9,71,15.4,987.4,1009.8,38.0,1.0,,,0,,,8.0,,
2025-07-19 23:00:00,351150400,ZIELONA GÓRA,2025,7,19,23,20.2,75,15.6,987.4,1009.8,32.0,1.0,,,0,,,8.0,,
2025-07-20 00:00:00,351150400,ZIELONA GÓRA,2025,7,20,0,20.2,77,16.0,987.0,1009.4,51.0,2.0,,,0,,,9.0,,
2025-07-20 01:00:00,351150400,ZIELONA GÓRA,2025,7,20,1,19.7,78,15.8,986.9,1009.3,74.0,1.0,,,0,,,8.0,,
2025-07-20 02:00:00,351150400,ZIELONA GÓRA,2025,7,20,2,19.1,81,15.8,986.6,1009.1,52.0,2.0,,,0,,,8.0,,
2025-07-20 03:00:00,351150400,ZIELONA GÓRA,2025,7,20,3,19.0,81,15.7,986.5,1009.0,50.0,3.0,,,0,,,8.0,,
2025-07-20 04:00:00,351150400,ZIELONA GÓRA,2025,7,20,4,18.6,84,15.8,986.8,1009.3,116.0,1.0,,,0,,,8.0,,
2025-07-20 05:00:00,351150400,ZIELONA GÓRA,2025,7,20,5,19.5,82,16.3,986.8,1009.2,173.0,1.0,,1.0,0,,,8.0,,
2025-07-20 06:00:00,351150400,ZIELONA GÓRA,2025,7,20,6,21.6,75,17.0,986.6,1008.9,112.0,1.0,,1.0,2,,,9.0,,
2025-07-20 07:00:00,351150400,ZIELONA GÓRA,2025,7,20,7,22.7,70,16.9,986.4,1008.6,122.0,2.0,,4.0,3,0.0,,8.0,,
2025-07-20 08:00:00,351150400,ZIELONA GÓRA,2025,7,20,8,24.2,63,16.7,986.3,1008.4,143.0,1.0,,5.0,3,1.0,,8.0,,
2025-07-20 09:00:00,351150400,ZIELONA GÓRA,2025,7,20,9,25.3,56,15.9,986.2,1008.2,91.0,1.0,,5.0,3,1.0,,8.0,,
2025-07-20 10:00:00,351150400,ZIELONA GÓRA,2025,7,20,10,26.1,54,16.1,986.1,1008.0,17.0,1.0,,5.0,3,2.0,,8.0,,
2025-07-20 11:00:00,351150400,ZIELONA GÓRA,2025,7,20,11,26.6,48,14.7,985.7,1007.6,224.0,2.0,,5.0,2,2.0,,8.0,,
2025-07-20 12:00:00,351150400,ZIELONA GÓRA,2025,7,20,12,26.5,48,14.6,985.5,1007.4,102.0,1.0,,5.0,3,1.0,,9.0,,
2025-07-20 13:00:00,351150400,ZIELONA GÓRA,2025,7,20,13,27.2,44,13.9,985.2,1007.0,45.0,2.0,,3.0,1,1.0,,8.0,,
2025-07-20 14:00:00,351150400,ZIELONA GÓRA,2025,7,20,14,28.5,40,13.6,984.7,1006.4,217.0,1.0,,3.0,3,0.0,,8.0,,
2025-07-20 15:00:00,351150400,ZIELONA GÓRA,2025,7,20,15,28.8,36,12.2,984.4,1006.1,174.0,1.0,,4.0,1,1.0,,8.0,,
2025-07-20 16:00:00,351150400,ZIELONA GÓRA,2025,7,20,16,28.5,38,12.8,984.1,1005.8,89.0,1.0,,4.0,1,0.0,,8.0,,
2025-07-20 17:00:00,351150400,ZIELONA GÓRA,2025,7,20,17,28.5,38,12.8,984.1,1005.8,65.0,1.0,,4.0,1,0.0,,8.0,,
2025-07-20 18:00:00,351150400,ZIELONA GÓRA,2025,7,20,18,27.0,45,14.1,984.0,1005.8,45.0,2.0,,6.0,1,1.0,,9.0,,
2025-07-20 19:00:00,351150400,ZIELONA GÓRA,2025,7,20,19,25.7,48,13.9,984.2,1006.1,51.0,2.0,,6.0,1,2.0,,8.0,,
2025-07-20 20:00:00,351150400,ZIELONA GÓRA,2025,7,20,20,25.1,51,14.2,984.4,1006.4,80.0,1.0,,6.0,2,2.0,,8.0,,
2025-07-20 21:00:00,351150400,ZIELONA GÓRA,2025,7,20,21,24.2,53,14.0,984.1,1006.1,86.0,1.0,,,0,,,8.0,,
2025-07-20 22:00:00,351150400,ZIELONA GÓRA,2025,7,20,22,23.2,56,13.9,984.0,1006.1,111.0,1.0,,,0,,,8.0,,
2025-07-20 23:00:00,351150400,ZIELONA GÓRA,2025,7,20,23,22.6,59,14.2,984.1,1006.2,115.0,2.0,,,0,,,8.0,,
2025-07-21 00:00:00,351150400,ZIELONA GÓRA,2025,7,21,0,22.1,62,14.5,984.1,1006.3,116.0,2.0,,,0,,,9.0,,
2025-07-21 01:00:00,351150400,ZIELONA GÓRA,2025,7,21,1,21.8,63,14.4,984.0,1006.2,119.0,2.0,,,0,,,8.0,,
2025-07-21 02:00:00,351150400,ZIELONA GÓRA,2025,7,21,2,21.2,64,14.1,983.5,1005.7,86.0,2.0,,,0,,,8.0,,
2025-07-21 03:00:00,351150400,ZIELONA GÓRA,2025,7,21,3,20.1,70,14.5,983.4,1005.7,120.0,3.0,,,0,,,8.0,,
2025-07-21 04:00:00,351150400,ZIELONA GÓRA,2025,7,21,4,19.8,73,14.8,983.7,1006.1,127.0,3.0,,,0,,,8.0,,
2025-07-21 05:00:00,351150400,ZIELONA GÓRA,2025,7,21,5,19.8,74,15.0,983.7,1006.1,125.0,2.0,,7.0,0,,,8.0,,
2025-07-21 06:00:00,351150400,ZIELONA GÓRA,2025,7,21,6,20.8,72,15.6,983.5,1005.8,124.0,2.0,,7.0,1,,,9.0,,
2025-07-21 07:00:00,351150400,ZIELONA GÓRA,2025,7,21,7,22.4,69,16.4,983.4,1005.5,141.0,2.0,,7.0,3,2.0,,8.0,,
2025-07-21 08:00:00,351150400,ZIELONA GÓRA,2025,7,21,8,24.1,62,16.4,983.3,1005.3,125.0,2.0,,7.0,1,2.0,,8.0,,
2025-07-21 09:00:00,351150400,ZIELONA GÓRA,2025,7,21,9,25.1,60,16.8,983.2,1005.1,181.0,1.0,,7.0,1,2.0,,8.0,,
2025-07-21 10:00:00,351150400,ZIELONA GÓRA,2025,7,21,10,26.1,55,16.4,982.9,1004.8,133.0,2.0,,7.0,2,2.0,,8.0,,
2025-07-21 11:00:00,351150400,ZIELONA GÓRA,2025,7,21,11,27.2,54,17.1,982.6,1004.4,190.0,1.0,,7.0,3,2.0,,8.0,,
2025-07-21 12:00:00,351150400,ZIELONA GÓRA,2025,7,21,12,28.6,51,17.5,982.1,1003.8,267.0,2.0,,7.0,3,2.0,,9.0,,
2025-07-21 13:00:00,351150400,ZIELONA GÓRA,2025,7,21,13,22.1,87,19.8,981.9,1004.0,150.0,3.0,,8.0,95,9.0,,8.0,,
2025-07-21 14:00:00,351150400,ZIELONA GÓRA,2025,7,21,14,23.3,87,21.0,980.9,1002.9,338.0,2.0,,7.0,29,9.0,,8.0,,
2025-07-21 15:00:00,351150400,ZIELONA GÓRA,2025,7,21,15,22.5,83,19.5,980.5,1002.6,339.0,2.0,,8.0,17,9.0,,8.0,,
2025-07-21 16:00:00,351150400,ZIELONA GÓRA,2025,7,21,16,20.7,91,19.2,980.4,1002.6,358.0,2.0,,8.0,95,9.0,,8.0,,
2025-07-21 17:00:00,351150400,ZIELONA GÓRA,2025,7,21,17,20.1,93,18.9,980.3,1002.6,262.0,3.0,,8.0,95,8.0,,8.0,,
2025-07-21 18:00:00,351150400,ZIELONA GÓRA,2025,7,21,18,18.9,97,18.4,981.6,1004.0,246.0,3.0,,8.0,91,9.0,10.9,,6.0,
2025-07-21 19:00:00,351150400,ZIELONA GÓRA,2025,7,21,19,17.7,96,17.1,981.7,1004.2,263.0,3.0,,8.0,95,8.0,,8.0,,
2025-07-21 20:00:00,351150400,ZIELONA GÓRA,2025,7,21,20,16.5,96,15.9,981.6,1004.2,272.0,4.0,,8.0,25,8.0,,8.0,,
2025-07-21 21:00:00,351150400,ZIELONA GÓRA,2025,7,21,21,15.5,96,14.9,982.2,1004.9,267.0,4.0,10.0,,23,,,8.0,,
2025-07-21 22:00:00,351150400,ZIELONA GÓRA,2025,7,21,22,15.2,96,14.6,982.6,1005.3,270.0,4.0,,,82,,,8.0,,
2025-07-21 23:00:00,351150400,ZIELONA GÓRA,2025,7,21,23,15.0,96,14.4,982.6,1005.3,257.0,4.0,,,61,,,8.0,,
2025-07-22 00:00:00,351150400,ZIELONA GÓRA,2025,7,22,0,14.7,96,14.1,982.8,1005.5,259.0,4.0,,,61,,10.9,,,
2025-07-22 01:00:00,351150400,ZIELONA GÓRA,2025,7,22,1,14.5,96,13.9,982.6,1005.3,265.0,3.0,,,61,,,8.0,,
2025-07-22 02:00:00,351150400,ZIELONA GÓRA,2025,7,22,2,14.2,97,13.7,982.7,1005.5,215.0,2.0,,,23,,,8.0,,
2025-07-22 03:00:00,351150400,ZIELONA GÓRA,2025,7,22,3,14.3,96,13.7,982.5,1005.3,240.0,2.0,,,0,,,8.0,,
2025-07-22 04:00:00,351150400,ZIELONA GÓRA,2025,7,22,4,14.6,97,14.1,982.7,1005.4,228.0,2.0,7.0,,0,,,8.0,,
2025-07-22 05:00:00,351150400,ZIELONA GÓRA,2025,7,22,5,14.8,95,14.0,983.0,1005.7,228.0,3.0,8.0,7.0,0,,,8.0,,
2025-07-22 06:00:00,351150400,ZIELONA GÓRA,2025,7,22,6,15.5,91,14.0,983.4,1006.1,246.0,2.0,,6.0,3,,0.9,,6.0,
2025-07-22 07:00:00,351150400,ZIELONA GÓRA,2025,7,22,7,16.6,88,14.6,983.7,1006.3,240.0,3.0,,7.0,3,2.0,,8.0,,
2025-07-22 08:00:00,351150400,ZIELONA GÓRA,2025,7,22,8,18.6,78,14.7,984.1,1006.6,236.0,3.0,,4.0,3,1.0,,8.0,,
2025-07-22 09:00:00,351150400,ZIELONA GÓRA,2025,7,22,9,19.9,71,14.5,984.4,1006.8,246.0,3.0,,5.0,1,1.0,,8.0,,
2025-07-22 10:00:00,351150400,ZIELONA GÓRA,2025,7,22,10,20.8,66,14.2,984.4,1006.7,251.0,3.0,,5.0,3,2.0,,8.0,,
2025-07-22 11:00:00,351150400,ZIELONA GÓRA,2025,7,22,11,20.5,70,14.8,984.8,1007.1,242.0,3.0,,7.0,3,2.0,,8.0,,
2025-07-22 12:00:00,351150400,ZIELONA GÓRA,2025,7,22,12,21.3,67,14.9,984.6,1006.9,208.0,4.0,,6.0,1,1.0,,9.0,,
2025-07-22 13:00:00,351150400,ZIELONA GÓRA,2025,7,22,13,20.0,74,15.2,984.8,1007.2,235.0,2.0,,7.0,25,2.0,,8.0,,
2025-07-22 14:00:00,351150400,ZIELONA GÓRA,2025,7,22,14,20.9,66,14.3,985.2,1007.5,233.0,3.0,,7.0,1,2.0,,8.0,,
2025-07-22 15:00:00,351150400,ZIELONA GÓRA,2025,7,22,15,16.8,89,15.0,985.7,1008.3,276.0,2.0,,7.0,95,8.0,,8.0,,
2025-07-22 16:00:00,351150400,ZIELONA GÓRA,2025,7,22,16,18.3,81,15.0,986.1,1008.6,217.0,2.0,,6.0,17,9.0,,8.0,,
2025-07-22 17:00:00,351150400,ZIELONA GÓRA,2025,7,22,17,17.6,91,16.1,986.4,1009.0,193.0,3.0,,7.0,91,8.0,,8.0,,
2025-07-22 18:00:00,351150400,ZIELONA GÓRA,2025,7,22,18,16.7,82,13.6,986.7,1009.4,216.0,3.0,,7.0,25,9.0,1.7,,6.0,
2025-07-22 19:00:00,351150400,ZIELONA GÓRA,2025,7,22,19,15.6,91,14.1,986.9,1009.7,209.0,2.0,,3.0,1,1.0,,8.0,,
2025-07-22 20:00:00,351150400,ZIELONA GÓRA,2025,7,22,20,14.8,96,14.2,987.1,1009.9,181.0,2.0,,1.0,1,0.0,,8.0,,
2025-07-22 21:00:00,351150400,ZIELONA GÓRA,2025,7,22,21,14.9,93,13.8,987.1,1009.9,193.0,2.0,,,0,,,8.0,,
2025-07-22 22:00:00,351150400,ZIELONA GÓRA,2025,7,22,22,14.5,94,13.5,987.2,1010.1,203.0,2.0,,,0,,,8.0,,
2025-07-22 23:00:00,351150400,ZIELONA GÓRA,2025,7,22,23,14.7,90,13.1,987.4,1010.2,222.0,3.0,,,0,,,8.0,,
2025-07-23 00:00:00,351150400,ZIELONA GÓRA,2025,7,23,0,14.4,91,12.9,987.2,1010.1,205.0,3.0,,,0,,,9.0,,
2025-07-23 01:00:00,351150400,ZIELONA GÓRA,2025,7,23,1,14.7,90,13.1,987.1,1009.9,214.0,3.0,,,0,,,8.0,,
2025-07-23 02:00:00,351150400,ZIELONA GÓRA,2025,7,23,2,14.8,93,13.7,987.0,1009.8,215.0,4.0,,,23,,,8.0,,
2025-07-23 03:00:00,351150400,ZIELONA GÓRA,2025,7,23,3,14.6,96,14.0,987.1,1009.9,212.0,3.0,,,61,,,8.0,,
2025-07-23 04:00:00,351150400,ZIELONA GÓRA,2025,7,23,4,14.7,96,14.1,987.1,1009.9,200.0,3.0,,,23,,,8.0,,
2025-07-23 05:00:00,351150400,ZIELONA GÓRA,2025,7,23,5,15.0,96,14.4,987.4,1010.2,213.0,3.0,,8.0,80,,,8.0,,
2025-07-23 06:00:00,351150400,ZIELONA GÓRA,2025,7,23,6,15.3,95,14.5,987.6,1010.4,213.0,3.0,,8.0,25,,1.1,,6.0,
2025-07-23 07:00:00,351150400,ZIELONA GÓRA,2025,7,23,7,16.3,94,15.3,987.4,1010.1,195.0,2.0,,7.0,25,2.0,,8.0,,
2025-07-23 08:00:00,351150400,ZIELONA GÓRA,2025,7,23,8,17.7,84,15.0,987.4,1010.0,238.0,3.0,,7.0,1,2.0,,8.0,,
2025-07-23 09:00:00,351150400,ZIELONA GÓRA,2025,7,23,9,18.4,78,14.5,987.8,1010.4,245.0,3.0,8.0,7.0,3,8.0,,8.0,,
2025-07-23 10:00:00,351150400,ZIELONA GÓRA,2025,7,23,10,19.5,69,13.7,987.6,1010.1,255.0,3.0,,7.0,3,2.0,,8.0,,
2025-07-23 11:00:00,351150400,ZIELONA GÓRA,2025,7,23,11,19.9,72,14.7,987.3,1009.7,233.0,2.0,,7.0,80,2.0,,8.0,,
2025-07-23 12:00:00,351150400,ZIELONA GÓRA,2025,7,23,12,21.6,60,13.5,986.9,1009.2,241.0,3.0,,7.0,80,8.0,0.0,,6.0,
2025-07-23 13:00:00,351150400,ZIELONA GÓRA,2025,7,23,13,22.3,54,12.5,986.7,1008.9,228.0,4.0,,7.0,25,2.0,,8.0,,
2025-07-23 14:00:00,351150400,ZIELONA GÓRA,2025,7,23,14,18.4,86,16.0,987.1,1009.6,321.0,3.0,,7.0,80,2.0,,8.0,,
2025-07-23 15:00:00,351150400,ZIELONA GÓRA,2025,7,23,15,21.1,70,15.4,986.6,1008.9,268.0,2.0,,7.0,1,8.0,,8.0,,
2025-07-23 16:00:00,351150400,ZIELONA GÓRA,2025,7,23,16,21.6,62,14.0,986.2,1008.5,219.0,2.0,,7.0,1,2.0,,8.0,,
2025-07-23 17:00:00,351150400,ZIELONA GÓRA,2025,7,23,17,21.9,57,13.0,986.2,1008.4,241.0,2.0,,7.0,3,2.0,,8.0,,
2025-07-23 18:00:00,351150400,ZIELONA GÓRA,2025,7,23,18,19.1,76,14.8,987.1,1009.6,283.0,3.0,,7.0,25,8.0,0.1,,6.0,
2025-07-23 19:00:00,351150400,ZIELONA GÓRA,2025,7,23,19,18.0,84,15.3,987.1,1009.7,299.0,2.0,,6.0,1,2.0,,8.0,,
2025-07-23 20:00:00,351150400,ZIELONA GÓRA,2025,7,23,20,18.3,80,14.8,987.2,1009.8,243.0,1.0,,7.0,1,2.0,,8.0,,
2025-07-23 21:00:00,351150400,ZIELONA GÓRA,2025,7,23,21,17.8,83,14.9,987.4,1010.0,213.0,2.0,,,0,,,8.0,,
2025-07-23 22:00:00,351150400,ZIELONA GÓRA,2025,7,23,22,18.2,80,14.7,987.6,1010.2,207.0,2.0,,,0,,,8.0,,
2025-07-23 23:00:00,351150400,ZIELONA GÓRA,2025,7,23,23,19.1,71,13.7,987.7,1010.2,245.0,2.0,,,0,,,8.0,,
2025-07-24 00:00:00,351150400,ZIELONA GÓRA,2025,7,24,0,18.3,75,13.8,987.7,1010.3,224.0,2.0,,,0,,0.0,,,
2025-07-24 01:00:00,351150400,ZIELONA GÓRA,2025,7,24,1,18.4,74,13.7,987.6,1010.2,254.0,3.0,,,0,,,8.0,,
2025-07-24 02:00:00,351150400,ZIELONA GÓRA,2025,7,24,2,17.0,79,13.3,987.8,1010.5,226.0,2.0,,,0,,,8.0,,
2025-07-24 03:00:00,351150400,ZIELONA GÓRA,2025,7,24,3,17.1,80,13.6,987.8,1010.5,254.0,2.0,,,0,,,8.0,,
2025-07-24 04:00:00,351150400,ZIELONA GÓRA,2025,7,24,4,16.9,82,13.8,987.9,1010.6,270.0,2.0,,,0,,,8.0,,
2025-07-24 05:00:00,351150400,ZIELONA GÓRA,2025,7,24,5,17.9,79,14.2,988.3,1010.9,263.0,2.0,,3.0,0,,,8.0,,
2025-07-24 06:00:00,351150400,ZIELONA GÓRA,2025,7,24,6,18.7,79,15.0,988.6,1011.2,279.0,2.0,,4.0,3,,,9.0,,
2025-07-24 07:00:00,351150400,ZIELONA GÓRA,2025,7,24,7,19.3,76,15.0,989.1,1011.6,273.0,2.0,,7.0,3,1.0,,8.0,,
2025-07-24 08:00:00,351150400,ZIELONA GÓRA,2025,7,24,8,20.2,71,14.8,989.4,1011.9,253.0,2.0,,7.0,3,2.0,,8.0,,
2025-07-24 09:00:00,351150400,ZIELONA GÓRA,2025,7,24,9,20.6,68,14.5,989.6,1012.0,255.0,2.0,,7.0,2,1.0,,8.0,,
2025-07-24 10:00:00,351150400,ZIELONA GÓRA,2025,7,24,10,22.2,62,14.6,989.8,1012.1,279.0,3.0,,7.0,3,2.0,,8.0,,
2025-07-24 11:00:00,351150400,ZIELONA GÓRA,2025,7,24,11,21.9,60,13.8,990.0,1012.3,277.0,3.0,,7.0,3,2.0,,8.0,,
2025-07-24 12:00:00,351150400,ZIELONA GÓRA,2025,7,24,12,22.2,62,14.6,990.1,1012.4,274.0,2.0,,7.0,1,1.0,,9.0,,
2025-07-24 13:00:00,351150400,ZIELONA GÓRA,2025,7,24,13,23.1,60,14.9,990.0,1012.2,286.0,3.0,,7.0,1,2.0,,8.0,,
2025-07-24 14:00:00,351150400,ZIELONA GÓRA,2025,7,24,14,23.3,57,14.3,989.9,1012.1,279.0,2.0,,7.0,1,2.0,,8.0,,
2025-07-24 15:00:00,351150400,ZIELONA GÓRA,2025,7,24,15,23.2,56,13.9,989.8,1012.0,276.0,2.0,,7.0,1,2.0,,8.0,,
2025-07-24 16:00:00,351150400,ZIELONA GÓRA,2025,7,24,16,22.8,59,14.4,989.7,1012.0,305.0,2.0,,7.0,1,2.0,,8.0,,
2025-07-24 17:00:00,351150400,ZIELONA GÓRA,2025,7,24,17,22.5,61,14.6,990.1,1012.4,296.0,1.0,,8.0,1,2.0,,8.0,,
2025-07-24 18:00:00,351150400,ZIELONA GÓRA,2025,7,24,18,22.0,63,14.6,990.3,1012.6,297.0,1.0,,8.0,2,2.0,,9.0,,
2025-07-24 19:00:00,351150400,ZIELONA GÓRA,2025,7,24,19,21.0,71,15.5,990.4,1012.8,321.0,2.0,,7.0,1,2.0,,8.0,,
2025-07-24 20:00:00,351150400,ZIELONA GÓRA,2025,7,24,20,20.0,78,16.0,990.7,1013.2,305.0,1.0,,7.0,3,2.0,,8.0,,
2025-07-24 21:00:00,351150400,ZIELONA GÓRA,2025,7,24,21,19.6,75,15.0,990.9,1013.4,303.0,2.0,,,0,,,8.0,,
2025-07-24 22:00:00,351150400,ZIELONA GÓRA,2025,7,24,22,18.7,79,15.0,991.0,1013.6,295.0,1.0,,,0,,,8.0,,
2025-07-24 23:00:00,351150400,ZIELONA GÓRA,2025,7,24,23,18.6,79,14.9,991.2,1013.8,281.0,1.0,,,0,,,8.0,,
2025-07-25 00:00:00,351150400,ZIELONA GÓRA,2025,7,25,0,18.5,76,14.2,991.3,1013.9,287.0,2.0,,,0,,,9.0,,
2025-07-25 01:00:00,351150400,ZIELONA GÓRA,2025,7,25,1,18.4,76,14.1,991.2,1013.8,290.0,2.0,,,0,,,8.0,,
2025-07-25 02:00:00,351150400,ZIELONA GÓRA,2025,7,25,2,18.0,80,14.5,991.0,1013.7,275.0,1.0,,,0,,,8.0,,
2025-07-25 03:00:00,351150400,ZIELONA GÓRA,2025,7,25,3,18.3,80,14.8,990.9,1013.5,308.0,1.0,,,0,,,8.0,,
2025-07-25 04:00:00,351150400,ZIELONA GÓRA,2025,7,25,4,18.4,79,14.7,991.1,1013.7,259.0,1.0,,,0,,,8.0,,
2025-07-25 05:00:00,351150400,ZIELONA GÓRA,2025,7,25,5,17.9,83,15.0,991.0,1013.7,270.0,1.0,,7.0,0,,,8.0,,
2025-07-25 06:00:00,351150400,ZIELONA GÓRA,2025,7,25,6,18.7,79,15.0,991.1,1013.7,275.0,2.0,,7.0,2,,,9.0,,
2025-07-25 07:00:00,351150400,ZIELONA GÓRA,2025,7,25,7,19.8,77,15.6,991.8,1014.3,271.0,3.0,,7.0,1,2.0,,8.0,,
2025-07-25 08:00:00,351150400,ZIELONA GÓRA,2025,7,25,8,18.9,87,16.7,991.9,1014.5,250.0,2.0,,7.0,80,2.0,,8.0,,
2025-07-25 09:00:00,351150400,ZIELONA GÓRA,2025,7,25,9,17.4,95,16.6,991.9,1014.6,201.0,3.0,,8.0,81,2.0,,8.0,,
2025-07-25 10:00:00,351150400,ZIELONA GÓRA,2025,7,25,10,17.8,95,17.0,992.1,1014.8,254.0,2.0,,8.0,80,8.0,,8.0,,
2025-07-25 11:00:00,351150400,ZIELONA GÓRA,2025,7,25,11,19.5,89,17.6,991.9,1014.5,291.0,2.0,,7.0,25,2.0,,8.0,,
2025-07-25 12:00:00,351150400,ZIELONA GÓRA,2025,7,25,12,21.0,80,17.4,991.9,1014.3,298.0,2.0,,7.0,1,8.0,3.0,,6.0,
2025-07-25 13:00:00,351150400,ZIELONA GÓRA,2025,7,25,13,22.0,73,16.9,991.8,1014.2,289.0,2.0,,7.0,3,2.0,,8.0,,
2025-07-25 14:00:00,351150400,ZIELONA GÓRA,2025,7,25,14,22.5,70,16.8,991.3,1013.6,273.0,3.0,,6.0,1,2.0,,8.0,,
2025-07-25 15:00:00,351150400,ZIELONA GÓRA,2025,7,25,15,24.0,62,16.3,990.8,1013.0,268.0,3.0,,2.0,3,1.0,,8.0,,
2025-07-25 16:00:00,351150400,ZIELONA GÓRA,2025,7,25,16,23.4,64,16.2,990.5,1012.7,263.0,2.0,,2.0,1,0.0,,8.0,,
2025-07-25 17:00:00,351150400,ZIELONA GÓRA,2025,7,25,17,23.9,61,15.9,990.6,1012.8,306.0,2.0,,2.0,3,0.0,,8.0,,
2025-07-25 18:00:00,351150400,ZIELONA GÓRA,2025,7,25,18,23.2,62,15.5,990.6,1012.8,290.0,2.0,,1.0,1,1.0,,9.0,,
2025-07-25 19:00:00,351150400,ZIELONA GÓRA,2025,7,25,19,21.7,70,16.0,991.1,1013.5,283.0,1.0,,1.0,1,0.0,,8.0,,
2025-07-25 20:00:00,351150400,ZIELONA GÓRA,2025,7,25,20,20.6,75,16.0,991.5,1014.0,309.0,2.0,,0.0,1,0.0,,8.0,,
2025-07-25 21:00:00,351150400,ZIELONA GÓRA,2025,7,25,21,19.6,80,16.1,991.5,1014.0,303.0,2.0,,,0,,,8.0,,
2025-07-25 22:00:00,351150400,ZIELONA GÓRA,2025,7,25,22,19.2,82,16.1,991.8,1014.4,308.0,2.0,,,0,,,8.0,,
2025-07-25 23:00:00,351150400,ZIELONA GÓRA,2025,7,25,23,18.9,84,16.1,991.8,1014.4,308.0,2.0,,,0,,,8.0,,
2025-07-26 00:00:00,351150400,ZIELONA GÓRA,2025,7,26,0,18.1,89,16.3,991.8,1014.5,315.0,2.0,,,0,,,9.0,,
2025-07-26 01:00:00,351150400,ZIELONA GÓRA,2025,7,26,1,17.9,92,16.6,991.7,1014.4,309.0,3.0,,,0,,,8.0,,
2025-07-26 02:00:00,351150400,ZIELONA GÓRA,2025,7,26,2,17.2,95,16.4,991.6,1014.3,316.0,2.0,,,10,,,8.0,,
2025-07-26 03:00:00,351150400,ZIELONA GÓRA,2025,7,26,3,17.0,96,16.4,991.7,1014.5,315.0,2.0,,,10,,,8.0,,
2025-07-26 04:00:00,351150400,ZIELONA GÓRA,2025,7,26,4,17.2,96,16.6,991.9,1014.6,316.0,2.0,,,10,,,8.0,,
2025-07-26 05:00:00,351150400,ZIELONA GÓRA,2025,7,26,5,17.5,93,16.4,992.1,1014.8,333.0,2.0,,7.0,10,,,8.0,,
2025-07-26 06:00:00,351150400,ZIELONA GÓRA,2025,7,26,6,17.9,91,16.4,992.2,1014.9,317.0,2.0,,7.0,3,,,9.0,,
2025-07-26 07:00:00,351150400,ZIELONA GÓRA,2025,7,26,7,18.0,89,16.2,992.4,1015.1,324.0,1.0,,7.0,1,2.0,,8.0,,
2025-07-26 08:00:00,351150400,ZIELONA GÓRA,2025,7,26,8,18.9,84,16.1,992.3,1014.9,342.0,2.0,,7.0,1,2.0,,8.0,,
2025-07-26 09:00:00,351150400,ZIELONA GÓRA,2025,7,26,9,19.9,75,15.3,992.3,1014.8,334.0,2.0,,7.0,3,2.0,,8.0,,
2025-07-26 10:00:00,351150400,ZIELONA GÓRA,2025,7,26,10,20.0,77,15.8,992.6,1015.1,317.0,2.0,,7.0,3,2.0,,8.0,,
2025-07-26 11:00:00,351150400,ZIELONA GÓRA,2025,7,26,11,21.9,67,15.5,992.5,1014.9,279.0,2.0,,7.0,3,2.0,,8.0,,
2025-07-26 12:00:00,351150400,ZIELONA GÓRA,2025,7,26,12,22.1,68,15.9,992.2,1014.6,302.0,3.0,,7.0,1,2.0,,9.0,,
2025-07-26 13:00:00,351150400,ZIELONA GÓRA,2025,7,26,13,22.6,65,15.7,991.7,1014.0,323.0,2.0,,5.0,3,2.0,,8.0,,
2025-07-26 14:00:00,351150400,ZIELONA GÓRA,2025,7,26,14,22.7,64,15.5,991.1,1013.4,311.0,3.0,,5.0,3,2.0,,8.0,,
2025-07-26 15:00:00,351150400,ZIELONA GÓRA,2025,7,26,15,22.6,65,15.7,990.9,1013.2,322.0,4.0,,5.0,3,2.0,,8.0,,
2025-07-26 16:00:00,351150400,ZIELONA GÓRA,2025,7,26,16,21.3,70,15.6,990.8,1013.2,341.0,3.0,,7.0,1,2.0,,8.0,,
2025-07-26 17:00:00,351150400,ZIELONA GÓRA,2025,7,26,17,20.4,73,15.4,990.7,1013.2,326.0,3.0,,7.0,1,2.0,,8.0,,
2025-07-26 18:00:00,351150400,ZIELONA GÓRA,2025,7,26,18,19.7,76,15.3,991.0,1013.5,305.0,2.0,,7.0,3,2.0,,9.0,,
2025-07-26 19:00:00,351150400,ZIELONA GÓRA,2025,7,26,19,18.8,79,15.1,991.3,1013.9,285.0,2.0,,7.0,3,2.0,,8.0,,
2025-07-26 20:00:00,351150400,ZIELONA GÓRA,2025,7,26,20,18.2,81,14.9,991.4,1014.1,298.0,2.0,,7.0,1,2.0,,8.0,,
2025-07-26 21:00:00,351150400,ZIELONA GÓRA,2025,7,26,21,17.5,85,14.9,991.2,1013.9,315.0,2.0,,,0,,,8.0,,
2025-07-26 22:00:00,351150400,ZIELONA GÓRA,2025,7,26,22,17.0,87,14.8,990.9,1013.6,315.0,2.0,,,0,,,8.0,,
2025-07-26 23:00:00,351150400,ZIELONA GÓRA,2025,7,26,23,17.0,86,14.6,990.8,1013.5,312.0,2.0,,,0,,,8.0,,
2025-07-27 00:00:00,351150400,ZIELONA GÓRA,2025,7,27,0,16.6,87,14.4,990.7,1013.5,309.0,2.0,,,0,,,9.0,,
2025-07-27 01:00:00,351150400,ZIELONA GÓRA,2025,7,27,1,16.6,87,14.4,990.2,1013.0,329.0,2.0,,,0,,,8.0,,
2025-07-27 02:00:00,351150400,ZIELONA GÓRA,2025,7,27,2,16.4,88,14.4,989.6,1012.4,312.0,2.0,,,0,,,8.0,,
2025-07-27 03:00:00,351150400,ZIELONA GÓRA,2025,7,27,3,16.2,90,14.6,989.4,1012.2,316.0,2.0,,,0,,,8.0,,
2025-07-27 04:00:00,351150400,ZIELONA GÓRA,2025,7,27,4,16.4,90,14.8,989.2,1011.9,315.0,2.0,,,0,,,8.0,,
2025-07-27 05:00:00,351150400,ZIELONA GÓRA,2025,7,27,5,16.7,90,15.1,989.2,1011.9,318.0,2.0,,8.0,0,,,8.0,,
2025-07-27 06:00:00,351150400,ZIELONA GÓRA,2025,7,27,6,16.9,90,15.2,989.0,1011.7,322.0,2.0,,8.0,3,,,9.0,,
2025-07-27 07:00:00,351150400,ZIELONA GÓRA,2025,7,27,7,17.9,88,15.9,988.9,1011.5,327.0,2.0,,7.0,1,2.0,,8.0,,
2025-07-27 08:00:00,351150400,ZIELONA GÓRA,2025,7,27,8,19.5,78,15.6,988.9,1011.4,334.0,2.0,,7.0,3,2.0,,8.0,,
2025-07-27 09:00:00,351150400,ZIELONA GÓRA,2025,7,27,9,20.5,73,15.5,988.6,1011.0,319.0,3.0,,7.0,3,2.0,,8.0,,
2025-07-27 10:00:00,351150400,ZIELONA GÓRA,2025,7,27,10,20.3,68,14.2,988.4,1010.8,358.0,1.0,,7.0,3,2.0,,8.0,,
2025-07-27 11:00:00,351150400,ZIELONA GÓRA,2025,7,27,11,20.9,65,14.1,988.2,1010.6,336.0,2.0,,7.0,1,2.0,,8.0,,
2025-07-27 12:00:00,351150400,ZIELONA GÓRA,2025,7,27,12,21.8,60,13.7,987.8,1010.1,294.0,2.0,,7.0,2,2.0,,9.0,,
2025-07-27 13:00:00,351150400,ZIELONA GÓRA,2025,7,27,13,21.9,57,13.0,987.2,1009.5,329.0,3.0,,7.0,1,2.0,,8.0,,
2025-07-27 14:00:00,351150400,ZIELONA GÓRA,2025,7,27,14,22.5,57,13.6,986.7,1008.9,347.0,2.0,,7.0,1,2.0,,8.0,,
2025-07-27 15:00:00,351150400,ZIELONA GÓRA,2025,7,27,15,22.4,55,12.9,986.5,1008.7,339.0,2.0,,7.0,1,2.0,,8.0,,
2025-07-27 16:00:00,351150400,ZIELONA GÓRA,2025,7,27,16,22.0,57,13.1,986.1,1008.3,279.0,2.0,,7.0,1,2.0,,8.0,,
2025-07-27 17:00:00,351150400,ZIELONA GÓRA,2025,7,27,17,22.0,56,12.8,985.8,1008.0,313.0,3.0,,7.0,1,2.0,,8.0,,
2025-07-27 18:00:00,351150400,ZIELONA GÓRA,2025,7,27,18,21.8,58,13.2,985.8,1008.0,310.0,2.0,,7.0,2,2.0,,9.0,,
2025-07-27 19:00:00,351150400,ZIELONA GÓRA,2025,7,27,19,20.5,65,13.7,985.9,1008.3,276.0,1.0,,6.0,1,2.0,,8.0,,
2025-07-27 20:00:00,351150400,ZIELONA GÓRA,2025,7,27,20,19.1,72,13.9,985.9,1008.4,309.0,1.0,,7.0,1,2.0,,8.0,,
2025-07-27 21:00:00,351150400,ZIELONA GÓRA,2025,7,27,21,18.4,74,13.7,985.8,1008.3,308.0,1.0,,,0,,,8.0,,
2025-07-27 22:00:00,351150400,ZIELONA GÓRA,2025,7,27,22,17.8,76,13.5,985.4,1007.9,313.0,1.0,,,0,,,8.0,,
2025-07-27 23:00:00,351150400,ZIELONA GÓRA,2025,7,27,23,17.3,77,13.2,985.3,1007.9,318.0,2.0,,,0,,,8.0,,
2025-07-28 00:00:00,351150400,ZIELONA GÓRA,2025,7,28,0,16.8,80,13.3,985.3,1007.9,326.0,2.0,,,0,,,9.0,,
2025-07-28 01:00:00,351150400,ZIELONA GÓRA,2025,7,28,1,16.2,83,13.3,984.8,1007.5,319.0,1.0,,,0,,,8.0,,
2025-07-28 02:00:00,351150400,ZIELONA GÓRA,2025,7,28,2,15.7,85,13.2,984.6,1007.3,308.0,2.0,,,0,,,8.0,,
2025-07-28 03:00:00,351150400,ZIELONA GÓRA,2025,7,28,3,15.4,88,13.4,984.6,1007.3,317.0,2.0,,,0,,,8.0,,
2025-07-28 04:00:00,351150400,ZIELONA GÓRA,2025,7,28,4,15.0,90,13.4,984.6,1007.4,304.0,2.0,,,0,,,8.0,,
2025-07-28 05:00:00,351150400,ZIELONA GÓRA,2025,7,28,5,15.3,88,13.3,984.7,1007.4,317.0,3.0,,7.0,0,,,8.0,,
2025-07-28 06:00:00,351150400,ZIELONA GÓRA,2025,7,28,6,16.8,85,14.3,984.7,1007.3,320.0,3.0,,7.0,3,,,9.0,,
2025-07-28 07:00:00,351150400,ZIELONA GÓRA,2025,7,28,7,18.5,79,14.8,984.7,1007.2,327.0,3.0,,7.0,3,2.0,,8.0,,
2025-07-28 08:00:00,351150400,ZIELONA GÓRA,2025,7,28,8,19.5,70,13.9,984.7,1007.1,317.0,4.0,,7.0,3,2.0,,8.0,,
2025-07-28 09:00:00,351150400,ZIELONA GÓRA,2025,7,28,9,20.6,65,13.8,984.7,1007.0,319.0,4.0,,7.0,3,2.0,,8.0,,
2025-07-28 10:00:00,351150400,ZIELONA GÓRA,2025,7,28,10,21.2,59,12.9,984.7,1007.0,322.0,4.0,,7.0,3,2.0,,8.0,,
2025-07-28 11:00:00,351150400,ZIELONA GÓRA,2025,7,28,11,20.1,70,14.5,984.8,1007.2,311.0,3.0,,7.0,25,2.0,,8.0,,
2025-07-28 12:00:00,351150400,ZIELONA GÓRA,2025,7,28,12,21.8,61,13.9,984.8,1007.0,315.0,4.0,,7.0,16,8.0,0.0,,6.0,
2025-07-28 13:00:00,351150400,ZIELONA GÓRA,2025,7,28,13,20.7,68,14.6,984.7,1007.0,308.0,4.0,,7.0,16,2.0,,8.0,,
2025-07-28 14:00:00,351150400,ZIELONA GÓRA,2025,7,28,14,23.4,46,11.1,984.7,1006.8,310.0,6.0,,7.0,1,2.0,,8.0,,
2025-07-28 15:00:00,351150400,ZIELONA GÓRA,2025,7,28,15,22.1,52,11.8,984.8,1007.0,325.0,5.0,,7.0,3,2.0,,8.0,,
2025-07-28 16:00:00,351150400,ZIELONA GÓRA,2025,7,28,16,21.7,57,12.8,985.3,1007.5,303.0,6.0,,7.0,1,2.0,,8.0,,
2025-07-28 17:00:00,351150400,ZIELONA GÓRA,2025,7,28,17,20.5,61,12.7,985.8,1008.1,314.0,5.0,,7.0,1,2.0,,8.0,,
2025-07-28 18:00:00,351150400,ZIELONA GÓRA,2025,7,28,18,20.6,61,12.8,986.3,1008.7,288.0,3.0,,7.0,1,2.0,,9.0,,
2025-07-28 19:00:00,351150400,ZIELONA GÓRA,2025,7,28,19,19.3,69,13.5,986.8,1009.3,297.0,3.0,,7.0,1,2.0,,8.0,,
2025-07-28 20:00:00,351150400,ZIELONA GÓRA,2025,7,28,20,17.9,75,13.4,987.2,1009.8,270.0,2.0,,4.0,1,1.0,,8.0,,
2025-07-28 21:00:00,351150400,ZIELONA GÓRA,2025,7,28,21,17.2,72,12.1,987.5,1010.1,285.0,3.0,,,0,,,8.0,,
2025-07-28 22:00:00,351150400,ZIELONA GÓRA,2025,7,28,22,16.5,72,11.4,987.7,1010.4,287.0,3.0,,,0,,,8.0,,
2025-07-28 23:00:00,351150400,ZIELONA GÓRA,2025,7,28,23,15.9,72,10.9,987.8,1010.6,297.0,3.0,,,0,,,8.0,,
2025-07-29 00:00:00,351150400,ZIELONA GÓRA,2025,7,29,0,15.4,73,10.6,987.8,1010.6,287.0,3.0,,,0,,,9.0,,
2025-07-29 01:00:00,351150400,ZIELONA GÓRA,2025,7,29,1,14.7,78,10.9,988.0,1010.9,285.0,3.0,,,0,,,8.0,,
2025-07-29 02:00:00,351150400,ZIELONA GÓRA,2025,7,29,2,14.5,80,11.1,988.6,1011.5,288.0,3.0,,,0,,,8.0,,
2025-07-29 03:00:00,351150400,ZIELONA GÓRA,2025,7,29,3,14.2,82,11.2,988.8,1011.7,284.0,3.0,,,0,,,8.0,,
2025-07-29 04:00:00,351150400,ZIELONA GÓRA,2025,7,29,4,13.9,87,11.8,989.2,1012.1,276.0,3.0,,,0,,,8.0,,
2025-07-29 05:00:00,351150400,ZIELONA GÓRA,2025,7,29,5,14.4,86,12.1,989.5,1012.4,272.0,3.0,,1.0,0,,,8.0,,
2025-07-29 06:00:00,351150400,ZIELONA GÓRA,2025,7,29,6,15.4,81,12.2,989.8,1012.6,281.0,3.0,,5.0,3,,,9.0,,
2025-07-29 07:00:00,351150400,ZIELONA GÓRA,2025,7,29,7,16.7,74,12.0,990.1,1012.8,278.0,3.0,,4.0,1,1.0,,8.0,,
2025-07-29 08:00:00,351150400,ZIELONA GÓRA,2025,7,29,8,17.6,67,11.4,990.2,1012.9,280.0,4.0,,5.0,3,1.0,,8.0,,
2025-07-29 09:00:00,351150400,ZIELONA GÓRA,2025,7,29,9,19.0,60,11.1,990.3,1012.9,279.0,4.0,,7.0,3,1.0,,8.0,,
2025-07-29 10:00:00,351150400,ZIELONA GÓRA,2025,7,29,10,19.6,56,10.6,990.4,1012.9,269.0,4.0,,7.0,1,2.0,,8.0,,
2025-07-29 11:00:00,351150400,ZIELONA GÓRA,2025,7,29,11,19.5,53,9.7,990.7,1013.2,277.0,3.0,,7.0,3,2.0,,8.0,,
2025-07-29 12:00:00,351150400,ZIELONA GÓRA,2025,7,29,12,20.4,51,9.9,990.7,1013.2,264.0,4.0,,7.0,1,1.0,,9.0,,
2025-07-29 13:00:00,351150400,ZIELONA GÓRA,2025,7,29,13,20.5,50,9.7,990.6,1013.1,279.0,4.0,9.0,7.0,3,2.0,,8.0,,
2025-07-29 14:00:00,351150400,ZIELONA GÓRA,2025,7,29,14,19.5,56,10.5,990.7,1013.2,264.0,3.0,8.0,7.0,80,2.0,,8.0,,
2025-07-29 15:00:00,351150400,ZIELONA GÓRA,2025,7,29,15,21.2,41,7.4,990.5,1012.9,260.0,4.0,,6.0,1,8.0,,8.0,,
2025-07-29 16:00:00,351150400,ZIELONA GÓRA,2025,7,29,16,21.2,45,8.8,990.2,1012.6,274.0,2.0,,5.0,3,2.0,,8.0,,
2025-07-29 17:00:00,351150400,ZIELONA GÓRA,2025,7,29,17,19.9,51,9.5,990.5,1013.0,263.0,3.0,,6.0,3,2.0,,8.0,,
2025-07-29 18:00:00,351150400,ZIELONA GÓRA,2025,7,29,18,19.3,49,8.3,990.8,1013.4,287.0,3.0,,5.0,1,8.0,0.0,,6.0,
2025-07-29 19:00:00,351150400,ZIELONA GÓRA,2025,7,29,19,18.1,51,7.8,991.1,1013.8,281.0,3.0,,1.0,1,1.0,,8.0,,
2025-07-29 20:00:00,351150400,ZIELONA GÓRA,2025,7,29,20,16.8,58,8.5,991.4,1014.2,276.0,2.0,,0.0,1,0.0,,8.0,,
2025-07-29 21:00:00,351150400,ZIELONA GÓRA,2025,7,29,21,16.6,61,9.0,991.4,1014.2,263.0,2.0,,,0,,,8.0,,
2025-07-29 22:00:00,351150400,ZIELONA GÓRA,2025,7,29,22,15.3,66,9.0,991.6,1014.5,224.0,1.0,,,0,,,8.0,,
2025-07-29 23:00:00,351150400,ZIELONA GÓRA,2025,7,29,23,15.9,57,7.4,991.6,1014.4,269.0,2.0,,,0,,,8.0,,
2025-07-30 00:00:00,351150400,ZIELONA GÓRA,2025,7,30,0,15.5,62,8.2,991.6,1014.5,275.0,2.0,,,0,,,9.0,,
2025-07-30 01:00:00,351150400,ZIELONA GÓRA,2025,7,30,1,14.8,66,8.5,991.5,1014.4,270.0,2.0,,,0,,,8.0,,
2025-07-30 02:00:00,351150400,ZIELONA GÓRA,2025,7,30,2,14.4,69,8.8,991.4,1014.4,280.0,2.0,,,0,,,8.0,,
2025-07-30 03:00:00,351150400,ZIELONA GÓRA,2025,7,30,3,14.2,73,9.4,991.5,1014.5,284.0,2.0,,,0,,,8.0,,
2025-07-30 04:00:00,351150400,ZIELONA GÓRA,2025,7,30,4,14.0,74,9.4,991.9,1014.9,266.0,2.0,,,0,,,8.0,,
2025-07-30 05:00:00,351150400,ZIELONA GÓRA,2025,7,30,5,14.2,78,10.4,992.0,1015.0,178.0,1.0,,2.0,0,,,8.0,,
2025-07-30 06:00:00,351150400,ZIELONA GÓRA,2025,7,30,6,14.2,83,11.4,992.3,1015.3,163.0,1.0,,3.0,3,,,9.0,,
2025-07-30 07:00:00,351150400,ZIELONA GÓRA,2025,7,30,7,17.5,65,10.8,992.4,1015.1,257.0,2.0,,1.0,1,0.0,,8.0,,
2025-07-30 08:00:00,351150400,ZIELONA GÓRA,2025,7,30,8,18.2,64,11.3,992.4,1015.1,226.0,2.0,,3.0,3,0.0,,8.0,,
2025-07-30 09:00:00,351150400,ZIELONA GÓRA,2025,7,30,9,18.7,56,9.7,992.2,1014.8,235.0,2.0,,7.0,3,1.0,,8.0,,
2025-07-30 10:00:00,351150400,ZIELONA GÓRA,2025,7,30,10,18.7,58,10.3,992.3,1014.9,215.0,3.0,,7.0,3,2.0,,8.0,,
2025-07-30 11:00:00,351150400,ZIELONA GÓRA,2025,7,30,11,20.5,47,8.8,991.9,1014.4,235.0,3.0,,6.0,1,2.0,,8.0,,
2025-07-30 12:00:00,351150400,ZIELONA GÓRA,2025,7,30,12,20.7,49,9.6,991.6,1014.1,232.0,2.0,,5.0,3,1.0,,9.0,,
2025-07-30 13:00:00,351150400,ZIELONA GÓRA,2025,7,30,13,21.7,45,9.2,991.5,1013.9,276.0,3.0,,6.0,1,2.0,,8.0,,
2025-07-30 14:00:00,351150400,ZIELONA GÓRA,2025,7,30,14,20.6,49,9.5,991.5,1014.0,249.0,2.0,,7.0,1,2.0,,8.0,,
2025-07-30 15:00:00,351150400,ZIELONA GÓRA,2025,7,30,15,21.4,43,8.3,991.2,1013.6,238.0,3.0,,4.0,1,1.0,,8.0,,
2025-07-30 16:00:00,351150400,ZIELONA GÓRA,2025,7,30,16,21.3,41,7.5,991.0,1013.4,232.0,2.0,,4.0,3,0.0,,8.0,,
2025-07-30 17:00:00,351150400,ZIELONA GÓRA,2025,7,30,17,20.8,44,8.1,991.0,1013.4,243.0,2.0,,4.0,2,0.0,,8.0,,
2025-07-30 18:00:00,351150400,ZIELONA GÓRA,2025,7,30,18,19.8,50,9.1,991.3,1013.8,236.0,1.0,,2.0,1,1.0,,9.0,,
2025-07-30 19:00:00,351150400,ZIELONA GÓRA,2025,7,30,19,17.9,59,9.8,991.4,1014.1,195.0,1.0,,2.0,1,0.0,,8.0,,
2025-07-30 20:00:00,351150400,ZIELONA GÓRA,2025,7,30,20,16.8,68,10.9,991.5,1014.3,191.0,1.0,,2.0,2,0.0,,8.0,,
2025-07-30 21:00:00,351150400,ZIELONA GÓRA,2025,7,30,21,15.9,73,11.1,991.7,1014.5,201.0,1.0,,,0,,,8.0,,
2025-07-30 22:00:00,351150400,ZIELONA GÓRA,2025,7,30,22,15.4,76,11.2,991.7,1014.6,193.0,2.0,,,0,,,8.0,,
2025-07-30 23:00:00,351150400,ZIELONA GÓRA,2025,7,30,23,14.9,78,11.1,991.5,1014.4,215.0,2.0,,,0,,,8.0,,
2025-07-31 00:00:00,351150400,ZIELONA GÓRA,2025,7,31,0,15.1,72,10.1,991.3,1014.2,239.0,2.0,,,0,,,9.0,,
2025-07-31 01:00:00,351150400,ZIELONA GÓRA,2025,7,31,1,16.0,65,9.4,991.0,1013.8,297.0,2.0,,,0,,,8.0,,
2025-07-31 02:00:00,351150400,ZIELONA GÓRA,2025,7,31,2,14.2,78,10.4,991.0,1014.0,187.0,1.0,,,0,,,8.0,,
2025-07-31 03:00:00,351150400,ZIELONA GÓRA,2025,7,31,3,13.9,78,10.1,991.0,1014.0,229.0,2.0,,,0,,,8.0,,
2025-07-31 04:00:00,351150400,ZIELONA GÓRA,2025,7,31,4,13.5,82,10.5,991.2,1014.2,213.0,2.0,,,0,,,8.0,,
2025-07-31 05:00:00,351150400,ZIELONA GÓRA,2025,7,31,5,15.3,75,10.9,991.1,1014.0,224.0,1.0,,7.0,0,,,8.0,,
2025-07-31 06:00:00,351150400,ZIELONA GÓRA,2025,7,31,6,14.7,80,11.3,991.4,1014.3,227.0,2.0,,7.0,80,,0.0,,6.0,
2025-07-31 07:00:00,351150400,ZIELONA GÓRA,2025,7,31,7,14.3,82,11.3,991.4,1014.4,227.0,1.0,,8.0,80,8.0,,8.0,,
2025-07-31 08:00:00,351150400,ZIELONA GÓRA,2025,7,31,8,14.3,85,11.8,991.4,1014.4,190.0,2.0,,7.0,25,2.0,,8.0,,
2025-07-31 09:00:00,351150400,ZIELONA GÓRA,2025,7,31,9,17.9,68,11.9,991.2,1013.9,202.0,3.0,,7.0,3,8.0,,8.0,,
2025-07-31 10:00:00,351150400,ZIELONA GÓRA,2025,7,31,10,19.2,60,11.2,990.7,1013.3,222.0,2.0,,7.0,3,2.0,,8.0,,
2025-07-31 11:00:00,351150400,ZIELONA GÓRA,2025,7,31,11,16.0,78,12.2,990.4,1013.2,208.0,4.0,,7.0,80,2.0,,8.0,,
2025-07-31 12:00:00,351150400,ZIELONA GÓRA,2025,7,31,12,18.2,62,10.8,990.2,1012.8,195.0,3.0,,7.0,80,8.0,0.1,,6.0,
2025-07-31 13:00:00,351150400,ZIELONA GÓRA,2025,7,31,13,18.5,66,12.0,989.7,1012.3,205.0,1.0,,7.0,25,2.0,,8.0,,
2025-07-31 14:00:00,351150400,ZIELONA GÓRA,2025,7,31,14,18.6,57,9.9,989.7,1012.3,240.0,3.0,,7.0,3,2.0,,8.0,,
2025-07-31 15:00:00,351150400,ZIELONA GÓRA,2025,7,31,15,18.5,60,10.6,989.7,1012.3,234.0,3.0,,7.0,1,8.0,,8.0,,
2025-07-31 16:00:00,351150400,ZIELONA GÓRA,2025,7,31,16,15.0,87,12.9,990.0,1012.9,234.0,2.0,,8.0,81,8.0,,8.0,,
2025-07-31 17:00:00,351150400,ZIELONA GÓRA,2025,7,31,17,15.2,90,13.6,989.5,1012.3,238.0,1.0,,7.0,25,8.0,,8.0,,
2025-07-31 18:00:00,351150400,ZIELONA GÓRA,2025,7,31,18,14.7,95,13.9,989.3,1012.2,172.0,2.0,,7.0,25,8.0,2.6,,6.0,
2025-07-31 19:00:00,351150400,ZIELONA GÓRA,2025,7,31,19,14.7,95,13.9,989.4,1012.3,203.0,2.0,,7.0,3,2.0,,8.0,,
2025-07-31 20:00:00,351150400,ZIELONA GÓRA,2025,7,31,20,14.2,95,13.4,989.4,1012.3,197.0,2.0,,7.0,1,2.0,,8.0,,
2025-07-31 21:00:00,351150400,ZIELONA GÓRA,2025,7,31,21,14.0,96,13.4,989.4,1012.3,199.0,2.0,,,0,,,8.0,,
2025-07-31 22:00:00,351150400,ZIELONA GÓRA,2025,7,31,22,13.9,93,12.8,989.2,1012.1,226.0,2.0,,,0,,,8.0,,
2025-07-31 23:00:00,351150400,ZIELONA GÓRA,2025,7,31,23,13.9,94,12.9,989.1,1012.0,216.0,2.0,,,0,,,8.0,,
2025-08-01 00:00:00,351150400,ZIELONA GÓRA,2025,8,1,0,13.5,96,12.9,988.5,1011.5,176.0,2.0,,,10,,0.0,,,
2025-08-01 01:00:00,351150400,ZIELONA GÓRA,2025,8,1,1,13.3,96,12.7,988.1,1011.1,177.0,2.0,,,10,,,8.0,,
2025-08-01 02:00:00,351150400,ZIELONA GÓRA,2025,8,1,2,13.3,96,12.7,987.7,1010.7,175.0,2.0,,,10,,,8.0,,
2025-08-01 03:00:00,351150400,ZIELONA GÓRA,2025,8,1,3,13.5,95,12.7,987.5,1010.4,199.0,2.0,,,0,,,8.0,,
2025-08-01 04:00:00,351150400,ZIELONA GÓRA,2025,8,1,4,13.3,96,12.7,987.2,1010.1,171.0,2.0,,,81,,,8.0,,
2025-08-01 05:00:00,351150400,ZIELONA GÓRA,2025,8,1,5,13.3,96,12.7,987.0,1009.9,170.0,2.0,,8.0,25,,,8.0,,
2025-08-01 06:00:00,351150400,ZIELONA GÓRA,2025,8,1,6,13.7,96,13.1,986.9,1009.8,175.0,2.0,,8.0,25,,0.5,,6.0,
2025-08-01 07:00:00,351150400,ZIELONA GÓRA,2025,8,1,7,14.7,94,13.7,986.9,1009.7,198.0,2.0,,8.0,2,2.0,,8.0,,
2025-08-01 08:00:00,351150400,ZIELONA GÓRA,2025,8,1,8,15.0,96,14.4,986.9,1009.7,201.0,2.0,,8.0,25,2.0,,8.0,,
2025-08-01 09:00:00,351150400,ZIELONA GÓRA,2025,8,1,9,15.5,94,14.5,987.0,1009.8,207.0,2.0,,8.0,3,8.0,,8.0,,
2025-08-01 10:00:00,351150400,ZIELONA GÓRA,2025,8,1,10,16.0,94,15.0,987.0,1009.7,210.0,2.0,,8.0,10,2.0,,8.0,,
2025-08-01 11:00:00,351150400,ZIELONA GÓRA,2025,8,1,11,17.3,90,15.6,986.7,1009.3,177.0,2.0,,7.0,1,2.0,,8.0,,
2025-08-01 12:00:00,351150400,ZIELONA GÓRA,2025,8,1,12,18.1,83,15.2,986.4,1008.9,177.0,2.0,,7.0,17,8.0,0.7,,6.0,
2025-08-01 13:00:00,351150400,ZIELONA GÓRA,2025,8,1,13,17.0,94,16.0,986.6,1009.2,232.0,2.0,,7.0,29,8.0,,8.0,,
2025-08-01 14:00:00,351150400,ZIELONA GÓRA,2025,8,1,14,19.1,83,16.1,986.3,1008.8,186.0,2.0,,7.0,1,2.0,,8.0,,
2025-08-01 15:00:00,351150400,ZIELONA GÓRA,2025,8,1,15,18.5,84,15.7,986.2,1008.7,173.0,2.0,,7.0,3,9.0,,8.0,,
2025-08-01 16:00:00,351150400,ZIELONA GÓRA,2025,8,1,16,18.7,85,16.1,986.0,1008.5,148.0,2.0,,7.0,25,2.0,,8.0,,
2025-08-01 17:00:00,351150400,ZIELONA GÓRA,2025,8,1,17,19.5,72,14.3,986.2,1008.6,261.0,2.0,7.0,4.0,1,1.0,,8.0,,
2025-08-01 18:00:00,351150400,ZIELONA GÓRA,2025,8,1,18,18.8,75,14.3,986.1,1008.6,261.0,2.0,,3.0,1,9.0,2.9,,6.0,
2025-08-01 19:00:00,351150400,ZIELONA GÓRA,2025,8,1,19,17.2,80,13.7,986.4,1009.0,246.0,1.0,,2.0,1,0.0,,8.0,,
2025-08-01 20:00:00,351150400,ZIELONA GÓRA,2025,8,1,20,15.5,88,13.5,986.5,1009.3,169.0,1.0,,5.0,3,1.0,,8.0,,
2025-08-01 21:00:00,351150400,ZIELONA GÓRA,2025,8,1,21,15.3,90,13.7,986.7,1009.5,174.0,1.0,,,0,,,8.0,,
2025-08-01 22:00:00,351150400,ZIELONA GÓRA,2025,8,1,22,14.8,95,14.0,986.7,1009.5,162.0,1.0,,,0,,,8.0,,
2025-08-01 23:00:00,351150400,ZIELONA GÓRA,2025,8,1,23,14.7,94,13.7,986.9,1009.7,165.0,1.0,,,0,,,8.0,,
2025-08-02 00:00:00,351150400,ZIELONA GÓRA,2025,8,2,0,14.3,96,13.7,986.8,1009.7,162.0,2.0,,,0,,,9.0,,
2025-08-02 01:00:00,351150400,ZIELONA GÓRA,2025,8,2,1,14.1,96,13.5,986.8,1009.7,177.0,2.0,,,0,,,8.0,,
2025-08-02 02:00:00,351150400,ZIELONA GÓRA,2025,8,2,2,14.0,95,13.2,986.8,1009.7,204.0,2.0,,,0,,,8.0,,
2025-08-02 03:00:00,351150400,ZIELONA GÓRA,2025,8,2,3,13.9,91,12.5,986.7,1009.6,235.0,2.0,,,0,,,8.0,,
2025-08-02 04:00:00,351150400,ZIELONA GÓRA,2025,8,2,4,13.3,93,12.2,987.0,1009.9,224.0,2.0,,,0,,,8.0,,
2025-08-02 05:00:00,351150400,ZIELONA GÓRA,2025,8,2,5,13.7,92,12.4,987.2,1010.1,215.0,3.0,,1.0,0,,,8.0,,
2025-08-02 06:00:00,351150400,ZIELONA GÓRA,2025,8,2,6,15.6,86,13.3,987.5,1010.3,228.0,1.0,,1.0,3,,,9.0,,
2025-08-02 07:00:00,351150400,ZIELONA GÓRA,2025,8,2,7,17.1,79,13.4,987.9,1010.6,226.0,2.0,,4.0,3,0.0,,8.0,,
2025-08-02 08:00:00,351150400,ZIELONA GÓRA,2025,8,2,8,17.3,79,13.6,988.1,1010.8,224.0,2.0,,6.0,3,1.0,,8.0,,
2025-08-02 09:00:00,351150400,ZIELONA GÓRA,2025,8,2,9,18.1,71,12.8,988.5,1011.1,237.0,2.0,,7.0,3,1.0,,8.0,,
2025-08-02 10:00:00,351150400,ZIELONA GÓRA,2025,8,2,10,19.2,65,12.5,988.7,1011.2,225.0,3.0,,5.0,3,2.0,,8.0,,
2025-08-02 11:00:00,351150400,ZIELONA GÓRA,2025,8,2,11,19.6,63,12.4,989.0,1011.5,270.0,3.0,,7.0,3,2.0,,8.0,,
2025-08-02 12:00:00,351150400,ZIELONA GÓRA,2025,8,2,12,21.1,58,12.5,989.0,1011.4,244.0,3.0,,5.0,1,1.0,,9.0,,
2025-08-02 13:00:00,351150400,ZIELONA GÓRA,2025,8,2,13,21.7,53,11.7,988.9,1011.2,218.0,3.0,,4.0,1,1.0,,8.0,,
2025-08-02 14:00:00,351150400,ZIELONA GÓRA,2025,8,2,14,22.2,49,11.0,988.9,1011.2,235.0,3.0,,6.0,1,1.0,,8.0,,
2025-08-02 15:00:00,351150400,ZIELONA GÓRA,2025,8,2,15,22.3,48,10.8,988.9,1011.2,268.0,2.0,,7.0,3,1.0,,8.0,,
2025-08-02 16:00:00,351150400,ZIELONA GÓRA,2025,8,2,16,22.5,47,10.6,989.0,1011.3,266.0,2.0,,7.0,3,2.0,,8.0,,
2025-08-02 17:00:00,351150400,ZIELONA GÓRA,2025,8,2,17,21.7,52,11.4,989.1,1011.4,244.0,1.0,,7.0,1,2.0,,8.0,,
2025-08-02 18:00:00,351150400,ZIELONA GÓRA,2025,8,2,18,21.1,53,11.1,989.4,1011.8,235.0,1.0,,7.0,1,1.0,,9.0,,
2025-08-02 19:00:00,351150400,ZIELONA GÓRA,2025,8,2,19,19.8,60,11.8,989.9,1012.4,25.0,1.0,,7.0,1,2.0,,8.0,,
2025-08-02 20:00:00,351150400,ZIELONA GÓRA,2025,8,2,20,19.0,66,12.5,990.3,1012.9,24.0,1.0,,7.0,3,2.0,,8.0,,
2025-08-02 21:00:00,351150400,ZIELONA GÓRA,2025,8,2,21,18.0,73,13.1,990.3,1012.9,153.0,1.0,,,0,,,8.0,,
2025-08-02 22:00:00,351150400,ZIELONA GÓRA,2025,8,2,22,16.7,85,14.2,990.4,1013.2,134.0,1.0,,,81,,,8.0,,
2025-08-02 23:00:00,351150400,ZIELONA GÓRA,2025,8,2,23,16.3,91,14.8,990.2,1013.0,177.0,1.0,,,0,,,8.0,,
2025-08-03 00:00:00,351150400,ZIELONA GÓRA,2025,8,3,0,16.3,90,14.7,990.3,1013.1,204.0,2.0,,,61,,0.0,,,
2025-08-03 01:00:00,351150400,ZIELONA GÓRA,2025,8,3,1,15.8,94,14.8,990.5,1013.3,191.0,2.0,,,81,,,8.0,,
2025-08-03 02:00:00,351150400,ZIELONA GÓRA,2025,8,3,2,15.5,96,14.9,990.7,1013.6,184.0,2.0,,,62,,,8.0,,
2025-08-03 03:00:00,351150400,ZIELONA GÓRA,2025,8,3,3,15.3,97,14.8,990.6,1013.5,204.0,2.0,,,62,,,8.0,,
2025-08-03 04:00:00,351150400,ZIELONA GÓRA,2025,8,3,4,15.1,94,14.1,990.3,1013.2,212.0,1.0,,,61,,,8.0,,
2025-08-03 05:00:00,351150400,ZIELONA GÓRA,2025,8,3,5,15.0,96,14.4,990.5,1013.4,189.0,2.0,,8.0,61,,,8.0,,
2025-08-03 06:00:00,351150400,ZIELONA GÓRA,2025,8,3,6,15.1,94,14.1,991.0,1013.9,258.0,2.0,,8.0,61,,6.3,,6.0,
2025-08-03 07:00:00,351150400,ZIELONA GÓRA,2025,8,3,7,14.8,95,14.0,991.5,1014.4,287.0,3.0,,8.0,61,6.0,,8.0,,
2025-08-03 08:00:00,351150400,ZIELONA GÓRA,2025,8,3,8,14.4,96,13.8,991.8,1014.8,288.0,4.0,,8.0,63,6.0,,8.0,,
2025-08-03 09:00:00,351150400,ZIELONA GÓRA,2025,8,3,9,14.7,96,14.1,992.2,1015.2,281.0,3.0,,8.0,80,6.0,,8.0,,
2025-08-03 10:00:00,351150400,ZIELONA GÓRA,2025,8,3,10,15.8,88,13.8,992.5,1015.4,274.0,3.0,,7.0,25,2.0,,8.0,,
2025-08-03 11:00:00,351150400,ZIELONA GÓRA,2025,8,3,11,17.0,81,13.7,992.6,1015.4,277.0,3.0,,6.0,1,2.0,,8.0,,
2025-08-03 12:00:00,351150400,ZIELONA GÓRA,2025,8,3,12,18.8,67,12.5,992.7,1015.3,277.0,3.0,,6.0,3,8.0,2.5,,6.0,
2025-08-03 13:00:00,351150400,ZIELONA GÓRA,2025,8,3,13,18.7,66,12.2,992.9,1015.5,295.0,3.0,,7.0,3,2.0,,8.0,,
2025-08-03 14:00:00,351150400,ZIELONA GÓRA,2025,8,3,14,19.4,61,11.7,992.9,1015.5,276.0,4.0,9.0,7.0,1,2.0,,8.0,,
2025-08-03 15:00:00,351150400,ZIELONA GÓRA,2025,8,3,15,19.4,59,11.2,992.8,1015.4,270.0,3.0,,5.0,1,2.0,,8.0,,
2025-08-03 16:00:00,351150400,ZIELONA GÓRA,2025,8,3,16,19.6,57,10.8,993.0,1015.6,267.0,4.0,,3.0,3,1.0,,8.0,,
2025-08-03 17:00:00,351150400,ZIELONA GÓRA,2025,8,3,17,18.9,60,11.0,993.3,1015.9,257.0,3.0,,2.0,3,0.0,,8.0,,
2025-08-03 18:00:00,351150400,ZIELONA GÓRA,2025,8,3,18,17.5,69,11.7,993.7,1016.5,273.0,4.0,,7.0,1,1.0,,9.0,,
2025-08-03 19:00:00,351150400,ZIELONA GÓRA,2025,8,3,19,16.3,74,11.7,994.4,1017.3,256.0,2.0,,7.0,1,2.0,,8.0,,
2025-08-03 20:00:00,351150400,ZIELONA GÓRA,2025,8,3,20,15.4,76,11.2,994.5,1017.4,269.0,2.0,,7.0,3,2.0,,8.0,,
2025-08-03 21:00:00,351150400,ZIELONA GÓRA,2025,8,3,21,15.3,78,11.5,994.8,1017.8,237.0,2.0,,,0,,,8.0,,
2025-08-03 22:00:00,351150400,ZIELONA GÓRA,2025,8,3,22,14.9,79,11.3,994.9,1017.9,219.0,2.0,,,0,,,8.0,,
2025-08-03 23:00:00,351150400,ZIELONA GÓRA,2025,8,3,23,14.5,81,11.3,994.9,1017.9,240.0,1.0,,,0,,,8.0,,
2025-08-04 00:00:00,351150400,ZIELONA GÓRA,2025,8,4,0,14.1,81,10.9,994.5,1017.6,219.0,2.0,,,0,,,9.0,,
2025-08-04 01:00:00,351150400,ZIELONA GÓRA,2025,8,4,1,13.9,82,10.9,994.0,1017.1,214.0,2.0,,,0,,,8.0,,
2025-08-04 02:00:00,351150400,ZIELONA GÓRA,2025,8,4,2,14.0,83,11.2,993.9,1016.9,211.0,2.0,,,0,,,8.0,,
2025-08-04 03:00:00,351150400,ZIELONA GÓRA,2025,8,4,3,13.8,83,11.0,993.7,1016.8,192.0,2.0,,,0,,,8.0,,
2025-08-04 04:00:00,351150400,ZIELONA GÓRA,2025,8,4,4,13.8,84,11.1,993.7,1016.8,178.0,2.0,,,0,,,8.0,,
2025-08-04 05:00:00,351150400,ZIELONA GÓRA,2025,8,4,5,13.3,92,12.0,994.0,1017.1,189.0,2.0,,8.0,61,,,8.0,,
2025-08-04 06:00:00,351150400,ZIELONA GÓRA,2025,8,4,6,13.3,95,12.5,994.3,1017.4,172.0,2.0,,8.0,61,,0.9,,6.0,
2025-08-04 07:00:00,351150400,ZIELONA GÓRA,2025,8,4,7,13.8,95,13.0,994.5,1017.6,185.0,2.0,,8.0,80,6.0,,8.0,,
2025-08-04 08:00:00,351150400,ZIELONA GÓRA,2025,8,4,8,14.2,95,13.4,994.7,1017.8,206.0,2.0,,8.0,80,8.0,,8.0,,
2025-08-04 09:00:00,351150400,ZIELONA GÓRA,2025,8,4,9,14.9,93,13.8,994.7,1017.7,188.0,3.0,,7.0,25,8.0,,8.0,,
2025-08-04 10:00:00,351150400,ZIELONA GÓRA,2025,8,4,10,16.3,89,14.5,994.4,1017.3,172.0,2.0,,8.0,3,2.0,,8.0,,
2025-08-04 11:00:00,351150400,ZIELONA GÓRA,2025,8,4,11,16.8,86,14.4,994.0,1016.8,177.0,3.0,,8.0,25,2.0,,8.0,,
2025-08-04 12:00:00,351150400,ZIELONA GÓRA,2025,8,4,12,17.5,80,14.0,994.2,1017.0,194.0,3.0,,7.0,1,8.0,0.9,,6.0,
2025-08-04 13:00:00,351150400,ZIELONA GÓRA,2025,8,4,13,18.7,73,13.8,994.0,1016.7,201.0,3.0,,7.0,3,2.0,,8.0,,
2025-08-04 14:00:00,351150400,ZIELONA GÓRA,2025,8,4,14,20.0,68,13.9,994.1,1016.7,221.0,3.0,,7.0,1,2.0,,8.0,,
2025-08-04 15:00:00,351150400,ZIELONA GÓRA,2025,8,4,15,20.5,64,13.5,994.0,1016.5,207.0,2.0,7.0,7.0,1,2.0,,8.0,,
2025-08-04 16:00:00,351150400,ZIELONA GÓRA,2025,8,4,16,20.5,64,13.5,994.2,1016.7,227.0,3.0,,6.0,1,2.0,,8.0,,
2025-08-04 17:00:00,351150400,ZIELONA GÓRA,2025,8,4,17,19.8,67,13.5,993.9,1016.5,211.0,3.0,,6.0,1,2.0,,8.0,,
2025-08-04 18:00:00,351150400,ZIELONA GÓRA,2025,8,4,18,18.9,72,13.7,994.1,1016.8,224.0,3.0,,3.0,1,1.0,,9.0,,
2025-08-04 19:00:00,351150400,ZIELONA GÓRA,2025,8,4,19,17.5,79,13.8,994.5,1017.3,197.0,1.0,,3.0,1,0.0,,8.0,,
2025-08-04 20:00:00,351150400,ZIELONA GÓRA,2025,8,4,20,16.8,82,13.7,994.4,1017.2,155.0,2.0,,1.0,1,0.0,,8.0,,
2025-08-04 21:00:00,351150400,ZIELONA GÓRA,2025,8,4,21,16.2,83,13.3,994.3,1017.2,175.0,3.0,,,0,,,8.0,,
2025-08-04 22:00:00,351150400,ZIELONA GÓRA,2025,8,4,22,15.6,83,12.7,994.1,1017.0,171.0,3.0,,,0,,,8.0,,
2025-08-04 23:00:00,351150400,ZIELONA GÓRA,2025,8,4,23,15.5,82,12.4,994.0,1016.9,176.0,3.0,,,0,,,8.0,,
2025-08-05 00:00:00,351150400,ZIELONA GÓRA,2025,8,5,0,15.6,82,12.5,993.9,1016.8,176.0,3.0,,,0,,,9.0,,
2025-08-05 01:00:00,351150400,ZIELONA GÓRA,2025,8,5,1,15.8,80,12.4,993.6,1016.5,183.0,3.0,,,0,,,8.0,,
2025-08-05 02:00:00,351150400,ZIELONA GÓRA,2025,8,5,2,15.8,81,12.5,993.1,1016.0,177.0,3.0,,,0,,,8.0,,
2025-08-05 03:00:00,351150400,ZIELONA GÓRA,2025,8,5,3,15.8,81,12.5,992.7,1015.6,171.0,3.0,,,0,,,8.0,,
2025-08-05 04:00:00,351150400,ZIELONA GÓRA,2025,8,5,4,16.0,79,12.4,992.5,1015.4,174.0,4.0,,,0,,,8.0,,
2025-08-05 05:00:00,351150400,ZIELONA GÓRA,2025,8,5,5,16.3,78,12.5,992.4,1015.2,175.0,3.0,,7.0,0,,,8.0,,
2025-08-05 06:00:00,351150400,ZIELONA GÓRA,2025,8,5,6,16.4,80,12.9,992.4,1015.2,169.0,3.0,,7.0,1,,,9.0,,
2025-08-05 07:00:00,351150400,ZIELONA GÓRA,2025,8,5,7,17.3,79,13.6,992.3,1015.0,174.0,3.0,,7.0,1,2.0,,8.0,,
2025-08-05 08:00:00,351150400,ZIELONA GÓRA,2025,8,5,8,18.2,76,13.9,992.2,1014.9,184.0,4.0,,8.0,3,2.0,,8.0,,
2025-08-05 09:00:00,351150400,ZIELONA GÓRA,2025,8,5,9,19.1,76,14.8,992.2,1014.8,186.0,3.0,,8.0,2,2.0,,8.0,,
2025-08-05 10:00:00,351150400,ZIELONA GÓRA,2025,8,5,10,20.0,73,15.0,992.0,1014.5,186.0,4.0,,8.0,1,2.0,,8.0,,
2025-08-05 11:00:00,351150400,ZIELONA GÓRA,2025,8,5,11,20.3,75,15.7,991.9,1014.4,211.0,3.0,,8.0,3,2.0,,8.0,,
2025-08-05 12:00:00,351150400,ZIELONA GÓRA,2025,8,5,12,18.0,94,17.0,992.1,1014.8,209.0,4.0,9.0,8.0,81,2.0,0.9,,6.0,
2025-08-05 13:00:00,351150400,ZIELONA GÓRA,2025,8,5,13,16.5,95,15.7,992.5,1015.3,308.0,4.0,,8.0,80,8.0,,8.0,,
2025-08-05 14:00:00,351150400,ZIELONA GÓRA,2025,8,5,14,13.8,96,13.2,993.1,1016.1,301.0,4.0,,8.0,81,8.0,,8.0,,
2025-08-05 15:00:00,351150400,ZIELONA GÓRA,2025,8,5,15,14.2,95,13.4,993.7,1016.7,287.0,3.0,,8.0,61,8.0,,8.0,,
2025-08-05 16:00:00,351150400,ZIELONA GÓRA,2025,8,5,16,14.2,95,13.4,994.0,1017.0,271.0,2.0,,8.0,61,6.0,,8.0,,
2025-08-05 17:00:00,351150400,ZIELONA GÓRA,2025,8,5,17,14.2,94,13.2,994.3,1017.3,237.0,1.0,,7.0,21,6.0,,8.0,,
2025-08-05 18:00:00,351150400,ZIELONA GÓRA,2025,8,5,18,14.2,95,13.4,994.6,1017.6,262.0,3.0,,5.0,3,8.0,9.4,,6.0,
2025-08-05 19:00:00,351150400,ZIELONA GÓRA,2025,8,5,19,13.7,95,12.9,995.1,1018.2,249.0,2.0,,4.0,1,1.0,,8.0,,
2025-08-05 20:00:00,351150400,ZIELONA GÓRA,2025,8,5,20,13.5,96,12.9,995.7,1018.8,235.0,2.0,,2.0,1,0.0,,8.0,,
2025-08-05 21:00:00,351150400,ZIELONA GÓRA,2025,8,5,21,13.8,94,12.9,995.9,1019.0,258.0,4.0,,,0,,,8.0,,
2025-08-05 22:00:00,351150400,ZIELONA GÓRA,2025,8,5,22,13.8,93,12.7,996.3,1019.4,245.0,2.0,,,0,,,8.0,,
2025-08-05 23:00:00,351150400,ZIELONA GÓRA,2025,8,5,23,13.5,94,12.6,997.0,1020.2,281.0,4.0,,,0,,,8.0,,
2025-08-06 00:00:00,351150400,ZIELONA GÓRA,2025,8,6,0,12.7,95,11.9,997.3,1020.5,265.0,2.0,,,0,,,9.0,,
2025-08-06 01:00:00,351150400,ZIELONA GÓRA,2025,8,6,1,12.4,94,11.5,997.6,1020.9,266.0,2.0,,,0,,,8.0,,
2025-08-06 02:00:00,351150400,ZIELONA GÓRA,2025,8,6,2,12.3,93,11.2,998.1,1021.4,278.0,2.0,,,0,,,8.0,,
2025-08-06 03:00:00,351150400,ZIELONA GÓRA,2025,8,6,3,11.8,90,10.2,998.2,1021.5,265.0,2.0,,,0,,,8.0,,
2025-08-06 04:00:00,351150400,ZIELONA GÓRA,2025,8,6,4,11.5,89,9.7,998.8,1022.2,249.0,2.0,,,0,,,8.0,,
2025-08-06 05:00:00,351150400,ZIELONA GÓRA,2025,8,6,5,12.2,86,9.9,999.2,1022.5,259.0,3.0,,1.0,0,,,8.0,,
2025-08-06 06:00:00,351150400,ZIELONA GÓRA,2025,8,6,6,13.4,81,10.2,999.6,1022.8,245.0,3.0,,1.0,2,,,9.0,,
2025-08-06 07:00:00,351150400,ZIELONA GÓRA,2025,8,6,7,13.6,81,10.4,1000.0,1023.2,267.0,4.0,,2.0,3,0.0,,8.0,,
2025-08-06 08:00:00,351150400,ZIELONA GÓRA,2025,8,6,8,15.3,75,10.9,1000.2,1023.3,248.0,3.0,,3.0,3,0.0,,8.0,,
2025-08-06 09:00:00,351150400,ZIELONA GÓRA,2025,8,6,9,16.4,68,10.5,1000.4,1023.4,267.0,3.0,,5.0,3,1.0,,8.0,,
2025-08-06 10:00:00,351150400,ZIELONA GÓRA,2025,8,6,10,17.8,58,9.4,1000.5,1023.4,255.0,3.0,,5.0,2,2.0,,8.0,,
2025-08-06 11:00:00,351150400,ZIELONA GÓRA,2025,8,6,11,18.9,53,9.1,1000.3,1023.1,245.0,4.0,,5.0,3,2.0,,8.0,,
2025-08-06 12:00:00,351150400,ZIELONA GÓRA,2025,8,6,12,19.3,50,8.6,1000.2,1023.0,268.0,4.0,,5.0,1,1.0,,9.0,,
2025-08-06 13:00:00,351150400,ZIELONA GÓRA,2025,8,6,13,19.7,47,8.1,1000.1,1022.8,267.0,4.0,,5.0,2,2.0,,8.0,,
2025-08-06 14:00:00,351150400,ZIELONA GÓRA,2025,8,6,14,19.9,47,8.2,999.9,1022.6,264.0,4.0,,5.0,3,2.0,,8.0,,
2025-08-06 15:00:00,351150400,ZIELONA GÓRA,2025,8,6,15,19.8,48,8.5,999.8,1022.5,259.0,3.0,,4.0,1,1.0,,8.0,,
2025-08-06 16:00:00,351150400,ZIELONA GÓRA,2025,8,6,16,19.7,50,9.0,999.7,1022.4,276.0,3.0,,3.0,1,0.0,,8.0,,
2025-08-06 17:00:00,351150400,ZIELONA GÓRA,2025,8,6,17,19.5,49,8.5,999.5,1022.2,284.0,3.0,,1.0,1,0.0,,8.0,,
2025-08-06 18:00:00,351150400,ZIELONA GÓRA,2025,8,6,18,18.6,54,9.1,999.3,1022.1,254.0,1.0,,1.0,1,1.0,,9.0,,
2025-08-06 19:00:00,351150400,ZIELONA GÓRA,2025,8,6,19,16.8,58,8.5,999.6,1022.6,248.0,1.0,,1.0,3,0.0,,8.0,,
2025-08-06 20:00:00,351150400,ZIELONA GÓRA,2025,8,6,20,16.3,58,8.0,999.7,1022.7,225.0,1.0,,1.0,2,0.0,,8.0,,
2025-08-06 21:00:00,351150400,ZIELONA GÓRA,2025,8,6,21,15.2,64,8.4,999.8,1022.9,213.0,2.0,,,0,,,8.0,,
2025-08-06 22:00:00,351150400,ZIELONA GÓRA,2025,8,6,22,14.8,65,8.3,999.7,1022.8,202.0,1.0,,,0,,,8.0,,
2025-08-06 23:00:00,351150400,ZIELONA GÓRA,2025,8,6,23,14.3,67,8.3,999.8,1023.0,191.0,2.0,,,0,,,8.0,,
2025-08-07 00:00:00,351150400,ZIELONA GÓRA,2025,8,7,0,13.7,69,8.1,999.7,1022.9,181.0,2.0,,,0,,,9.0,,
2025-08-07 01:00:00,351150400,ZIELONA GÓRA,2025,8,7,1,13.0,72,8.1,999.3,1022.6,163.0,1.0,,,0,,,8.0,,
2025-08-07 02:00:00,351150400,ZIELONA GÓRA,2025,8,7,2,12.5,73,7.8,999.3,1022.6,148.0,1.0,,,0,,,8.0,,
2025-08-07 03:00:00,351150400,ZIELONA GÓRA,2025,8,7,3,12.3,73,7.6,998.9,1022.2,170.0,1.0,,,0,,,8.0,,
2025-08-07 04:00:00,351150400,ZIELONA GÓRA,2025,8,7,4,12.2,73,7.5,998.8,1022.1,165.0,2.0,,,0,,,8.0,,
2025-08-07 05:00:00,351150400,ZIELONA GÓRA,2025,8,7,5,12.3,77,8.4,999.1,1022.4,165.0,2.0,,7.0,0,,,8.0,,
2025-08-07 06:00:00,351150400,ZIELONA GÓRA,2025,8,7,6,14.4,70,9.0,999.1,1022.2,164.0,2.0,,7.0,1,,,9.0,,
2025-08-07 07:00:00,351150400,ZIELONA GÓRA,2025,8,7,7,16.3,63,9.2,999.2,1022.2,181.0,2.0,,8.0,3,2.0,,8.0,,
2025-08-07 08:00:00,351150400,ZIELONA GÓRA,2025,8,7,8,18.3,60,10.4,999.2,1022.0,191.0,2.0,,8.0,3,2.0,,8.0,,
2025-08-07 09:00:00,351150400,ZIELONA GÓRA,2025,8,7,9,20.2,55,10.9,999.0,1021.7,150.0,2.0,,4.0,1,1.0,,8.0,,
2025-08-07 10:00:00,351150400,ZIELONA GÓRA,2025,8,7,10,21.6,42,8.1,998.5,1021.1,195.0,2.0,,2.0,3,0.0,,8.0,,
2025-08-07 11:00:00,351150400,ZIELONA GÓRA,2025,8,7,11,21.7,44,8.9,998.1,1020.6,170.0,2.0,,7.0,3,1.0,,8.0,,
2025-08-07 12:00:00,351150400,ZIELONA GÓRA,2025,8,7,12,22.3,42,8.8,997.5,1020.0,146.0,3.0,,7.0,1,1.0,,9.0,,
2025-08-07 13:00:00,351150400,ZIELONA GÓRA,2025,8,7,13,22.9,40,8.6,997.4,1019.8,181.0,3.0,,7.0,1,2.0,,8.0,,
2025-08-07 14:00:00,351150400,ZIELONA GÓRA,2025,8,7,14,22.8,43,9.6,996.8,1019.2,139.0,2.0,,7.0,1,2.0,,8.0,,
2025-08-07 15:00:00,351150400,ZIELONA GÓRA,2025,8,7,15,23.4,41,9.4,996.2,1018.6,135.0,3.0,,3.0,1,1.0,,8.0,,
2025-08-07 16:00:00,351150400,ZIELONA GÓRA,2025,8,7,16,23.3,40,8.9,995.7,1018.1,140.0,3.0,,2.0,1,0.0,,8.0,,
2025-08-07 17:00:00,351150400,ZIELONA GÓRA,2025,8,7,17,22.9,41,8.9,995.4,1017.8,135.0,2.0,,3.0,3,0.0,,8.0,,
2025-08-07 18:00:00,351150400,ZIELONA GÓRA,2025,8,7,18,21.3,51,10.7,995.4,1017.9,118.0,1.0,,4.0,3,1.0,,9.0,,
2025-08-07 19:00:00,351150400,ZIELONA GÓRA,2025,8,7,19,20.0,52,9.8,995.5,1018.1,136.0,1.0,,3.0,3,0.0,,8.0,,
2025-08-07 20:00:00,351150400,ZIELONA GÓRA,2025,8,7,20,19.5,52,9.4,995.2,1017.8,102.0,1.0,,7.0,3,1.0,,8.0,,
2025-08-07 21:00:00,351150400,ZIELONA GÓRA,2025,8,7,21,18.0,59,9.9,995.0,1017.8,110.0,2.0,,,0,,,8.0,,
2025-08-07 22:00:00,351150400,ZIELONA GÓRA,2025,8,7,22,18.7,57,10.0,994.7,1017.4,123.0,2.0,,,0,,,8.0,,
2025-08-07 23:00:00,351150400,ZIELONA GÓRA,2025,8,7,23,17.6,62,10.2,994.4,1017.2,121.0,2.0,,,0,,,8.0,,
2025-08-08 00:00:00,351150400,ZIELONA GÓRA,2025,8,8,0,17.4,61,9.8,994.3,1017.1,135.0,2.0,,,0,,,9.0,,
2025-08-08 01:00:00,351150400,ZIELONA GÓRA,2025,8,8,1,17.5,62,10.1,993.9,1016.7,140.0,2.0,,,0,,,8.0,,
2025-08-08 02:00:00,351150400,ZIELONA GÓRA,2025,8,8,2,17.3,62,9.9,993.8,1016.6,150.0,2.0,,,0,,,8.0,,
2025-08-08 03:00:00,351150400,ZIELONA GÓRA,2025,8,8,3,16.3,69,10.6,993.5,1016.4,148.0,2.0,,,0,,,8.0,,
2025-08-08 04:00:00,351150400,ZIELONA GÓRA,2025,8,8,4,15.9,72,10.9,993.8,1016.7,174.0,2.0,,,0,,,8.0,,
2025-08-08 05:00:00,351150400,ZIELONA GÓRA,2025,8,8,5,16.9,66,10.5,994.2,1017.0,209.0,3.0,,7.0,15,,,8.0,,
2025-08-08 06:00:00,351150400,ZIELONA GÓRA,2025,8,8,6,19.9,51,9.5,994.4,1017.0,231.0,2.0,,7.0,1,,,9.0,,
2025-08-08 07:00:00,351150400,ZIELONA GÓRA,2025,8,8,7,19.9,54,10.3,994.6,1017.2,274.0,3.0,,7.0,1,2.0,,8.0,,
2025-08-08 08:00:00,351150400,ZIELONA GÓRA,2025,8,8,8,21.3,52,11.0,994.8,1017.3,265.0,2.0,,4.0,1,1.0,,8.0,,
2025-08-08 09:00:00,351150400,ZIELONA GÓRA,2025,8,8,9,23.2,50,12.2,995.2,1017.6,245.0,2.0,,3.0,1,1.0,,8.0,,
2025-08-08 10:00:00,351150400,ZIELONA GÓRA,2025,8,8,10,23.0,50,12.0,995.2,1017.6,217.0,3.0,,7.0,3,1.0,,8.0,,
2025-08-08 11:00:00,351150400,ZIELONA GÓRA,2025,8,8,11,24.6,46,12.2,995.2,1017.4,235.0,2.0,,6.0,3,2.0,,8.0,,
2025-08-08 12:00:00,351150400,ZIELONA GÓRA,2025,8,8,12,24.9,43,11.5,995.4,1017.6,263.0,3.0,,7.0,3,1.0,,9.0,,
2025-08-08 13:00:00,351150400,ZIELONA GÓRA,2025,8,8,13,24.4,40,9.9,995.6,1017.9,277.0,3.0,,7.0,1,2.0,,8.0,,
2025-08-08 14:00:00,351150400,ZIELONA GÓRA,2025,8,8,14,24.3,44,11.3,995.8,1018.1,265.0,2.0,,7.0,1,2.0,,8.0,,
2025-08-08 15:00:00,351150400,ZIELONA GÓRA,2025,8,8,15,23.8,48,12.1,996.0,1018.3,209.0,3.0,,7.0,1,2.0,,8.0,,
2025-08-08 16:00:00,351150400,ZIELONA GÓRA,2025,8,8,16,23.3,56,14.0,996.1,1018.5,200.0,2.0,,7.0,1,2.0,,8.0,,
2025-08-08 17:00:00,351150400,ZIELONA GÓRA,2025,8,8,17,22.6,58,13.9,996.1,1018.5,198.0,2.0,,7.0,3,2.0,,8.0,,
2025-08-08 18:00:00,351150400,ZIELONA GÓRA,2025,8,8,18,21.6,62,14.0,996.4,1018.9,199.0,1.0,,7.0,1,2.0,,9.0,,
2025-08-08 19:00:00,351150400,ZIELONA GÓRA,2025,8,8,19,20.2,68,14.1,996.9,1019.5,148.0,1.0,,7.0,1,2.0,,8.0,,
2025-08-08 20:00:00,351150400,ZIELONA GÓRA,2025,8,8,20,19.9,64,12.9,997.2,1019.9,171.0,1.0,,7.0,3,2.0,,8.0,,
2025-08-08 21:00:00,351150400,ZIELONA GÓRA,2025,8,8,21,19.4,63,12.2,997.5,1020.2,179.0,2.0,,,0,,,8.0,,
2025-08-08 22:00:00,351150400,ZIELONA GÓRA,2025,8,8,22,19.3,61,11.6,997.5,1020.2,209.0,2.0,,,0,,,8.0,,
2025-08-08 23:00:00,351150400,ZIELONA GÓRA,2025,8,8,23,19.8,58,11.3,997.6,1020.3,237.0,1.0,,,0,,,8.0,,
2025-08-09 00:00:00,351150400,ZIELONA GÓRA,2025,8,9,0,19.9,60,11.9,997.8,1020.5,294.0,1.0,,,0,,,9.0,,
2025-08-09 01:00:00,351150400,ZIELONA GÓRA,2025,8,9,1,19.3,64,12.3,997.9,1020.6,285.0,1.0,,,0,,,8.0,,
2025-08-09 02:00:00,351150400,ZIELONA GÓRA,2025,8,9,2,18.5,68,12.5,997.9,1020.7,307.0,2.0,,,0,,,8.0,,
2025-08-09 03:00:00,351150400,ZIELONA GÓRA,2025,8,9,3,17.4,74,12.7,998.0,1020.9,326.0,2.0,,,0,,,8.0,,
2025-08-09 04:00:00,351150400,ZIELONA GÓRA,2025,8,9,4,17.0,76,12.7,998.3,1021.2,325.0,2.0,,,0,,,8.0,,
2025-08-09 05:00:00,351150400,ZIELONA GÓRA,2025,8,9,5,18.9,68,12.9,998.6,1021.4,340.0,2.0,,1.0,0,,,8.0,,
2025-08-09 06:00:00,351150400,ZIELONA GÓRA,2025,8,9,6,21.6,59,13.2,998.9,1021.5,27.0,1.0,,1.0,3,,,9.0,,
2025-08-09 07:00:00,351150400,ZIELONA GÓRA,2025,8,9,7,22.6,61,14.7,999.0,1021.5,157.0,1.0,,1.0,1,0.0,,8.0,,
2025-08-09 08:00:00,351150400,ZIELONA GÓRA,2025,8,9,8,24.3,53,14.1,999.1,1021.5,91.0,1.0,,2.0,3,0.0,,8.0,,
2025-08-09 09:00:00,351150400,ZIELONA GÓRA,2025,8,9,9,24.9,48,13.1,999.1,1021.4,134.0,2.0,,5.0,3,1.0,,8.0,,
2025-08-09 10:00:00,351150400,ZIELONA GÓRA,2025,8,9,10,25.2,45,12.4,998.9,1021.2,157.0,2.0,,7.0,3,2.0,,8.0,,
2025-08-09 11:00:00,351150400,ZIELONA GÓRA,2025,8,9,11,26.2,43,12.6,998.7,1020.9,140.0,1.0,,7.0,2,2.0,,8.0,,
2025-08-09 12:00:00,351150400,ZIELONA GÓRA,2025,8,9,12,26.5,42,12.5,998.3,1020.5,138.0,1.0,,7.0,2,1.0,,9.0,,
2025-08-09 13:00:00,351150400,ZIELONA GÓRA,2025,8,9,13,26.4,44,13.2,997.9,1020.1,139.0,3.0,,7.0,3,2.0,,8.0,,
2025-08-09 14:00:00,351150400,ZIELONA GÓRA,2025,8,9,14,27.6,40,12.8,997.7,1019.8,154.0,3.0,,2.0,1,1.0,,8.0,,
2025-08-09 15:00:00,351150400,ZIELONA GÓRA,2025,8,9,15,27.8,39,12.6,997.1,1019.1,172.0,3.0,,1.0,1,1.0,,8.0,,
2025-08-09 16:00:00,351150400,ZIELONA GÓRA,2025,8,9,16,27.5,41,13.1,996.5,1018.6,129.0,3.0,,1.0,1,0.0,,8.0,,
2025-08-09 17:00:00,351150400,ZIELONA GÓRA,2025,8,9,17,27.1,42,13.1,996.2,1018.3,136.0,3.0,,1.0,2,0.0,,8.0,,
2025-08-09 18:00:00,351150400,ZIELONA GÓRA,2025,8,9,18,25.3,47,13.2,996.1,1018.3,138.0,2.0,,3.0,3,1.0,,9.0,,
2025-08-09 19:00:00,351150400,ZIELONA GÓRA,2025,8,9,19,24.0,51,13.2,996.4,1018.7,132.0,2.0,,7.0,3,1.0,,8.0,,
2025-08-09 20:00:00,351150400,ZIELONA GÓRA,2025,8,9,20,23.1,54,13.3,996.1,1018.5,131.0,2.0,,5.0,1,2.0,,8.0,,
2025-08-09 21:00:00,351150400,ZIELONA GÓRA,2025,8,9,21,22.5,55,13.0,995.9,1018.3,142.0,2.0,,,0,,,8.0,,
2025-08-09 22:00:00,351150400,ZIELONA GÓRA,2025,8,9,22,21.8,57,12.9,995.7,1018.2,163.0,2.0,,,0,,,8.0,,
2025-08-09 23:00:00,351150400,ZIELONA GÓRA,2025,8,9,23,21.3,58,12.7,995.7,1018.2,171.0,2.0,,,0,,,8.0,,
2025-08-10 00:00:00,351150400,ZIELONA GÓRA,2025,8,10,0,21.1,59,12.8,995.6,1018.1,217.0,2.0,,,0,,,9.0,,
2025-08-10 01:00:00,351150400,ZIELONA GÓRA,2025,8,10,1,22.2,54,12.4,995.7,1018.1,278.0,3.0,,,0,,,8.0,,
2025-08-10 02:00:00,351150400,ZIELONA GÓRA,2025,8,10,2,20.9,62,13.3,996.1,1018.7,295.0,3.0,,,0,,,8.0,,
2025-08-10 03:00:00,351150400,ZIELONA GÓRA,2025,8,10,3,19.7,67,13.4,996.8,1019.5,304.0,3.0,,,0,,,8.0,,
2025-08-10 04:00:00,351150400,ZIELONA GÓRA,2025,8,10,4,19.0,69,13.2,997.0,1019.7,307.0,3.0,,,0,,,8.0,,
2025-08-10 05:00:00,351150400,ZIELONA GÓRA,2025,8,10,5,18.9,71,13.5,997.8,1020.5,295.0,4.0,,1.0,0,,,8.0,,
2025-08-10 06:00:00,351150400,ZIELONA GÓRA,2025,8,10,6,19.0,72,13.8,998.8,1021.6,305.0,5.0,10.0,1.0,2,,,9.0,,
2025-08-10 07:00:00,351150400,ZIELONA GÓRA,2025,8,10,7,20.0,62,12.5,999.4,1022.1,307.0,4.0,,1.0,2,0.0,,8.0,,
2025-08-10 08:00:00,351150400,ZIELONA GÓRA,2025,8,10,8,20.8,58,12.2,1000.0,1022.6,306.0,4.0,,5.0,3,1.0,,8.0,,
2025-08-10 09:00:00,351150400,ZIELONA GÓRA,2025,8,10,9,21.4,58,12.8,1000.5,1023.1,282.0,4.0,9.0,3.0,3,1.0,,8.0,,
2025-08-10 10:00:00,351150400,ZIELONA GÓRA,2025,8,10,10,20.9,53,11.0,1001.3,1024.0,296.0,5.0,10.0,2.0,3,0.0,,8.0,,
2025-08-10 11:00:00,351150400,ZIELONA GÓRA,2025,8,10,11,21.2,51,10.7,1001.6,1024.3,296.0,5.0,,1.0,1,0.0,,8.0,,
2025-08-10 12:00:00,351150400,ZIELONA GÓRA,2025,8,10,12,21.8,50,10.9,1001.8,1024.4,302.0,5.0,10.0,1.0,2,1.0,,9.0,,
2025-08-10 13:00:00,351150400,ZIELONA GÓRA,2025,8,10,13,21.9,48,10.4,1002.3,1024.9,297.0,5.0,10.0,3.0,3,0.0,,8.0,,
2025-08-10 14:00:00,351150400,ZIELONA GÓRA,2025,8,10,14,21.8,47,10.0,1002.5,1025.1,312.0,4.0,,3.0,3,0.0,,8.0,,
2025-08-10 15:00:00,351150400,ZIELONA GÓRA,2025,8,10,15,21.8,45,9.3,1002.5,1025.1,316.0,4.0,9.0,4.0,1,0.0,,8.0,,
2025-08-10 16:00:00,351150400,ZIELONA GÓRA,2025,8,10,16,21.5,45,9.1,1002.5,1025.1,304.0,4.0,,7.0,1,1.0,,8.0,,
2025-08-10 17:00:00,351150400,ZIELONA GÓRA,2025,8,10,17,21.6,45,9.2,1002.6,1025.2,300.0,3.0,,7.0,1,2.0,,8.0,,
2025-08-10 18:00:00,351150400,ZIELONA GÓRA,2025,8,10,18,20.8,47,9.1,1002.8,1025.5,300.0,2.0,,7.0,2,1.0,,9.0,,
2025-08-10 19:00:00,351150400,ZIELONA GÓRA,2025,8,10,19,19.1,53,9.3,1003.1,1026.0,300.0,1.0,,4.0,3,1.0,,8.0,,
2025-08-10 20:00:00,351150400,ZIELONA GÓRA,2025,8,10,20,18.6,56,9.6,1003.4,1026.3,291.0,1.0,,7.0,3,1.0,,8.0,,
2025-08-10 21:00:00,351150400,ZIELONA GÓRA,2025,8,10,21,18.1,58,9.7,1003.8,1026.7,333.0,1.0,,,0,,,8.0,,
2025-08-10 22:00:00,351150400,ZIELONA GÓRA,2025,8,10,22,17.2,60,9.4,1004.1,1027.1,4.0,1.0,,,0,,,8.0,,
2025-08-10 23:00:00,351150400,ZIELONA GÓRA,2025,8,10,23,16.8,58,8.5,1004.5,1027.6,26.0,2.0,,,0,,,8.0,,
2025-08-11 00:00:00,351150400,ZIELONA GÓRA,2025,8,11,0,16.0,60,8.2,1004.6,1027.7,22.0,2.0,,,0,,,9.0,,
2025-08-11 01:00:00,351150400,ZIELONA GÓRA,2025,8,11,1,16.2,59,8.2,1004.5,1027.6,42.0,2.0,,,0,,,8.0,,
2025-08-11 02:00:00,351150400,ZIELONA GÓRA,2025,8,11,2,15.7,60,8.0,1004.5,1027.7,62.0,2.0,,,0,,,8.0,,
2025-08-11 03:00:00,351150400,ZIELONA GÓRA,2025,8,11,3,15.0,62,7.8,1004.5,1027.7,56.0,2.0,,,0,,,8.0,,
2025-08-11 04:00:00,351150400,ZIELONA GÓRA,2025,8,11,4,14.4,64,7.7,1004.5,1027.8,104.0,1.0,,,0,,,8.0,,
2025-08-11 05:00:00,351150400,ZIELONA GÓRA,2025,8,11,5,15.7,64,8.9,1004.6,1027.8,189.0,1.0,,1.0,0,,,8.0,,
2025-08-11 06:00:00,351150400,ZIELONA GÓRA,2025,8,11,6,17.5,56,8.6,1004.5,1027.5,159.0,1.0,,1.0,2,,,9.0,,
2025-08-11 07:00:00,351150400,ZIELONA GÓRA,2025,8,11,7,18.7,53,8.9,1004.5,1027.4,157.0,2.0,,1.0,3,0.0,,8.0,,
2025-08-11 08:00:00,351150400,ZIELONA GÓRA,2025,8,11,8,19.8,51,9.4,1004.5,1027.3,176.0,2.0,,1.0,3,0.0,,8.0,,
2025-08-11 09:00:00,351150400,ZIELONA GÓRA,2025,8,11,9,20.9,48,9.5,1004.3,1027.0,165.0,1.0,,1.0,2,0.0,,8.0,,
2025-08-11 10:00:00,351150400,ZIELONA GÓRA,2025,8,11,10,21.5,42,8.0,1003.9,1026.6,253.0,2.0,,2.0,3,0.0,,8.0,,
2025-08-11 11:00:00,351150400,ZIELONA GÓRA,2025,8,11,11,22.5,40,8.2,1003.5,1026.1,268.0,2.0,,2.0,1,0.0,,8.0,,
2025-08-11 12:00:00,351150400,ZIELONA GÓRA,2025,8,11,12,22.8,39,8.1,1002.8,1025.4,330.0,2.0,,2.0,2,0.0,,9.0,,
2025-08-11 13:00:00,351150400,ZIELONA GÓRA,2025,8,11,13,23.6,39,8.8,1002.4,1024.9,296.0,2.0,,1.0,1,0.0,,8.0,,
2025-08-11 14:00:00,351150400,ZIELONA GÓRA,2025,8,11,14,24.1,36,8.1,1001.8,1024.2,343.0,1.0,,1.0,2,0.0,,8.0,,
2025-08-11 15:00:00,351150400,ZIELONA GÓRA,2025,8,11,15,23.9,36,7.9,1001.3,1023.7,316.0,2.0,,1.0,2,0.0,,8.0,,
2025-08-11 16:00:00,351150400,ZIELONA GÓRA,2025,8,11,16,23.9,33,6.6,1000.8,1023.2,331.0,2.0,,1.0,1,0.0,,8.0,,
2025-08-11 17:00:00,351150400,ZIELONA GÓRA,2025,8,11,17,23.7,36,7.7,1000.3,1022.7,325.0,2.0,,2.0,3,0.0,,8.0,,
2025-08-11 18:00:00,351150400,ZIELONA GÓRA,2025,8,11,18,21.8,43,8.7,1000.2,1022.8,30.0,1.0,,5.0,3,1.0,,9.0,,
2025-08-11 19:00:00,351150400,ZIELONA GÓRA,2025,8,11,19,19.9,47,8.2,1000.5,1023.2,349.0,1.0,,3.0,1,1.0,,8.0,,
2025-08-11 20:00:00,351150400,ZIELONA GÓRA,2025,8,11,20,20.6,44,7.9,1000.4,1023.1,357.0,1.0,,3.0,2,0.0,,8.0,,
2025-08-11 21:00:00,351150400,ZIELONA GÓRA,2025,8,11,21,20.1,47,8.4,1000.5,1023.2,26.0,1.0,,,0,,,8.0,,
2025-08-11 22:00:00,351150400,ZIELONA GÓRA,2025,8,11,22,19.4,48,8.1,1000.3,1023.1,56.0,2.0,,,0,,,8.0,,
2025-08-11 23:00:00,351150400,ZIELONA GÓRA,2025,8,11,23,18.9,49,7.9,1000.1,1022.9,55.0,2.0,,,0,,,8.0,,
2025-08-12 00:00:00,351150400,ZIELONA GÓRA,2025,8,12,0,18.2,53,8.5,1000.0,1022.9,95.0,1.0,,,0,,,9.0,,
2025-08-12 01:00:00,351150400,ZIELONA GÓRA,2025,8,12,1,17.7,54,8.3,1000.0,1022.9,124.0,2.0,,,0,,,8.0,,
2025-08-12 02:00:00,351150400,ZIELONA GÓRA,2025,8,12,2,17.2,56,8.3,999.8,1022.7,156.0,1.0,,,0,,,8.0,,
2025-08-12 03:00:00,351150400,ZIELONA GÓRA,2025,8,12,3,18.0,52,8.0,999.6,1022.5,161.0,1.0,,,0,,,8.0,,
2025-08-12 04:00:00,351150400,ZIELONA GÓRA,2025,8,12,4,17.5,52,7.5,999.6,1022.5,148.0,1.0,,,0,,,8.0,,
2025-08-12 05:00:00,351150400,ZIELONA GÓRA,2025,8,12,5,18.4,52,8.4,999.9,1022.7,167.0,1.0,,0.0,0,,,8.0,,
2025-08-12 06:00:00,351150400,ZIELONA GÓRA,2025,8,12,6,18.3,56,9.4,1000.1,1022.9,148.0,2.0,,0.0,2,,,9.0,,
2025-08-12 07:00:00,351150400,ZIELONA GÓRA,2025,8,12,7,21.0,52,10.8,1000.1,1022.7,147.0,1.0,,0.0,2,0.0,,8.0,,
2025-08-12 08:00:00,351150400,ZIELONA GÓRA,2025,8,12,8,22.7,44,9.8,1000.1,1022.6,146.0,2.0,,0.0,2,0.0,,8.0,,
2025-08-12 09:00:00,351150400,ZIELONA GÓRA,2025,8,12,9,24.0,40,9.6,1000.0,1022.4,144.0,2.0,,0.0,2,0.0,,8.0,,
2025-08-12 10:00:00,351150400,ZIELONA GÓRA,2025,8,12,10,24.5,39,9.6,999.8,1022.2,116.0,2.0,,0.0,2,0.0,,8.0,,
2025-08-12 11:00:00,351150400,ZIELONA GÓRA,2025,8,12,11,25.6,34,8.6,999.5,1021.8,192.0,1.0,,1.0,3,0.0,,8.0,,
2025-08-12 12:00:00,351150400,ZIELONA GÓRA,2025,8,12,12,26.1,27,5.6,999.0,1021.2,141.0,2.0,,1.0,2,0.0,,9.0,,
2025-08-12 13:00:00,351150400,ZIELONA GÓRA,2025,8,12,13,26.7,27,6.1,998.7,1020.9,152.0,1.0,,1.0,2,0.0,,8.0,,
2025-08-12 14:00:00,351150400,ZIELONA GÓRA,2025,8,12,14,27.3,28,7.2,998.1,1020.2,107.0,2.0,,1.0,2,0.0,,8.0,,
2025-08-12 15:00:00,351150400,ZIELONA GÓRA,2025,8,12,15,27.2,27,6.6,997.7,1019.8,118.0,3.0,,1.0,3,0.0,,8.0,,
2025-08-12 16:00:00,351150400,ZIELONA GÓRA,2025,8,12,16,26.9,29,7.4,997.2,1019.3,142.0,3.0,,1.0,1,0.0,,8.0,,
2025-08-12 17:00:00,351150400,ZIELONA GÓRA,2025,8,12,17,26.1,31,7.6,996.8,1019.0,127.0,2.0,,1.0,2,0.0,,8.0,,
2025-08-12 18:00:00,351150400,ZIELONA GÓRA,2025,8,12,18,24.1,37,8.5,996.7,1019.0,122.0,2.0,,1.0,2,0.0,,9.0,,
2025-08-12 19:00:00,351150400,ZIELONA GÓRA,2025,8,12,19,22.4,42,8.9,997.0,1019.5,118.0,2.0,,1.0,1,0.0,,8.0,,
2025-08-12 20:00:00,351150400,ZIELONA GÓRA,2025,8,12,20,21.5,45,9.1,997.1,1019.6,113.0,2.0,,1.0,2,0.0,,8.0,,
2025-08-12 21:00:00,351150400,ZIELONA GÓRA,2025,8,12,21,21.3,46,9.2,996.9,1019.4,120.0,3.0,,,0,,,8.0,,
2025-08-12 22:00:00,351150400,ZIELONA GÓRA,2025,8,12,22,21.0,47,9.3,996.5,1019.1,119.0,3.0,,,0,,,8.0,,
2025-08-12 23:00:00,351150400,ZIELONA GÓRA,2025,8,12,23,20.4,48,9.0,996.5,1019.1,117.0,2.0,,,0,,,8.0,,
2025-08-13 00:00:00,351150400,ZIELONA GÓRA,2025,8,13,0,20.4,49,9.3,996.4,1019.0,119.0,3.0,,,0,,,9.0,,
2025-08-13 01:00:00,351150400,ZIELONA GÓRA,2025,8,13,1,19.1,54,9.6,996.2,1018.9,110.0,2.0,,,0,,,8.0,,
2025-08-13 02:00:00,351150400,ZIELONA GÓRA,2025,8,13,2,18.6,56,9.6,995.9,1018.6,121.0,3.0,,,0,,,8.0,,
2025-08-13 03:00:00,351150400,ZIELONA GÓRA,2025,8,13,3,17.1,62,9.8,995.8,1018.6,130.0,3.0,,,0,,,8.0,,
2025-08-13 04:00:00,351150400,ZIELONA GÓRA,2025,8,13,4,16.6,65,10.0,995.6,1018.5,121.0,3.0,,,0,,,8.0,,
2025-08-13 05:00:00,351150400,ZIELONA GÓRA,2025,8,13,5,17.4,65,10.7,995.6,1018.4,117.0,3.0,,1.0,0,,,8.0,,
2025-08-13 06:00:00,351150400,ZIELONA GÓRA,2025,8,13,6,19.0,61,11.3,995.9,1018.6,123.0,3.0,,1.0,2,,,9.0,,
2025-08-13 07:00:00,351150400,ZIELONA GÓRA,2025,8,13,7,21.0,55,11.6,995.8,1018.3,131.0,3.0,,1.0,2,0.0,,8.0,,
2025-08-13 08:00:00,351150400,ZIELONA GÓRA,2025,8,13,8,23.4,49,12.1,995.8,1018.2,121.0,2.0,,1.0,3,0.0,,8.0,,
2025-08-13 09:00:00,351150400,ZIELONA GÓRA,2025,8,13,9,25.5,41,11.3,995.9,1018.1,113.0,2.0,,1.0,1,0.0,,8.0,,
2025-08-13 10:00:00,351150400,ZIELONA GÓRA,2025,8,13,10,27.3,36,10.9,995.9,1018.0,80.0,2.0,,1.0,3,0.0,,8.0,,
2025-08-13 11:00:00,351150400,ZIELONA GÓRA,2025,8,13,11,28.8,31,10.0,995.7,1017.6,139.0,2.0,,1.0,2,0.0,,8.0,,
2025-08-13 12:00:00,351150400,ZIELONA GÓRA,2025,8,13,12,29.3,30,9.9,995.4,1017.3,107.0,2.0,,1.0,3,0.0,,9.0,,
2025-08-13 13:00:00,351150400,ZIELONA GÓRA,2025,8,13,13,29.4,34,11.9,995.0,1016.9,125.0,3.0,,1.0,3,0.0,,8.0,,
2025-08-13 14:00:00,351150400,ZIELONA GÓRA,2025,8,13,14,30.1,31,11.1,994.8,1016.6,166.0,3.0,,1.0,2,0.0,,8.0,,
2025-08-13 15:00:00,351150400,ZIELONA GÓRA,2025,8,13,15,30.2,27,9.1,994.6,1016.4,116.0,2.0,,1.0,1,0.0,,8.0,,
2025-08-13 16:00:00,351150400,ZIELONA GÓRA,2025,8,13,16,30.0,30,10.5,994.7,1016.5,133.0,2.0,,2.0,3,0.0,,8.0,,
2025-08-13 17:00:00,351150400,ZIELONA GÓRA,2025,8,13,17,29.3,37,13.1,994.7,1016.6,84.0,1.0,,1.0,1,0.0,,8.0,,
2025-08-13 18:00:00,351150400,ZIELONA GÓRA,2025,8,13,18,27.7,39,12.5,994.7,1016.7,55.0,2.0,,1.0,1,0.0,,9.0,,
2025-08-13 19:00:00,351150400,ZIELONA GÓRA,2025,8,13,19,26.6,45,13.7,995.2,1017.3,70.0,2.0,,0.0,1,0.0,,8.0,,
2025-08-13 20:00:00,351150400,ZIELONA GÓRA,2025,8,13,20,25.9,46,13.4,995.4,1017.6,72.0,2.0,,0.0,2,0.0,,8.0,,
2025-08-13 21:00:00,351150400,ZIELONA GÓRA,2025,8,13,21,25.4,45,12.6,995.6,1017.8,71.0,3.0,,,0,,,8.0,,
2025-08-13 22:00:00,351150400,ZIELONA GÓRA,2025,8,13,22,24.3,46,11.9,995.8,1018.1,100.0,2.0,,,0,,,8.0,,
2025-08-13 23:00:00,351150400,ZIELONA GÓRA,2025,8,13,23,23.8,47,11.8,995.7,1018.0,92.0,2.0,,,0,,,8.0,,
2025-08-14 00:00:00,351150400,ZIELONA GÓRA,2025,8,14,0,22.5,51,11.9,995.8,1018.2,49.0,3.0,,,0,,,9.0,,
2025-08-14 01:00:00,351150400,ZIELONA GÓRA,2025,8,14,1,21.1,54,11.4,995.9,1018.4,59.0,3.0,,,0,,,8.0,,
2025-08-14 02:00:00,351150400,ZIELONA GÓRA,2025,8,14,2,20.8,54,11.1,995.7,1018.2,66.0,3.0,,,0,,,8.0,,
2025-08-14 03:00:00,351150400,ZIELONA GÓRA,2025,8,14,3,20.2,58,11.7,996.0,1018.6,105.0,1.0,,,0,,,8.0,,
2025-08-14 04:00:00,351150400,ZIELONA GÓRA,2025,8,14,4,19.8,60,11.8,996.2,1018.8,66.0,2.0,,,0,,,8.0,,
2025-08-14 05:00:00,351150400,ZIELONA GÓRA,2025,8,14,5,19.8,62,12.3,996.6,1019.2,93.0,1.0,,0.0,0,,,8.0,,
2025-08-14 06:00:00,351150400,ZIELONA GÓRA,2025,8,14,6,21.2,60,13.1,996.8,1019.3,115.0,2.0,,0.0,2,,,9.0,,
2025-08-14 07:00:00,351150400,ZIELONA GÓRA,2025,8,14,7,23.4,56,14.1,997.1,1019.5,116.0,1.0,,0.0,2,0.0,,8.0,,
2025-08-14 08:00:00,351150400,ZIELONA GÓRA,2025,8,14,8,25.5,53,15.2,997.5,1019.7,87.0,2.0,,0.0,2,0.0,,8.0,,
2025-08-14 09:00:00,351150400,ZIELONA GÓRA,2025,8,14,9,26.3,53,16.0,997.6,1019.8,104.0,2.0,,0.0,2,0.0,,8.0,,
2025-08-14 10:00:00,351150400,ZIELONA GÓRA,2025,8,14,10,28.8,47,16.4,997.6,1019.6,95.0,2.0,,0.0,2,0.0,,8.0,,
2025-08-14 11:00:00,351150400,ZIELONA GÓRA,2025,8,14,11,29.9,41,15.2,997.5,1019.4,103.0,2.0,,0.0,2,0.0,,8.0,,
2025-08-14 12:00:00,351150400,ZIELONA GÓRA,2025,8,14,12,31.2,36,14.4,997.2,1019.0,144.0,2.0,,1.0,3,0.0,,9.0,,
2025-08-14 13:00:00,351150400,ZIELONA GÓRA,2025,8,14,13,31.6,36,14.7,996.9,1018.7,143.0,3.0,,1.0,2,0.0,,8.0,,
2025-08-14 14:00:00,351150400,ZIELONA GÓRA,2025,8,14,14,31.9,35,14.5,996.7,1018.4,102.0,2.0,,1.0,1,0.0,,8.0,,
2025-08-14 15:00:00,351150400,ZIELONA GÓRA,2025,8,14,15,31.8,34,14.0,996.9,1018.7,139.0,2.0,,1.0,2,0.0,,8.0,,
2025-08-14 16:00:00,351150400,ZIELONA GÓRA,2025,8,14,16,31.3,33,13.1,996.7,1018.5,81.0,2.0,,1.0,2,0.0,,8.0,,
2025-08-14 17:00:00,351150400,ZIELONA GÓRA,2025,8,14,17,30.4,35,13.2,996.9,1018.8,67.0,2.0,,1.0,2,0.0,,8.0,,
2025-08-14 18:00:00,351150400,ZIELONA GÓRA,2025,8,14,18,28.6,38,12.9,997.1,1019.1,66.0,2.0,,1.0,2,0.0,,9.0,,
2025-08-14 19:00:00,351150400,ZIELONA GÓRA,2025,8,14,19,27.8,39,12.6,997.5,1019.6,70.0,3.0,,1.0,2,0.0,,8.0,,
2025-08-14 20:00:00,351150400,ZIELONA GÓRA,2025,8,14,20,26.6,41,12.3,997.8,1020.0,96.0,2.0,,1.0,2,0.0,,8.0,,
2025-08-14 21:00:00,351150400,ZIELONA GÓRA,2025,8,14,21,25.4,46,12.9,998.2,1020.5,87.0,1.0,,,0,,,8.0,,
2025-08-14 22:00:00,351150400,ZIELONA GÓRA,2025,8,14,22,24.8,48,13.0,998.2,1020.5,107.0,2.0,,,0,,,8.0,,
2025-08-14 23:00:00,351150400,ZIELONA GÓRA,2025,8,14,23,23.9,51,13.1,998.1,1020.5,111.0,2.0,,,0,,,8.0,,
2025-08-15 00:00:00,351150400,ZIELONA GÓRA,2025,8,15,0,23.1,54,13.3,997.9,1020.3,120.0,2.0,,,0,,,9.0,,
2025-08-15 01:00:00,351150400,ZIELONA GÓRA,2025,8,15,1,22.7,56,13.5,997.8,1020.2,120.0,3.0,,,0,,,8.0,,
2025-08-15 02:00:00,351150400,ZIELONA GÓRA,2025,8,15,2,22.0,59,13.6,997.6,1020.1,114.0,2.0,,,0,,,8.0,,
2025-08-15 03:00:00,351150400,ZIELONA GÓRA,2025,8,15,3,21.4,62,13.8,997.5,1020.0,106.0,2.0,,,0,,,8.0,,
2025-08-15 04:00:00,351150400,ZIELONA GÓRA,2025,8,15,4,21.0,64,13.9,997.4,1020.0,103.0,2.0,,,0,,,8.0,,
2025-08-15 05:00:00,351150400,ZIELONA GÓRA,2025,8,15,5,22.0,61,14.1,997.2,1019.7,118.0,2.0,,0.0,0,,,8.0,,
2025-08-15 06:00:00,351150400,ZIELONA GÓRA,2025,8,15,6,22.5,62,14.9,997.5,1020.0,124.0,2.0,,1.0,3,,,9.0,,
2025-08-15 07:00:00,351150400,ZIELONA GÓRA,2025,8,15,7,23.9,58,15.1,997.5,1019.9,135.0,2.0,,1.0,2,0.0,,8.0,,
2025-08-15 08:00:00,351150400,ZIELONA GÓRA,2025,8,15,8,26.9,53,16.5,997.5,1019.6,121.0,1.0,,2.0,3,0.0,,8.0,,
2025-08-15 09:00:00,351150400,ZIELONA GÓRA,2025,8,15,9,28.5,46,15.8,997.4,1019.4,88.0,1.0,,3.0,3,0.0,,8.0,,
2025-08-15 10:00:00,351150400,ZIELONA GÓRA,2025,8,15,10,29.7,42,15.4,997.1,1019.0,120.0,3.0,,3.0,2,0.0,,8.0,,
2025-08-15 11:00:00,351150400,ZIELONA GÓRA,2025,8,15,11,30.7,40,15.5,996.8,1018.6,116.0,2.0,,5.0,3,1.0,,8.0,,
2025-08-15 12:00:00,351150400,ZIELONA GÓRA,2025,8,15,12,32.1,37,15.6,996.2,1017.9,199.0,2.0,,7.0,3,1.0,,9.0,,
2025-08-15 13:00:00,351150400,ZIELONA GÓRA,2025,8,15,13,32.7,36,15.7,995.8,1017.5,265.0,1.0,,7.0,2,2.0,,8.0,,
2025-08-15 14:00:00,351150400,ZIELONA GÓRA,2025,8,15,14,33.1,31,13.7,995.3,1016.9,276.0,1.0,,7.0,2,2.0,,8.0,,
2025-08-15 15:00:00,351150400,ZIELONA GÓRA,2025,8,15,15,32.7,35,15.2,995.0,1016.6,273.0,2.0,,7.0,2,2.0,,8.0,,
2025-08-15 16:00:00,351150400,ZIELONA GÓRA,2025,8,15,16,32.1,37,15.6,994.8,1016.5,310.0,3.0,,7.0,2,2.0,,8.0,,
2025-08-15 17:00:00,351150400,ZIELONA GÓRA,2025,8,15,17,31.4,35,14.1,994.7,1016.4,304.0,3.0,,5.0,1,2.0,,8.0,,
2025-08-15 18:00:00,351150400,ZIELONA GÓRA,2025,8,15,18,29.6,35,12.5,994.7,1016.6,304.0,1.0,,3.0,1,1.0,,9.0,,
2025-08-15 19:00:00,351150400,ZIELONA GÓRA,2025,8,15,19,27.8,42,13.7,995.0,1017.0,314.0,2.0,,1.0,1,0.0,,8.0,,
2025-08-15 20:00:00,351150400,ZIELONA GÓRA,2025,8,15,20,26.4,47,14.2,994.9,1017.0,312.0,1.0,,4.0,3,0.0,,8.0,,
2025-08-15 21:00:00,351150400,ZIELONA GÓRA,2025,8,15,21,25.4,56,16.0,995.4,1017.6,332.0,3.0,,,0,,,8.0,,
2025-08-15 22:00:00,351150400,ZIELONA GÓRA,2025,8,15,22,24.1,65,17.1,995.9,1018.2,331.0,4.0,,,0,,,8.0,,
2025-08-15 23:00:00,351150400,ZIELONA GÓRA,2025,8,15,23,22.9,55,13.4,996.0,1018.4,332.0,5.0,,,0,,,8.0,,
2025-08-16 00:00:00,351150400,ZIELONA GÓRA,2025,8,16,0,21.8,61,13.9,996.0,1018.5,332.0,4.0,,,0,,,9.0,,
2025-08-16 01:00:00,351150400,ZIELONA GÓRA,2025,8,16,1,20.9,66,14.3,996.2,1018.8,325.0,3.0,,,0,,,8.0,,
2025-08-16 02:00:00,351150400,ZIELONA GÓRA,2025,8,16,2,20.0,71,14.6,996.4,1019.0,321.0,2.0,,,0,,,8.0,,
2025-08-16 03:00:00,351150400,ZIELONA GÓRA,2025,8,16,3,19.6,75,15.0,996.5,1019.2,312.0,3.0,,,0,,,8.0,,
2025-08-16 04:00:00,351150400,ZIELONA GÓRA,2025,8,16,4,19.0,78,15.1,996.9,1019.6,296.0,2.0,,,0,,,8.0,,
2025-08-16 05:00:00,351150400,ZIELONA GÓRA,2025,8,16,5,18.8,79,15.1,996.9,1019.6,302.0,3.0,,1.0,0,,,8.0,,
2025-08-16 06:00:00,351150400,ZIELONA GÓRA,2025,8,16,6,19.4,79,15.7,997.1,1019.8,296.0,3.0,,0.0,1,,,9.0,,
2025-08-16 07:00:00,351150400,ZIELONA GÓRA,2025,8,16,7,20.2,78,16.2,996.9,1019.5,290.0,3.0,,0.0,2,0.0,,8.0,,
2025-08-16 08:00:00,351150400,ZIELONA GÓRA,2025,8,16,8,21.3,74,16.5,997.0,1019.5,305.0,3.0,,3.0,3,0.0,,8.0,,
2025-08-16 09:00:00,351150400,ZIELONA GÓRA,2025,8,16,9,21.7,71,16.2,997.1,1019.6,304.0,4.0,,4.0,3,0.0,,8.0,,
2025-08-16 10:00:00,351150400,ZIELONA GÓRA,2025,8,16,10,20.9,71,15.4,997.3,1019.9,317.0,4.0,,7.0,3,1.0,,8.0,,
2025-08-16 11:00:00,351150400,ZIELONA GÓRA,2025,8,16,11,20.9,69,15.0,997.4,1020.0,300.0,4.0,,7.0,1,2.0,,8.0,,
2025-08-16 12:00:00,351150400,ZIELONA GÓRA,2025,8,16,12,22.0,63,14.6,996.8,1019.3,295.0,4.0,,3.0,1,1.0,,9.0,,
2025-08-16 13:00:00,351150400,ZIELONA GÓRA,2025,8,16,13,22.9,61,15.0,996.2,1018.6,282.0,4.0,,3.0,2,0.0,,8.0,,
2025-08-16 14:00:00,351150400,ZIELONA GÓRA,2025,8,16,14,23.5,59,15.0,996.0,1018.3,295.0,3.0,,2.0,1,0.0,,8.0,,
2025-08-16 15:00:00,351150400,ZIELONA GÓRA,2025,8,16,15,22.5,61,14.6,995.7,1018.1,301.0,4.0,,2.0,1,0.0,,8.0,,
2025-08-16 16:00:00,351150400,ZIELONA GÓRA,2025,8,16,16,22.7,60,14.5,995.5,1017.9,284.0,3.0,,2.0,1,0.0,,8.0,,
2025-08-16 17:00:00,351150400,ZIELONA GÓRA,2025,8,16,17,22.3,60,14.2,995.1,1017.5,286.0,4.0,,2.0,2,0.0,,8.0,,
2025-08-16 18:00:00,351150400,ZIELONA GÓRA,2025,8,16,18,21.2,65,14.4,994.8,1017.3,286.0,2.0,,2.0,3,0.0,,9.0,,
2025-08-16 19:00:00,351150400,ZIELONA GÓRA,2025,8,16,19,20.2,66,13.6,995.3,1017.9,293.0,2.0,,1.0,1,0.0,,8.0,,
2025-08-16 20:00:00,351150400,ZIELONA GÓRA,2025,8,16,20,19.3,65,12.6,995.6,1018.3,309.0,3.0,,1.0,1,0.0,,8.0,,
2025-08-16 21:00:00,351150400,ZIELONA GÓRA,2025,8,16,21,18.0,66,11.5,995.8,1018.6,333.0,2.0,,,0,,,8.0,,
2025-08-16 22:00:00,351150400,ZIELONA GÓRA,2025,8,16,22,17.0,63,9.9,995.6,1018.4,331.0,2.0,,,0,,,8.0,,
2025-08-16 23:00:00,351150400,ZIELONA GÓRA,2025,8,16,23,16.2,67,10.1,995.6,1018.5,320.0,2.0,,,0,,,8.0,,
2025-08-17 00:00:00,351150400,ZIELONA GÓRA,2025,8,17,0,15.5,68,9.6,995.6,1018.6,317.0,2.0,,,0,,,9.0,,
2025-08-17 01:00:00,351150400,ZIELONA GÓRA,2025,8,17,1,14.7,69,9.1,995.6,1018.6,310.0,2.0,,,0,,,8.0,,
2025-08-17 02:00:00,351150400,ZIELONA GÓRA,2025,8,17,2,14.1,70,8.7,995.5,1018.6,309.0,2.0,,,0,,,8.0,,
2025-08-17 03:00:00,351150400,ZIELONA GÓRA,2025,8,17,3,13.6,74,9.0,995.4,1018.5,307.0,2.0,,,0,,,8.0,,
2025-08-17 04:00:00,351150400,ZIELONA GÓRA,2025,8,17,4,13.3,77,9.4,995.1,1018.2,305.0,2.0,,,0,,,8.0,,
2025-08-17 05:00:00,351150400,ZIELONA GÓRA,2025,8,17,5,13.4,78,9.6,995.2,1018.3,288.0,2.0,,1.0,0,,,8.0,,
2025-08-17 06:00:00,351150400,ZIELONA GÓRA,2025,8,17,6,14.2,77,10.2,995.3,1018.4,303.0,3.0,,3.0,3,,,9.0,,
2025-08-17 07:00:00,351150400,ZIELONA GÓRA,2025,8,17,7,15.2,75,10.8,995.3,1018.3,310.0,3.0,,1.0,1,0.0,,8.0,,
2025-08-17 08:00:00,351150400,ZIELONA GÓRA,2025,8,17,8,17.3,68,11.3,995.4,1018.2,311.0,3.0,,1.0,3,0.0,,8.0,,
2025-08-17 09:00:00,351150400,ZIELONA GÓRA,2025,8,17,9,17.7,65,11.0,995.5,1018.3,301.0,3.0,,5.0,3,1.0,,8.0,,
2025-08-17 10:00:00,351150400,ZIELONA GÓRA,2025,8,17,10,18.1,59,10.0,995.4,1018.2,284.0,3.0,,5.0,2,2.0,,8.0,,
2025-08-17 11:00:00,351150400,ZIELONA GÓRA,2025,8,17,11,19.7,51,9.3,995.3,1017.9,272.0,2.0,,5.0,1,2.0,,8.0,,
2025-08-17 12:00:00,351150400,ZIELONA GÓRA,2025,8,17,12,20.8,46,8.8,995.0,1017.5,294.0,3.0,,3.0,1,1.0,,9.0,,
2025-08-17 13:00:00,351150400,ZIELONA GÓRA,2025,8,17,13,21.4,44,8.6,995.0,1017.5,316.0,3.0,,3.0,2,0.0,,8.0,,
2025-08-17 14:00:00,351150400,ZIELONA GÓRA,2025,8,17,14,21.4,41,7.6,994.7,1017.2,291.0,3.0,,3.0,2,0.0,,8.0,,
2025-08-17 15:00:00,351150400,ZIELONA GÓRA,2025,8,17,15,21.3,44,8.5,994.7,1017.2,294.0,3.0,,4.0,1,0.0,,8.0,,
2025-08-17 16:00:00,351150400,ZIELONA GÓRA,2025,8,17,16,20.6,47,8.9,994.8,1017.3,322.0,3.0,,5.0,3,1.0,,8.0,,
2025-08-17 17:00:00,351150400,ZIELONA GÓRA,2025,8,17,17,20.7,47,9.0,995.0,1017.5,312.0,3.0,,1.0,1,1.0,,8.0,,
2025-08-17 18:00:00,351150400,ZIELONA GÓRA,2025,8,17,18,19.6,53,9.8,995.2,1017.8,301.0,3.0,,1.0,2,1.0,,9.0,,
2025-08-17 19:00:00,351150400,ZIELONA GÓRA,2025,8,17,19,18.4,57,9.7,995.7,1018.4,305.0,2.0,,1.0,3,0.0,,8.0,,
2025-08-17 20:00:00,351150400,ZIELONA GÓRA,2025,8,17,20,17.0,63,9.9,996.1,1019.0,303.0,1.0,,1.0,1,0.0,,8.0,,
2025-08-17 21:00:00,351150400,ZIELONA GÓRA,2025,8,17,21,16.6,59,8.5,996.5,1019.4,338.0,2.0,,,0,,,8.0,,
2025-08-17 22:00:00,351150400,ZIELONA GÓRA,2025,8,17,22,15.3,62,8.1,996.8,1019.8,338.0,2.0,,,0,,,8.0,,
2025-08-17 23:00:00,351150400,ZIELONA GÓRA,2025,8,17,23,14.4,66,8.1,997.0,1020.1,339.0,1.0,,,0,,,8.0,,
2025-08-18 00:00:00,351150400,ZIELONA GÓRA,2025,8,18,0,13.6,69,8.0,997.1,1020.3,334.0,2.0,,,0,,,9.0,,
2025-08-18 01:00:00,351150400,ZIELONA GÓRA,2025,8,18,1,12.9,71,7.8,997.2,1020.4,341.0,2.0,,,0,,,8.0,,
2025-08-18 02:00:00,351150400,ZIELONA GÓRA,2025,8,18,2,12.2,75,7.9,997.4,1020.7,6.0,1.0,,,0,,,8.0,,
2025-08-18 03:00:00,351150400,ZIELONA GÓRA,2025,8,18,3,12.4,75,8.1,997.3,1020.6,16.0,2.0,,,0,,,8.0,,
2025-08-18 04:00:00,351150400,ZIELONA GÓRA,2025,8,18,4,11.6,78,7.9,997.6,1020.9,345.0,2.0,,,0,,,8.0,,
2025-08-18 05:00:00,351150400,ZIELONA GÓRA,2025,8,18,5,12.6,75,8.3,997.9,1021.2,21.0,2.0,,1.0,0,,,8.0,,
2025-08-18 06:00:00,351150400,ZIELONA GÓRA,2025,8,18,6,14.3,68,8.5,998.3,1021.4,42.0,3.0,,1.0,2,,,9.0,,
2025-08-18 07:00:00,351150400,ZIELONA GÓRA,2025,8,18,7,16.4,59,8.4,998.6,1021.6,31.0,2.0,,1.0,2,0.0,,8.0,,
2025-08-18 08:00:00,351150400,ZIELONA GÓRA,2025,8,18,8,17.9,58,9.5,999.0,1021.9,41.0,2.0,,1.0,3,0.0,,8.0,,
2025-08-18 09:00:00,351150400,ZIELONA GÓRA,2025,8,18,9,18.6,57,9.9,999.1,1021.9,49.0,2.0,,2.0,3,0.0,,8.0,,
2025-08-18 10:00:00,351150400,ZIELONA GÓRA,2025,8,18,10,19.4,56,10.4,999.2,1021.9,63.0,2.0,,2.0,1,0.0,,8.0,,
2025-08-18 11:00:00,351150400,ZIELONA GÓRA,2025,8,18,11,20.2,54,10.6,999.0,1021.7,128.0,1.0,,3.0,3,0.0,,8.0,,
2025-08-18 12:00:00,351150400,ZIELONA GÓRA,2025,8,18,12,20.9,52,10.7,998.8,1021.4,66.0,2.0,,5.0,3,1.0,,9.0,,
2025-08-18 13:00:00,351150400,ZIELONA GÓRA,2025,8,18,13,21.8,48,10.3,998.6,1021.1,105.0,2.0,,5.0,2,2.0,,8.0,,
2025-08-18 14:00:00,351150400,ZIELONA GÓRA,2025,8,18,14,20.9,50,10.1,998.3,1020.9,117.0,2.0,,7.0,3,2.0,,8.0,,
2025-08-18 15:00:00,351150400,ZIELONA GÓRA,2025,8,18,15,21.1,50,10.3,998.0,1020.6,62.0,2.0,,7.0,1,2.0,,8.0,,
2025-08-18 16:00:00,351150400,ZIELONA GÓRA,2025,8,18,16,20.8,52,10.6,997.6,1020.2,43.0,2.0,,6.0,1,2.0,,8.0,,
2025-08-18 17:00:00,351150400,ZIELONA GÓRA,2025,8,18,17,20.7,51,10.2,997.4,1020.0,56.0,2.0,,5.0,1,2.0,,8.0,,
2025-08-18 18:00:00,351150400,ZIELONA GÓRA,2025,8,18,18,19.4,54,9.8,997.1,1019.8,53.0,1.0,,5.0,1,2.0,,9.0,,
2025-08-18 19:00:00,351150400,ZIELONA GÓRA,2025,8,18,19,18.4,59,10.2,997.4,1020.2,68.0,1.0,,1.0,1,1.0,,8.0,,
2025-08-18 20:00:00,351150400,ZIELONA GÓRA,2025,8,18,20,17.5,65,10.8,997.4,1020.2,129.0,1.0,,0.0,1,0.0,,8.0,,
2025-08-18 21:00:00,351150400,ZIELONA GÓRA,2025,8,18,21,16.9,68,11.0,997.3,1020.2,154.0,1.0,,,0,,,8.0,,
2025-08-18 22:00:00,351150400,ZIELONA GÓRA,2025,8,18,22,16.5,69,10.8,996.9,1019.8,142.0,1.0,,,0,,,8.0,,
2025-08-18 23:00:00,351150400,ZIELONA GÓRA,2025,8,18,23,16.3,69,10.6,996.8,1019.7,152.0,1.0,,,0,,,8.0,,
2025-08-19 00:00:00,351150400,ZIELONA GÓRA,2025,8,19,0,15.7,71,10.5,996.5,1019.5,153.0,1.0,,,0,,,9.0,,
2025-08-19 01:00:00,351150400,ZIELONA GÓRA,2025,8,19,1,15.8,70,10.3,996.2,1019.2,151.0,1.0,,,0,,,8.0,,
2025-08-19 02:00:00,351150400,ZIELONA GÓRA,2025,8,19,2,15.8,68,9.9,995.9,1018.8,154.0,1.0,,,0,,,8.0,,
2025-08-19 03:00:00,351150400,ZIELONA GÓRA,2025,8,19,3,15.8,67,9.7,995.6,1018.5,167.0,1.0,,,0,,,8.0,,
2025-08-19 04:00:00,351150400,ZIELONA GÓRA,2025,8,19,4,15.4,69,9.7,995.5,1018.5,177.0,1.0,,,0,,,8.0,,
2025-08-19 05:00:00,351150400,ZIELONA GÓRA,2025,8,19,5,15.0,72,10.0,995.3,1018.3,162.0,1.0,,0.0,0,,,8.0,,
2025-08-19 06:00:00,351150400,ZIELONA GÓRA,2025,8,19,6,17.7,65,11.0,995.2,1018.0,159.0,1.0,,0.0,2,,,9.0,,
2025-08-19 07:00:00,351150400,ZIELONA GÓRA,2025,8,19,7,18.6,63,11.4,995.1,1017.8,176.0,2.0,,0.0,2,0.0,,8.0,,
2025-08-19 08:00:00,351150400,ZIELONA GÓRA,2025,8,19,8,20.2,57,11.4,994.7,1017.3,150.0,1.0,,0.0,2,0.0,,8.0,,
2025-08-19 09:00:00,351150400,ZIELONA GÓRA,2025,8,19,9,21.3,53,11.3,994.6,1017.1,127.0,2.0,,1.0,3,0.0,,8.0,,
2025-08-19 10:00:00,351150400,ZIELONA GÓRA,2025,8,19,10,22.3,47,10.4,994.0,1016.4,127.0,2.0,,2.0,3,0.0,,8.0,,
2025-08-19 11:00:00,351150400,ZIELONA GÓRA,2025,8,19,11,23.2,44,10.3,993.3,1015.6,149.0,2.0,,1.0,1,0.0,,8.0,,
2025-08-19 12:00:00,351150400,ZIELONA GÓRA,2025,8,19,12,23.9,41,9.8,992.5,1014.7,157.0,2.0,7.0,1.0,2,0.0,,9.0,,
2025-08-19 13:00:00,351150400,ZIELONA GÓRA,2025,8,19,13,24.2,39,9.4,991.7,1013.9,144.0,2.0,,1.0,1,0.0,,8.0,,
2025-08-19 14:00:00,351150400,ZIELONA GÓRA,2025,8,19,14,25.0,37,9.3,991.0,1013.1,191.0,2.0,,0.0,1,0.0,,8.0,,
2025-08-19 15:00:00,351150400,ZIELONA GÓRA,2025,8,19,15,24.9,38,9.6,990.4,1012.5,178.0,2.0,,0.0,2,0.0,,8.0,,
2025-08-19 16:00:00,351150400,ZIELONA GÓRA,2025,8,19,16,25.3,38,10.0,989.9,1012.0,204.0,1.0,,0.0,2,0.0,,8.0,,
2025-08-19 17:00:00,351150400,ZIELONA GÓRA,2025,8,19,17,24.3,39,9.5,989.4,1011.5,128.0,1.0,,0.0,2,0.0,,8.0,,
2025-08-19 18:00:00,351150400,ZIELONA GÓRA,2025,8,19,18,22.5,48,10.9,989.2,1011.5,0.0,0.0,,0.0,2,0.0,,9.0,,
2025-08-19 19:00:00,351150400,ZIELONA GÓRA,2025,8,19,19,21.3,49,10.1,989.2,1011.6,109.0,1.0,,0.0,2,0.0,,8.0,,
2025-08-19 20:00:00,351150400,ZIELONA GÓRA,2025,8,19,20,20.4,52,10.2,988.9,1011.3,105.0,1.0,,0.0,2,0.0,,8.0,,
2025-08-19 21:00:00,351150400,ZIELONA GÓRA,2025,8,19,21,20.0,54,10.4,988.5,1010.9,141.0,2.0,,,0,,,8.0,,
2025-08-19 22:00:00,351150400,ZIELONA GÓRA,2025,8,19,22,18.9,58,10.5,988.2,1010.7,139.0,2.0,,,0,,,8.0,,
2025-08-19 23:00:00,351150400,ZIELONA GÓRA,2025,8,19,23,18.1,61,10.5,988.0,1010.6,145.0,2.0,,,0,,,8.0,,
2025-08-20 00:00:00,351150400,ZIELONA GÓRA,2025,8,20,0,17.6,64,10.7,987.7,1010.3,173.0,2.0,,,0,,,9.0,,
2025-08-20 01:00:00,351150400,ZIELONA GÓRA,2025,8,20,1,17.0,66,10.6,987.2,1009.9,195.0,1.0,,,0,,,8.0,,
2025-08-20 02:00:00,351150400,ZIELONA GÓRA,2025,8,20,2,18.1,59,10.0,986.9,1009.5,309.0,2.0,,,0,,,8.0,,
2025-08-20 03:00:00,351150400,ZIELONA GÓRA,2025,8,20,3,17.7,61,10.1,986.5,1009.1,296.0,2.0,,,0,,,8.0,,
2025-08-20 04:00:00,351150400,ZIELONA GÓRA,2025,8,20,4,16.4,67,10.3,986.4,1009.1,318.0,2.0,,,0,,,8.0,,
2025-08-20 05:00:00,351150400,ZIELONA GÓRA,2025,8,20,5,17.2,64,10.3,986.3,1008.9,331.0,2.0,,2.0,0,,,8.0,,
2025-08-20 06:00:00,351150400,ZIELONA GÓRA,2025,8,20,6,18.2,62,10.8,986.5,1009.0,321.0,2.0,,1.0,1,,,9.0,,
2025-08-20 07:00:00,351150400,ZIELONA GÓRA,2025,8,20,7,19.0,63,11.8,986.6,1009.1,335.0,2.0,,2.0,3,0.0,,8.0,,
2025-08-20 08:00:00,351150400,ZIELONA GÓRA,2025,8,20,8,19.9,64,12.9,987.0,1009.4,348.0,2.0,,3.0,3,0.0,,8.0,,
2025-08-20 09:00:00,351150400,ZIELONA GÓRA,2025,8,20,9,21.5,62,13.9,987.3,1009.6,301.0,2.0,,3.0,3,0.0,,8.0,,
2025-08-20 10:00:00,351150400,ZIELONA GÓRA,2025,8,20,10,22.3,59,13.9,987.2,1009.4,311.0,3.0,,4.0,3,0.0,,8.0,,
2025-08-20 11:00:00,351150400,ZIELONA GÓRA,2025,8,20,11,22.6,57,13.6,987.1,1009.3,310.0,3.0,,4.0,3,0.0,,8.0,,
2025-08-20 12:00:00,351150400,ZIELONA GÓRA,2025,8,20,12,23.5,52,13.1,987.0,1009.1,316.0,4.0,,4.0,3,0.0,,9.0,,
2025-08-20 13:00:00,351150400,ZIELONA GÓRA,2025,8,20,13,24.1,46,11.8,986.9,1009.0,330.0,3.0,,4.0,1,0.0,,8.0,,
2025-08-20 14:00:00,351150400,ZIELONA GÓRA,2025,8,20,14,23.4,42,9.8,986.8,1008.9,330.0,3.0,,4.0,2,0.0,,8.0,,
2025-08-20 15:00:00,351150400,ZIELONA GÓRA,2025,8,20,15,23.6,42,9.9,986.8,1008.9,326.0,3.0,,3.0,1,0.0,,8.0,,
2025-08-20 16:00:00,351150400,ZIELONA GÓRA,2025,8,20,16,23.4,39,8.7,986.7,1008.8,360.0,2.0,,4.0,1,0.0,,8.0,,
2025-08-20 17:00:00,351150400,ZIELONA GÓRA,2025,8,20,17,22.1,49,10.9,986.9,1009.2,360.0,3.0,,3.0,1,0.0,,8.0,,
2025-08-20 18:00:00,351150400,ZIELONA GÓRA,2025,8,20,18,20.7,54,11.1,987.1,1009.5,354.0,2.0,,3.0,1,0.0,,9.0,,
2025-08-20 19:00:00,351150400,ZIELONA GÓRA,2025,8,20,19,19.3,59,11.1,987.5,1010.0,17.0,2.0,,1.0,1,0.0,,8.0,,
2025-08-20 20:00:00,351150400,ZIELONA GÓRA,2025,8,20,20,18.4,61,10.7,987.8,1010.4,26.0,2.0,,1.0,1,0.0,,8.0,,
2025-08-20 21:00:00,351150400,ZIELONA GÓRA,2025,8,20,21,17.4,65,10.7,988.2,1010.8,27.0,2.0,,,0,,,8.0,,
2025-08-20 22:00:00,351150400,ZIELONA GÓRA,2025,8,20,22,16.7,68,10.8,988.4,1011.1,49.0,2.0,,,0,,,8.0,,
2025-08-20 23:00:00,351150400,ZIELONA GÓRA,2025,8,20,23,15.9,72,10.9,988.4,1011.2,69.0,2.0,,,0,,,8.0,,
2025-08-21 00:00:00,351150400,ZIELONA GÓRA,2025,8,21,0,15.1,75,10.7,988.2,1011.0,65.0,3.0,,,0,,,9.0,,
2025-08-21 01:00:00,351150400,ZIELONA GÓRA,2025,8,21,1,14.3,73,9.5,987.8,1010.7,73.0,3.0,,,0,,,8.0,,
2025-08-21 02:00:00,351150400,ZIELONA GÓRA,2025,8,21,2,13.3,77,9.4,987.8,1010.8,91.0,2.0,,,0,,,8.0,,
2025-08-21 03:00:00,351150400,ZIELONA GÓRA,2025,8,21,3,12.6,78,8.9,987.7,1010.7,118.0,2.0,,,0,,,8.0,,
2025-08-21 04:00:00,351150400,ZIELONA GÓRA,2025,8,21,4,12.4,76,8.3,987.7,1010.7,107.0,2.0,,,0,,,8.0,,
2025-08-21 05:00:00,351150400,ZIELONA GÓRA,2025,8,21,5,12.9,73,8.2,987.5,1010.5,90.0,1.0,,1.0,0,,,8.0,,
2025-08-21 06:00:00,351150400,ZIELONA GÓRA,2025,8,21,6,14.5,68,8.7,987.4,1010.3,107.0,2.0,,1.0,1,,,9.0,,
2025-08-21 07:00:00,351150400,ZIELONA GÓRA,2025,8,21,7,16.0,64,9.2,987.3,1010.0,115.0,3.0,,2.0,3,0.0,,8.0,,
2025-08-21 08:00:00,351150400,ZIELONA GÓRA,2025,8,21,8,18.0,59,9.9,987.3,1009.9,107.0,2.0,,3.0,1,0.0,,8.0,,
2025-08-21 09:00:00,351150400,ZIELONA GÓRA,2025,8,21,9,19.4,54,9.8,987.3,1009.8,100.0,2.0,,3.0,1,0.0,,8.0,,
2025-08-21 10:00:00,351150400,ZIELONA GÓRA,2025,8,21,10,21.0,47,9.3,987.0,1009.3,115.0,2.0,,4.0,3,0.0,,8.0,,
2025-08-21 11:00:00,351150400,ZIELONA GÓRA,2025,8,21,11,21.3,44,8.5,986.7,1009.0,107.0,1.0,,6.0,3,1.0,,8.0,,
2025-08-21 12:00:00,351150400,ZIELONA GÓRA,2025,8,21,12,21.5,44,8.7,986.6,1008.9,28.0,2.0,,6.0,1,1.0,,9.0,,
2025-08-21 13:00:00,351150400,ZIELONA GÓRA,2025,8,21,13,22.6,41,8.7,986.2,1008.4,128.0,1.0,,5.0,3,2.0,,8.0,,
2025-08-21 14:00:00,351150400,ZIELONA GÓRA,2025,8,21,14,22.1,41,8.2,985.9,1008.1,100.0,2.0,,5.0,3,2.0,,8.0,,
2025-08-21 15:00:00,351150400,ZIELONA GÓRA,2025,8,21,15,22.7,40,8.4,985.7,1007.9,312.0,1.0,,5.0,1,2.0,,8.0,,
2025-08-21 16:00:00,351150400,ZIELONA GÓRA,2025,8,21,16,22.1,41,8.2,985.5,1007.7,9.0,1.0,,5.0,3,2.0,,8.0,,
2025-08-21 17:00:00,351150400,ZIELONA GÓRA,2025,8,21,17,21.4,43,8.3,985.4,1007.7,68.0,1.0,,3.0,1,1.0,,8.0,,
2025-08-21 18:00:00,351150400,ZIELONA GÓRA,2025,8,21,18,20.0,47,8.3,985.6,1008.0,70.0,1.0,,3.0,1,1.0,,9.0,,
2025-08-21 19:00:00,351150400,ZIELONA GÓRA,2025,8,21,19,18.8,51,8.4,985.8,1008.3,39.0,1.0,,4.0,3,0.0,,8.0,,
2025-08-21 20:00:00,351150400,ZIELONA GÓRA,2025,8,21,20,19.0,54,9.5,986.2,1008.7,353.0,2.0,,5.0,3,1.0,,8.0,,
2025-08-21 21:00:00,351150400,ZIELONA GÓRA,2025,8,21,21,18.1,57,9.4,986.7,1009.3,339.0,3.0,,,0,,,8.0,,
2025-08-21 22:00:00,351150400,ZIELONA GÓRA,2025,8,21,22,17.3,53,7.6,987.4,1010.0,338.0,4.0,,,0,,,8.0,,
2025-08-21 23:00:00,351150400,ZIELONA GÓRA,2025,8,21,23,15.9,59,7.9,987.9,1010.7,335.0,3.0,,,0,,,8.0,,
2025-08-22 00:00:00,351150400,ZIELONA GÓRA,2025,8,22,0,15.0,66,8.7,988.0,1010.8,336.0,3.0,,,0,,,9.0,,
2025-08-22 01:00:00,351150400,ZIELONA GÓRA,2025,8,22,1,14.2,70,8.8,988.2,1011.1,317.0,3.0,,,0,,,8.0,,
2025-08-22 02:00:00,351150400,ZIELONA GÓRA,2025,8,22,2,13.0,76,8.9,988.4,1011.4,311.0,2.0,,,0,,,8.0,,
2025-08-22 03:00:00,351150400,ZIELONA GÓRA,2025,8,22,3,12.4,74,7.9,988.7,1011.8,306.0,3.0,,,0,,,8.0,,
2025-08-22 04:00:00,351150400,ZIELONA GÓRA,2025,8,22,4,11.9,74,7.4,989.1,1012.2,303.0,3.0,,,0,,,8.0,,
2025-08-22 05:00:00,351150400,ZIELONA GÓRA,2025,8,22,5,12.0,73,7.3,989.2,1012.3,306.0,3.0,,2.0,0,,,8.0,,
2025-08-22 06:00:00,351150400,ZIELONA GÓRA,2025,8,22,6,13.3,69,7.7,989.6,1012.6,292.0,3.0,,2.0,3,,,9.0,,
2025-08-22 07:00:00,351150400,ZIELONA GÓRA,2025,8,22,7,15.1,65,8.6,989.7,1012.6,290.0,3.0,,2.0,1,0.0,,8.0,,
2025-08-22 08:00:00,351150400,ZIELONA GÓRA,2025,8,22,8,16.8,55,7.7,989.9,1012.6,295.0,4.0,,3.0,3,0.0,,8.0,,
2025-08-22 09:00:00,351150400,ZIELONA GÓRA,2025,8,22,9,16.8,53,7.2,990.3,1013.0,304.0,4.0,,7.0,3,1.0,,8.0,,
2025-08-22 10:00:00,351150400,ZIELONA GÓRA,2025,8,22,10,16.5,58,8.2,990.6,1013.4,286.0,3.0,,7.0,1,2.0,,8.0,,
2025-08-22 11:00:00,351150400,ZIELONA GÓRA,2025,8,22,11,17.1,60,9.3,990.4,1013.1,310.0,3.0,,6.0,3,2.0,,8.0,,
2025-08-22 12:00:00,351150400,ZIELONA GÓRA,2025,8,22,12,17.8,52,7.8,990.5,1013.2,320.0,4.0,,5.0,3,1.0,,9.0,,
2025-08-22 13:00:00,351150400,ZIELONA GÓRA,2025,8,22,13,19.0,44,6.5,990.2,1012.8,290.0,4.0,,6.0,3,2.0,,8.0,,
2025-08-22 14:00:00,351150400,ZIELONA GÓRA,2025,8,22,14,18.5,45,6.3,990.4,1013.0,277.0,5.0,10.0,6.0,1,2.0,,8.0,,
2025-08-22 15:00:00,351150400,ZIELONA GÓRA,2025,8,22,15,18.6,43,5.8,990.3,1012.9,294.0,5.0,,5.0,1,2.0,,8.0,,
2025-08-22 16:00:00,351150400,ZIELONA GÓRA,2025,8,22,16,18.1,38,3.5,990.4,1013.0,299.0,6.0,11.0,2.0,1,1.0,,8.0,,
2025-08-22 17:00:00,351150400,ZIELONA GÓRA,2025,8,22,17,16.6,44,4.3,990.8,1013.6,300.0,5.0,,1.0,1,0.0,,8.0,,
2025-08-22 18:00:00,351150400,ZIELONA GÓRA,2025,8,22,18,16.0,49,5.3,991.1,1013.9,276.0,2.0,,7.0,3,1.0,,9.0,,
2025-08-22 19:00:00,351150400,ZIELONA GÓRA,2025,8,22,19,15.6,51,5.5,991.4,1014.3,265.0,3.0,,7.0,2,2.0,,8.0,,
2025-08-22 20:00:00,351150400,ZIELONA GÓRA,2025,8,22,20,14.8,55,5.8,991.4,1014.3,271.0,3.0,,5.0,1,2.0,,8.0,,
2025-08-22 21:00:00,351150400,ZIELONA GÓRA,2025,8,22,21,14.8,56,6.1,991.1,1014.0,260.0,3.0,,,0,,,8.0,,
2025-08-22 22:00:00,351150400,ZIELONA GÓRA,2025,8,22,22,14.7,58,6.5,991.1,1014.0,261.0,3.0,,,0,,,8.0,,
2025-08-22 23:00:00,351150400,ZIELONA GÓRA,2025,8,22,23,14.4,59,6.5,990.9,1013.8,273.0,3.0,,,0,,,8.0,,
2025-08-23 00:00:00,351150400,ZIELONA GÓRA,2025,8,23,0,14.0,62,6.8,990.7,1013.7,268.0,2.0,,,0,,,9.0,,
2025-08-23 01:00:00,351150400,ZIELONA GÓRA,2025,8,23,1,13.2,66,7.0,990.5,1013.5,261.0,3.0,,,0,,,8.0,,
2025-08-23 02:00:00,351150400,ZIELONA GÓRA,2025,8,23,2,12.8,69,7.2,990.4,1013.5,278.0,3.0,,,0,,,8.0,,
2025-08-23 03:00:00,351150400,ZIELONA GÓRA,2025,8,23,3,12.5,72,7.6,990.1,1013.2,261.0,3.0,,,0,,,8.0,,
2025-08-23 04:00:00,351150400,ZIELONA GÓRA,2025,8,23,4,12.1,74,7.6,989.9,1013.0,261.0,3.0,,,0,,,8.0,,
2025-08-23 05:00:00,351150400,ZIELONA GÓRA,2025,8,23,5,12.1,74,7.6,990.0,1013.1,259.0,3.0,,7.0,0,,,8.0,,
2025-08-23 06:00:00,351150400,ZIELONA GÓRA,2025,8,23,6,12.5,71,7.4,990.0,1013.1,257.0,4.0,,7.0,2,,,9.0,,
2025-08-23 07:00:00,351150400,ZIELONA GÓRA,2025,8,23,7,14.0,64,7.3,990.1,1013.1,265.0,4.0,,6.0,3,2.0,,8.0,,
2025-08-23 08:00:00,351150400,ZIELONA GÓRA,2025,8,23,8,14.8,59,6.9,990.1,1013.0,261.0,5.0,,6.0,3,2.0,,8.0,,
2025-08-23 09:00:00,351150400,ZIELONA GÓRA,2025,8,23,9,15.4,52,5.6,989.8,1012.6,274.0,4.0,9.0,7.0,3,2.0,,8.0,,
2025-08-23 10:00:00,351150400,ZIELONA GÓRA,2025,8,23,10,15.5,53,6.0,989.5,1012.3,265.0,5.0,10.0,7.0,80,2.0,,8.0,,
2025-08-23 11:00:00,351150400,ZIELONA GÓRA,2025,8,23,11,14.5,76,10.3,989.5,1012.4,250.0,4.0,10.0,5.0,25,2.0,,8.0,,
2025-08-23 12:00:00,351150400,ZIELONA GÓRA,2025,8,23,12,15.8,62,8.5,989.0,1011.8,253.0,4.0,,6.0,3,8.0,1.0,,6.0,
2025-08-23 13:00:00,351150400,ZIELONA GÓRA,2025,8,23,13,12.3,77,8.4,989.5,1012.6,319.0,6.0,11.0,6.0,25,8.0,,8.0,,
2025-08-23 14:00:00,351150400,ZIELONA GÓRA,2025,8,23,14,14.5,55,5.6,989.7,1012.6,297.0,4.0,10.0,5.0,25,2.0,,8.0,,
2025-08-23 15:00:00,351150400,ZIELONA GÓRA,2025,8,23,15,13.9,58,5.8,990.0,1013.0,297.0,6.0,,6.0,1,8.0,,8.0,,
2025-08-23 16:00:00,351150400,ZIELONA GÓRA,2025,8,23,16,13.4,60,5.8,990.8,1013.8,312.0,5.0,,7.0,3,2.0,,8.0,,
2025-08-23 17:00:00,351150400,ZIELONA GÓRA,2025,8,23,17,9.0,84,6.4,991.2,1014.6,346.0,5.0,13.0,7.0,17,8.0,,8.0,,
2025-08-23 18:00:00,351150400,ZIELONA GÓRA,2025,8,23,18,8.7,89,7.0,991.8,1015.2,301.0,3.0,,3.0,1,9.0,3.9,,6.0,
2025-08-23 19:00:00,351150400,ZIELONA GÓRA,2025,8,23,19,8.4,90,6.9,992.8,1016.3,304.0,3.0,,7.0,80,1.0,,8.0,,
2025-08-23 20:00:00,351150400,ZIELONA GÓRA,2025,8,23,20,8.4,86,6.2,993.0,1016.5,269.0,2.0,,2.0,1,1.0,,8.0,,
2025-08-23 21:00:00,351150400,ZIELONA GÓRA,2025,8,23,21,8.5,81,5.4,993.6,1017.1,277.0,2.0,,,0,,,8.0,,
2025-08-23 22:00:00,351150400,ZIELONA GÓRA,2025,8,23,22,9.1,82,6.2,993.8,1017.3,272.0,3.0,,,0,,,8.0,,
2025-08-23 23:00:00,351150400,ZIELONA GÓRA,2025,8,23,23,9.1,81,6.0,994.0,1017.5,276.0,3.0,,,0,,,8.0,,
2025-08-24 00:00:00,351150400,ZIELONA GÓRA,2025,8,24,0,9.1,81,6.0,994.2,1017.7,275.0,3.0,,,0,,0.0,,,
2025-08-24 01:00:00,351150400,ZIELONA GÓRA,2025,8,24,1,9.4,79,5.9,994.3,1017.7,281.0,3.0,,,0,,,8.0,,
2025-08-24 02:00:00,351150400,ZIELONA GÓRA,2025,8,24,2,9.6,76,5.6,994.4,1017.8,274.0,4.0,,,0,,,8.0,,
2025-08-24 03:00:00,351150400,ZIELONA GÓRA,2025,8,24,3,9.5,76,5.5,994.5,1017.9,283.0,3.0,8.0,,0,,,8.0,,
2025-08-24 04:00:00,351150400,ZIELONA GÓRA,2025,8,24,4,9.2,78,5.6,994.7,1018.2,281.0,3.0,,,0,,,8.0,,
2025-08-24 05:00:00,351150400,ZIELONA GÓRA,2025,8,24,5,9.8,76,5.8,995.0,1018.4,286.0,2.0,,2.0,0,,,8.0,,
2025-08-24 06:00:00,351150400,ZIELONA GÓRA,2025,8,24,6,11.4,73,6.7,995.3,1018.6,258.0,2.0,,1.0,1,,,9.0,,
2025-08-24 07:00:00,351150400,ZIELONA GÓRA,2025,8,24,7,12.3,73,7.6,995.5,1018.7,273.0,3.0,,1.0,1,0.0,,8.0,,
2025-08-24 08:00:00,351150400,ZIELONA GÓRA,2025,8,24,8,15.0,63,8.0,995.5,1018.5,245.0,3.0,,0.0,1,0.0,,8.0,,
2025-08-24 09:00:00,351150400,ZIELONA GÓRA,2025,8,24,9,15.5,62,8.2,995.7,1018.7,263.0,4.0,,1.0,3,0.0,,8.0,,
2025-08-24 10:00:00,351150400,ZIELONA GÓRA,2025,8,24,10,16.8,53,7.2,995.6,1018.5,282.0,4.0,,3.0,3,0.0,,8.0,,
2025-08-24 11:00:00,351150400,ZIELONA GÓRA,2025,8,24,11,17.9,47,6.4,995.4,1018.2,273.0,4.0,,3.0,1,0.0,,8.0,,
2025-08-24 12:00:00,351150400,ZIELONA GÓRA,2025,8,24,12,18.3,37,3.3,995.2,1017.9,262.0,4.0,,2.0,1,0.0,,9.0,,
2025-08-24 13:00:00,351150400,ZIELONA GÓRA,2025,8,24,13,18.6,40,4.7,995.0,1017.7,288.0,4.0,9.0,3.0,3,0.0,,8.0,,
2025-08-24 14:00:00,351150400,ZIELONA GÓRA,2025,8,24,14,19.1,36,3.7,994.8,1017.5,285.0,4.0,,3.0,1,0.0,,8.0,,
2025-08-24 15:00:00,351150400,ZIELONA GÓRA,2025,8,24,15,18.6,35,2.8,994.6,1017.3,279.0,4.0,,2.0,1,0.0,,8.0,,
2025-08-24 16:00:00,351150400,ZIELONA GÓRA,2025,8,24,16,18.0,39,3.8,994.5,1017.2,282.0,3.0,,3.0,3,0.0,,8.0,,
2025-08-24 17:00:00,351150400,ZIELONA GÓRA,2025,8,24,17,16.7,47,5.3,994.5,1017.3,274.0,4.0,,5.0,1,1.0,,8.0,,
2025-08-24 18:00:00,351150400,ZIELONA GÓRA,2025,8,24,18,15.8,53,6.2,994.5,1017.4,261.0,2.0,,6.0,3,1.0,,9.0,,
2025-08-24 19:00:00,351150400,ZIELONA GÓRA,2025,8,24,19,15.3,55,6.3,994.8,1017.8,266.0,3.0,,7.0,1,2.0,,8.0,,
2025-08-24 20:00:00,351150400,ZIELONA GÓRA,2025,8,24,20,14.5,59,6.6,994.8,1017.8,269.0,2.0,,5.0,1,2.0,,8.0,,
2025-08-24 21:00:00,351150400,ZIELONA GÓRA,2025,8,24,21,14.2,60,6.5,994.8,1017.9,251.0,2.0,,,0,,,8.0,,
2025-08-24 22:00:00,351150400,ZIELONA GÓRA,2025,8,24,22,14.5,60,6.8,995.0,1018.0,262.0,3.0,,,0,,,8.0,,
2025-08-24 23:00:00,351150400,ZIELONA GÓRA,2025,8,24,23,14.0,63,7.1,994.9,1018.0,268.0,3.0,,,0,,,8.0,,
2025-08-25 00:00:00,351150400,ZIELONA GÓRA,2025,8,25,0,13.8,65,7.3,994.9,1018.0,267.0,3.0,,,0,,,9.0,,
2025-08-25 01:00:00,351150400,ZIELONA GÓRA,2025,8,25,1,12.9,69,7.3,994.7,1017.9,268.0,3.0,,,0,,,8.0,,
2025-08-25 02:00:00,351150400,ZIELONA GÓRA,2025,8,25,2,12.0,73,7.3,994.6,1017.8,269.0,3.0,,,0,,,8.0,,
2025-08-25 03:00:00,351150400,ZIELONA GÓRA,2025,8,25,3,11.6,76,7.5,994.5,1017.8,265.0,3.0,,,0,,,8.0,,
2025-08-25 04:00:00,351150400,ZIELONA GÓRA,2025,8,25,4,11.0,79,7.5,994.5,1017.8,265.0,3.0,,,0,,,8.0,,
2025-08-25 05:00:00,351150400,ZIELONA GÓRA,2025,8,25,5,10.9,79,7.4,994.8,1018.1,268.0,3.0,,2.0,0,,,8.0,,
2025-08-25 06:00:00,351150400,ZIELONA GÓRA,2025,8,25,6,11.9,73,7.2,995.0,1018.2,275.0,4.0,,2.0,3,,,9.0,,
2025-08-25 07:00:00,351150400,ZIELONA GÓRA,2025,8,25,7,13.4,64,6.7,995.3,1018.4,285.0,5.0,,5.0,3,1.0,,8.0,,
2025-08-25 08:00:00,351150400,ZIELONA GÓRA,2025,8,25,8,14.2,61,6.8,995.4,1018.5,276.0,4.0,9.0,7.0,3,2.0,,8.0,,
2025-08-25 09:00:00,351150400,ZIELONA GÓRA,2025,8,25,9,14.0,61,6.6,995.7,1018.8,292.0,4.0,,7.0,3,1.0,,8.0,,
2025-08-25 10:00:00,351150400,ZIELONA GÓRA,2025,8,25,10,14.6,58,6.4,995.7,1018.7,271.0,4.0,,7.0,3,2.0,,8.0,,
2025-08-25 11:00:00,351150400,ZIELONA GÓRA,2025,8,25,11,15.8,53,6.2,995.4,1018.3,289.0,4.0,,7.0,1,2.0,,8.0,,
2025-08-25 12:00:00,351150400,ZIELONA GÓRA,2025,8,25,12,16.0,52,6.1,995.0,1017.9,287.0,4.0,,7.0,3,1.0,,9.0,,
2025-08-25 13:00:00,351150400,ZIELONA GÓRA,2025,8,25,13,16.7,52,6.8,994.4,1017.2,286.0,3.0,,7.0,1,2.0,,8.0,,
2025-08-25 14:00:00,351150400,ZIELONA GÓRA,2025,8,25,14,16.4,55,7.3,994.0,1016.9,268.0,4.0,,7.0,1,2.0,,8.0,,
2025-08-25 15:00:00,351150400,ZIELONA GÓRA,2025,8,25,15,17.5,50,7.0,993.5,1016.3,270.0,4.0,,6.0,1,2.0,,8.0,,
2025-08-25 16:00:00,351150400,ZIELONA GÓRA,2025,8,25,16,17.3,50,6.8,993.2,1016.0,291.0,3.0,,4.0,1,1.0,,8.0,,
2025-08-25 17:00:00,351150400,ZIELONA GÓRA,2025,8,25,17,16.4,52,6.5,993.1,1015.9,329.0,3.0,,3.0,1,0.0,,8.0,,
2025-08-25 18:00:00,351150400,ZIELONA GÓRA,2025,8,25,18,14.8,59,6.9,993.0,1016.0,336.0,1.0,,2.0,1,1.0,,9.0,,
2025-08-25 19:00:00,351150400,ZIELONA GÓRA,2025,8,25,19,12.7,67,6.7,993.1,1016.2,0.0,0.0,,1.0,1,0.0,,8.0,,
2025-08-25 20:00:00,351150400,ZIELONA GÓRA,2025,8,25,20,12.3,70,7.0,993.1,1016.3,344.0,1.0,,0.0,1,0.0,,8.0,,
2025-08-25 21:00:00,351150400,ZIELONA GÓRA,2025,8,25,21,12.6,67,6.6,993.0,1016.1,0.0,0.0,,,0,,,8.0,,
2025-08-25 22:00:00,351150400,ZIELONA GÓRA,2025,8,25,22,12.0,70,6.7,992.8,1016.0,183.0,1.0,,,0,,,8.0,,
2025-08-25 23:00:00,351150400,ZIELONA GÓRA,2025,8,25,23,12.2,69,6.7,992.6,1015.8,201.0,2.0,,,0,,,8.0,,
2025-08-26 00:00:00,351150400,ZIELONA GÓRA,2025,8,26,0,11.8,71,6.7,992.3,1015.5,193.0,2.0,,,0,,,9.0,,
2025-08-26 01:00:00,351150400,ZIELONA GÓRA,2025,8,26,1,11.2,73,6.5,992.0,1015.2,181.0,2.0,,,0,,,8.0,,
2025-08-26 02:00:00,351150400,ZIELONA GÓRA,2025,8,26,2,10.6,76,6.5,991.7,1015.0,189.0,2.0,,,0,,,8.0,,
2025-08-26 03:00:00,351150400,ZIELONA GÓRA,2025,8,26,3,10.6,75,6.3,991.6,1014.9,185.0,2.0,,,0,,,8.0,,
2025-08-26 04:00:00,351150400,ZIELONA GÓRA,2025,8,26,4,11.0,74,6.5,991.6,1014.8,180.0,2.0,,,0,,,8.0,,
2025-08-26 05:00:00,351150400,ZIELONA GÓRA,2025,8,26,5,10.9,76,6.8,991.7,1015.0,185.0,2.0,,5.0,0,,,8.0,,
2025-08-26 06:00:00,351150400,ZIELONA GÓRA,2025,8,26,6,12.6,70,7.3,991.5,1014.6,173.0,2.0,,6.0,3,,,9.0,,
2025-08-26 07:00:00,351150400,ZIELONA GÓRA,2025,8,26,7,14.3,64,7.6,991.7,1014.7,213.0,1.0,,6.0,2,2.0,,8.0,,
2025-08-26 08:00:00,351150400,ZIELONA GÓRA,2025,8,26,8,15.9,59,7.9,991.8,1014.6,269.0,1.0,,6.0,1,2.0,,8.0,,
2025-08-26 09:00:00,351150400,ZIELONA GÓRA,2025,8,26,9,16.6,58,8.3,991.9,1014.7,305.0,3.0,,7.0,3,2.0,,8.0,,
2025-08-26 10:00:00,351150400,ZIELONA GÓRA,2025,8,26,10,17.6,54,8.2,991.8,1014.5,297.0,3.0,,1.0,1,1.0,,8.0,,
2025-08-26 11:00:00,351150400,ZIELONA GÓRA,2025,8,26,11,18.4,50,7.8,991.6,1014.2,243.0,2.0,,6.0,3,1.0,,8.0,,
2025-08-26 12:00:00,351150400,ZIELONA GÓRA,2025,8,26,12,19.5,46,7.6,991.6,1014.2,259.0,2.0,,4.0,3,1.0,,9.0,,
2025-08-26 13:00:00,351150400,ZIELONA GÓRA,2025,8,26,13,19.6,44,7.0,991.3,1013.8,273.0,3.0,,3.0,1,0.0,,8.0,,
2025-08-26 14:00:00,351150400,ZIELONA GÓRA,2025,8,26,14,20.1,41,6.4,990.9,1013.4,248.0,3.0,,1.0,1,0.0,,8.0,,
2025-08-26 15:00:00,351150400,ZIELONA GÓRA,2025,8,26,15,20.6,40,6.5,990.9,1013.4,252.0,2.0,,1.0,1,0.0,,8.0,,
2025-08-26 16:00:00,351150400,ZIELONA GÓRA,2025,8,26,16,20.1,42,6.8,990.7,1013.2,261.0,2.0,,1.0,2,0.0,,8.0,,
2025-08-26 17:00:00,351150400,ZIELONA GÓRA,2025,8,26,17,19.3,44,6.7,990.6,1013.2,204.0,1.0,,3.0,1,0.0,,8.0,,
2025-08-26 18:00:00,351150400,ZIELONA GÓRA,2025,8,26,18,17.3,52,7.3,990.7,1013.4,0.0,0.0,,4.0,3,0.0,,9.0,,
2025-08-26 19:00:00,351150400,ZIELONA GÓRA,2025,8,26,19,16.5,54,7.2,990.9,1013.7,16.0,1.0,,7.0,3,1.0,,8.0,,
2025-08-26 20:00:00,351150400,ZIELONA GÓRA,2025,8,26,20,15.9,55,6.9,990.6,1013.4,37.0,1.0,,2.0,1,1.0,,8.0,,
2025-08-26 21:00:00,351150400,ZIELONA GÓRA,2025,8,26,21,16.1,53,6.5,990.3,1013.1,79.0,1.0,,,0,,,8.0,,
2025-08-26 22:00:00,351150400,ZIELONA GÓRA,2025,8,26,22,14.9,58,6.7,990.3,1013.2,126.0,2.0,,,0,,,8.0,,
2025-08-26 23:00:00,351150400,ZIELONA GÓRA,2025,8,26,23,13.9,64,7.2,990.4,1013.4,118.0,2.0,,,0,,,8.0,,
2025-08-27 00:00:00,351150400,ZIELONA GÓRA,2025,8,27,0,14.3,60,6.6,990.3,1013.2,131.0,2.0,,,0,,,9.0,,
2025-08-27 01:00:00,351150400,ZIELONA GÓRA,2025,8,27,1,14.5,59,6.6,990.0,1012.9,133.0,2.0,,,0,,,8.0,,
2025-08-27 02:00:00,351150400,ZIELONA GÓRA,2025,8,27,2,14.1,61,6.7,990.0,1012.9,132.0,2.0,,,0,,,8.0,,
2025-08-27 03:00:00,351150400,ZIELONA GÓRA,2025,8,27,3,14.8,59,6.9,989.6,1012.5,130.0,2.0,,,0,,,8.0,,
2025-08-27 04:00:00,351150400,ZIELONA GÓRA,2025,8,27,4,15.4,57,6.9,989.6,1012.4,131.0,3.0,,,0,,,8.0,,
2025-08-27 05:00:00,351150400,ZIELONA GÓRA,2025,8,27,5,14.9,60,7.2,989.5,1012.4,113.0,3.0,,4.0,0,,,8.0,,
2025-08-27 06:00:00,351150400,ZIELONA GÓRA,2025,8,27,6,16.3,59,8.3,989.7,1012.5,123.0,3.0,,3.0,1,,,9.0,,
2025-08-27 07:00:00,351150400,ZIELONA GÓRA,2025,8,27,7,16.9,60,9.1,989.6,1012.3,127.0,2.0,,5.0,3,1.0,,8.0,,
2025-08-27 08:00:00,351150400,ZIELONA GÓRA,2025,8,27,8,18.6,55,9.4,990.1,1012.7,128.0,2.0,,6.0,3,2.0,,8.0,,
2025-08-27 09:00:00,351150400,ZIELONA GÓRA,2025,8,27,9,19.9,56,10.9,990.3,1012.8,143.0,2.0,,6.0,1,1.0,,8.0,,
2025-08-27 10:00:00,351150400,ZIELONA GÓRA,2025,8,27,10,22.5,43,9.3,990.0,1012.3,121.0,4.0,,6.0,1,2.0,,8.0,,
2025-08-27 11:00:00,351150400,ZIELONA GÓRA,2025,8,27,11,25.2,36,9.1,989.4,1011.5,139.0,3.0,,5.0,3,2.0,,8.0,,
2025-08-27 12:00:00,351150400,ZIELONA GÓRA,2025,8,27,12,25.2,35,8.6,989.2,1011.3,143.0,3.0,,7.0,3,1.0,,9.0,,
2025-08-27 13:00:00,351150400,ZIELONA GÓRA,2025,8,27,13,27.1,31,8.5,988.8,1010.7,162.0,2.0,,7.0,1,2.0,,8.0,,
2025-08-27 14:00:00,351150400,ZIELONA GÓRA,2025,8,27,14,28.0,27,7.3,988.3,1010.1,167.0,3.0,,3.0,1,1.0,,8.0,,
2025-08-27 15:00:00,351150400,ZIELONA GÓRA,2025,8,27,15,27.3,29,7.7,988.1,1010.0,150.0,3.0,,6.0,3,1.0,,8.0,,
2025-08-27 16:00:00,351150400,ZIELONA GÓRA,2025,8,27,16,26.4,34,9.3,988.0,1010.0,181.0,4.0,,6.0,1,2.0,,8.0,,
2025-08-27 17:00:00,351150400,ZIELONA GÓRA,2025,8,27,17,24.8,44,11.7,988.0,1010.1,170.0,3.0,,6.0,3,2.0,,8.0,,
2025-08-27 18:00:00,351150400,ZIELONA GÓRA,2025,8,27,18,23.0,50,12.0,988.1,1010.3,151.0,2.0,,5.0,3,1.0,,9.0,,
2025-08-27 19:00:00,351150400,ZIELONA GÓRA,2025,8,27,19,21.8,55,12.4,988.2,1010.5,159.0,2.0,,3.0,1,1.0,,8.0,,
2025-08-27 20:00:00,351150400,ZIELONA GÓRA,2025,8,27,20,21.3,57,12.4,988.2,1010.5,144.0,2.0,,3.0,1,0.0,,8.0,,
2025-08-27 21:00:00,351150400,ZIELONA GÓRA,2025,8,27,21,20.8,58,12.2,987.7,1010.1,138.0,2.0,,,0,,,8.0,,
2025-08-27 22:00:00,351150400,ZIELONA GÓRA,2025,8,27,22,20.3,60,12.3,987.9,1010.3,143.0,2.0,,,0,,,8.0,,
2025-08-27 23:00:00,351150400,ZIELONA GÓRA,2025,8,27,23,19.9,61,12.2,987.5,1009.9,141.0,2.0,,,0,,,8.0,,
2025-08-28 00:00:00,351150400,ZIELONA GÓRA,2025,8,28,0,19.7,62,12.2,987.0,1009.4,140.0,2.0,,,0,,,9.0,,
2025-08-28 01:00:00,351150400,ZIELONA GÓRA,2025,8,28,1,19.4,63,12.2,986.4,1008.8,135.0,2.0,,,0,,,8.0,,
2025-08-28 02:00:00,351150400,ZIELONA GÓRA,2025,8,28,2,19.0,64,12.0,986.1,1008.6,134.0,2.0,,,0,,,8.0,,
2025-08-28 03:00:00,351150400,ZIELONA GÓRA,2025,8,28,3,19.4,65,12.6,986.4,1008.8,6.0,1.0,,,0,,,8.0,,
2025-08-28 04:00:00,351150400,ZIELONA GÓRA,2025,8,28,4,17.9,71,12.6,986.3,1008.9,115.0,2.0,,,0,,,8.0,,
2025-08-28 05:00:00,351150400,ZIELONA GÓRA,2025,8,28,5,18.0,70,12.4,986.0,1008.5,132.0,3.0,,7.0,0,,,8.0,,
2025-08-28 06:00:00,351150400,ZIELONA GÓRA,2025,8,28,6,20.0,64,13.0,985.7,1008.1,119.0,2.0,,7.0,1,,,9.0,,
2025-08-28 07:00:00,351150400,ZIELONA GÓRA,2025,8,28,7,22.3,57,13.4,985.3,1007.5,120.0,2.0,,6.0,1,2.0,,8.0,,
2025-08-28 08:00:00,351150400,ZIELONA GÓRA,2025,8,28,8,23.3,55,13.7,984.9,1007.0,129.0,3.0,,3.0,1,1.0,,8.0,,
2025-08-28 09:00:00,351150400,ZIELONA GÓRA,2025,8,28,9,25.4,48,13.6,984.1,1006.0,109.0,2.0,,3.0,3,1.0,,8.0,,
2025-08-28 10:00:00,351150400,ZIELONA GÓRA,2025,8,28,10,26.7,44,13.4,983.4,1005.2,129.0,3.0,,3.0,1,0.0,,8.0,,
2025-08-28 11:00:00,351150400,ZIELONA GÓRA,2025,8,28,11,28.3,42,14.2,982.9,1004.6,147.0,2.0,,7.0,3,1.0,,8.0,,
2025-08-28 12:00:00,351150400,ZIELONA GÓRA,2025,8,28,12,30.4,37,14.1,982.2,1003.7,125.0,4.0,,5.0,1,1.0,,9.0,,
2025-08-28 13:00:00,351150400,ZIELONA GÓRA,2025,8,28,13,31.0,31,11.9,981.6,1003.1,193.0,3.0,,7.0,3,2.0,,8.0,,
2025-08-28 14:00:00,351150400,ZIELONA GÓRA,2025,8,28,14,30.3,32,11.8,981.0,1002.5,165.0,3.0,,7.0,1,2.0,,8.0,,
2025-08-28 15:00:00,351150400,ZIELONA GÓRA,2025,8,28,15,30.2,34,12.6,980.7,1002.2,155.0,2.0,,7.0,1,2.0,,8.0,,
2025-08-28 16:00:00,351150400,ZIELONA GÓRA,2025,8,28,16,27.5,51,16.5,980.7,1002.4,299.0,3.0,,7.0,1,2.0,,8.0,,
2025-08-28 17:00:00,351150400,ZIELONA GÓRA,2025,8,28,17,24.2,68,17.9,981.0,1003.0,305.0,5.0,,7.0,3,2.0,,8.0,,
2025-08-28 18:00:00,351150400,ZIELONA GÓRA,2025,8,28,18,21.9,73,16.8,981.9,1004.1,296.0,5.0,10.0,8.0,1,2.0,,9.0,,
2025-08-28 19:00:00,351150400,ZIELONA GÓRA,2025,8,28,19,20.1,83,17.1,981.6,1003.9,315.0,5.0,,8.0,25,2.0,,8.0,,
2025-08-28 20:00:00,351150400,ZIELONA GÓRA,2025,8,28,20,19.4,86,17.0,982.8,1005.2,256.0,3.0,,8.0,80,2.0,,8.0,,
2025-08-28 21:00:00,351150400,ZIELONA GÓRA,2025,8,28,21,18.4,96,17.7,982.7,1005.1,212.0,2.0,,,63,,,8.0,,
2025-08-28 22:00:00,351150400,ZIELONA GÓRA,2025,8,28,22,18.2,97,17.7,982.3,1004.7,199.0,2.0,,,61,,,8.0,,
2025-08-28 23:00:00,351150400,ZIELONA GÓRA,2025,8,28,23,18.2,97,17.7,982.5,1005.0,205.0,2.0,,,10,,,8.0,,
2025-08-29 00:00:00,351150400,ZIELONA GÓRA,2025,8,29,0,18.1,97,17.6,982.0,1004.4,234.0,1.0,,,10,,8.3,,,
2025-08-29 01:00:00,351150400,ZIELONA GÓRA,2025,8,29,1,18.1,96,17.5,982.5,1005.0,233.0,1.0,,,4,,,8.0,,
2025-08-29 02:00:00,351150400,ZIELONA GÓRA,2025,8,29,2,17.7,97,17.2,982.2,1004.7,145.0,2.0,,,4,,,8.0,,
2025-08-29 03:00:00,351150400,ZIELONA GÓRA,2025,8,29,3,17.7,98,17.4,982.0,1004.5,157.0,2.0,,,31,,,8.0,,
2025-08-29 04:00:00,351150400,ZIELONA GÓRA,2025,8,29,4,17.6,98,17.3,981.9,1004.4,184.0,2.0,,,31,,,8.0,,
2025-08-29 05:00:00,351150400,ZIELONA GÓRA,2025,8,29,5,17.4,98,17.1,981.7,1004.2,189.0,1.0,,9.0,47,,,8.0,,
2025-08-29 06:00:00,351150400,ZIELONA GÓRA,2025,8,29,6,17.9,97,17.4,981.3,1003.7,166.0,1.0,,7.0,28,,,9.0,,
2025-08-29 07:00:00,351150400,ZIELONA GÓRA,2025,8,29,7,18.3,96,17.7,980.9,1003.3,0.0,0.0,,8.0,10,2.0,,8.0,,
2025-08-29 08:00:00,351150400,ZIELONA GÓRA,2025,8,29,8,18.3,95,17.5,980.8,1003.2,350.0,1.0,,8.0,80,8.0,,8.0,,
2025-08-29 09:00:00,351150400,ZIELONA GÓRA,2025,8,29,9,18.3,96,17.7,980.8,1003.2,163.0,1.0,,8.0,81,8.0,,8.0,,
2025-08-29 10:00:00,351150400,ZIELONA GÓRA,2025,8,29,10,18.0,97,17.5,980.7,1003.1,282.0,3.0,,8.0,81,8.0,,8.0,,
2025-08-29 11:00:00,351150400,ZIELONA GÓRA,2025,8,29,11,18.5,95,17.7,981.0,1003.4,290.0,3.0,,7.0,25,8.0,,8.0,,
2025-08-29 12:00:00,351150400,ZIELONA GÓRA,2025,8,29,12,19.1,92,17.8,981.8,1004.2,263.0,2.0,,7.0,80,8.0,10.4,,6.0,
2025-08-29 13:00:00,351150400,ZIELONA GÓRA,2025,8,29,13,20.5,85,17.9,981.8,1004.1,253.0,2.0,,7.0,1,2.0,,8.0,,
2025-08-29 14:00:00,351150400,ZIELONA GÓRA,2025,8,29,14,19.9,85,17.3,982.1,1004.4,235.0,2.0,,7.0,1,2.0,,8.0,,
2025-08-29 15:00:00,351150400,ZIELONA GÓRA,2025,8,29,15,20.6,78,16.6,982.4,1004.7,218.0,2.0,,6.0,3,2.0,,8.0,,
2025-08-29 16:00:00,351150400,ZIELONA GÓRA,2025,8,29,16,20.6,76,16.2,982.6,1004.9,210.0,2.0,,5.0,1,2.0,,8.0,,
2025-08-29 17:00:00,351150400,ZIELONA GÓRA,2025,8,29,17,20.8,73,15.8,982.3,1004.5,193.0,1.0,,5.0,3,2.0,,8.0,,
2025-08-29 18:00:00,351150400,ZIELONA GÓRA,2025,8,29,18,19.1,83,16.1,982.4,1004.8,133.0,1.0,,6.0,1,2.0,,9.0,,
2025-08-29 19:00:00,351150400,ZIELONA GÓRA,2025,8,29,19,18.6,86,16.2,983.1,1005.5,157.0,1.0,,7.0,1,2.0,,8.0,,
2025-08-29 20:00:00,351150400,ZIELONA GÓRA,2025,8,29,20,17.6,90,15.9,983.0,1005.5,0.0,0.0,,7.0,1,2.0,,8.0,,
2025-08-29 21:00:00,351150400,ZIELONA GÓRA,2025,8,29,21,17.5,92,16.2,982.4,1004.9,336.0,1.0,,,0,,,8.0,,
2025-08-29 22:00:00,351150400,ZIELONA GÓRA,2025,8,29,22,17.8,92,16.5,982.4,1004.9,34.0,1.0,,,0,,,8.0,,
2025-08-29 23:00:00,351150400,ZIELONA GÓRA,2025,8,29,23,17.6,92,16.3,982.6,1005.1,89.0,1.0,,,0,,,8.0,,
2025-08-30 00:00:00,351150400,ZIELONA GÓRA,2025,8,30,0,17.0,94,16.0,982.9,1005.5,113.0,1.0,,,0,,,9.0,,
2025-08-30 01:00:00,351150400,ZIELONA GÓRA,2025,8,30,1,17.3,93,16.2,982.8,1005.3,106.0,1.0,,,0,,,8.0,,
2025-08-30 02:00:00,351150400,ZIELONA GÓRA,2025,8,30,2,17.0,94,16.0,983.2,1005.8,125.0,2.0,,,0,,,8.0,,
2025-08-30 03:00:00,351150400,ZIELONA GÓRA,2025,8,30,3,16.6,96,16.0,982.7,1005.3,150.0,1.0,,,61,,,8.0,,
2025-08-30 04:00:00,351150400,ZIELONA GÓRA,2025,8,30,4,16.6,97,16.1,982.5,1005.1,0.0,0.0,,,81,,,8.0,,
2025-08-30 05:00:00,351150400,ZIELONA GÓRA,2025,8,30,5,16.6,98,16.3,982.9,1005.5,145.0,1.0,,8.0,65,,,8.0,,
2025-08-30 06:00:00,351150400,ZIELONA GÓRA,2025,8,30,6,16.8,98,16.5,983.5,1006.1,206.0,2.0,,8.0,61,,4.7,,6.0,
2025-08-30 07:00:00,351150400,ZIELONA GÓRA,2025,8,30,7,17.1,97,16.6,983.9,1006.5,186.0,1.0,,8.0,21,6.0,,8.0,,
2025-08-30 08:00:00,351150400,ZIELONA GÓRA,2025,8,30,8,17.3,96,16.7,985.1,1007.7,220.0,2.0,,8.0,10,2.0,,8.0,,
2025-08-30 09:00:00,351150400,ZIELONA GÓRA,2025,8,30,9,19.0,89,17.1,985.1,1007.5,224.0,2.0,,7.0,3,6.0,,8.0,,
2025-08-30 10:00:00,351150400,ZIELONA GÓRA,2025,8,30,10,20.1,80,16.5,985.4,1007.8,237.0,2.0,,5.0,1,2.0,,8.0,,
2025-08-30 11:00:00,351150400,ZIELONA GÓRA,2025,8,30,11,21.3,65,14.5,985.9,1008.2,253.0,1.0,,5.0,3,2.0,,8.0,,
2025-08-30 12:00:00,351150400,ZIELONA GÓRA,2025,8,30,12,22.8,58,14.1,985.8,1008.0,216.0,2.0,,6.0,3,6.0,0.2,,6.0,
2025-08-30 13:00:00,351150400,ZIELONA GÓRA,2025,8,30,13,23.3,51,12.6,986.4,1008.5,213.0,2.0,,7.0,1,2.0,,8.0,,
2025-08-30 14:00:00,351150400,ZIELONA GÓRA,2025,8,30,14,23.5,52,13.1,986.7,1008.8,205.0,3.0,,7.0,1,2.0,,8.0,,
2025-08-30 15:00:00,351150400,ZIELONA GÓRA,2025,8,30,15,23.1,55,13.6,987.0,1009.2,232.0,1.0,,7.0,3,2.0,,8.0,,
2025-08-30 16:00:00,351150400,ZIELONA GÓRA,2025,8,30,16,22.8,55,13.3,987.2,1009.4,260.0,2.0,,7.0,3,2.0,,8.0,,
2025-08-30 17:00:00,351150400,ZIELONA GÓRA,2025,8,30,17,20.7,69,14.8,987.5,1009.9,227.0,2.0,,7.0,80,2.0,,8.0,,
2025-08-30 18:00:00,351150400,ZIELONA GÓRA,2025,8,30,18,19.4,75,14.9,987.8,1010.3,237.0,1.0,,7.0,25,2.0,0.0,,6.0,
2025-08-30 19:00:00,351150400,ZIELONA GÓRA,2025,8,30,19,17.8,86,15.4,988.5,1011.1,168.0,1.0,,7.0,1,2.0,,8.0,,
2025-08-30 20:00:00,351150400,ZIELONA GÓRA,2025,8,30,20,17.7,85,15.1,988.7,1011.3,197.0,1.0,,6.0,3,2.0,,8.0,,
2025-08-30 21:00:00,351150400,ZIELONA GÓRA,2025,8,30,21,17.0,86,14.6,989.0,1011.7,192.0,2.0,,,0,,,8.0,,
2025-08-30 22:00:00,351150400,ZIELONA GÓRA,2025,8,30,22,16.3,91,14.8,989.3,1012.1,210.0,1.0,,,0,,,8.0,,
2025-08-30 23:00:00,351150400,ZIELONA GÓRA,2025,8,30,23,17.1,80,13.6,989.3,1012.0,290.0,2.0,,,0,,,8.0,,
2025-08-31 00:00:00,351150400,ZIELONA GÓRA,2025,8,31,0,16.8,82,13.7,989.5,1012.2,291.0,2.0,,,0,,,9.0,,
2025-08-31 01:00:00,351150400,ZIELONA GÓRA,2025,8,31,1,16.4,83,13.5,989.6,1012.4,298.0,2.0,,,0,,,8.0,,
2025-08-31 02:00:00,351150400,ZIELONA GÓRA,2025,8,31,2,15.8,84,13.1,989.6,1012.4,307.0,2.0,,,0,,,8.0,,
2025-08-31 03:00:00,351150400,ZIELONA GÓRA,2025,8,31,3,15.5,85,13.0,989.7,1012.5,304.0,2.0,,,0,,,8.0,,
2025-08-31 04:00:00,351150400,ZIELONA GÓRA,2025,8,31,4,15.5,80,12.1,989.9,1012.7,296.0,2.0,,,0,,,8.0,,
2025-08-31 05:00:00,351150400,ZIELONA GÓRA,2025,8,31,5,15.5,79,11.9,990.5,1013.3,298.0,2.0,,1.0,0,,,8.0,,
2025-08-31 06:00:00,351150400,ZIELONA GÓRA,2025,8,31,6,16.7,74,12.0,990.7,1013.5,300.0,2.0,,1.0,2,,,9.0,,
2025-08-31 07:00:00,351150400,ZIELONA GÓRA,2025,8,31,7,18.2,69,12.4,991.1,1013.7,267.0,1.0,,1.0,2,0.0,,8.0,,
2025-08-31 08:00:00,351150400,ZIELONA GÓRA,2025,8,31,8,20.2,60,12.2,991.3,1013.8,304.0,1.0,,1.0,2,0.0,,8.0,,
2025-08-31 09:00:00,351150400,ZIELONA GÓRA,2025,8,31,9,22.0,57,13.1,991.3,1013.7,209.0,1.0,,1.0,3,0.0,,8.0,,
2025-08-31 10:00:00,351150400,ZIELONA GÓRA,2025,8,31,10,21.3,53,11.3,991.3,1013.7,295.0,2.0,,2.0,3,0.0,,8.0,,
2025-08-31 11:00:00,351150400,ZIELONA GÓRA,2025,8,31,11,22.8,48,11.2,991.2,1013.5,245.0,1.0,,2.0,3,0.0,,8.0,,
2025-08-31 12:00:00,351150400,ZIELONA GÓRA,2025,8,31,12,23.5,43,10.2,991.0,1013.2,202.0,2.0,,2.0,2,0.0,,9.0,,
2025-08-31 13:00:00,351150400,ZIELONA GÓRA,2025,8,31,13,23.3,44,10.4,990.9,1013.1,308.0,1.0,,2.0,2,0.0,,8.0,,
2025-08-31 14:00:00,351150400,ZIELONA GÓRA,2025,8,31,14,22.7,50,11.7,990.8,1013.1,360.0,1.0,,3.0,3,0.0,,8.0,,
2025-08-31 15:00:00,351150400,ZIELONA GÓRA,2025,8,31,15,24.6,41,10.5,990.8,1012.9,169.0,1.0,,2.0,1,0.0,,8.0,,
2025-08-31 16:00:00,351150400,ZIELONA GÓRA,2025,8,31,16,23.8,41,9.8,990.4,1012.6,117.0,1.0,,1.0,1,0.0,,8.0,,
2025-08-31 17:00:00,351150400,ZIELONA GÓRA,2025,8,31,17,22.8,48,11.2,990.3,1012.6,139.0,1.0,,1.0,1,0.0,,8.0,,
2025-08-31 18:00:00,351150400,ZIELONA GÓRA,2025,8,31,18,20.6,57,11.8,990.4,1012.8,90.0,1.0,,1.0,2,0.0,,9.0,,
2025-08-31 19:00:00,351150400,ZIELONA GÓRA,2025,8,31,19,19.6,62,12.1,990.8,1013.3,84.0,1.0,,0.0,1,0.0,,8.0,,
2025-08-31 20:00:00,351150400,ZIELONA GÓRA,2025,8,31,20,18.7,66,12.2,990.8,1013.4,116.0,1.0,,0.0,2,0.0,,8.0,,
2025-08-31 21:00:00,351150400,ZIELONA GÓRA,2025,8,31,21,18.9,65,12.2,990.6,1013.2,119.0,2.0,,,0,,,8.0,,
2025-08-31 22:00:00,351150400,ZIELONA GÓRA,2025,8,31,22,17.9,71,12.6,990.4,1013.1,115.0,2.0,,,0,,,8.0,,
2025-08-31 23:00:00,351150400,ZIELONA GÓRA,2025,8,31,23,18.1,70,12.5,990.2,1012.8,112.0,2.0,,,0,,,8.0,,
2025-09-01 00:00:00,351150400,ZIELONA GÓRA,2025,9,1,0,17.5,73,12.6,990.2,1012.9,129.0,2.0,,,0,,,9.0,,
2025-09-01 01:00:00,351150400,ZIELONA GÓRA,2025,9,1,1,16.9,76,12.6,990.1,1012.8,113.0,2.0,,,0,,,8.0,,
2025-09-01 02:00:00,351150400,ZIELONA GÓRA,2025,9,1,2,17.2,72,12.1,989.7,1012.4,112.0,1.0,,,0,,,8.0,,
2025-09-01 03:00:00,351150400,ZIELONA GÓRA,2025,9,1,3,17.0,73,12.1,989.5,1012.2,112.0,1.0,,,0,,,8.0,,
2025-09-01 04:00:00,351150400,ZIELONA GÓRA,2025,9,1,4,16.7,75,12.2,989.4,1012.1,119.0,2.0,,,0,,,8.0,,
2025-09-01 05:00:00,351150400,ZIELONA GÓRA,2025,9,1,5,16.9,76,12.6,989.4,1012.1,117.0,2.0,,7.0,0,,,8.0,,
2025-09-01 06:00:00,351150400,ZIELONA GÓRA,2025,9,1,6,18.6,72,13.5,988.9,1011.5,111.0,3.0,,1.0,1,,,9.0,,
2025-09-01 07:00:00,351150400,ZIELONA GÓRA,2025,9,1,7,19.5,71,14.1,988.8,1011.3,126.0,3.0,,0.0,1,0.0,,8.0,,
2025-09-01 08:00:00,351150400,ZIELONA GÓRA,2025,9,1,8,21.5,64,14.4,989.0,1011.3,120.0,3.0,,1.0,3,0.0,,8.0,,
2025-09-01 09:00:00,351150400,ZIELONA GÓRA,2025,9,1,9,22.8,59,14.4,988.7,1010.9,121.0,3.0,,1.0,3,0.0,,8.0,,
2025-09-01 10:00:00,351150400,ZIELONA GÓRA,2025,9,1,10,23.9,54,14.0,988.4,1010.5,128.0,3.0,,2.0,3,0.0,,8.0,,
2025-09-01 11:00:00,351150400,ZIELONA GÓRA,2025,9,1,11,24.6,46,12.2,988.1,1010.2,137.0,4.0,,3.0,3,0.0,,8.0,,
2025-09-01 12:00:00,351150400,ZIELONA GÓRA,2025,9,1,12,23.8,55,14.2,987.8,1009.9,129.0,3.0,,3.0,3,0.0,,9.0,,
2025-09-01 13:00:00,351150400,ZIELONA GÓRA,2025,9,1,13,24.2,56,14.9,987.7,1009.8,139.0,3.0,,5.0,1,1.0,,8.0,,
2025-09-01 14:00:00,351150400,ZIELONA GÓRA,2025,9,1,14,24.9,54,15.0,987.1,1009.1,133.0,3.0,,2.0,1,1.0,,8.0,,
2025-09-01 15:00:00,351150400,ZIELONA GÓRA,2025,9,1,15,24.9,55,15.2,986.9,1008.9,105.0,2.0,,3.0,3,1.0,,8.0,,
2025-09-01 16:00:00,351150400,ZIELONA GÓRA,2025,9,1,16,24.1,58,15.3,986.9,1009.0,132.0,2.0,,5.0,1,1.0,,8.0,,
2025-09-01 17:00:00,351150400,ZIELONA GÓRA,2025,9,1,17,23.3,64,16.1,986.8,1009.0,88.0,1.0,,7.0,1,2.0,,8.0,,
2025-09-01 18:00:00,351150400,ZIELONA GÓRA,2025,9,1,18,21.9,68,15.7,987.0,1009.3,95.0,1.0,,5.0,1,1.0,,9.0,,
2025-09-01 19:00:00,351150400,ZIELONA GÓRA,2025,9,1,19,21.5,69,15.6,987.0,1009.3,76.0,1.0,,4.0,3,1.0,,8.0,,
2025-09-01 20:00:00,351150400,ZIELONA GÓRA,2025,9,1,20,21.6,68,15.4,987.1,1009.4,69.0,2.0,,2.0,3,0.0,,8.0,,
2025-09-01 21:00:00,351150400,ZIELONA GÓRA,2025,9,1,21,21.5,68,15.3,986.8,1009.1,68.0,2.0,,,0,,,8.0,,
2025-09-01 22:00:00,351150400,ZIELONA GÓRA,2025,9,1,22,21.0,69,15.1,986.7,1009.0,82.0,1.0,,,0,,,8.0,,
2025-09-01 23:00:00,351150400,ZIELONA GÓRA,2025,9,1,23,20.3,73,15.3,986.5,1008.9,99.0,1.0,,,0,,,8.0,,
2025-09-02 00:00:00,351150400,ZIELONA GÓRA,2025,9,2,0,19.8,76,15.4,986.6,1009.0,136.0,2.0,,,0,,,9.0,,
2025-09-02 01:00:00,351150400,ZIELONA GÓRA,2025,9,2,1,18.4,82,15.3,986.3,1008.8,288.0,2.0,,,0,,,8.0,,
2025-09-02 02:00:00,351150400,ZIELONA GÓRA,2025,9,2,2,17.6,87,15.4,986.1,1008.7,330.0,2.0,,,0,,,8.0,,
2025-09-02 03:00:00,351150400,ZIELONA GÓRA,2025,9,2,3,16.7,91,15.2,986.1,1008.8,192.0,2.0,,,0,,,8.0,,
2025-09-02 04:00:00,351150400,ZIELONA GÓRA,2025,9,2,4,16.0,94,15.0,985.8,1008.5,333.0,1.0,,,10,,,8.0,,
2025-09-02 05:00:00,351150400,ZIELONA GÓRA,2025,9,2,5,16.2,95,15.4,986.0,1008.7,,,,3.0,0,,,8.0,,
2025-09-02 06:00:00,351150400,ZIELONA GÓRA,2025,9,2,6,17.2,86,14.8,986.3,1008.9,340.0,1.0,,5.0,1,,,9.0,,
2025-09-02 07:00:00,351150400,ZIELONA GÓRA,2025,9,2,7,18.3,82,15.2,986.1,1008.6,340.0,2.0,,7.0,1,2.0,,8.0,,
2025-09-02 08:00:00,351150400,ZIELONA GÓRA,2025,9,2,8,18.9,81,15.6,986.2,1008.7,320.0,2.0,,7.0,3,2.0,,8.0,,
2025-09-02 09:00:00,351150400,ZIELONA GÓRA,2025,9,2,9,20.0,74,15.2,986.6,1009.0,290.0,3.0,,7.0,2,2.0,,8.0,,
2025-09-02 10:00:00,351150400,ZIELONA GÓRA,2025,9,2,10,19.7,77,15.6,987.0,1009.4,265.0,4.0,,7.0,3,2.0,,8.0,,
2025-09-02 11:00:00,351150400,ZIELONA GÓRA,2025,9,2,11,18.1,82,15.0,987.2,1009.8,291.0,5.0,,7.0,80,2.0,,8.0,,
2025-09-02 12:00:00,351150400,ZIELONA GÓRA,2025,9,2,12,16.5,93,15.4,987.8,1010.5,274.0,3.0,,8.0,80,2.0,0.1,,6.0,
2025-09-02 13:00:00,351150400,ZIELONA GÓRA,2025,9,2,13,15.3,94,14.3,988.2,1011.0,278.0,3.0,,8.0,81,8.0,,8.0,,
2025-09-02 14:00:00,351150400,ZIELONA GÓRA,2025,9,2,14,15.5,96,14.9,988.2,1011.0,287.0,3.0,,8.0,25,8.0,,8.0,,
2025-09-02 15:00:00,351150400,ZIELONA GÓRA,2025,9,2,15,15.5,95,14.7,988.4,1011.2,302.0,3.0,,8.0,80,8.0,,8.0,,
2025-09-02 16:00:00,351150400,ZIELONA GÓRA,2025,9,2,16,15.7,92,14.4,988.4,1011.2,302.0,2.0,,7.0,25,2.0,,8.0,,
2025-09-02 17:00:00,351150400,ZIELONA GÓRA,2025,9,2,17,15.7,93,14.6,988.5,1011.3,266.0,1.0,,6.0,1,2.0,,8.0,,
2025-09-02 18:00:00,351150400,ZIELONA GÓRA,2025,9,2,18,15.0,96,14.4,988.7,1011.5,219.0,1.0,,4.0,1,8.0,3.4,,6.0,
2025-09-02 19:00:00,351150400,ZIELONA GÓRA,2025,9,2,19,14.6,97,14.1,989.3,1012.2,217.0,1.0,,5.0,1,1.0,,8.0,,
2025-09-02 20:00:00,351150400,ZIELONA GÓRA,2025,9,2,20,14.8,96,14.2,989.3,1012.2,212.0,1.0,,7.0,3,2.0,,8.0,,
2025-09-02 21:00:00,351150400,ZIELONA GÓRA,2025,9,2,21,14.2,97,13.7,989.4,1012.3,191.0,1.0,,,10,,,8.0,,
2025-09-02 22:00:00,351150400,ZIELONA GÓRA,2025,9,2,22,14.2,97,13.7,989.8,1012.7,185.0,2.0,,,10,,,8.0,,
2025-09-02 23:00:00,351150400,ZIELONA GÓRA,2025,9,2,23,14.3,97,13.8,990.1,1013.0,139.0,2.0,,,10,,,8.0,,
2025-09-03 00:00:00,351150400,ZIELONA GÓRA,2025,9,3,0,14.4,97,13.9,989.8,1012.7,219.0,1.0,,,20,,,9.0,,
2025-09-03 01:00:00,351150400,ZIELONA GÓRA,2025,9,3,1,14.3,96,13.7,990.0,1012.9,196.0,1.0,,,0,,,8.0,,
2025-09-03 02:00:00,351150400,ZIELONA GÓRA,2025,9,3,2,14.0,97,13.5,990.2,1013.2,159.0,2.0,,,10,,,8.0,,
2025-09-03 03:00:00,351150400,ZIELONA GÓRA,2025,9,3,3,13.6,98,13.3,990.4,1013.4,157.0,1.0,,,33,,,8.0,,
2025-09-03 04:00:00,351150400,ZIELONA GÓRA,2025,9,3,4,13.4,98,13.1,990.6,1013.6,175.0,2.0,,,20,,,8.0,,
2025-09-03 05:00:00,351150400,ZIELONA GÓRA,2025,9,3,5,13.5,97,13.0,991.2,1014.2,203.0,2.0,,7.0,0,,,8.0,,
2025-09-03 06:00:00,351150400,ZIELONA GÓRA,2025,9,3,6,14.3,96,13.7,991.5,1014.5,183.0,2.0,,1.0,1,,,9.0,,
2025-09-03 07:00:00,351150400,ZIELONA GÓRA,2025,9,3,7,16.3,88,14.3,991.9,1014.7,206.0,2.0,,1.0,1,0.0,,8.0,,
2025-09-03 08:00:00,351150400,ZIELONA GÓRA,2025,9,3,8,17.7,81,14.4,991.8,1014.5,212.0,2.0,,1.0,1,0.0,,8.0,,
2025-09-03 09:00:00,351150400,ZIELONA GÓRA,2025,9,3,9,19.7,70,14.1,992.0,1014.6,207.0,3.0,,1.0,2,0.0,,8.0,,
2025-09-03 10:00:00,351150400,ZIELONA GÓRA,2025,9,3,10,21.9,57,13.0,991.9,1014.3,184.0,2.0,,1.0,3,0.0,,8.0,,
2025-09-03 11:00:00,351150400,ZIELONA GÓRA,2025,9,3,11,23.0,50,12.0,991.5,1013.8,188.0,2.0,,1.0,2,0.0,,8.0,,
2025-09-03 12:00:00,351150400,ZIELONA GÓRA,2025,9,3,12,23.6,45,11.0,991.3,1013.5,174.0,3.0,,1.0,2,0.0,,9.0,,
2025-09-03 13:00:00,351150400,ZIELONA GÓRA,2025,9,3,13,23.7,44,10.7,991.0,1013.2,163.0,4.0,,1.0,2,0.0,,8.0,,
2025-09-03 14:00:00,351150400,ZIELONA GÓRA,2025,9,3,14,23.9,41,9.8,990.8,1013.0,166.0,4.0,,1.0,1,0.0,,8.0,,
2025-09-03 15:00:00,351150400,ZIELONA GÓRA,2025,9,3,15,23.4,45,10.8,990.9,1013.1,181.0,4.0,,3.0,3,0.0,,8.0,,
2025-09-03 16:00:00,351150400,ZIELONA GÓRA,2025,9,3,16,22.4,52,12.1,990.8,1013.1,168.0,3.0,,2.0,1,0.0,,8.0,,
2025-09-03 17:00:00,351150400,ZIELONA GÓRA,2025,9,3,17,21.7,56,12.5,990.6,1013.0,144.0,2.0,,1.0,3,0.0,,8.0,,
2025-09-03 18:00:00,351150400,ZIELONA GÓRA,2025,9,3,18,20.2,61,12.4,990.7,1013.2,134.0,2.0,,1.0,2,0.0,,9.0,,
2025-09-03 19:00:00,351150400,ZIELONA GÓRA,2025,9,3,19,19.3,64,12.3,990.9,1013.5,130.0,2.0,,1.0,1,0.0,,8.0,,
2025-09-03 20:00:00,351150400,ZIELONA GÓRA,2025,9,3,20,18.4,67,12.2,991.1,1013.7,133.0,2.0,,1.0,1,0.0,,8.0,,
2025-09-03 21:00:00,351150400,ZIELONA GÓRA,2025,9,3,21,17.9,69,12.1,991.2,1013.9,129.0,2.0,,,0,,,8.0,,
2025-09-03 22:00:00,351150400,ZIELONA GÓRA,2025,9,3,22,17.3,71,12.0,991.3,1014.0,136.0,2.0,,,0,,,8.0,,
2025-09-03 23:00:00,351150400,ZIELONA GÓRA,2025,9,3,23,16.9,71,11.6,991.3,1014.1,146.0,2.0,,,0,,,8.0,,
2025-09-04 00:00:00,351150400,ZIELONA GÓRA,2025,9,4,0,16.4,73,11.5,991.3,1014.1,144.0,2.0,,,0,,,9.0,,
2025-09-04 01:00:00,351150400,ZIELONA GÓRA,2025,9,4,1,16.1,73,11.3,991.2,1014.0,141.0,2.0,,,0,,,8.0,,
2025-09-04 02:00:00,351150400,ZIELONA GÓRA,2025,9,4,2,15.9,74,11.3,991.4,1014.2,137.0,2.0,,,0,,,8.0,,
2025-09-04 03:00:00,351150400,ZIELONA GÓRA,2025,9,4,3,15.8,73,11.0,991.2,1014.0,142.0,2.0,,,0,,,8.0,,
2025-09-04 04:00:00,351150400,ZIELONA GÓRA,2025,9,4,4,15.7,73,10.9,991.4,1014.3,138.0,2.0,,,0,,,8.0,,
2025-09-04 05:00:00,351150400,ZIELONA GÓRA,2025,9,4,5,15.3,75,10.9,991.7,1014.6,143.0,2.0,,1.0,0,,,8.0,,
2025-09-04 06:00:00,351150400,ZIELONA GÓRA,2025,9,4,6,17.3,69,11.6,992.0,1014.7,153.0,2.0,,1.0,2,,,9.0,,
2025-09-04 07:00:00,351150400,ZIELONA GÓRA,2025,9,4,7,19.2,64,12.2,992.1,1014.7,176.0,2.0,,1.0,2,0.0,,8.0,,
2025-09-04 08:00:00,351150400,ZIELONA GÓRA,2025,9,4,8,21.4,60,13.3,992.2,1014.6,161.0,2.0,,2.0,3,0.0,,8.0,,
2025-09-04 09:00:00,351150400,ZIELONA GÓRA,2025,9,4,9,23.1,55,13.6,992.5,1014.8,150.0,2.0,,2.0,1,0.0,,8.0,,
2025-09-04 10:00:00,351150400,ZIELONA GÓRA,2025,9,4,10,24.3,49,12.9,992.6,1014.8,167.0,3.0,,4.0,3,0.0,,8.0,,
2025-09-04 11:00:00,351150400,ZIELONA GÓRA,2025,9,4,11,26.1,48,14.2,992.4,1014.5,207.0,1.0,,5.0,3,1.0,,8.0,,
2025-09-04 12:00:00,351150400,ZIELONA GÓRA,2025,9,4,12,26.9,47,14.6,992.4,1014.4,158.0,2.0,,5.0,3,1.0,,9.0,,
2025-09-04 13:00:00,351150400,ZIELONA GÓRA,2025,9,4,13,27.1,42,13.1,992.2,1014.2,175.0,2.0,,6.0,3,2.0,,8.0,,
2025-09-04 14:00:00,351150400,ZIELONA GÓRA,2025,9,4,14,27.5,41,13.1,992.0,1014.0,169.0,2.0,,6.0,1,2.0,,8.0,,
2025-09-04 15:00:00,351150400,ZIELONA GÓRA,2025,9,4,15,27.1,43,13.4,992.0,1014.0,156.0,2.0,,6.0,2,2.0,,8.0,,
2025-09-04 16:00:00,351150400,ZIELONA GÓRA,2025,9,4,16,26.6,46,14.0,991.8,1013.8,143.0,2.0,,7.0,1,2.0,,8.0,,
2025-09-04 17:00:00,351150400,ZIELONA GÓRA,2025,9,4,17,25.5,51,14.6,991.8,1013.9,120.0,1.0,,7.0,2,2.0,,8.0,,
2025-09-04 18:00:00,351150400,ZIELONA GÓRA,2025,9,4,18,24.0,52,13.5,992.0,1014.2,110.0,1.0,,7.0,2,2.0,,9.0,,
2025-09-04 19:00:00,351150400,ZIELONA GÓRA,2025,9,4,19,23.0,58,14.3,992.1,1014.4,116.0,2.0,,6.0,1,2.0,,8.0,,
2025-09-04 20:00:00,351150400,ZIELONA GÓRA,2025,9,4,20,21.9,63,14.5,991.8,1014.2,118.0,2.0,,5.0,1,2.0,,8.0,,
2025-09-04 21:00:00,351150400,ZIELONA GÓRA,2025,9,4,21,20.9,66,14.3,991.7,1014.2,120.0,2.0,,,0,,,8.0,,
2025-09-04 22:00:00,351150400,ZIELONA GÓRA,2025,9,4,22,21.0,64,13.9,991.7,1014.1,120.0,2.0,,,0,,,8.0,,
2025-09-04 23:00:00,351150400,ZIELONA GÓRA,2025,9,4,23,20.4,65,13.6,991.6,1014.1,121.0,2.0,,,0,,,8.0,,
2025-09-05 00:00:00,351150400,ZIELONA GÓRA,2025,9,5,0,20.9,58,12.3,991.2,1013.6,109.0,2.0,,,0,,,9.0,,
2025-09-05 01:00:00,351150400,ZIELONA GÓRA,2025,9,5,1,20.2,59,11.9,990.8,1013.3,113.0,2.0,,,0,,,8.0,,
2025-09-05 02:00:00,351150400,ZIELONA GÓRA,2025,9,5,2,19.1,65,12.4,990.7,1013.3,125.0,3.0,,,0,,,8.0,,
2025-09-05 03:00:00,351150400,ZIELONA GÓRA,2025,9,5,3,18.0,70,12.4,990.5,1013.1,121.0,2.0,,,0,,,8.0,,
2025-09-05 04:00:00,351150400,ZIELONA GÓRA,2025,9,5,4,17.7,72,12.6,990.7,1013.4,142.0,2.0,,,0,,,8.0,,
2025-09-05 05:00:00,351150400,ZIELONA GÓRA,2025,9,5,5,16.1,82,13.0,991.0,1013.8,218.0,2.0,,3.0,0,,,8.0,,
2025-09-05 06:00:00,351150400,ZIELONA GÓRA,2025,9,5,6,17.5,81,14.2,991.4,1014.1,287.0,4.0,,3.0,3,,,9.0,,
2025-09-05 07:00:00,351150400,ZIELONA GÓRA,2025,9,5,7,17.9,80,14.4,992.0,1014.7,281.0,3.0,,1.0,1,0.0,,8.0,,
2025-09-05 08:00:00,351150400,ZIELONA GÓRA,2025,9,5,8,20.1,71,14.7,992.7,1015.2,295.0,4.0,,3.0,3,0.0,,8.0,,
2025-09-05 09:00:00,351150400,ZIELONA GÓRA,2025,9,5,9,20.4,71,15.0,993.3,1015.8,275.0,3.0,,7.0,3,1.0,,8.0,,
2025-09-05 10:00:00,351150400,ZIELONA GÓRA,2025,9,5,10,21.6,65,14.7,993.8,1016.2,261.0,3.0,,7.0,3,2.0,,8.0,,
2025-09-05 11:00:00,351150400,ZIELONA GÓRA,2025,9,5,11,20.6,66,14.0,994.6,1017.1,270.0,4.0,,7.0,3,2.0,,8.0,,
2025-09-05 12:00:00,351150400,ZIELONA GÓRA,2025,9,5,12,20.9,63,13.6,995.0,1017.5,274.0,2.0,,7.0,2,1.0,,9.0,,
2025-09-05 13:00:00,351150400,ZIELONA GÓRA,2025,9,5,13,21.1,63,13.8,995.1,1017.6,297.0,2.0,,7.0,3,2.0,,8.0,,
2025-09-05 14:00:00,351150400,ZIELONA GÓRA,2025,9,5,14,19.9,71,14.5,996.0,1018.6,263.0,4.0,,7.0,3,2.0,,8.0,,
2025-09-05 15:00:00,351150400,ZIELONA GÓRA,2025,9,5,15,17.7,92,16.4,996.3,1019.1,271.0,3.0,,7.0,25,2.0,,8.0,,
2025-09-05 16:00:00,351150400,ZIELONA GÓRA,2025,9,5,16,17.4,88,15.4,996.5,1019.3,282.0,3.0,,7.0,1,2.0,,8.0,,
2025-09-05 17:00:00,351150400,ZIELONA GÓRA,2025,9,5,17,16.9,86,14.5,996.9,1019.8,285.0,3.0,,6.0,1,2.0,,8.0,,
2025-09-05 18:00:00,351150400,ZIELONA GÓRA,2025,9,5,18,16.6,84,13.9,997.5,1020.4,298.0,2.0,,6.0,1,8.0,0.9,,6.0,
2025-09-05 19:00:00,351150400,ZIELONA GÓRA,2025,9,5,19,16.3,84,13.6,998.1,1021.1,303.0,2.0,,5.0,1,2.0,,8.0,,
2025-09-05 20:00:00,351150400,ZIELONA GÓRA,2025,9,5,20,16.2,86,13.9,998.1,1021.1,273.0,2.0,,7.0,3,2.0,,8.0,,
2025-09-05 21:00:00,351150400,ZIELONA GÓRA,2025,9,5,21,16.3,83,13.4,998.4,1021.4,299.0,3.0,,,0,,,8.0,,
2025-09-05 22:00:00,351150400,ZIELONA GÓRA,2025,9,5,22,15.9,85,13.4,998.5,1021.5,310.0,2.0,,,0,,,8.0,,
2025-09-05 23:00:00,351150400,ZIELONA GÓRA,2025,9,5,23,15.7,89,13.9,999.5,1022.5,231.0,1.0,,,0,,,8.0,,
2025-09-06 00:00:00,351150400,ZIELONA GÓRA,2025,9,6,0,15.4,92,14.1,999.5,1022.6,247.0,1.0,,,23,,0.0,,,
2025-09-06 01:00:00,351150400,ZIELONA GÓRA,2025,9,6,1,15.8,89,14.0,999.9,1022.9,277.0,1.0,,,61,,,8.0,,
2025-09-06 02:00:00,351150400,ZIELONA GÓRA,2025,9,6,2,15.2,94,14.2,999.7,1022.8,280.0,2.0,,,61,,,8.0,,
2025-09-06 03:00:00,351150400,ZIELONA GÓRA,2025,9,6,3,14.9,93,13.8,999.3,1022.4,287.0,2.0,,,23,,,8.0,,
2025-09-06 04:00:00,351150400,ZIELONA GÓRA,2025,9,6,4,14.6,93,13.5,999.6,1022.7,297.0,2.0,,,0,,,8.0,,
2025-09-06 05:00:00,351150400,ZIELONA GÓRA,2025,9,6,5,14.1,95,13.3,1000.1,1023.3,306.0,2.0,,8.0,10,,,8.0,,
2025-09-06 06:00:00,351150400,ZIELONA GÓRA,2025,9,6,6,14.2,95,13.4,1000.4,1023.6,316.0,2.0,,8.0,60,,1.0,,6.0,
2025-09-06 07:00:00,351150400,ZIELONA GÓRA,2025,9,6,7,14.4,94,13.4,1001.1,1024.3,314.0,2.0,,8.0,80,6.0,,8.0,,
2025-09-06 08:00:00,351150400,ZIELONA GÓRA,2025,9,6,8,15.0,93,13.9,1001.2,1024.3,313.0,2.0,,7.0,80,8.0,,8.0,,
2025-09-06 09:00:00,351150400,ZIELONA GÓRA,2025,9,6,9,15.6,92,14.3,1001.7,1024.8,304.0,2.0,,7.0,80,8.0,,8.0,,
2025-09-06 10:00:00,351150400,ZIELONA GÓRA,2025,9,6,10,16.5,87,14.3,1001.9,1024.9,331.0,2.0,,7.0,1,2.0,,8.0,,
2025-09-06 11:00:00,351150400,ZIELONA GÓRA,2025,9,6,11,17.2,79,13.5,1001.9,1024.9,351.0,2.0,,7.0,3,2.0,,8.0,,
2025-09-06 12:00:00,351150400,ZIELONA GÓRA,2025,9,6,12,17.3,79,13.6,1002.2,1025.2,350.0,1.0,,7.0,25,8.0,0.4,,6.0,
2025-09-06 13:00:00,351150400,ZIELONA GÓRA,2025,9,6,13,16.4,92,15.1,1002.3,1025.3,209.0,2.0,,7.0,81,2.0,,8.0,,
2025-09-06 14:00:00,351150400,ZIELONA GÓRA,2025,9,6,14,16.4,87,14.2,1001.9,1024.9,209.0,1.0,,7.0,25,2.0,,8.0,,
2025-09-06 15:00:00,351150400,ZIELONA GÓRA,2025,9,6,15,18.7,71,13.3,1001.5,1024.3,282.0,1.0,,6.0,1,8.0,,8.0,,
2025-09-06 16:00:00,351150400,ZIELONA GÓRA,2025,9,6,16,18.5,66,12.0,1001.4,1024.3,294.0,1.0,,4.0,1,1.0,,8.0,,
2025-09-06 17:00:00,351150400,ZIELONA GÓRA,2025,9,6,17,17.5,71,12.2,1001.4,1024.3,331.0,1.0,,1.0,1,0.0,,8.0,,
2025-09-06 18:00:00,351150400,ZIELONA GÓRA,2025,9,6,18,15.2,83,12.3,1001.8,1024.9,16.0,1.0,,1.0,1,8.0,2.3,,6.0,
2025-09-06 19:00:00,351150400,ZIELONA GÓRA,2025,9,6,19,14.9,80,11.5,1002.0,1025.2,360.0,1.0,,1.0,1,0.0,,8.0,,
2025-09-06 20:00:00,351150400,ZIELONA GÓRA,2025,9,6,20,14.8,80,11.4,1002.2,1025.4,31.0,1.0,,1.0,2,0.0,,8.0,,
2025-09-06 21:00:00,351150400,ZIELONA GÓRA,2025,9,6,21,14.3,85,11.8,1002.1,1025.3,57.0,1.0,,,0,,,8.0,,
2025-09-06 22:00:00,351150400,ZIELONA GÓRA,2025,9,6,22,14.1,84,11.4,1001.9,1025.1,62.0,2.0,,,0,,,8.0,,
2025-09-06 23:00:00,351150400,ZIELONA GÓRA,2025,9,6,23,13.7,89,11.9,1001.9,1025.2,92.0,1.0,,,0,,,8.0,,
2025-09-07 00:00:00,351150400,ZIELONA GÓRA,2025,9,7,0,13.2,96,12.6,1001.6,1024.9,116.0,1.0,,,10,,,9.0,,
2025-09-07 01:00:00,351150400,ZIELONA GÓRA,2025,9,7,1,13.1,96,12.5,1001.5,1024.8,161.0,1.0,,,10,,,8.0,,
2025-09-07 02:00:00,351150400,ZIELONA GÓRA,2025,9,7,2,12.6,95,11.8,1001.3,1024.6,174.0,1.0,,,0,,,8.0,,
2025-09-07 03:00:00,351150400,ZIELONA GÓRA,2025,9,7,3,12.2,95,11.4,1001.3,1024.7,169.0,1.0,,,0,,,8.0,,
2025-09-07 04:00:00,351150400,ZIELONA GÓRA,2025,9,7,4,12.7,94,11.8,1001.3,1024.6,311.0,1.0,,,0,,,8.0,,
2025-09-07 05:00:00,351150400,ZIELONA GÓRA,2025,9,7,5,13.2,87,11.1,1001.4,1024.7,358.0,1.0,,1.0,0,,,8.0,,
2025-09-07 06:00:00,351150400,ZIELONA GÓRA,2025,9,7,6,14.4,87,12.3,1001.4,1024.6,333.0,1.0,,1.0,3,,,9.0,,
2025-09-07 07:00:00,351150400,ZIELONA GÓRA,2025,9,7,7,15.7,83,12.8,1001.4,1024.5,21.0,1.0,,1.0,2,0.0,,8.0,,
2025-09-07 08:00:00,351150400,ZIELONA GÓRA,2025,9,7,8,16.4,76,12.2,1001.4,1024.4,34.0,1.0,,3.0,3,0.0,,8.0,,
2025-09-07 09:00:00,351150400,ZIELONA GÓRA,2025,9,7,9,18.0,70,12.4,1001.0,1023.9,76.0,2.0,,3.0,2,0.0,,8.0,,
2025-09-07 10:00:00,351150400,ZIELONA GÓRA,2025,9,7,10,17.4,67,11.2,1000.9,1023.8,37.0,2.0,,3.0,2,0.0,,8.0,,
2025-09-07 11:00:00,351150400,ZIELONA GÓRA,2025,9,7,11,19.1,59,10.9,1000.5,1023.3,118.0,2.0,,4.0,3,0.0,,8.0,,
2025-09-07 12:00:00,351150400,ZIELONA GÓRA,2025,9,7,12,20.3,50,9.5,1000.0,1022.7,40.0,2.0,,4.0,1,0.0,,9.0,,
2025-09-07 13:00:00,351150400,ZIELONA GÓRA,2025,9,7,13,19.3,58,10.8,999.8,1022.6,33.0,2.0,,5.0,3,1.0,,8.0,,
2025-09-07 14:00:00,351150400,ZIELONA GÓRA,2025,9,7,14,18.6,59,10.4,999.4,1022.2,68.0,1.0,,4.0,1,1.0,,8.0,,
2025-09-07 15:00:00,351150400,ZIELONA GÓRA,2025,9,7,15,19.8,53,9.9,998.6,1021.3,61.0,1.0,,2.0,1,1.0,,8.0,,
2025-09-07 16:00:00,351150400,ZIELONA GÓRA,2025,9,7,16,19.0,53,9.2,998.4,1021.2,59.0,2.0,,1.0,1,0.0,,8.0,,
2025-09-07 17:00:00,351150400,ZIELONA GÓRA,2025,9,7,17,17.9,60,10.0,998.2,1021.0,120.0,1.0,,1.0,1,0.0,,8.0,,
2025-09-07 18:00:00,351150400,ZIELONA GÓRA,2025,9,7,18,15.8,73,11.0,998.4,1021.4,119.0,1.0,,1.0,1,1.0,,9.0,,
2025-09-07 19:00:00,351150400,ZIELONA GÓRA,2025,9,7,19,15.5,75,11.1,998.4,1021.4,120.0,2.0,,2.0,1,0.0,,8.0,,
2025-09-07 20:00:00,351150400,ZIELONA GÓRA,2025,9,7,20,15.1,77,11.1,998.3,1021.4,98.0,1.0,,2.0,1,0.0,,8.0,,
2025-09-07 21:00:00,351150400,ZIELONA GÓRA,2025,9,7,21,14.6,79,11.0,998.1,1021.2,79.0,1.0,,,0,,,8.0,,
2025-09-07 22:00:00,351150400,ZIELONA GÓRA,2025,9,7,22,14.6,75,10.2,997.8,1020.9,87.0,1.0,,,0,,,8.0,,
2025-09-07 23:00:00,351150400,ZIELONA GÓRA,2025,9,7,23,14.6,77,10.6,997.8,1020.9,77.0,1.0,,,0,,,8.0,,
2025-09-08 00:00:00,351150400,ZIELONA GÓRA,2025,9,8,0,14.3,79,10.7,997.7,1020.8,84.0,1.0,,,0,,,9.0,,
2025-09-08 01:00:00,351150400,ZIELONA GÓRA,2025,9,8,1,14.3,79,10.7,997.4,1020.5,80.0,1.0,,,0,,,8.0,,
2025-09-08 02:00:00,351150400,ZIELONA GÓRA,2025,9,8,2,14.1,80,10.7,997.2,1020.3,73.0,1.0,,,0,,,8.0,,
2025-09-08 03:00:00,351150400,ZIELONA GÓRA,2025,9,8,3,13.7,84,11.0,996.8,1019.9,55.0,2.0,,,0,,,8.0,,
2025-09-08 04:00:00,351150400,ZIELONA GÓRA,2025,9,8,4,14.0,84,11.3,996.4,1019.5,64.0,2.0,,,0,,,8.0,,
2025-09-08 05:00:00,351150400,ZIELONA GÓRA,2025,9,8,5,13.1,89,11.3,996.5,1019.7,60.0,2.0,,3.0,0,,,8.0,,
2025-09-08 06:00:00,351150400,ZIELONA GÓRA,2025,9,8,6,14.9,83,12.0,996.5,1019.5,92.0,1.0,,2.0,1,,,9.0,,
2025-09-08 07:00:00,351150400,ZIELONA GÓRA,2025,9,8,7,16.5,79,12.8,996.5,1019.4,105.0,2.0,,1.0,1,0.0,,8.0,,
2025-09-08 08:00:00,351150400,ZIELONA GÓRA,2025,9,8,8,18.0,76,13.7,996.4,1019.2,72.0,2.0,,3.0,3,0.0,,8.0,,
2025-09-08 09:00:00,351150400,ZIELONA GÓRA,2025,9,8,9,18.5,73,13.6,996.2,1018.9,69.0,3.0,,2.0,3,0.0,,8.0,,
2025-09-08 10:00:00,351150400,ZIELONA GÓRA,2025,9,8,10,19.4,69,13.6,995.9,1018.6,75.0,3.0,,5.0,3,1.0,,8.0,,
2025-09-08 11:00:00,351150400,ZIELONA GÓRA,2025,9,8,11,19.4,68,13.3,995.7,1018.4,54.0,2.0,,5.0,1,2.0,,8.0,,
2025-09-08 12:00:00,351150400,ZIELONA GÓRA,2025,9,8,12,19.2,71,13.8,995.6,1018.3,32.0,3.0,,5.0,3,1.0,,9.0,,
2025-09-08 13:00:00,351150400,ZIELONA GÓRA,2025,9,8,13,19.3,71,13.9,995.3,1018.0,51.0,3.0,,3.0,3,1.0,,8.0,,
2025-09-08 14:00:00,351150400,ZIELONA GÓRA,2025,9,8,14,20.3,67,14.0,994.9,1017.5,45.0,3.0,,3.0,1,0.0,,8.0,,
2025-09-08 15:00:00,351150400,ZIELONA GÓRA,2025,9,8,15,19.5,73,14.5,994.7,1017.3,41.0,3.0,,2.0,1,1.0,,8.0,,
2025-09-08 16:00:00,351150400,ZIELONA GÓRA,2025,9,8,16,19.6,73,14.6,994.7,1017.3,45.0,2.0,,1.0,1,0.0,,8.0,,
2025-09-08 17:00:00,351150400,ZIELONA GÓRA,2025,9,8,17,18.6,79,14.9,994.7,1017.4,27.0,1.0,,1.0,1,0.0,,8.0,,
2025-09-08 18:00:00,351150400,ZIELONA GÓRA,2025,9,8,18,17.3,86,14.9,995.0,1017.8,44.0,2.0,,1.0,1,1.0,,9.0,,
2025-09-08 19:00:00,351150400,ZIELONA GÓRA,2025,9,8,19,16.9,89,15.1,995.4,1018.2,46.0,2.0,,1.0,2,0.0,,8.0,,
2025-09-08 20:00:00,351150400,ZIELONA GÓRA,2025,9,8,20,16.7,91,15.2,995.3,1018.2,36.0,2.0,,0.0,10,0.0,,8.0,,
2025-09-08 21:00:00,351150400,ZIELONA GÓRA,2025,9,8,21,16.2,93,15.1,995.1,1018.0,350.0,1.0,,,10,,,8.0,,
2025-09-08 22:00:00,351150400,ZIELONA GÓRA,2025,9,8,22,16.0,95,15.2,995.0,1017.9,34.0,1.0,,,10,,,8.0,,
2025-09-08 23:00:00,351150400,ZIELONA GÓRA,2025,9,8,23,16.4,94,15.4,994.3,1017.2,26.0,1.0,,,10,,,8.0,,
2025-09-09 00:00:00,351150400,ZIELONA GÓRA,2025,9,9,0,16.1,96,15.5,994.2,1017.1,30.0,2.0,,,10,,,9.0,,
2025-09-09 01:00:00,351150400,ZIELONA GÓRA,2025,9,9,1,15.7,97,15.2,993.9,1016.8,23.0,2.0,,,10,,,8.0,,
2025-09-09 02:00:00,351150400,ZIELONA GÓRA,2025,9,9,2,16.0,96,15.4,993.5,1016.4,27.0,2.0,,,20,,,8.0,,
2025-09-09 03:00:00,351150400,ZIELONA GÓRA,2025,9,9,3,14.6,97,14.1,993.6,1016.6,340.0,2.0,,,34,,,8.0,,
2025-09-09 04:00:00,351150400,ZIELONA GÓRA,2025,9,9,4,15.7,93,14.6,993.6,1016.5,50.0,3.0,,,20,,,8.0,,
2025-09-09 05:00:00,351150400,ZIELONA GÓRA,2025,9,9,5,13.5,97,13.0,993.5,1016.6,53.0,1.0,,9.0,47,,,8.0,,
2025-09-09 06:00:00,351150400,ZIELONA GÓRA,2025,9,9,6,14.0,98,13.7,993.3,1016.3,328.0,2.0,,9.0,47,,,9.0,,
2025-09-09 07:00:00,351150400,ZIELONA GÓRA,2025,9,9,7,14.4,96,13.8,993.4,1016.4,76.0,2.0,,7.0,28,1.0,,8.0,,
2025-09-09 08:00:00,351150400,ZIELONA GÓRA,2025,9,9,8,15.6,93,14.5,993.1,1016.0,54.0,2.0,,3.0,10,1.0,,8.0,,
2025-09-09 09:00:00,351150400,ZIELONA GÓRA,2025,9,9,9,17.0,87,14.8,993.2,1016.0,131.0,3.0,,3.0,10,4.0,,8.0,,
2025-09-09 10:00:00,351150400,ZIELONA GÓRA,2025,9,9,10,19.7,75,15.1,993.0,1015.6,134.0,2.0,,1.0,10,0.0,,8.0,,
2025-09-09 11:00:00,351150400,ZIELONA GÓRA,2025,9,9,11,20.7,68,14.6,992.7,1015.2,104.0,2.0,,1.0,3,0.0,,8.0,,
2025-09-09 12:00:00,351150400,ZIELONA GÓRA,2025,9,9,12,21.8,57,12.9,992.3,1014.7,105.0,3.0,,1.0,3,4.0,,9.0,,
2025-09-09 13:00:00,351150400,ZIELONA GÓRA,2025,9,9,13,22.8,54,13.0,992.2,1014.5,119.0,3.0,,1.0,2,0.0,,8.0,,
2025-09-09 14:00:00,351150400,ZIELONA GÓRA,2025,9,9,14,23.5,54,13.7,991.9,1014.2,126.0,3.0,,2.0,3,0.0,,8.0,,
2025-09-09 15:00:00,351150400,ZIELONA GÓRA,2025,9,9,15,22.9,53,12.8,991.7,1014.0,97.0,1.0,,2.0,3,0.0,,8.0,,
2025-09-09 16:00:00,351150400,ZIELONA GÓRA,2025,9,9,16,22.5,56,13.3,991.4,1013.7,70.0,2.0,,3.0,1,0.0,,8.0,,
2025-09-09 17:00:00,351150400,ZIELONA GÓRA,2025,9,9,17,21.2,61,13.4,991.2,1013.6,53.0,2.0,,4.0,1,0.0,,8.0,,
2025-09-09 18:00:00,351150400,ZIELONA GÓRA,2025,9,9,18,20.1,65,13.3,991.4,1013.9,70.0,1.0,,7.0,1,1.0,,9.0,,
2025-09-09 19:00:00,351150400,ZIELONA GÓRA,2025,9,9,19,19.2,69,13.4,991.7,1014.3,117.0,2.0,,7.0,3,2.0,,8.0,,
2025-09-09 20:00:00,351150400,ZIELONA GÓRA,2025,9,9,20,18.6,73,13.7,991.8,1014.4,116.0,2.0,,7.0,2,2.0,,8.0,,
2025-09-09 21:00:00,351150400,ZIELONA GÓRA,2025,9,9,21,17.7,79,14.0,991.6,1014.3,109.0,2.0,,,0,,,8.0,,
2025-09-09 22:00:00,351150400,ZIELONA GÓRA,2025,9,9,22,17.4,78,13.5,991.1,1013.8,112.0,1.0,,,0,,,8.0,,
2025-09-09 23:00:00,351150400,ZIELONA GÓRA,2025,9,9,23,17.7,76,13.4,990.8,1013.5,117.0,3.0,,,0,,,8.0,,
2025-09-10 00:00:00,351150400,ZIELONA GÓRA,2025,9,10,0,17.5,78,13.6,990.7,1013.4,119.0,3.0,,,0,,,9.0,,
2025-09-10 01:00:00,351150400,ZIELONA GÓRA,2025,9,10,1,16.9,80,13.4,990.6,1013.3,118.0,3.0,,,0,,,8.0,,
2025-09-10 02:00:00,351150400,ZIELONA GÓRA,2025,9,10,2,16.5,82,13.4,990.6,1013.4,127.0,2.0,,,0,,,8.0,,
2025-09-10 03:00:00,351150400,ZIELONA GÓRA,2025,9,10,3,16.1,84,13.4,990.5,1013.3,135.0,2.0,,,0,,,8.0,,
2025-09-10 04:00:00,351150400,ZIELONA GÓRA,2025,9,10,4,15.6,87,13.4,990.1,1012.9,115.0,2.0,,,0,,,8.0,,
2025-09-10 05:00:00,351150400,ZIELONA GÓRA,2025,9,10,5,15.4,89,13.6,990.1,1012.9,119.0,2.0,,7.0,25,,,8.0,,
2025-09-10 06:00:00,351150400,ZIELONA GÓRA,2025,9,10,6,15.5,89,13.7,990.3,1013.1,120.0,2.0,,7.0,1,,0.0,,6.0,
2025-09-10 07:00:00,351150400,ZIELONA GÓRA,2025,9,10,7,17.2,82,14.1,990.1,1012.8,121.0,2.0,,3.0,1,1.0,,8.0,,
2025-09-10 08:00:00,351150400,ZIELONA GÓRA,2025,9,10,8,19.6,72,14.4,989.9,1012.4,149.0,2.0,,1.0,1,0.0,,8.0,,
2025-09-10 09:00:00,351150400,ZIELONA GÓRA,2025,9,10,9,21.2,63,13.9,989.8,1012.2,157.0,2.0,,3.0,3,1.0,,8.0,,
2025-09-10 10:00:00,351150400,ZIELONA GÓRA,2025,9,10,10,22.0,61,14.1,989.7,1012.0,157.0,3.0,,5.0,3,1.0,,8.0,,
2025-09-10 11:00:00,351150400,ZIELONA GÓRA,2025,9,10,11,22.2,59,13.8,989.0,1011.3,121.0,3.0,,7.0,3,2.0,,8.0,,
2025-09-10 12:00:00,351150400,ZIELONA GÓRA,2025,9,10,12,22.7,60,14.5,988.4,1010.6,130.0,3.0,,7.0,3,1.0,,9.0,,
2025-09-10 13:00:00,351150400,ZIELONA GÓRA,2025,9,10,13,22.9,58,14.2,988.0,1010.2,125.0,3.0,,7.0,3,2.0,,8.0,,
2025-09-10 14:00:00,351150400,ZIELONA GÓRA,2025,9,10,14,23.3,58,14.6,987.5,1009.7,122.0,2.0,,7.0,3,2.0,,8.0,,
2025-09-10 15:00:00,351150400,ZIELONA GÓRA,2025,9,10,15,22.9,60,14.7,986.8,1009.0,105.0,1.0,,7.0,3,2.0,,8.0,,
2025-09-10 16:00:00,351150400,ZIELONA GÓRA,2025,9,10,16,22.6,62,14.9,986.3,1008.5,90.0,1.0,,8.0,1,2.0,,8.0,,
2025-09-10 17:00:00,351150400,ZIELONA GÓRA,2025,9,10,17,21.3,73,16.3,985.6,1007.9,134.0,1.0,,8.0,80,2.0,,8.0,,
2025-09-10 18:00:00,351150400,ZIELONA GÓRA,2025,9,10,18,18.3,92,17.0,985.4,1007.9,124.0,3.0,,8.0,80,2.0,3.2,,6.0,
2025-09-10 19:00:00,351150400,ZIELONA GÓRA,2025,9,10,19,17.8,95,17.0,985.4,1007.9,135.0,3.0,,8.0,61,8.0,,8.0,,
2025-09-10 20:00:00,351150400,ZIELONA GÓRA,2025,9,10,20,16.9,95,16.1,984.5,1007.1,127.0,4.0,,8.0,63,6.0,,8.0,,
2025-09-10 21:00:00,351150400,ZIELONA GÓRA,2025,9,10,21,16.6,97,16.1,983.9,1006.5,127.0,4.0,,,62,,,8.0,,
2025-09-10 22:00:00,351150400,ZIELONA GÓRA,2025,9,10,22,16.5,97,16.0,982.9,1005.5,124.0,4.0,,,61,,,8.0,,
2025-09-10 23:00:00,351150400,ZIELONA GÓRA,2025,9,10,23,16.5,97,16.0,982.3,1004.9,132.0,3.0,,,61,,,8.0,,
2025-09-11 00:00:00,351150400,ZIELONA GÓRA,2025,9,11,0,16.4,98,16.1,981.7,1004.3,134.0,3.0,,,61,,13.4,,,
2025-09-11 01:00:00,351150400,ZIELONA GÓRA,2025,9,11,1,15.6,96,15.0,982.0,1004.6,301.0,4.0,,,62,,,8.0,,
2025-09-11 02:00:00,351150400,ZIELONA GÓRA,2025,9,11,2,14.7,97,14.2,982.6,1005.3,279.0,3.0,,,61,,,8.0,,
2025-09-11 03:00:00,351150400,ZIELONA GÓRA,2025,9,11,3,14.4,97,13.9,982.5,1005.3,262.0,3.0,,,23,,,8.0,,
2025-09-11 04:00:00,351150400,ZIELONA GÓRA,2025,9,11,4,14.6,96,14.0,982.8,1005.5,253.0,2.0,8.0,,0,,,8.0,,
2025-09-11 05:00:00,351150400,ZIELONA GÓRA,2025,9,11,5,13.8,95,13.0,983.3,1006.1,253.0,3.0,,7.0,0,,,8.0,,
2025-09-11 06:00:00,351150400,ZIELONA GÓRA,2025,9,11,6,14.1,94,13.1,983.9,1006.7,236.0,2.0,,5.0,1,,3.8,,6.0,
2025-09-11 07:00:00,351150400,ZIELONA GÓRA,2025,9,11,7,14.7,92,13.4,984.6,1007.4,223.0,4.0,,7.0,1,2.0,,8.0,,
2025-09-11 08:00:00,351150400,ZIELONA GÓRA,2025,9,11,8,15.2,86,12.9,985.0,1007.7,231.0,4.0,,3.0,1,1.0,,8.0,,
2025-09-11 09:00:00,351150400,ZIELONA GÓRA,2025,9,11,9,17.7,73,12.8,985.4,1008.0,223.0,3.0,,3.0,1,1.0,,8.0,,
2025-09-11 10:00:00,351150400,ZIELONA GÓRA,2025,9,11,10,19.7,66,13.2,985.6,1008.0,224.0,3.0,8.0,3.0,3,0.0,,8.0,,
2025-09-11 11:00:00,351150400,ZIELONA GÓRA,2025,9,11,11,20.8,54,11.1,985.9,1008.2,222.0,3.0,,2.0,1,0.0,,8.0,,
2025-09-11 12:00:00,351150400,ZIELONA GÓRA,2025,9,11,12,21.7,55,12.3,986.2,1008.5,213.0,3.0,,2.0,2,1.0,,9.0,,
2025-09-11 13:00:00,351150400,ZIELONA GÓRA,2025,9,11,13,22.3,51,11.7,986.2,1008.4,197.0,4.0,,2.0,3,0.0,,8.0,,
2025-09-11 14:00:00,351150400,ZIELONA GÓRA,2025,9,11,14,21.7,53,11.7,986.3,1008.6,203.0,3.0,,6.0,16,1.0,,8.0,,
2025-09-11 15:00:00,351150400,ZIELONA GÓRA,2025,9,11,15,21.5,58,12.9,986.7,1009.0,213.0,3.0,,7.0,1,1.0,,8.0,,
2025-09-11 16:00:00,351150400,ZIELONA GÓRA,2025,9,11,16,21.0,60,12.9,986.9,1009.2,199.0,3.0,,2.0,1,1.0,,8.0,,
2025-09-11 17:00:00,351150400,ZIELONA GÓRA,2025,9,11,17,19.0,73,14.0,987.5,1010.0,193.0,2.0,,4.0,25,1.0,,8.0,,
2025-09-11 18:00:00,351150400,ZIELONA GÓRA,2025,9,11,18,18.1,77,14.0,988.2,1010.8,199.0,2.0,,7.0,1,8.0,0.0,,6.0,
2025-09-11 19:00:00,351150400,ZIELONA GÓRA,2025,9,11,19,17.4,80,13.9,988.9,1011.6,181.0,2.0,,6.0,3,2.0,,8.0,,
2025-09-11 20:00:00,351150400,ZIELONA GÓRA,2025,9,11,20,17.7,71,12.4,989.7,1012.4,229.0,3.0,,5.0,3,2.0,,8.0,,
2025-09-11 21:00:00,351150400,ZIELONA GÓRA,2025,9,11,21,15.8,70,10.3,990.2,1013.0,223.0,2.0,,,0,,,8.0,,
2025-09-11 22:00:00,351150400,ZIELONA GÓRA,2025,9,11,22,15.5,62,8.2,990.5,1013.3,232.0,2.0,,,0,,,8.0,,
2025-09-11 23:00:00,351150400,ZIELONA GÓRA,2025,9,11,23,15.6,60,7.9,990.8,1013.6,236.0,2.0,,,0,,,8.0,,
2025-09-12 00:00:00,351150400,ZIELONA GÓRA,2025,9,12,0,13.9,70,8.5,990.9,1013.9,213.0,2.0,,,0,,,9.0,,
2025-09-12 01:00:00,351150400,ZIELONA GÓRA,2025,9,12,1,13.5,77,9.5,991.2,1014.2,202.0,2.0,,,0,,,8.0,,
2025-09-12 02:00:00,351150400,ZIELONA GÓRA,2025,9,12,2,12.9,82,9.9,991.3,1014.4,196.0,2.0,,,0,,,8.0,,
2025-09-12 03:00:00,351150400,ZIELONA GÓRA,2025,9,12,3,12.2,87,10.1,991.6,1014.7,170.0,2.0,,,0,,,8.0,,
2025-09-12 04:00:00,351150400,ZIELONA GÓRA,2025,9,12,4,11.5,89,9.7,992.0,1015.2,166.0,2.0,,,0,,,8.0,,
2025-09-12 05:00:00,351150400,ZIELONA GÓRA,2025,9,12,5,11.2,91,9.8,992.4,1015.6,146.0,2.0,,1.0,0,,,8.0,,
2025-09-12 06:00:00,351150400,ZIELONA GÓRA,2025,9,12,6,13.0,81,9.8,992.5,1015.6,198.0,2.0,,1.0,2,,,9.0,,
2025-09-12 07:00:00,351150400,ZIELONA GÓRA,2025,9,12,7,14.8,76,10.6,993.0,1016.0,177.0,2.0,,1.0,3,0.0,,8.0,,
2025-09-12 08:00:00,351150400,ZIELONA GÓRA,2025,9,12,8,17.5,66,11.1,993.6,1016.4,207.0,3.0,,1.0,2,0.0,,8.0,,
2025-09-12 09:00:00,351150400,ZIELONA GÓRA,2025,9,12,9,18.7,59,10.5,993.6,1016.3,174.0,4.0,,5.0,3,1.0,,8.0,,
2025-09-12 10:00:00,351150400,ZIELONA GÓRA,2025,9,12,10,18.5,61,10.8,993.9,1016.6,219.0,3.0,,7.0,3,2.0,,8.0,,
2025-09-12 11:00:00,351150400,ZIELONA GÓRA,2025,9,12,11,18.9,61,11.2,994.2,1016.9,215.0,3.0,,7.0,1,2.0,,8.0,,
2025-09-12 12:00:00,351150400,ZIELONA GÓRA,2025,9,12,12,18.4,62,11.0,994.8,1017.5,205.0,3.0,,7.0,3,1.0,,9.0,,
2025-09-12 13:00:00,351150400,ZIELONA GÓRA,2025,9,12,13,16.7,66,10.3,995.2,1018.1,229.0,2.0,,7.0,25,2.0,,8.0,,
2025-09-12 14:00:00,351150400,ZIELONA GÓRA,2025,9,12,14,18.8,58,10.4,995.1,1017.8,197.0,3.0,,6.0,1,2.0,,8.0,,
2025-09-12 15:00:00,351150400,ZIELONA GÓRA,2025,9,12,15,18.3,62,10.9,995.4,1018.1,197.0,3.0,,6.0,15,8.0,,8.0,,
2025-09-12 16:00:00,351150400,ZIELONA GÓRA,2025,9,12,16,14.2,86,11.9,995.9,1019.0,152.0,2.0,,6.0,95,9.0,,8.0,,
2025-09-12 17:00:00,351150400,ZIELONA GÓRA,2025,9,12,17,13.8,90,12.2,996.4,1019.5,151.0,1.0,,2.0,25,1.0,,8.0,,
2025-09-12 18:00:00,351150400,ZIELONA GÓRA,2025,9,12,18,13.8,86,11.5,997.0,1020.1,147.0,1.0,,1.0,3,9.0,5.8,,6.0,
2025-09-12 19:00:00,351150400,ZIELONA GÓRA,2025,9,12,19,13.6,84,10.9,997.5,1020.7,132.0,3.0,,1.0,1,0.0,,8.0,,
2025-09-12 20:00:00,351150400,ZIELONA GÓRA,2025,9,12,20,13.9,86,11.6,998.0,1021.2,145.0,2.0,,3.0,3,0.0,,8.0,,
2025-09-12 21:00:00,351150400,ZIELONA GÓRA,2025,9,12,21,13.6,88,11.6,998.3,1021.5,194.0,2.0,,,23,,,8.0,,
2025-09-12 22:00:00,351150400,ZIELONA GÓRA,2025,9,12,22,12.6,94,11.7,998.4,1021.7,133.0,1.0,,,0,,,8.0,,
2025-09-12 23:00:00,351150400,ZIELONA GÓRA,2025,9,12,23,12.9,92,11.6,998.6,1021.8,199.0,2.0,,,0,,,8.0,,
2025-09-13 00:00:00,351150400,ZIELONA GÓRA,2025,9,13,0,11.8,94,10.9,998.4,1021.7,195.0,1.0,,,0,,0.0,,,
2025-09-13 01:00:00,351150400,ZIELONA GÓRA,2025,9,13,1,11.8,90,10.2,998.7,1022.0,186.0,2.0,,,0,,,8.0,,
2025-09-13 02:00:00,351150400,ZIELONA GÓRA,2025,9,13,2,11.7,95,10.9,998.8,1022.2,163.0,2.0,,,0,,,8.0,,
2025-09-13 03:00:00,351150400,ZIELONA GÓRA,2025,9,13,3,10.9,96,10.3,999.0,1022.4,148.0,1.0,,,10,,,8.0,,
2025-09-13 04:00:00,351150400,ZIELONA GÓRA,2025,9,13,4,10.8,94,9.9,999.0,1022.4,135.0,1.0,,,0,,,8.0,,
2025-09-13 05:00:00,351150400,ZIELONA GÓRA,2025,9,13,5,11.0,89,9.3,998.9,1022.3,150.0,1.0,,7.0,0,,,8.0,,
2025-09-13 06:00:00,351150400,ZIELONA GÓRA,2025,9,13,6,11.6,88,9.7,999.4,1022.8,147.0,2.0,,7.0,3,,,9.0,,
2025-09-13 07:00:00,351150400,ZIELONA GÓRA,2025,9,13,7,12.3,87,10.2,999.2,1022.5,137.0,2.0,,7.0,3,2.0,,8.0,,
2025-09-13 08:00:00,351150400,ZIELONA GÓRA,2025,9,13,8,13.5,86,11.2,998.9,1022.1,143.0,2.0,,7.0,3,2.0,,8.0,,
2025-09-13 09:00:00,351150400,ZIELONA GÓRA,2025,9,13,9,16.3,77,12.3,998.7,1021.7,145.0,2.0,,7.0,1,2.0,,8.0,,
2025-09-13 10:00:00,351150400,ZIELONA GÓRA,2025,9,13,10,16.7,67,10.5,998.6,1021.5,140.0,2.0,,7.0,3,2.0,,8.0,,
2025-09-13 11:00:00,351150400,ZIELONA GÓRA,2025,9,13,11,18.1,61,10.5,998.2,1021.0,155.0,2.0,,7.0,3,2.0,,8.0,,
2025-09-13 12:00:00,351150400,ZIELONA GÓRA,2025,9,13,12,19.3,54,9.8,997.7,1020.4,147.0,3.0,,7.0,3,2.0,,9.0,,
2025-09-13 13:00:00,351150400,ZIELONA GÓRA,2025,9,13,13,19.9,49,8.9,996.9,1019.5,157.0,3.0,,4.0,1,1.0,,8.0,,
2025-09-13 14:00:00,351150400,ZIELONA GÓRA,2025,9,13,14,19.1,54,9.6,996.4,1019.1,127.0,3.0,,6.0,1,1.0,,8.0,,
2025-09-13 15:00:00,351150400,ZIELONA GÓRA,2025,9,13,15,19.3,57,10.6,995.9,1018.6,124.0,3.0,,3.0,1,1.0,,8.0,,
2025-09-13 16:00:00,351150400,ZIELONA GÓRA,2025,9,13,16,18.5,66,12.0,995.3,1018.0,136.0,3.0,,4.0,1,0.0,,8.0,,
2025-09-13 17:00:00,351150400,ZIELONA GÓRA,2025,9,13,17,17.2,75,12.7,995.3,1018.1,129.0,2.0,,7.0,3,1.0,,8.0,,
2025-09-13 18:00:00,351150400,ZIELONA GÓRA,2025,9,13,18,16.1,82,13.0,995.1,1018.0,139.0,3.0,,7.0,3,1.0,,9.0,,
2025-09-13 19:00:00,351150400,ZIELONA GÓRA,2025,9,13,19,15.1,87,13.0,995.0,1018.0,141.0,3.0,,7.0,1,2.0,,8.0,,
2025-09-13 20:00:00,351150400,ZIELONA GÓRA,2025,9,13,20,14.5,90,12.9,994.7,1017.7,137.0,2.0,,7.0,2,2.0,,8.0,,
2025-09-13 21:00:00,351150400,ZIELONA GÓRA,2025,9,13,21,13.7,94,12.8,994.4,1017.5,133.0,3.0,,,0,,,8.0,,
2025-09-13 22:00:00,351150400,ZIELONA GÓRA,2025,9,13,22,13.4,95,12.6,994.1,1017.2,133.0,2.0,,,0,,,8.0,,
2025-09-13 23:00:00,351150400,ZIELONA GÓRA,2025,9,13,23,13.0,96,12.4,993.7,1016.8,131.0,2.0,,,0,,,8.0,,
2025-09-14 00:00:00,351150400,ZIELONA GÓRA,2025,9,14,0,12.8,97,12.3,993.3,1016.4,130.0,2.0,,,10,,,9.0,,
2025-09-14 01:00:00,351150400,ZIELONA GÓRA,2025,9,14,1,12.4,98,12.1,992.7,1015.9,133.0,2.0,,,34,,,8.0,,
2025-09-14 02:00:00,351150400,ZIELONA GÓRA,2025,9,14,2,12.3,98,12.0,992.3,1015.5,125.0,3.0,,,33,,,8.0,,
2025-09-14 03:00:00,351150400,ZIELONA GÓRA,2025,9,14,3,11.8,98,11.5,991.5,1014.7,128.0,3.0,,,20,,,8.0,,
2025-09-14 04:00:00,351150400,ZIELONA GÓRA,2025,9,14,4,12.1,97,11.6,991.1,1014.2,133.0,2.0,,,0,,,8.0,,
2025-09-14 05:00:00,351150400,ZIELONA GÓRA,2025,9,14,5,12.0,97,11.5,990.9,1014.0,124.0,3.0,,8.0,0,,,8.0,,
2025-09-14 06:00:00,351150400,ZIELONA GÓRA,2025,9,14,6,12.1,96,11.5,990.7,1013.8,125.0,2.0,,8.0,2,,,9.0,,
2025-09-14 07:00:00,351150400,ZIELONA GÓRA,2025,9,14,7,12.2,96,11.6,991.2,1014.3,130.0,3.0,,8.0,3,2.0,,8.0,,
2025-09-14 08:00:00,351150400,ZIELONA GÓRA,2025,9,14,8,12.8,95,12.0,991.2,1014.3,148.0,2.0,,8.0,3,2.0,,8.0,,
2025-09-14 09:00:00,351150400,ZIELONA GÓRA,2025,9,14,9,13.0,95,12.2,991.1,1014.2,168.0,2.0,,8.0,1,2.0,,8.0,,
2025-09-14 10:00:00,351150400,ZIELONA GÓRA,2025,9,14,10,15.1,87,13.0,991.1,1014.0,247.0,2.0,,8.0,3,2.0,,8.0,,
2025-09-14 11:00:00,351150400,ZIELONA GÓRA,2025,9,14,11,15.0,85,12.5,990.9,1013.8,293.0,4.0,,7.0,25,2.0,,8.0,,
2025-09-14 12:00:00,351150400,ZIELONA GÓRA,2025,9,14,12,16.3,77,12.3,990.7,1013.5,289.0,3.0,,7.0,3,8.0,0.0,,6.0,
2025-09-14 13:00:00,351150400,ZIELONA GÓRA,2025,9,14,13,16.3,74,11.7,991.0,1013.8,275.0,3.0,,7.0,1,2.0,,8.0,,
2025-09-14 14:00:00,351150400,ZIELONA GÓRA,2025,9,14,14,16.3,75,11.9,990.8,1013.6,288.0,3.0,,7.0,3,2.0,,8.0,,
2025-09-14 15:00:00,351150400,ZIELONA GÓRA,2025,9,14,15,17.3,66,10.9,991.0,1013.7,289.0,3.0,,5.0,1,2.0,,8.0,,
2025-09-14 16:00:00,351150400,ZIELONA GÓRA,2025,9,14,16,16.3,70,10.8,991.6,1014.4,282.0,3.0,,3.0,1,1.0,,8.0,,
2025-09-14 17:00:00,351150400,ZIELONA GÓRA,2025,9,14,17,15.7,75,11.3,991.9,1014.8,262.0,2.0,,3.0,3,0.0,,8.0,,
2025-09-14 18:00:00,351150400,ZIELONA GÓRA,2025,9,14,18,14.3,82,11.3,992.3,1015.3,250.0,1.0,,2.0,1,1.0,,9.0,,
2025-09-14 19:00:00,351150400,ZIELONA GÓRA,2025,9,14,19,13.3,87,11.2,992.6,1015.7,232.0,1.0,,0.0,1,0.0,,8.0,,
2025-09-14 20:00:00,351150400,ZIELONA GÓRA,2025,9,14,20,13.0,88,11.1,992.6,1015.7,220.0,2.0,,0.0,2,0.0,,8.0,,
2025-09-14 21:00:00,351150400,ZIELONA GÓRA,2025,9,14,21,11.8,92,10.5,992.6,1015.8,187.0,1.0,,,0,,,8.0,,
2025-09-14 22:00:00,351150400,ZIELONA GÓRA,2025,9,14,22,10.9,93,9.8,992.8,1016.1,199.0,2.0,,,0,,,8.0,,
2025-09-14 23:00:00,351150400,ZIELONA GÓRA,2025,9,14,23,10.7,93,9.6,992.7,1016.0,198.0,2.0,,,0,,,8.0,,
2025-09-15 00:00:00,351150400,ZIELONA GÓRA,2025,9,15,0,10.9,92,9.7,992.5,1015.8,195.0,2.0,,,0,,,9.0,,
2025-09-15 01:00:00,351150400,ZIELONA GÓRA,2025,9,15,1,10.5,93,9.4,992.2,1015.5,167.0,2.0,,,0,,,8.0,,
2025-09-15 02:00:00,351150400,ZIELONA GÓRA,2025,9,15,2,10.3,93,9.2,991.7,1015.0,168.0,2.0,,,0,,,8.0,,
2025-09-15 03:00:00,351150400,ZIELONA GÓRA,2025,9,15,3,10.3,93,9.2,991.0,1014.3,152.0,2.0,,,0,,,8.0,,
2025-09-15 04:00:00,351150400,ZIELONA GÓRA,2025,9,15,4,10.4,92,9.2,990.3,1013.6,143.0,2.0,,,0,,,8.0,,
2025-09-15 05:00:00,351150400,ZIELONA GÓRA,2025,9,15,5,11.1,89,9.4,989.5,1012.7,145.0,3.0,,7.0,0,,,8.0,,
2025-09-15 06:00:00,351150400,ZIELONA GÓRA,2025,9,15,6,12.0,86,9.7,989.2,1012.3,150.0,3.0,,8.0,3,,,9.0,,
2025-09-15 07:00:00,351150400,ZIELONA GÓRA,2025,9,15,7,12.1,92,10.8,988.9,1012.0,149.0,3.0,,8.0,80,2.0,,8.0,,
2025-09-15 08:00:00,351150400,ZIELONA GÓRA,2025,9,15,8,13.1,92,11.8,988.8,1011.8,159.0,3.0,,7.0,25,8.0,,8.0,,
2025-09-15 09:00:00,351150400,ZIELONA GÓRA,2025,9,15,9,15.9,82,12.8,988.4,1011.2,182.0,5.0,,7.0,80,8.0,,8.0,,
2025-09-15 10:00:00,351150400,ZIELONA GÓRA,2025,9,15,10,16.8,82,13.7,988.0,1010.7,178.0,5.0,,7.0,25,2.0,,8.0,,
2025-09-15 11:00:00,351150400,ZIELONA GÓRA,2025,9,15,11,19.8,71,14.4,987.4,1009.8,178.0,5.0,,4.0,1,1.0,,8.0,,
2025-09-15 12:00:00,351150400,ZIELONA GÓRA,2025,9,15,12,20.7,70,15.0,987.1,1009.5,177.0,4.0,,6.0,3,8.0,0.7,,6.0,
2025-09-15 13:00:00,351150400,ZIELONA GÓRA,2025,9,15,13,20.5,72,15.3,987.0,1009.4,169.0,3.0,,7.0,3,2.0,,8.0,,
2025-09-15 14:00:00,351150400,ZIELONA GÓRA,2025,9,15,14,18.3,90,16.6,987.2,1009.8,166.0,1.0,,7.0,95,8.0,,8.0,,
2025-09-15 15:00:00,351150400,ZIELONA GÓRA,2025,9,15,15,16.4,93,15.3,987.3,1010.0,347.0,2.0,,7.0,91,8.0,,8.0,,
2025-09-15 16:00:00,351150400,ZIELONA GÓRA,2025,9,15,16,16.2,95,15.4,987.5,1010.2,0.0,0.0,,7.0,25,8.0,,8.0,,
2025-09-15 17:00:00,351150400,ZIELONA GÓRA,2025,9,15,17,16.0,97,15.5,987.6,1010.3,126.0,2.0,,7.0,10,2.0,,8.0,,
2025-09-15 18:00:00,351150400,ZIELONA GÓRA,2025,9,15,18,15.8,98,15.5,987.6,1010.4,135.0,2.0,,4.0,28,9.0,6.0,,6.0,
2025-09-15 19:00:00,351150400,ZIELONA GÓRA,2025,9,15,19,15.9,98,15.6,987.7,1010.5,155.0,2.0,,7.0,46,4.0,,8.0,,
2025-09-15 20:00:00,351150400,ZIELONA GÓRA,2025,9,15,20,15.6,98,15.3,987.6,1010.4,175.0,2.0,,4.0,28,4.0,,8.0,,
2025-09-15 21:00:00,351150400,ZIELONA GÓRA,2025,9,15,21,15.3,98,15.0,988.0,1010.8,186.0,2.0,,,0,,,8.0,,
2025-09-15 22:00:00,351150400,ZIELONA GÓRA,2025,9,15,22,15.4,95,14.6,988.2,1011.0,204.0,3.0,,,0,,,8.0,,
2025-09-15 23:00:00,351150400,ZIELONA GÓRA,2025,9,15,23,15.3,89,13.5,988.3,1011.1,236.0,3.0,,,0,,,8.0,,
2025-09-16 00:00:00,351150400,ZIELONA GÓRA,2025,9,16,0,15.0,77,11.0,988.3,1011.1,246.0,3.0,,,0,,,9.0,,
2025-09-16 01:00:00,351150400,ZIELONA GÓRA,2025,9,16,1,14.1,78,10.3,988.5,1011.4,237.0,3.0,,,0,,,8.0,,
2025-09-16 02:00:00,351150400,ZIELONA GÓRA,2025,9,16,2,12.8,82,9.8,988.9,1011.9,220.0,2.0,,,0,,,8.0,,
2025-09-16 03:00:00,351150400,ZIELONA GÓRA,2025,9,16,3,11.6,87,9.5,989.1,1012.2,200.0,2.0,,,0,,,8.0,,
2025-09-16 04:00:00,351150400,ZIELONA GÓRA,2025,9,16,4,12.1,84,9.5,989.0,1012.1,211.0,4.0,,,0,,,8.0,,
2025-09-16 05:00:00,351150400,ZIELONA GÓRA,2025,9,16,5,11.9,82,8.9,989.2,1012.3,224.0,3.0,,1.0,0,,,8.0,,
2025-09-16 06:00:00,351150400,ZIELONA GÓRA,2025,9,16,6,13.1,75,8.8,989.6,1012.6,216.0,4.0,,1.0,3,,,9.0,,
2025-09-16 07:00:00,351150400,ZIELONA GÓRA,2025,9,16,7,14.8,72,9.8,989.5,1012.4,217.0,5.0,,5.0,3,1.0,,8.0,,
2025-09-16 08:00:00,351150400,ZIELONA GÓRA,2025,9,16,8,16.0,64,9.2,990.0,1012.8,239.0,4.0,,6.0,3,2.0,,8.0,,
2025-09-16 09:00:00,351150400,ZIELONA GÓRA,2025,9,16,9,15.9,63,8.9,990.4,1013.2,241.0,4.0,11.0,7.0,3,1.0,,8.0,,
2025-09-16 10:00:00,351150400,ZIELONA GÓRA,2025,9,16,10,16.2,61,8.7,990.6,1013.4,244.0,4.0,9.0,7.0,1,2.0,,8.0,,
2025-09-16 11:00:00,351150400,ZIELONA GÓRA,2025,9,16,11,16.9,59,8.8,990.7,1013.4,238.0,4.0,10.0,7.0,3,2.0,,8.0,,
2025-09-16 12:00:00,351150400,ZIELONA GÓRA,2025,9,16,12,16.5,60,8.7,990.9,1013.7,229.0,4.0,9.0,7.0,1,1.0,,9.0,,
2025-09-16 13:00:00,351150400,ZIELONA GÓRA,2025,9,16,13,17.0,56,8.2,991.0,1013.7,245.0,4.0,,7.0,3,2.0,,8.0,,
2025-09-16 14:00:00,351150400,ZIELONA GÓRA,2025,9,16,14,16.5,58,8.2,991.2,1014.0,237.0,3.0,8.0,7.0,2,2.0,,8.0,,
2025-09-16 15:00:00,351150400,ZIELONA GÓRA,2025,9,16,15,15.5,65,8.9,991.3,1014.2,220.0,3.0,,7.0,25,2.0,,8.0,,
2025-09-16 16:00:00,351150400,ZIELONA GÓRA,2025,9,16,16,15.5,63,8.5,991.2,1014.1,208.0,2.0,,7.0,1,2.0,,8.0,,
2025-09-16 17:00:00,351150400,ZIELONA GÓRA,2025,9,16,17,14.9,67,8.8,991.3,1014.2,211.0,2.0,,7.0,1,2.0,,8.0,,
2025-09-16 18:00:00,351150400,ZIELONA GÓRA,2025,9,16,18,15.0,57,6.5,991.7,1014.6,247.0,3.0,,7.0,3,8.0,0.0,,6.0,
2025-09-16 19:00:00,351150400,ZIELONA GÓRA,2025,9,16,19,13.8,64,7.1,992.2,1015.2,218.0,4.0,,4.0,1,1.0,,8.0,,
2025-09-16 20:00:00,351150400,ZIELONA GÓRA,2025,9,16,20,13.1,70,7.7,992.1,1015.2,218.0,3.0,,1.0,1,0.0,,8.0,,
2025-09-16 21:00:00,351150400,ZIELONA GÓRA,2025,9,16,21,12.7,72,7.8,992.3,1015.4,231.0,3.0,,,0,,,8.0,,
2025-09-16 22:00:00,351150400,ZIELONA GÓRA,2025,9,16,22,12.7,72,7.8,992.2,1015.3,245.0,3.0,,,0,,,8.0,,
2025-09-16 23:00:00,351150400,ZIELONA GÓRA,2025,9,16,23,12.4,79,8.9,992.2,1015.3,234.0,4.0,,,0,,,8.0,,
2025-09-17 00:00:00,351150400,ZIELONA GÓRA,2025,9,17,0,11.0,95,10.2,992.4,1015.7,232.0,2.0,,,81,,0.2,,,
2025-09-17 01:00:00,351150400,ZIELONA GÓRA,2025,9,17,1,11.4,95,10.6,992.6,1015.8,262.0,3.0,,,81,,,8.0,,
2025-09-17 02:00:00,351150400,ZIELONA GÓRA,2025,9,17,2,11.6,95,10.8,993.0,1016.2,271.0,5.0,,,23,,,8.0,,
2025-09-17 03:00:00,351150400,ZIELONA GÓRA,2025,9,17,3,11.5,94,10.6,993.5,1016.7,267.0,3.0,,,0,,,8.0,,
2025-09-17 04:00:00,351150400,ZIELONA GÓRA,2025,9,17,4,11.1,93,10.0,993.8,1017.1,256.0,4.0,9.0,,0,,,8.0,,
2025-09-17 05:00:00,351150400,ZIELONA GÓRA,2025,9,17,5,11.2,92,9.9,994.1,1017.4,254.0,4.0,,6.0,0,,,8.0,,
2025-09-17 06:00:00,351150400,ZIELONA GÓRA,2025,9,17,6,11.2,92,9.9,994.7,1018.0,255.0,3.0,8.0,5.0,1,,0.5,,6.0,
2025-09-17 07:00:00,351150400,ZIELONA GÓRA,2025,9,17,7,12.3,86,10.0,995.1,1018.3,254.0,4.0,,2.0,1,1.0,,8.0,,
2025-09-17 08:00:00,351150400,ZIELONA GÓRA,2025,9,17,8,13.4,81,10.2,995.6,1018.7,249.0,3.0,8.0,7.0,3,1.0,,8.0,,
2025-09-17 09:00:00,351150400,ZIELONA GÓRA,2025,9,17,9,13.7,78,9.9,996.2,1019.3,266.0,4.0,,7.0,3,1.0,,8.0,,
2025-09-17 10:00:00,351150400,ZIELONA GÓRA,2025,9,17,10,15.1,72,10.1,996.2,1019.2,253.0,3.0,8.0,7.0,3,2.0,,8.0,,
2025-09-17 11:00:00,351150400,ZIELONA GÓRA,2025,9,17,11,16.6,63,9.5,996.2,1019.1,255.0,3.0,,7.0,1,2.0,,8.0,,
2025-09-17 12:00:00,351150400,ZIELONA GÓRA,2025,9,17,12,16.7,61,9.1,996.0,1018.9,261.0,3.0,,7.0,1,1.0,,9.0,,
2025-09-17 13:00:00,351150400,ZIELONA GÓRA,2025,9,17,13,16.5,61,8.9,996.3,1019.2,252.0,3.0,,8.0,1,2.0,,8.0,,
2025-09-17 14:00:00,351150400,ZIELONA GÓRA,2025,9,17,14,16.0,63,9.0,996.3,1019.2,255.0,3.0,8.0,8.0,1,2.0,,8.0,,
2025-09-17 15:00:00,351150400,ZIELONA GÓRA,2025,9,17,15,16.5,61,8.9,996.2,1019.1,252.0,3.0,,7.0,3,2.0,,8.0,,
2025-09-17 16:00:00,351150400,ZIELONA GÓRA,2025,9,17,16,16.2,64,9.4,996.5,1019.4,255.0,3.0,,4.0,3,1.0,,8.0,,
2025-09-17 17:00:00,351150400,ZIELONA GÓRA,2025,9,17,17,15.1,70,9.7,996.9,1019.9,237.0,2.0,,3.0,1,0.0,,8.0,,
2025-09-17 18:00:00,351150400,ZIELONA GÓRA,2025,9,17,18,14.0,75,9.6,997.2,1020.3,241.0,2.0,,1.0,1,1.0,,9.0,,
2025-09-17 19:00:00,351150400,ZIELONA GÓRA,2025,9,17,19,13.8,73,9.0,997.5,1020.6,246.0,3.0,,0.0,1,0.0,,8.0,,
2025-09-17 20:00:00,351150400,ZIELONA GÓRA,2025,9,17,20,13.8,70,8.4,997.8,1021.0,245.0,2.0,,0.0,2,0.0,,8.0,,
2025-09-17 21:00:00,351150400,ZIELONA GÓRA,2025,9,17,21,13.9,68,8.1,997.8,1020.9,250.0,3.0,,,0,,,8.0,,
2025-09-17 22:00:00,351150400,ZIELONA GÓRA,2025,9,17,22,12.7,73,8.0,998.0,1021.3,241.0,2.0,,,0,,,8.0,,
2025-09-17 23:00:00,351150400,ZIELONA GÓRA,2025,9,17,23,12.0,76,7.9,998.1,1021.4,234.0,2.0,,,0,,,8.0,,
2025-09-18 00:00:00,351150400,ZIELONA GÓRA,2025,9,18,0,11.5,78,7.8,998.0,1021.3,217.0,2.0,,,0,,,9.0,,
2025-09-18 01:00:00,351150400,ZIELONA GÓRA,2025,9,18,1,10.8,83,8.0,997.8,1021.2,183.0,2.0,,,0,,,8.0,,
2025-09-18 02:00:00,351150400,ZIELONA GÓRA,2025,9,18,2,10.9,82,7.9,997.6,1021.0,195.0,2.0,,,0,,,8.0,,
2025-09-18 03:00:00,351150400,ZIELONA GÓRA,2025,9,18,3,10.7,84,8.1,997.3,1020.7,171.0,2.0,,,0,,,8.0,,
2025-09-18 04:00:00,351150400,ZIELONA GÓRA,2025,9,18,4,10.9,84,8.3,996.8,1020.2,161.0,2.0,,,0,,,8.0,,
2025-09-18 05:00:00,351150400,ZIELONA GÓRA,2025,9,18,5,11.3,84,8.7,996.7,1020.0,171.0,3.0,,7.0,0,,,8.0,,
2025-09-18 06:00:00,351150400,ZIELONA GÓRA,2025,9,18,6,12.1,84,9.5,996.8,1020.1,183.0,2.0,,7.0,3,,,9.0,,
2025-09-18 07:00:00,351150400,ZIELONA GÓRA,2025,9,18,7,12.6,88,10.7,997.1,1020.3,185.0,2.0,,8.0,60,6.0,,8.0,,
2025-09-18 08:00:00,351150400,ZIELONA GÓRA,2025,9,18,8,13.5,93,12.4,997.4,1020.6,218.0,3.0,,8.0,21,2.0,,8.0,,
2025-09-18 09:00:00,351150400,ZIELONA GÓRA,2025,9,18,9,14.0,95,13.2,997.4,1020.5,220.0,3.0,,8.0,51,6.0,,8.0,,
2025-09-18 10:00:00,351150400,ZIELONA GÓRA,2025,9,18,10,14.9,93,13.8,997.5,1020.6,236.0,3.0,,8.0,51,5.0,,8.0,,
2025-09-18 11:00:00,351150400,ZIELONA GÓRA,2025,9,18,11,15.8,90,14.2,997.5,1020.5,239.0,3.0,,8.0,20,5.0,,8.0,,
2025-09-18 12:00:00,351150400,ZIELONA GÓRA,2025,9,18,12,16.3,87,14.1,997.8,1020.8,241.0,3.0,,8.0,1,6.0,0.0,,6.0,
2025-09-18 13:00:00,351150400,ZIELONA GÓRA,2025,9,18,13,16.4,90,14.8,997.8,1020.7,239.0,3.0,8.0,8.0,3,2.0,,8.0,,
2025-09-18 14:00:00,351150400,ZIELONA GÓRA,2025,9,18,14,17.7,85,15.1,997.6,1020.4,230.0,3.0,,7.0,1,2.0,,8.0,,
2025-09-18 15:00:00,351150400,ZIELONA GÓRA,2025,9,18,15,18.6,82,15.5,997.6,1020.4,228.0,2.0,,7.0,1,2.0,,8.0,,
2025-09-18 16:00:00,351150400,ZIELONA GÓRA,2025,9,18,16,18.3,83,15.4,997.8,1020.6,215.0,2.0,,7.0,1,2.0,,8.0,,
2025-09-18 17:00:00,351150400,ZIELONA GÓRA,2025,9,18,17,17.8,86,15.4,997.8,1020.6,190.0,2.0,,7.0,3,2.0,,8.0,,
2025-09-18 18:00:00,351150400,ZIELONA GÓRA,2025,9,18,18,17.9,85,15.3,998.3,1021.1,227.0,2.0,,7.0,2,2.0,,9.0,,
2025-09-18 19:00:00,351150400,ZIELONA GÓRA,2025,9,18,19,18.8,79,15.1,998.8,1021.6,252.0,3.0,,7.0,1,2.0,,8.0,,
2025-09-18 20:00:00,351150400,ZIELONA GÓRA,2025,9,18,20,18.8,79,15.1,998.9,1021.7,263.0,4.0,,7.0,1,2.0,,8.0,,
2025-09-18 21:00:00,351150400,ZIELONA GÓRA,2025,9,18,21,18.2,80,14.7,998.9,1021.7,279.0,3.0,,,0,,,8.0,,
2025-09-18 22:00:00,351150400,ZIELONA GÓRA,2025,9,18,22,18.4,80,14.9,999.1,1021.9,254.0,2.0,,,0,,,8.0,,
2025-09-18 23:00:00,351150400,ZIELONA GÓRA,2025,9,18,23,18.7,77,14.6,999.3,1022.1,260.0,4.0,,,0,,,8.0,,
2025-09-19 00:00:00,351150400,ZIELONA GÓRA,2025,9,19,0,18.4,78,14.5,999.4,1022.2,264.0,3.0,,,0,,,9.0,,
2025-09-19 01:00:00,351150400,ZIELONA GÓRA,2025,9,19,1,18.0,80,14.5,999.7,1022.6,262.0,3.0,,,0,,,8.0,,
2025-09-19 02:00:00,351150400,ZIELONA GÓRA,2025,9,19,2,17.9,81,14.6,999.9,1022.8,264.0,3.0,,,0,,,8.0,,
2025-09-19 03:00:00,351150400,ZIELONA GÓRA,2025,9,19,3,17.9,81,14.6,1000.0,1022.9,257.0,3.0,,,0,,,8.0,,
2025-09-19 04:00:00,351150400,ZIELONA GÓRA,2025,9,19,4,17.2,84,14.5,1000.4,1023.3,252.0,2.0,,,0,,,8.0,,
2025-09-19 05:00:00,351150400,ZIELONA GÓRA,2025,9,19,5,16.7,86,14.3,1000.8,1023.8,255.0,2.0,,7.0,0,,,8.0,,
2025-09-19 06:00:00,351150400,ZIELONA GÓRA,2025,9,19,6,16.8,86,14.4,1001.4,1024.4,264.0,2.0,,1.0,1,,,9.0,,
2025-09-19 07:00:00,351150400,ZIELONA GÓRA,2025,9,19,7,18.0,80,14.5,1001.7,1024.6,275.0,3.0,,1.0,2,0.0,,8.0,,
2025-09-19 08:00:00,351150400,ZIELONA GÓRA,2025,9,19,8,18.8,78,14.9,1002.1,1025.0,275.0,3.0,,6.0,3,1.0,,8.0,,
2025-09-19 09:00:00,351150400,ZIELONA GÓRA,2025,9,19,9,20.1,73,15.1,1002.2,1025.0,277.0,3.0,,7.0,3,1.0,,8.0,,
2025-09-19 10:00:00,351150400,ZIELONA GÓRA,2025,9,19,10,19.7,75,15.1,1002.4,1025.2,249.0,2.0,,7.0,3,2.0,,8.0,,
2025-09-19 11:00:00,351150400,ZIELONA GÓRA,2025,9,19,11,20.0,72,14.8,1002.7,1025.5,245.0,2.0,,7.0,1,2.0,,8.0,,
2025-09-19 12:00:00,351150400,ZIELONA GÓRA,2025,9,19,12,20.8,67,14.4,1002.5,1025.2,261.0,2.0,,6.0,1,1.0,,9.0,,
2025-09-19 13:00:00,351150400,ZIELONA GÓRA,2025,9,19,13,21.9,63,14.5,1002.2,1024.8,247.0,2.0,,6.0,3,2.0,,8.0,,
2025-09-19 14:00:00,351150400,ZIELONA GÓRA,2025,9,19,14,22.1,61,14.2,1002.0,1024.6,251.0,2.0,,5.0,1,2.0,,8.0,,
2025-09-19 15:00:00,351150400,ZIELONA GÓRA,2025,9,19,15,22.5,61,14.6,1001.7,1024.3,221.0,2.0,,5.0,1,2.0,,8.0,,
2025-09-19 16:00:00,351150400,ZIELONA GÓRA,2025,9,19,16,21.8,63,14.4,1001.7,1024.3,199.0,2.0,,6.0,1,2.0,,8.0,,
2025-09-19 17:00:00,351150400,ZIELONA GÓRA,2025,9,19,17,19.8,75,15.2,1001.6,1024.4,147.0,1.0,,6.0,1,2.0,,8.0,,
2025-09-19 18:00:00,351150400,ZIELONA GÓRA,2025,9,19,18,18.9,77,14.8,1001.7,1024.5,131.0,2.0,,2.0,1,1.0,,9.0,,
2025-09-19 19:00:00,351150400,ZIELONA GÓRA,2025,9,19,19,18.4,79,14.7,1001.7,1024.6,120.0,2.0,,2.0,2,0.0,,8.0,,
2025-09-19 20:00:00,351150400,ZIELONA GÓRA,2025,9,19,20,17.9,82,14.8,1001.4,1024.3,123.0,2.0,,1.0,1,0.0,,8.0,,
2025-09-19 21:00:00,351150400,ZIELONA GÓRA,2025,9,19,21,17.5,86,15.1,1001.0,1023.9,137.0,2.0,,,0,,,8.0,,
2025-09-19 22:00:00,351150400,ZIELONA GÓRA,2025,9,19,22,16.7,89,14.9,1000.6,1023.6,141.0,2.0,,,0,,,8.0,,
2025-09-19 23:00:00,351150400,ZIELONA GÓRA,2025,9,19,23,17.4,86,15.0,1000.1,1023.0,139.0,2.0,,,0,,,8.0,,
2025-09-20 00:00:00,351150400,ZIELONA GÓRA,2025,9,20,0,16.5,90,14.9,999.7,1022.7,146.0,2.0,,,0,,,9.0,,
2025-09-20 01:00:00,351150400,ZIELONA GÓRA,2025,9,20,1,16.6,86,14.2,999.0,1022.0,136.0,2.0,,,0,,,8.0,,
2025-09-20 02:00:00,351150400,ZIELONA GÓRA,2025,9,20,2,16.0,87,13.8,998.4,1021.4,138.0,3.0,,,0,,,8.0,,
2025-09-20 03:00:00,351150400,ZIELONA GÓRA,2025,9,20,3,15.1,89,13.3,997.7,1020.7,138.0,3.0,,,0,,,8.0,,
2025-09-20 04:00:00,351150400,ZIELONA GÓRA,2025,9,20,4,15.1,86,12.8,997.2,1020.2,139.0,3.0,,,0,,,8.0,,
2025-09-20 05:00:00,351150400,ZIELONA GÓRA,2025,9,20,5,16.2,79,12.6,997.1,1020.0,158.0,2.0,,4.0,0,,,8.0,,
2025-09-20 06:00:00,351150400,ZIELONA GÓRA,2025,9,20,6,17.2,75,12.7,997.0,1019.9,178.0,2.0,,3.0,1,,,9.0,,
2025-09-20 07:00:00,351150400,ZIELONA GÓRA,2025,9,20,7,19.0,70,13.4,996.5,1019.2,163.0,3.0,,2.0,1,0.0,,8.0,,
2025-09-20 08:00:00,351150400,ZIELONA GÓRA,2025,9,20,8,20.8,65,14.0,996.6,1019.2,177.0,3.0,,1.0,1,0.0,,8.0,,
2025-09-20 09:00:00,351150400,ZIELONA GÓRA,2025,9,20,9,22.8,61,14.9,996.2,1018.6,171.0,3.0,,2.0,3,0.0,,8.0,,
2025-09-20 10:00:00,351150400,ZIELONA GÓRA,2025,9,20,10,25.1,51,14.2,995.7,1017.9,174.0,3.0,,3.0,3,0.0,,8.0,,
2025-09-20 11:00:00,351150400,ZIELONA GÓRA,2025,9,20,11,26.8,44,13.5,994.7,1016.8,179.0,4.0,,6.0,1,1.0,,8.0,,
2025-09-20 12:00:00,351150400,ZIELONA GÓRA,2025,9,20,12,28.0,39,12.8,994.1,1016.1,182.0,3.0,,7.0,3,1.0,,9.0,,
2025-09-20 13:00:00,351150400,ZIELONA GÓRA,2025,9,20,13,28.8,34,11.4,993.6,1015.5,201.0,3.0,,4.0,3,1.0,,8.0,,
2025-09-20 14:00:00,351150400,ZIELONA GÓRA,2025,9,20,14,28.6,34,11.2,993.1,1015.0,198.0,4.0,,4.0,1,0.0,,8.0,,
2025-09-20 15:00:00,351150400,ZIELONA GÓRA,2025,9,20,15,27.8,39,12.6,992.5,1014.4,194.0,3.0,,4.0,1,1.0,,8.0,,
2025-09-20 16:00:00,351150400,ZIELONA GÓRA,2025,9,20,16,26.4,45,13.5,992.1,1014.1,185.0,3.0,,3.0,1,0.0,,8.0,,
2025-09-20 17:00:00,351150400,ZIELONA GÓRA,2025,9,20,17,24.0,54,14.1,992.0,1014.2,180.0,3.0,,4.0,3,0.0,,8.0,,
2025-09-20 18:00:00,351150400,ZIELONA GÓRA,2025,9,20,18,23.6,58,14.9,992.0,1014.3,208.0,3.0,,3.0,1,1.0,,9.0,,
2025-09-20 19:00:00,351150400,ZIELONA GÓRA,2025,9,20,19,22.6,63,15.2,992.0,1014.3,182.0,2.0,,2.0,1,0.0,,8.0,,
2025-09-20 20:00:00,351150400,ZIELONA GÓRA,2025,9,20,20,21.2,69,15.3,991.7,1014.1,162.0,2.0,,2.0,2,0.0,,8.0,,
2025-09-20 21:00:00,351150400,ZIELONA GÓRA,2025,9,20,21,21.1,70,15.4,991.6,1014.0,174.0,3.0,,,0,,,8.0,,
2025-09-20 22:00:00,351150400,ZIELONA GÓRA,2025,9,20,22,21.2,70,15.5,991.4,1013.8,193.0,4.0,,,0,,,8.0,,
2025-09-20 23:00:00,351150400,ZIELONA GÓRA,2025,9,20,23,21.3,70,15.6,991.2,1013.6,196.0,3.0,,,0,,,8.0,,
2025-09-21 00:00:00,351150400,ZIELONA GÓRA,2025,9,21,0,21.1,70,15.4,991.1,1013.5,198.0,3.0,,,0,,,9.0,,
2025-09-21 01:00:00,351150400,ZIELONA GÓRA,2025,9,21,1,21.0,70,15.3,991.0,1013.4,199.0,3.0,,,0,,,8.0,,
2025-09-21 02:00:00,351150400,ZIELONA GÓRA,2025,9,21,2,20.1,72,14.9,990.6,1013.1,183.0,3.0,,,0,,,8.0,,
2025-09-21 03:00:00,351150400,ZIELONA GÓRA,2025,9,21,3,19.3,75,14.8,990.3,1012.8,177.0,3.0,,,0,,,8.0,,
2025-09-21 04:00:00,351150400,ZIELONA GÓRA,2025,9,21,4,18.7,76,14.4,989.9,1012.5,176.0,3.0,,,0,,,8.0,,
2025-09-21 05:00:00,351150400,ZIELONA GÓRA,2025,9,21,5,19.2,72,14.0,989.9,1012.4,191.0,3.0,,2.0,0,,,8.0,,
2025-09-21 06:00:00,351150400,ZIELONA GÓRA,2025,9,21,6,19.4,73,14.4,989.8,1012.3,163.0,2.0,,3.0,3,,,9.0,,
2025-09-21 07:00:00,351150400,ZIELONA GÓRA,2025,9,21,7,21.0,68,14.9,990.0,1012.4,162.0,2.0,,2.0,1,0.0,,8.0,,
2025-09-21 08:00:00,351150400,ZIELONA GÓRA,2025,9,21,8,22.4,62,14.8,989.8,1012.1,167.0,3.0,,2.0,3,0.0,,8.0,,
2025-09-21 09:00:00,351150400,ZIELONA GÓRA,2025,9,21,9,24.3,59,15.8,989.5,1011.6,157.0,3.0,,1.0,1,0.0,,8.0,,
2025-09-21 10:00:00,351150400,ZIELONA GÓRA,2025,9,21,10,25.9,54,15.9,989.0,1011.0,195.0,3.0,,1.0,2,0.0,,8.0,,
2025-09-21 11:00:00,351150400,ZIELONA GÓRA,2025,9,21,11,27.5,49,15.8,988.6,1010.5,192.0,3.0,,2.0,3,0.0,,8.0,,
2025-09-21 12:00:00,351150400,ZIELONA GÓRA,2025,9,21,12,27.7,47,15.4,988.5,1010.4,186.0,3.0,,1.0,1,0.0,,9.0,,
2025-09-21 13:00:00,351150400,ZIELONA GÓRA,2025,9,21,13,28.4,46,15.7,988.5,1010.3,212.0,2.0,,1.0,2,0.0,,8.0,,
2025-09-21 14:00:00,351150400,ZIELONA GÓRA,2025,9,21,14,28.5,43,14.7,988.2,1010.0,229.0,2.0,,1.0,1,0.0,,8.0,,
2025-09-21 15:00:00,351150400,ZIELONA GÓRA,2025,9,21,15,27.8,44,14.4,987.9,1009.7,194.0,2.0,,1.0,2,0.0,,8.0,,
2025-09-21 16:00:00,351150400,ZIELONA GÓRA,2025,9,21,16,26.8,49,15.2,988.0,1009.9,213.0,2.0,,2.0,3,0.0,,8.0,,
2025-09-21 17:00:00,351150400,ZIELONA GÓRA,2025,9,21,17,24.7,55,15.1,988.2,1010.3,237.0,1.0,,7.0,3,1.0,,8.0,,
2025-09-21 18:00:00,351150400,ZIELONA GÓRA,2025,9,21,18,21.4,76,17.0,989.8,1012.2,250.0,3.0,,7.0,95,1.0,0.3,,6.0,
2025-09-21 19:00:00,351150400,ZIELONA GÓRA,2025,9,21,19,19.7,86,17.3,990.1,1012.6,318.0,3.0,,7.0,29,8.0,,8.0,,
2025-09-21 20:00:00,351150400,ZIELONA GÓRA,2025,9,21,20,18.5,90,16.8,991.2,1013.8,299.0,4.0,,7.0,25,8.0,,8.0,,
2025-09-21 21:00:00,351150400,ZIELONA GÓRA,2025,9,21,21,15.0,79,11.4,991.6,1014.5,311.0,4.0,,,23,,,8.0,,
2025-09-21 22:00:00,351150400,ZIELONA GÓRA,2025,9,21,22,14.9,84,12.2,991.5,1014.4,325.0,3.0,,,0,,,8.0,,
2025-09-21 23:00:00,351150400,ZIELONA GÓRA,2025,9,21,23,14.6,84,11.9,991.7,1014.6,318.0,3.0,,,0,,,8.0,,
2025-09-22 00:00:00,351150400,ZIELONA GÓRA,2025,9,22,0,14.6,82,11.6,992.5,1015.5,308.0,3.0,,,0,,0.8,,,
2025-09-22 01:00:00,351150400,ZIELONA GÓRA,2025,9,22,1,14.2,83,11.4,992.7,1015.7,313.0,3.0,,,0,,,8.0,,
2025-09-22 02:00:00,351150400,ZIELONA GÓRA,2025,9,22,2,13.6,85,11.1,993.0,1016.1,314.0,4.0,,,0,,,8.0,,
2025-09-22 03:00:00,351150400,ZIELONA GÓRA,2025,9,22,3,12.7,86,10.4,993.8,1017.0,319.0,4.0,,,61,,,8.0,,
2025-09-22 04:00:00,351150400,ZIELONA GÓRA,2025,9,22,4,11.6,91,10.2,993.6,1016.8,342.0,3.0,,,51,,,8.0,,
2025-09-22 05:00:00,351150400,ZIELONA GÓRA,2025,9,22,5,11.4,89,9.6,994.0,1017.3,334.0,2.0,,8.0,0,,,8.0,,
2025-09-22 06:00:00,351150400,ZIELONA GÓRA,2025,9,22,6,11.3,92,10.0,994.1,1017.4,337.0,3.0,,8.0,1,,,9.0,,
2025-09-22 07:00:00,351150400,ZIELONA GÓRA,2025,9,22,7,11.4,93,10.3,994.9,1018.2,336.0,2.0,,8.0,3,2.0,,8.0,,
2025-09-22 08:00:00,351150400,ZIELONA GÓRA,2025,9,22,8,11.0,86,8.7,995.4,1018.7,345.0,3.0,,8.0,1,2.0,,8.0,,
2025-09-22 09:00:00,351150400,ZIELONA GÓRA,2025,9,22,9,10.7,82,7.8,995.7,1019.1,340.0,3.0,,8.0,61,2.0,,8.0,,
2025-09-22 10:00:00,351150400,ZIELONA GÓRA,2025,9,22,10,11.1,78,7.4,995.5,1018.8,336.0,3.0,,8.0,21,2.0,,8.0,,
2025-09-22 11:00:00,351150400,ZIELONA GÓRA,2025,9,22,11,11.5,73,6.8,995.8,1019.1,334.0,2.0,,8.0,3,2.0,,8.0,,
2025-09-22 12:00:00,351150400,ZIELONA GÓRA,2025,9,22,12,11.8,75,7.5,996.1,1019.4,332.0,2.0,,8.0,1,6.0,0.1,,6.0,
2025-09-22 13:00:00,351150400,ZIELONA GÓRA,2025,9,22,13,11.9,76,7.8,995.8,1019.1,335.0,3.0,,8.0,3,2.0,,8.0,,
2025-09-22 14:00:00,351150400,ZIELONA GÓRA,2025,9,22,14,11.9,82,8.9,996.5,1019.8,310.0,3.0,,8.0,3,2.0,,8.0,,
2025-09-22 15:00:00,351150400,ZIELONA GÓRA,2025,9,22,15,11.5,91,10.1,996.1,1019.4,323.0,2.0,,8.0,80,2.0,,8.0,,
2025-09-22 16:00:00,351150400,ZIELONA GÓRA,2025,9,22,16,11.6,91,10.2,996.2,1019.5,310.0,2.0,,8.0,60,2.0,,8.0,,
2025-09-22 17:00:00,351150400,ZIELONA GÓRA,2025,9,22,17,11.5,92,10.2,996.1,1019.4,326.0,2.0,,8.0,61,6.0,,8.0,,
2025-09-22 18:00:00,351150400,ZIELONA GÓRA,2025,9,22,18,10.3,93,9.2,996.9,1020.3,322.0,3.0,,8.0,63,8.0,1.5,,6.0,
2025-09-22 19:00:00,351150400,ZIELONA GÓRA,2025,9,22,19,10.1,91,8.7,997.1,1020.5,341.0,2.0,,8.0,60,6.0,,8.0,,
2025-09-22 20:00:00,351150400,ZIELONA GÓRA,2025,9,22,20,10.1,92,8.9,997.2,1020.6,334.0,2.0,,8.0,60,6.0,,8.0,,
2025-09-22 21:00:00,351150400,ZIELONA GÓRA,2025,9,22,21,10.1,91,8.7,997.9,1021.4,311.0,1.0,,,0,,,8.0,,
2025-09-22 22:00:00,351150400,ZIELONA GÓRA,2025,9,22,22,10.2,90,8.6,997.9,1021.4,303.0,1.0,,,0,,,8.0,,
2025-09-22 23:00:00,351150400,ZIELONA GÓRA,2025,9,22,23,10.1,91,8.7,997.8,1021.3,303.0,2.0,,,0,,,8.0,,
2025-09-23 00:00:00,351150400,ZIELONA GÓRA,2025,9,23,0,10.1,90,8.5,997.9,1021.4,309.0,2.0,,,0,,0.2,,,
2025-09-23 01:00:00,351150400,ZIELONA GÓRA,2025,9,23,1,10.0,93,8.9,998.0,1021.5,315.0,2.0,,,23,,,8.0,,
2025-09-23 02:00:00,351150400,ZIELONA GÓRA,2025,9,23,2,9.9,92,8.7,998.6,1022.1,312.0,2.0,,,0,,,8.0,,
2025-09-23 03:00:00,351150400,ZIELONA GÓRA,2025,9,23,3,9.6,89,7.9,998.9,1022.4,323.0,1.0,,,0,,,8.0,,
2025-09-23 04:00:00,351150400,ZIELONA GÓRA,2025,9,23,4,9.2,86,7.0,998.9,1022.5,328.0,1.0,,,0,,,8.0,,
2025-09-23 05:00:00,351150400,ZIELONA GÓRA,2025,9,23,5,8.3,89,6.6,999.4,1023.1,321.0,1.0,,2.0,0,,,8.0,,
2025-09-23 06:00:00,351150400,ZIELONA GÓRA,2025,9,23,6,9.0,86,6.8,1000.0,1023.6,317.0,2.0,,1.0,1,,,9.0,,
2025-09-23 07:00:00,351150400,ZIELONA GÓRA,2025,9,23,7,10.6,75,6.3,1000.4,1023.9,325.0,2.0,,1.0,1,0.0,,8.0,,
2025-09-23 08:00:00,351150400,ZIELONA GÓRA,2025,9,23,8,12.1,64,5.5,1000.5,1023.9,358.0,1.0,,1.0,2,0.0,,8.0,,
2025-09-23 09:00:00,351150400,ZIELONA GÓRA,2025,9,23,9,12.9,57,4.6,1001.0,1024.3,329.0,1.0,,2.0,3,0.0,,8.0,,
2025-09-23 10:00:00,351150400,ZIELONA GÓRA,2025,9,23,10,13.6,51,3.6,1001.1,1024.3,322.0,2.0,,2.0,2,0.0,,8.0,,
2025-09-23 11:00:00,351150400,ZIELONA GÓRA,2025,9,23,11,13.7,53,4.3,1001.0,1024.2,344.0,2.0,,5.0,3,1.0,,8.0,,
2025-09-23 12:00:00,351150400,ZIELONA GÓRA,2025,9,23,12,14.8,50,4.5,1001.0,1024.1,337.0,2.0,,4.0,1,1.0,,9.0,,
2025-09-23 13:00:00,351150400,ZIELONA GÓRA,2025,9,23,13,15.1,48,4.2,1000.6,1023.7,321.0,2.0,,5.0,1,1.0,,8.0,,
2025-09-23 14:00:00,351150400,ZIELONA GÓRA,2025,9,23,14,15.4,51,5.3,1000.2,1023.3,346.0,2.0,,3.0,1,1.0,,8.0,,
2025-09-23 15:00:00,351150400,ZIELONA GÓRA,2025,9,23,15,14.7,54,5.5,1000.6,1023.7,40.0,2.0,,5.0,1,1.0,,8.0,,
2025-09-23 16:00:00,351150400,ZIELONA GÓRA,2025,9,23,16,14.1,58,6.0,1000.7,1023.9,1.0,1.0,,4.0,1,1.0,,8.0,,
2025-09-23 17:00:00,351150400,ZIELONA GÓRA,2025,9,23,17,12.5,66,6.3,1000.8,1024.1,348.0,1.0,,4.0,1,0.0,,8.0,,
2025-09-23 18:00:00,351150400,ZIELONA GÓRA,2025,9,23,18,11.4,70,6.1,1001.5,1024.9,3.0,1.0,,1.0,1,1.0,,9.0,,
2025-09-23 19:00:00,351150400,ZIELONA GÓRA,2025,9,23,19,10.9,70,5.6,1001.8,1025.3,22.0,2.0,,1.0,1,0.0,,8.0,,
2025-09-23 20:00:00,351150400,ZIELONA GÓRA,2025,9,23,20,10.1,74,5.7,1002.1,1025.7,29.0,2.0,,1.0,2,0.0,,8.0,,
2025-09-23 21:00:00,351150400,ZIELONA GÓRA,2025,9,23,21,9.8,78,6.1,1002.6,1026.2,38.0,2.0,,,0,,,8.0,,
2025-09-23 22:00:00,351150400,ZIELONA GÓRA,2025,9,23,22,9.1,82,6.2,1002.9,1026.6,22.0,2.0,,,0,,,8.0,,
2025-09-23 23:00:00,351150400,ZIELONA GÓRA,2025,9,23,23,8.4,84,5.9,1002.8,1026.5,28.0,2.0,,,0,,,8.0,,
2025-09-24 00:00:00,351150400,ZIELONA GÓRA,2025,9,24,0,7.7,88,5.8,1002.9,1026.7,35.0,3.0,,,0,,,9.0,,
2025-09-24 01:00:00,351150400,ZIELONA GÓRA,2025,9,24,1,7.3,89,5.6,1002.8,1026.6,33.0,3.0,,,0,,,8.0,,
2025-09-24 02:00:00,351150400,ZIELONA GÓRA,2025,9,24,2,7.2,92,6.0,1003.2,1027.0,32.0,3.0,,,0,,,8.0,,
2025-09-24 03:00:00,351150400,ZIELONA GÓRA,2025,9,24,3,6.9,90,5.4,1003.2,1027.1,38.0,3.0,,,0,,,8.0,,
2025-09-24 04:00:00,351150400,ZIELONA GÓRA,2025,9,24,4,6.2,92,5.0,1003.3,1027.2,37.0,3.0,,,0,,,8.0,,
2025-09-24 05:00:00,351150400,ZIELONA GÓRA,2025,9,24,5,6.3,91,4.9,1003.5,1027.4,42.0,3.0,,3.0,0,,,8.0,,
2025-09-24 06:00:00,351150400,ZIELONA GÓRA,2025,9,24,6,7.1,86,4.9,1003.7,1027.6,40.0,3.0,8.0,1.0,1,,,9.0,,
2025-09-24 07:00:00,351150400,ZIELONA GÓRA,2025,9,24,7,9.0,76,5.0,1004.0,1027.7,58.0,4.0,,1.0,2,0.0,,8.0,,
2025-09-24 08:00:00,351150400,ZIELONA GÓRA,2025,9,24,8,10.6,72,5.8,1004.5,1028.1,55.0,3.0,,1.0,2,0.0,,8.0,,
2025-09-24 09:00:00,351150400,ZIELONA GÓRA,2025,9,24,9,12.4,63,5.5,1004.6,1028.0,62.0,4.0,,4.0,3,0.0,,8.0,,
2025-09-24 10:00:00,351150400,ZIELONA GÓRA,2025,9,24,10,13.7,57,5.3,1004.4,1027.7,53.0,4.0,,6.0,3,1.0,,8.0,,
2025-09-24 11:00:00,351150400,ZIELONA GÓRA,2025,9,24,11,14.4,48,3.5,1004.2,1027.5,63.0,5.0,10.0,3.0,1,1.0,,8.0,,
2025-09-24 12:00:00,351150400,ZIELONA GÓRA,2025,9,24,12,15.0,44,2.8,1004.0,1027.2,49.0,4.0,10.0,2.0,1,1.0,,9.0,,
2025-09-24 13:00:00,351150400,ZIELONA GÓRA,2025,9,24,13,15.1,42,2.3,1003.5,1026.7,64.0,5.0,,6.0,3,1.0,,8.0,,
2025-09-24 14:00:00,351150400,ZIELONA GÓRA,2025,9,24,14,14.5,42,1.7,1003.3,1026.5,55.0,5.0,,6.0,1,2.0,,8.0,,
2025-09-24 15:00:00,351150400,ZIELONA GÓRA,2025,9,24,15,15.0,36,0.0,1003.2,1026.4,54.0,4.0,10.0,5.0,1,1.0,,8.0,,
2025-09-24 16:00:00,351150400,ZIELONA GÓRA,2025,9,24,16,13.9,43,1.5,1003.0,1026.3,51.0,3.0,,4.0,1,1.0,,8.0,,
2025-09-24 17:00:00,351150400,ZIELONA GÓRA,2025,9,24,17,12.6,41,-0.3,1003.3,1026.7,55.0,4.0,,1.0,3,0.0,,8.0,,
2025-09-24 18:00:00,351150400,ZIELONA GÓRA,2025,9,24,18,11.5,44,-0.3,1003.5,1027.0,54.0,4.0,,1.0,2,1.0,,9.0,,
2025-09-24 19:00:00,351150400,ZIELONA GÓRA,2025,9,24,19,10.8,51,1.1,1003.6,1027.1,56.0,4.0,,0.0,1,0.0,,8.0,,
2025-09-24 20:00:00,351150400,ZIELONA GÓRA,2025,9,24,20,10.2,56,1.8,1003.5,1027.1,55.0,4.0,,0.0,2,0.0,,8.0,,
2025-09-24 21:00:00,351150400,ZIELONA GÓRA,2025,9,24,21,9.5,61,2.3,1003.7,1027.4,55.0,4.0,,,4,,,8.0,,
2025-09-24 22:00:00,351150400,ZIELONA GÓRA,2025,9,24,22,9.6,61,2.4,1003.7,1027.3,59.0,5.0,,,4,,,8.0,,
2025-09-24 23:00:00,351150400,ZIELONA GÓRA,2025,9,24,23,9.0,63,2.3,1003.6,1027.3,59.0,4.0,9.0,,4,,,8.0,,
2025-09-25 00:00:00,351150400,ZIELONA GÓRA,2025,9,25,0,8.5,65,2.3,1003.3,1027.0,63.0,5.0,,,0,,,9.0,,
2025-09-25 01:00:00,351150400,ZIELONA GÓRA,2025,9,25,1,7.7,68,2.2,1003.3,1027.1,62.0,4.0,9.0,,0,,,8.0,,
2025-09-25 02:00:00,351150400,ZIELONA GÓRA,2025,9,25,2,7.3,70,2.2,1003.2,1027.0,59.0,5.0,,,0,,,8.0,,
2025-09-25 03:00:00,351150400,ZIELONA GÓRA,2025,9,25,3,7.0,71,2.1,1003.0,1026.8,56.0,5.0,10.0,,0,,,8.0,,
2025-09-25 04:00:00,351150400,ZIELONA GÓRA,2025,9,25,4,6.7,72,2.0,1003.0,1026.9,58.0,5.0,,,0,,,8.0,,
2025-09-25 05:00:00,351150400,ZIELONA GÓRA,2025,9,25,5,6.4,74,2.1,1003.3,1027.2,58.0,5.0,,2.0,0,,,8.0,,
2025-09-25 06:00:00,351150400,ZIELONA GÓRA,2025,9,25,6,7.0,71,2.1,1003.4,1027.3,60.0,4.0,9.0,2.0,1,,,9.0,,
2025-09-25 07:00:00,351150400,ZIELONA GÓRA,2025,9,25,7,8.5,64,2.1,1003.6,1027.3,63.0,5.0,,3.0,3,0.0,,8.0,,
2025-09-25 08:00:00,351150400,ZIELONA GÓRA,2025,9,25,8,10.5,56,2.1,1003.6,1027.2,63.0,5.0,,4.0,1,0.0,,8.0,,
2025-09-25 09:00:00,351150400,ZIELONA GÓRA,2025,9,25,9,12.3,50,2.2,1003.3,1026.7,63.0,4.0,11.0,5.0,3,1.0,,8.0,,
2025-09-25 10:00:00,351150400,ZIELONA GÓRA,2025,9,25,10,13.1,48,2.3,1003.3,1026.6,82.0,4.0,10.0,6.0,3,2.0,,8.0,,
2025-09-25 11:00:00,351150400,ZIELONA GÓRA,2025,9,25,11,13.9,43,1.5,1003.2,1026.5,63.0,5.0,10.0,6.0,1,2.0,,8.0,,
2025-09-25 12:00:00,351150400,ZIELONA GÓRA,2025,9,25,12,13.8,42,1.1,1003.1,1026.4,57.0,3.0,10.0,7.0,3,1.0,,9.0,,
2025-09-25 13:00:00,351150400,ZIELONA GÓRA,2025,9,25,13,14.0,41,0.9,1002.7,1026.0,53.0,4.0,10.0,7.0,1,2.0,,8.0,,
2025-09-25 14:00:00,351150400,ZIELONA GÓRA,2025,9,25,14,13.5,39,-0.2,1002.8,1026.1,64.0,5.0,,7.0,1,2.0,,8.0,,
2025-09-25 15:00:00,351150400,ZIELONA GÓRA,2025,9,25,15,13.5,39,-0.2,1002.8,1026.1,64.0,3.0,,7.0,3,2.0,,8.0,,
2025-09-25 16:00:00,351150400,ZIELONA GÓRA,2025,9,25,16,13.4,37,-1.0,1002.7,1026.0,67.0,4.0,,7.0,1,2.0,,8.0,,
2025-09-25 17:00:00,351150400,ZIELONA GÓRA,2025,9,25,17,13.3,39,-0.4,1002.9,1026.2,63.0,4.0,,7.0,3,2.0,,8.0,,
2025-09-25 18:00:00,351150400,ZIELONA GÓRA,2025,9,25,18,13.0,41,0.0,1003.4,1026.8,63.0,4.0,,8.0,3,2.0,,9.0,,
2025-09-25 19:00:00,351150400,ZIELONA GÓRA,2025,9,25,19,12.5,45,0.9,1003.5,1026.9,64.0,4.0,,8.0,2,2.0,,8.0,,
2025-09-25 20:00:00,351150400,ZIELONA GÓRA,2025,9,25,20,12.0,49,1.6,1003.7,1027.1,59.0,4.0,,8.0,1,2.0,,8.0,,
2025-09-25 21:00:00,351150400,ZIELONA GÓRA,2025,9,25,21,11.5,52,2.0,1003.9,1027.4,66.0,3.0,,,0,,,8.0,,
2025-09-25 22:00:00,351150400,ZIELONA GÓRA,2025,9,25,22,11.4,53,2.1,1004.0,1027.5,63.0,4.0,,,0,,,8.0,,
2025-09-25 23:00:00,351150400,ZIELONA GÓRA,2025,9,25,23,11.1,55,2.4,1004.2,1027.7,65.0,4.0,,,0,,,8.0,,
2025-09-26 00:00:00,351150400,ZIELONA GÓRA,2025,9,26,0,11.0,54,2.0,1004.0,1027.5,77.0,3.0,,,0,,,9.0,,
2025-09-26 01:00:00,351150400,ZIELONA GÓRA,2025,9,26,1,10.7,56,2.3,1003.7,1027.2,71.0,3.0,,,0,,,8.0,,
2025-09-26 02:00:00,351150400,ZIELONA GÓRA,2025,9,26,2,10.0,60,2.6,1003.7,1027.3,68.0,2.0,,,0,,,8.0,,
2025-09-26 03:00:00,351150400,ZIELONA GÓRA,2025,9,26,3,10.1,59,2.4,1003.5,1027.1,75.0,3.0,,,0,,,8.0,,
2025-09-26 04:00:00,351150400,ZIELONA GÓRA,2025,9,26,4,9.4,65,3.1,1003.8,1027.5,74.0,3.0,,,81,,,8.0,,
2025-09-26 05:00:00,351150400,ZIELONA GÓRA,2025,9,26,5,8.4,75,4.2,1004.0,1027.8,67.0,3.0,,7.0,80,,,8.0,,
2025-09-26 06:00:00,351150400,ZIELONA GÓRA,2025,9,26,6,7.8,78,4.2,1003.9,1027.7,60.0,4.0,,7.0,25,,0.2,,6.0,
2025-09-26 07:00:00,351150400,ZIELONA GÓRA,2025,9,26,7,8.5,71,3.5,1004.0,1027.7,65.0,4.0,,7.0,1,2.0,,8.0,,
2025-09-26 08:00:00,351150400,ZIELONA GÓRA,2025,9,26,8,9.8,65,3.5,1004.2,1027.8,72.0,4.0,,7.0,3,2.0,,8.0,,
2025-09-26 09:00:00,351150400,ZIELONA GÓRA,2025,9,26,9,11.4,57,3.2,1004.2,1027.7,73.0,4.0,9.0,7.0,1,2.0,,8.0,,
2025-09-26 10:00:00,351150400,ZIELONA GÓRA,2025,9,26,10,13.8,46,2.4,1004.2,1027.5,89.0,4.0,9.0,7.0,1,2.0,,8.0,,
2025-09-26 11:00:00,351150400,ZIELONA GÓRA,2025,9,26,11,13.9,45,2.1,1003.8,1027.1,104.0,4.0,9.0,7.0,3,2.0,,8.0,,
2025-09-26 12:00:00,351150400,ZIELONA GÓRA,2025,9,26,12,13.7,48,2.9,1003.8,1027.1,100.0,3.0,,7.0,1,2.0,,9.0,,
2025-09-26 13:00:00,351150400,ZIELONA GÓRA,2025,9,26,13,15.1,46,3.6,1003.4,1026.6,90.0,3.0,,7.0,3,2.0,,8.0,,
2025-09-26 14:00:00,351150400,ZIELONA GÓRA,2025,9,26,14,15.4,46,3.8,1003.2,1026.3,69.0,4.0,,7.0,1,2.0,,8.0,,
2025-09-26 15:00:00,351150400,ZIELONA GÓRA,2025,9,26,15,15.1,49,4.5,1003.2,1026.4,85.0,4.0,,7.0,3,2.0,,8.0,,
2025-09-26 16:00:00,351150400,ZIELONA GÓRA,2025,9,26,16,14.8,47,3.6,1003.3,1026.5,73.0,3.0,,7.0,3,2.0,,8.0,,
2025-09-26 17:00:00,351150400,ZIELONA GÓRA,2025,9,26,17,14.5,46,3.0,1003.1,1026.3,67.0,3.0,,7.0,2,2.0,,8.0,,
2025-09-26 18:00:00,351150400,ZIELONA GÓRA,2025,9,26,18,14.4,46,2.9,1003.2,1026.4,85.0,3.0,,7.0,2,2.0,,9.0,,
2025-09-26 19:00:00,351150400,ZIELONA GÓRA,2025,9,26,19,14.4,46,2.9,1003.3,1026.5,88.0,3.0,,8.0,3,2.0,,8.0,,
2025-09-26 20:00:00,351150400,ZIELONA GÓRA,2025,9,26,20,14.2,45,2.4,1003.5,1026.8,86.0,3.0,,8.0,2,2.0,,8.0,,
2025-09-26 21:00:00,351150400,ZIELONA GÓRA,2025,9,26,21,13.6,46,2.2,1003.3,1026.6,84.0,3.0,,,0,,,8.0,,
2025-09-26 22:00:00,351150400,ZIELONA GÓRA,2025,9,26,22,13.2,47,2.1,1003.2,1026.5,97.0,3.0,,,0,,,8.0,,
2025-09-26 23:00:00,351150400,ZIELONA GÓRA,2025,9,26,23,12.9,49,2.4,1003.1,1026.5,93.0,3.0,,,0,,,8.0,,
2025-09-27 00:00:00,351150400,ZIELONA GÓRA,2025,9,27,0,12.0,52,2.4,1003.0,1026.4,99.0,2.0,,,0,,,9.0,,
2025-09-27 01:00:00,351150400,ZIELONA GÓRA,2025,9,27,1,12.0,53,2.7,1002.6,1026.0,83.0,2.0,,,0,,,8.0,,
2025-09-27 02:00:00,351150400,ZIELONA GÓRA,2025,9,27,2,11.7,55,2.9,1002.4,1025.8,77.0,2.0,,,0,,,8.0,,
2025-09-27 03:00:00,351150400,ZIELONA GÓRA,2025,9,27,3,10.8,59,3.1,1002.0,1025.5,79.0,2.0,,,0,,,8.0,,
2025-09-27 04:00:00,351150400,ZIELONA GÓRA,2025,9,27,4,9.2,66,3.2,1002.0,1025.6,87.0,2.0,,,0,,,8.0,,
2025-09-27 05:00:00,351150400,ZIELONA GÓRA,2025,9,27,5,8.9,67,3.1,1002.3,1026.0,72.0,2.0,,7.0,0,,,8.0,,
2025-09-27 06:00:00,351150400,ZIELONA GÓRA,2025,9,27,6,8.8,68,3.2,1002.5,1026.2,78.0,2.0,,7.0,2,,,9.0,,
2025-09-27 07:00:00,351150400,ZIELONA GÓRA,2025,9,27,7,9.8,64,3.3,1002.5,1026.1,78.0,3.0,,1.0,1,1.0,,8.0,,
2025-09-27 08:00:00,351150400,ZIELONA GÓRA,2025,9,27,8,11.3,61,4.0,1002.8,1026.3,112.0,3.0,,1.0,1,0.0,,8.0,,
2025-09-27 09:00:00,351150400,ZIELONA GÓRA,2025,9,27,9,12.9,58,4.8,1003.1,1026.5,101.0,3.0,,1.0,3,1.0,,8.0,,
2025-09-27 10:00:00,351150400,ZIELONA GÓRA,2025,9,27,10,14.4,54,5.2,1002.7,1025.9,64.0,3.0,,1.0,2,0.0,,8.0,,
2025-09-27 11:00:00,351150400,ZIELONA GÓRA,2025,9,27,11,15.4,53,5.9,1002.6,1025.7,72.0,3.0,,1.0,2,0.0,,8.0,,
2025-09-27 12:00:00,351150400,ZIELONA GÓRA,2025,9,27,12,16.2,51,6.0,1002.3,1025.4,79.0,2.0,,2.0,3,1.0,,9.0,,
2025-09-27 13:00:00,351150400,ZIELONA GÓRA,2025,9,27,13,16.7,48,5.6,1002.0,1025.0,65.0,3.0,,2.0,3,0.0,,8.0,,
2025-09-27 14:00:00,351150400,ZIELONA GÓRA,2025,9,27,14,17.1,49,6.3,1001.7,1024.7,64.0,3.0,,2.0,1,0.0,,8.0,,
2025-09-27 15:00:00,351150400,ZIELONA GÓRA,2025,9,27,15,16.9,49,6.1,1001.7,1024.7,61.0,3.0,,5.0,3,1.0,,8.0,,
2025-09-27 16:00:00,351150400,ZIELONA GÓRA,2025,9,27,16,16.2,52,6.3,1001.6,1024.6,71.0,2.0,,7.0,3,2.0,,8.0,,
2025-09-27 17:00:00,351150400,ZIELONA GÓRA,2025,9,27,17,15.0,57,6.5,1001.7,1024.8,71.0,2.0,,7.0,3,2.0,,8.0,,
2025-09-27 18:00:00,351150400,ZIELONA GÓRA,2025,9,27,18,14.2,56,5.5,1001.7,1024.9,52.0,3.0,,7.0,1,1.0,,9.0,,
2025-09-27 19:00:00,351150400,ZIELONA GÓRA,2025,9,27,19,13.6,49,3.1,1001.7,1025.0,64.0,4.0,,6.0,1,2.0,,8.0,,
2025-09-27 20:00:00,351150400,ZIELONA GÓRA,2025,9,27,20,12.7,50,2.5,1001.9,1025.2,61.0,4.0,,5.0,3,2.0,,8.0,,
2025-09-27 21:00:00,351150400,ZIELONA GÓRA,2025,9,27,21,12.4,49,2.0,1001.8,1025.2,73.0,3.0,8.0,,0,,,8.0,,
2025-09-27 22:00:00,351150400,ZIELONA GÓRA,2025,9,27,22,11.5,54,2.5,1001.7,1025.1,67.0,3.0,,,0,,,8.0,,
2025-09-27 23:00:00,351150400,ZIELONA GÓRA,2025,9,27,23,10.7,57,2.5,1001.9,1025.4,65.0,3.0,,,0,,,8.0,,
2025-09-28 00:00:00,351150400,ZIELONA GÓRA,2025,9,28,0,9.9,61,2.7,1001.6,1025.2,63.0,3.0,,,0,,,9.0,,
2025-09-28 01:00:00,351150400,ZIELONA GÓRA,2025,9,28,1,9.7,62,2.8,1001.0,1024.6,80.0,2.0,,,0,,,8.0,,
2025-09-28 02:00:00,351150400,ZIELONA GÓRA,2025,9,28,2,8.3,70,3.1,1001.3,1025.0,64.0,3.0,,,0,,,8.0,,
2025-09-28 03:00:00,351150400,ZIELONA GÓRA,2025,9,28,3,8.1,71,3.2,1001.0,1024.7,71.0,3.0,,,0,,,8.0,,
2025-09-28 04:00:00,351150400,ZIELONA GÓRA,2025,9,28,4,6.9,78,3.3,1000.9,1024.7,66.0,4.0,,,0,,,8.0,,
2025-09-28 05:00:00,351150400,ZIELONA GÓRA,2025,9,28,5,6.8,78,3.2,1001.4,1025.2,68.0,3.0,,2.0,0,,,8.0,,
2025-09-28 06:00:00,351150400,ZIELONA GÓRA,2025,9,28,6,8.1,71,3.2,1001.4,1025.1,108.0,1.0,,6.0,3,,,9.0,,
2025-09-28 07:00:00,351150400,ZIELONA GÓRA,2025,9,28,7,9.7,66,3.6,1001.5,1025.1,87.0,1.0,,5.0,1,2.0,,8.0,,
2025-09-28 08:00:00,351150400,ZIELONA GÓRA,2025,9,28,8,11.8,59,4.0,1001.6,1025.0,113.0,1.0,,5.0,2,2.0,,8.0,,
2025-09-28 09:00:00,351150400,ZIELONA GÓRA,2025,9,28,9,13.5,53,4.1,1001.6,1024.9,109.0,2.0,,3.0,1,1.0,,8.0,,
2025-09-28 10:00:00,351150400,ZIELONA GÓRA,2025,9,28,10,14.5,54,5.3,1001.6,1024.8,58.0,2.0,,1.0,1,0.0,,8.0,,
2025-09-28 11:00:00,351150400,ZIELONA GÓRA,2025,9,28,11,15.6,45,3.7,1001.2,1024.3,92.0,2.0,,1.0,2,0.0,,8.0,,
2025-09-28 12:00:00,351150400,ZIELONA GÓRA,2025,9,28,12,16.1,46,4.5,1000.6,1023.6,64.0,2.0,,1.0,2,1.0,,9.0,,
2025-09-28 13:00:00,351150400,ZIELONA GÓRA,2025,9,28,13,16.0,42,3.1,1000.3,1023.3,61.0,3.0,,1.0,2,0.0,,8.0,,
2025-09-28 14:00:00,351150400,ZIELONA GÓRA,2025,9,28,14,16.2,42,3.3,1000.1,1023.1,47.0,3.0,,1.0,3,0.0,,8.0,,
2025-09-28 15:00:00,351150400,ZIELONA GÓRA,2025,9,28,15,15.6,48,4.6,1000.1,1023.2,59.0,3.0,,1.0,1,0.0,,8.0,,
2025-09-28 16:00:00,351150400,ZIELONA GÓRA,2025,9,28,16,14.5,48,3.6,1000.5,1023.7,54.0,2.0,,1.0,1,0.0,,8.0,,
2025-09-28 17:00:00,351150400,ZIELONA GÓRA,2025,9,28,17,13.0,57,4.7,1000.5,1023.8,56.0,3.0,,1.0,2,0.0,,8.0,,
2025-09-28 18:00:00,351150400,ZIELONA GÓRA,2025,9,28,18,12.0,62,4.9,1000.6,1024.0,56.0,2.0,,0.0,1,0.0,,9.0,,
2025-09-28 19:00:00,351150400,ZIELONA GÓRA,2025,9,28,19,11.7,63,4.9,1000.8,1024.2,59.0,3.0,,1.0,3,0.0,,8.0,,
2025-09-28 20:00:00,351150400,ZIELONA GÓRA,2025,9,28,20,11.1,68,5.4,1000.8,1024.2,49.0,3.0,,0.0,1,0.0,,8.0,,
2025-09-28 21:00:00,351150400,ZIELONA GÓRA,2025,9,28,21,10.6,73,6.0,1000.7,1024.2,51.0,3.0,,,0,,,8.0,,
2025-09-28 22:00:00,351150400,ZIELONA GÓRA,2025,9,28,22,9.9,77,6.1,1000.6,1024.1,52.0,3.0,,,0,,,8.0,,
2025-09-28 23:00:00,351150400,ZIELONA GÓRA,2025,9,28,23,9.2,81,6.1,1000.9,1024.5,47.0,2.0,,,0,,,8.0,,
2025-09-29 00:00:00,351150400,ZIELONA GÓRA,2025,9,29,0,9.4,79,5.9,1000.8,1024.4,46.0,3.0,,,0,,,9.0,,
2025-09-29 01:00:00,351150400,ZIELONA GÓRA,2025,9,29,1,8.5,84,5.9,1000.7,1024.4,29.0,2.0,,,0,,,8.0,,
2025-09-29 02:00:00,351150400,ZIELONA GÓRA,2025,9,29,2,8.1,86,5.9,1000.5,1024.2,26.0,2.0,,,0,,,8.0,,
2025-09-29 03:00:00,351150400,ZIELONA GÓRA,2025,9,29,3,7.8,87,5.8,1000.5,1024.2,36.0,2.0,,,0,,,8.0,,
2025-09-29 04:00:00,351150400,ZIELONA GÓRA,2025,9,29,4,7.5,88,5.6,1000.4,1024.1,45.0,2.0,,,0,,,8.0,,
2025-09-29 05:00:00,351150400,ZIELONA GÓRA,2025,9,29,5,7.1,91,5.7,1000.7,1024.5,44.0,2.0,,5.0,0,,,8.0,,
2025-09-29 06:00:00,351150400,ZIELONA GÓRA,2025,9,29,6,7.5,91,6.1,1000.8,1024.6,57.0,3.0,,7.0,3,,,9.0,,
2025-09-29 07:00:00,351150400,ZIELONA GÓRA,2025,9,29,7,7.9,90,6.4,1001.0,1024.7,59.0,3.0,,7.0,2,2.0,,8.0,,
2025-09-29 08:00:00,351150400,ZIELONA GÓRA,2025,9,29,8,10.4,78,6.7,1001.4,1024.9,89.0,3.0,,2.0,1,1.0,,8.0,,
2025-09-29 09:00:00,351150400,ZIELONA GÓRA,2025,9,29,9,10.9,77,7.0,1001.6,1025.1,65.0,2.0,,3.0,3,1.0,,8.0,,
2025-09-29 10:00:00,351150400,ZIELONA GÓRA,2025,9,29,10,12.4,71,7.3,1001.5,1024.9,107.0,3.0,,4.0,3,0.0,,8.0,,
2025-09-29 11:00:00,351150400,ZIELONA GÓRA,2025,9,29,11,12.8,64,6.2,1001.6,1024.9,61.0,2.0,,7.0,3,1.0,,8.0,,
2025-09-29 12:00:00,351150400,ZIELONA GÓRA,2025,9,29,12,13.6,61,6.2,1001.2,1024.5,8.0,2.0,,6.0,1,1.0,,9.0,,
2025-09-29 13:00:00,351150400,ZIELONA GÓRA,2025,9,29,13,13.5,56,4.9,1001.0,1024.3,58.0,3.0,,7.0,3,2.0,,8.0,,
2025-09-29 14:00:00,351150400,ZIELONA GÓRA,2025,9,29,14,13.5,58,5.4,1000.8,1024.0,72.0,1.0,,6.0,1,2.0,,8.0,,
2025-09-29 15:00:00,351150400,ZIELONA GÓRA,2025,9,29,15,12.8,61,5.5,1001.1,1024.4,100.0,1.0,,7.0,1,2.0,,8.0,,
2025-09-29 16:00:00,351150400,ZIELONA GÓRA,2025,9,29,16,11.9,61,4.6,1001.4,1024.8,54.0,2.0,,5.0,1,2.0,,8.0,,
2025-09-29 17:00:00,351150400,ZIELONA GÓRA,2025,9,29,17,9.7,72,4.9,1001.6,1025.2,101.0,1.0,,2.0,1,1.0,,8.0,,
2025-09-29 18:00:00,351150400,ZIELONA GÓRA,2025,9,29,18,9.8,75,5.6,1001.8,1025.4,45.0,2.0,,1.0,1,1.0,,9.0,,
2025-09-29 19:00:00,351150400,ZIELONA GÓRA,2025,9,29,19,9.9,67,4.1,1002.1,1025.7,86.0,2.0,,0.0,1,0.0,,8.0,,
2025-09-29 20:00:00,351150400,ZIELONA GÓRA,2025,9,29,20,8.7,71,3.7,1002.2,1025.9,94.0,1.0,,0.0,2,0.0,,8.0,,
2025-09-29 21:00:00,351150400,ZIELONA GÓRA,2025,9,29,21,7.9,75,3.7,1002.4,1026.2,109.0,1.0,,,0,,,8.0,,
2025-09-29 22:00:00,351150400,ZIELONA GÓRA,2025,9,29,22,7.2,79,3.8,1002.4,1026.2,110.0,2.0,,,0,,,8.0,,
2025-09-29 23:00:00,351150400,ZIELONA GÓRA,2025,9,29,23,6.9,80,3.7,1002.4,1026.2,115.0,2.0,,,0,,,8.0,,
2025-09-30 00:00:00,351150400,ZIELONA GÓRA,2025,9,30,0,6.0,84,3.5,1002.5,1026.4,109.0,1.0,,,0,,,9.0,,
2025-09-30 01:00:00,351150400,ZIELONA GÓRA,2025,9,30,1,6.0,82,3.2,1002.2,1026.1,108.0,2.0,,,0,,,8.0,,
2025-09-30 02:00:00,351150400,ZIELONA GÓRA,2025,9,30,2,5.9,82,3.1,1002.1,1026.0,105.0,2.0,,,0,,,8.0,,
2025-09-30 03:00:00,351150400,ZIELONA GÓRA,2025,9,30,3,5.7,85,3.4,1002.3,1026.2,78.0,2.0,,,0,,,8.0,,
2025-09-30 04:00:00,351150400,ZIELONA GÓRA,2025,9,30,4,5.3,88,3.5,1002.6,1026.6,86.0,2.0,,,0,,,8.0,,
2025-09-30 05:00:00,351150400,ZIELONA GÓRA,2025,9,30,5,5.1,91,3.8,1002.9,1026.9,82.0,2.0,,1.0,0,,,8.0,,
2025-09-30 06:00:00,351150400,ZIELONA GÓRA,2025,9,30,6,5.9,90,4.4,1003.3,1027.3,84.0,2.0,,1.0,1,,,9.0,,
2025-09-30 07:00:00,351150400,ZIELONA GÓRA,2025,9,30,7,7.2,84,4.7,1003.7,1027.5,64.0,3.0,,5.0,10,1.0,,8.0,,
2025-09-30 08:00:00,351150400,ZIELONA GÓRA,2025,9,30,8,8.8,80,5.5,1004.1,1027.8,69.0,3.0,,3.0,3,1.0,,8.0,,
2025-09-30 09:00:00,351150400,ZIELONA GÓRA,2025,9,30,9,9.2,77,5.4,1004.1,1027.8,77.0,2.0,,3.0,3,1.0,,8.0,,
2025-09-30 10:00:00,351150400,ZIELONA GÓRA,2025,9,30,10,10.1,70,4.9,1004.1,1027.7,79.0,2.0,,6.0,3,1.0,,8.0,,
2025-09-30 11:00:00,351150400,ZIELONA GÓRA,2025,9,30,11,9.3,77,5.5,1004.4,1028.1,46.0,3.0,,7.0,3,2.0,,8.0,,
2025-09-30 12:00:00,351150400,ZIELONA GÓRA,2025,9,30,12,9.4,78,5.8,1004.4,1028.1,38.0,2.0,,7.0,25,1.0,0.0,,6.0,
2025-09-30 13:00:00,351150400,ZIELONA GÓRA,2025,9,30,13,9.8,75,5.6,1004.5,1028.1,59.0,2.0,,8.0,1,2.0,,8.0,,
2025-09-30 14:00:00,351150400,ZIELONA GÓRA,2025,9,30,14,9.6,77,5.8,1004.8,1028.5,34.0,2.0,,7.0,1,2.0,,8.0,,
2025-09-30 15:00:00,351150400,ZIELONA GÓRA,2025,9,30,15,9.5,79,6.0,1004.9,1028.6,44.0,2.0,,7.0,1,2.0,,8.0,,
2025-09-30 16:00:00,351150400,ZIELONA GÓRA,2025,9,30,16,9.0,81,5.9,1005.4,1029.1,42.0,1.0,,8.0,80,2.0,,8.0,,
2025-09-30 17:00:00,351150400,ZIELONA GÓRA,2025,9,30,17,8.7,83,6.0,1005.6,1029.4,37.0,2.0,,8.0,1,2.0,,8.0,,
2025-09-30 18:00:00,351150400,ZIELONA GÓRA,2025,9,30,18,8.3,84,5.8,1005.9,1029.7,19.0,1.0,,8.0,2,8.0,0.0,,6.0,
2025-09-30 19:00:00,351150400,ZIELONA GÓRA,2025,9,30,19,8.3,83,5.6,1006.1,1029.9,43.0,2.0,,8.0,2,2.0,,8.0,,
2025-09-30 20:00:00,351150400,ZIELONA GÓRA,2025,9,30,20,8.1,85,5.7,1006.2,1030.0,40.0,2.0,,7.0,1,2.0,,8.0,,
2025-09-30 21:00:00,351150400,ZIELONA GÓRA,2025,9,30,21,7.6,94,6.7,1006.5,1030.4,43.0,3.0,,,51,,,8.0,,
2025-09-30 22:00:00,351150400,ZIELONA GÓRA,2025,9,30,22,7.5,96,6.9,1006.5,1030.4,39.0,2.0,,,21,,,8.0,,
2025-09-30 23:00:00,351150400,ZIELONA GÓRA,2025,9,30,23,7.6,95,6.8,1006.6,1030.5,49.0,3.0,,,10,,,8.0,,
2025-10-01 00:00:00,351150400,ZIELONA GÓRA,2025,10,1,0,7.5,93,6.4,1006.8,1030.7,58.0,3.0,,,10,,0.2,,,
2025-10-01 01:00:00,351150400,ZIELONA GÓRA,2025,10,1,1,7.0,95,6.3,1006.7,1030.6,47.0,2.0,,,10,,,8.0,,
2025-10-01 02:00:00,351150400,ZIELONA GÓRA,2025,10,1,2,6.6,96,6.0,1006.8,1030.8,34.0,2.0,,,10,,,8.0,,
2025-10-01 03:00:00,351150400,ZIELONA GÓRA,2025,10,1,3,6.6,97,6.2,1007.0,1031.0,9.0,1.0,,,10,,,8.0,,
2025-10-01 04:00:00,351150400,ZIELONA GÓRA,2025,10,1,4,6.8,97,6.4,1007.2,1031.2,3.0,1.0,,,10,,,8.0,,
2025-10-01 05:00:00,351150400,ZIELONA GÓRA,2025,10,1,5,7.0,96,6.4,1007.6,1031.6,35.0,2.0,,8.0,10,,,8.0,,
2025-10-01 06:00:00,351150400,ZIELONA GÓRA,2025,10,1,6,7.2,96,6.6,1008.1,1032.1,39.0,2.0,,8.0,10,,,9.0,,
2025-10-01 07:00:00,351150400,ZIELONA GÓRA,2025,10,1,7,7.4,95,6.7,1008.5,1032.4,42.0,2.0,,8.0,10,2.0,,8.0,,
2025-10-01 08:00:00,351150400,ZIELONA GÓRA,2025,10,1,8,8.1,91,6.7,1008.6,1032.5,48.0,2.0,,8.0,10,2.0,,8.0,,
2025-10-01 09:00:00,351150400,ZIELONA GÓRA,2025,10,1,9,8.6,88,6.7,1008.6,1032.4,42.0,2.0,,8.0,1,2.0,,8.0,,
2025-10-01 10:00:00,351150400,ZIELONA GÓRA,2025,10,1,10,8.8,85,6.4,1008.6,1032.4,37.0,2.0,,8.0,1,2.0,,8.0,,
2025-10-01 11:00:00,351150400,ZIELONA GÓRA,2025,10,1,11,10.3,77,6.4,1008.5,1032.2,20.0,2.0,,7.0,3,2.0,,8.0,,
2025-10-01 12:00:00,351150400,ZIELONA GÓRA,2025,10,1,12,9.8,75,5.6,1008.7,1032.4,45.0,2.0,,7.0,3,2.0,,9.0,,
2025-10-01 13:00:00,351150400,ZIELONA GÓRA,2025,10,1,13,10.1,74,5.7,1008.8,1032.5,52.0,2.0,,8.0,1,2.0,,8.0,,
2025-10-01 14:00:00,351150400,ZIELONA GÓRA,2025,10,1,14,10.4,72,5.6,1008.5,1032.2,42.0,2.0,,7.0,1,2.0,,8.0,,
2025-10-01 15:00:00,351150400,ZIELONA GÓRA,2025,10,1,15,10.9,70,5.6,1008.3,1031.9,17.0,2.0,,2.0,1,1.0,,8.0,,
2025-10-01 16:00:00,351150400,ZIELONA GÓRA,2025,10,1,16,10.1,74,5.7,1008.3,1032.0,16.0,1.0,,1.0,1,0.0,,8.0,,
2025-10-01 17:00:00,351150400,ZIELONA GÓRA,2025,10,1,17,8.8,80,5.5,1008.6,1032.4,6.0,1.0,,1.0,2,0.0,,8.0,,
2025-10-01 18:00:00,351150400,ZIELONA GÓRA,2025,10,1,18,8.4,83,5.7,1008.9,1032.8,351.0,1.0,,7.0,3,1.0,,9.0,,
2025-10-01 19:00:00,351150400,ZIELONA GÓRA,2025,10,1,19,8.6,82,5.7,1008.9,1032.8,360.0,1.0,,7.0,3,2.0,,8.0,,
2025-10-01 20:00:00,351150400,ZIELONA GÓRA,2025,10,1,20,7.6,86,5.4,1008.7,1032.6,340.0,2.0,,1.0,1,1.0,,8.0,,
2025-10-01 21:00:00,351150400,ZIELONA GÓRA,2025,10,1,21,7.3,87,5.3,1008.7,1032.7,346.0,2.0,,,0,,,8.0,,
2025-10-01 22:00:00,351150400,ZIELONA GÓRA,2025,10,1,22,6.4,91,5.0,1008.4,1032.4,338.0,2.0,,,0,,,8.0,,
2025-10-01 23:00:00,351150400,ZIELONA GÓRA,2025,10,1,23,6.1,93,5.1,1008.0,1032.0,353.0,1.0,,,0,,,8.0,,
2025-10-02 00:00:00,351150400,ZIELONA GÓRA,2025,10,2,0,5.8,93,4.8,1008.0,1032.1,8.0,2.0,,,10,,,9.0,,
2025-10-02 01:00:00,351150400,ZIELONA GÓRA,2025,10,2,1,5.4,94,4.5,1007.9,1032.0,339.0,2.0,,,10,,,8.0,,
2025-10-02 02:00:00,351150400,ZIELONA GÓRA,2025,10,2,2,6.4,91,5.0,1007.6,1031.6,15.0,2.0,,,0,,,8.0,,
2025-10-02 03:00:00,351150400,ZIELONA GÓRA,2025,10,2,3,5.4,94,4.5,1007.7,1031.8,352.0,2.0,,,10,,,8.0,,
2025-10-02 04:00:00,351150400,ZIELONA GÓRA,2025,10,2,4,5.6,94,4.7,1007.4,1031.5,343.0,2.0,,,10,,,8.0,,
2025-10-02 05:00:00,351150400,ZIELONA GÓRA,2025,10,2,5,6.4,88,4.6,1007.4,1031.4,19.0,2.0,,6.0,0,,,8.0,,
2025-10-02 06:00:00,351150400,ZIELONA GÓRA,2025,10,2,6,5.4,94,4.5,1007.8,1031.9,343.0,2.0,,1.0,1,,,9.0,,
2025-10-02 07:00:00,351150400,ZIELONA GÓRA,2025,10,2,7,7.2,86,5.0,1008.0,1031.9,344.0,1.0,,1.0,2,0.0,,8.0,,
2025-10-02 08:00:00,351150400,ZIELONA GÓRA,2025,10,2,8,8.4,78,4.8,1008.0,1031.8,346.0,1.0,,5.0,3,1.0,,8.0,,
2025-10-02 09:00:00,351150400,ZIELONA GÓRA,2025,10,2,9,9.0,77,5.2,1007.9,1031.7,322.0,2.0,,6.0,1,1.0,,8.0,,
2025-10-02 10:00:00,351150400,ZIELONA GÓRA,2025,10,2,10,11.1,62,4.1,1007.7,1031.3,331.0,2.0,,3.0,3,1.0,,8.0,,
2025-10-02 11:00:00,351150400,ZIELONA GÓRA,2025,10,2,11,12.0,61,4.7,1007.2,1030.7,359.0,2.0,,5.0,3,1.0,,8.0,,
2025-10-02 12:00:00,351150400,ZIELONA GÓRA,2025,10,2,12,11.4,64,4.8,1006.8,1030.4,8.0,1.0,,7.0,3,1.0,,9.0,,
2025-10-02 13:00:00,351150400,ZIELONA GÓRA,2025,10,2,13,11.6,63,4.8,1006.4,1029.9,95.0,1.0,,5.0,1,2.0,,8.0,,
2025-10-02 14:00:00,351150400,ZIELONA GÓRA,2025,10,2,14,11.2,70,5.9,1006.0,1029.6,295.0,2.0,,6.0,3,2.0,,8.0,,
2025-10-02 15:00:00,351150400,ZIELONA GÓRA,2025,10,2,15,10.6,72,5.8,1005.8,1029.4,34.0,3.0,,6.0,80,2.0,,8.0,,
2025-10-02 16:00:00,351150400,ZIELONA GÓRA,2025,10,2,16,8.5,88,6.6,1005.6,1029.4,0.0,0.0,,2.0,25,1.0,,8.0,,
2025-10-02 17:00:00,351150400,ZIELONA GÓRA,2025,10,2,17,7.7,90,6.2,1005.6,1029.4,0.0,0.0,,5.0,1,1.0,,8.0,,
2025-10-02 18:00:00,351150400,ZIELONA GÓRA,2025,10,2,18,8.8,87,6.8,1005.7,1029.5,308.0,1.0,,7.0,80,8.0,0.3,,6.0,
2025-10-02 19:00:00,351150400,ZIELONA GÓRA,2025,10,2,19,8.6,89,6.9,1005.6,1029.4,315.0,1.0,,7.0,25,2.0,,8.0,,
2025-10-02 20:00:00,351150400,ZIELONA GÓRA,2025,10,2,20,8.7,88,6.8,1005.1,1028.9,322.0,1.0,,7.0,1,2.0,,8.0,,
2025-10-02 21:00:00,351150400,ZIELONA GÓRA,2025,10,2,21,7.3,93,6.2,1005.0,1028.9,330.0,2.0,,,0,,,8.0,,
2025-10-02 22:00:00,351150400,ZIELONA GÓRA,2025,10,2,22,7.4,92,6.2,1004.8,1028.7,331.0,2.0,,,0,,,8.0,,
2025-10-02 23:00:00,351150400,ZIELONA GÓRA,2025,10,2,23,6.8,93,5.7,1004.7,1028.6,328.0,2.0,,,0,,,8.0,,
2025-10-03 00:00:00,351150400,ZIELONA GÓRA,2025,10,3,0,6.9,93,5.8,1004.4,1028.3,298.0,1.0,,,0,,0.0,,,
2025-10-03 01:00:00,351150400,ZIELONA GÓRA,2025,10,3,1,6.4,95,5.7,1003.8,1027.7,321.0,1.0,,,10,,,8.0,,
2025-10-03 02:00:00,351150400,ZIELONA GÓRA,2025,10,3,2,6.3,94,5.4,1003.4,1027.3,301.0,1.0,,,10,,,8.0,,
2025-10-03 03:00:00,351150400,ZIELONA GÓRA,2025,10,3,3,6.8,93,5.7,1003.0,1026.9,289.0,1.0,,,0,,,8.0,,
2025-10-03 04:00:00,351150400,ZIELONA GÓRA,2025,10,3,4,6.1,95,5.4,1002.9,1026.8,332.0,2.0,,,10,,,8.0,,
2025-10-03 05:00:00,351150400,ZIELONA GÓRA,2025,10,3,5,4.8,98,4.5,1002.9,1026.9,327.0,2.0,,9.0,47,,,8.0,,
2025-10-03 06:00:00,351150400,ZIELONA GÓRA,2025,10,3,6,4.2,98,3.9,1003.1,1027.2,0.0,0.0,,1.0,42,,,9.0,,
2025-10-03 07:00:00,351150400,ZIELONA GÓRA,2025,10,3,7,7.1,94,6.2,1003.1,1026.9,20.0,1.0,,1.0,28,4.0,,8.0,,
2025-10-03 08:00:00,351150400,ZIELONA GÓRA,2025,10,3,8,9.2,80,5.9,1003.0,1026.7,55.0,1.0,,1.0,1,0.0,,8.0,,
2025-10-03 09:00:00,351150400,ZIELONA GÓRA,2025,10,3,9,9.1,84,6.5,1002.9,1026.6,149.0,1.0,,3.0,3,4.0,,8.0,,
2025-10-03 10:00:00,351150400,ZIELONA GÓRA,2025,10,3,10,9.7,77,5.9,1002.7,1026.3,148.0,2.0,,1.0,1,0.0,,8.0,,
2025-10-03 11:00:00,351150400,ZIELONA GÓRA,2025,10,3,11,9.8,72,5.0,1002.4,1026.0,117.0,2.0,,1.0,3,0.0,,8.0,,
2025-10-03 12:00:00,351150400,ZIELONA GÓRA,2025,10,3,12,10.6,71,5.6,1001.7,1025.2,168.0,2.0,,2.0,3,4.0,,9.0,,
2025-10-03 13:00:00,351150400,ZIELONA GÓRA,2025,10,3,13,11.5,66,5.4,1001.0,1024.4,133.0,2.0,,2.0,2,0.0,,8.0,,
2025-10-03 14:00:00,351150400,ZIELONA GÓRA,2025,10,3,14,11.4,64,4.8,1000.4,1023.8,146.0,2.0,,2.0,1,0.0,,8.0,,
2025-10-03 15:00:00,351150400,ZIELONA GÓRA,2025,10,3,15,11.3,60,3.8,1000.0,1023.4,125.0,1.0,,1.0,1,0.0,,8.0,,
2025-10-03 16:00:00,351150400,ZIELONA GÓRA,2025,10,3,16,10.2,66,4.1,999.7,1023.2,82.0,1.0,,1.0,1,0.0,,8.0,,
2025-10-03 17:00:00,351150400,ZIELONA GÓRA,2025,10,3,17,8.4,75,4.2,999.4,1023.0,79.0,1.0,,0.0,1,0.0,,8.0,,
2025-10-03 18:00:00,351150400,ZIELONA GÓRA,2025,10,3,18,8.0,70,2.9,999.6,1023.3,100.0,1.0,,0.0,2,0.0,,9.0,,
2025-10-03 19:00:00,351150400,ZIELONA GÓRA,2025,10,3,19,7.3,68,1.8,999.3,1023.0,126.0,3.0,,0.0,2,0.0,,8.0,,
2025-10-03 20:00:00,351150400,ZIELONA GÓRA,2025,10,3,20,6.4,72,1.7,999.0,1022.8,125.0,3.0,,0.0,2,0.0,,8.0,,
2025-10-03 21:00:00,351150400,ZIELONA GÓRA,2025,10,3,21,5.8,74,1.5,998.0,1021.8,128.0,3.0,,,0,,,8.0,,
2025-10-03 22:00:00,351150400,ZIELONA GÓRA,2025,10,3,22,5.4,75,1.3,997.5,1021.4,130.0,3.0,,,0,,,8.0,,
2025-10-03 23:00:00,351150400,ZIELONA GÓRA,2025,10,3,23,4.9,74,0.7,996.6,1020.5,122.0,3.0,,,0,,,8.0,,
2025-10-04 00:00:00,351150400,ZIELONA GÓRA,2025,10,4,0,4.3,75,0.3,995.8,1019.7,128.0,3.0,,,0,,,9.0,,
2025-10-04 01:00:00,351150400,ZIELONA GÓRA,2025,10,4,1,3.8,78,0.3,994.6,1018.5,128.0,3.0,,,0,,,8.0,,
2025-10-04 02:00:00,351150400,ZIELONA GÓRA,2025,10,4,2,3.4,81,0.4,993.5,1017.4,127.0,3.0,,,0,,,8.0,,
2025-10-04 03:00:00,351150400,ZIELONA GÓRA,2025,10,4,3,2.8,85,0.5,992.5,1016.5,130.0,2.0,,,0,,,8.0,,
2025-10-04 04:00:00,351150400,ZIELONA GÓRA,2025,10,4,4,2.8,85,0.5,990.8,1014.7,128.0,4.0,,,0,,,8.0,,
2025-10-04 05:00:00,351150400,ZIELONA GÓRA,2025,10,4,5,2.3,87,0.4,989.2,1013.1,127.0,3.0,,4.0,0,,,8.0,,
2025-10-04 06:00:00,351150400,ZIELONA GÓRA,2025,10,4,6,3.2,81,0.3,988.2,1012.0,141.0,4.0,9.0,4.0,1,,,9.0,,
2025-10-04 07:00:00,351150400,ZIELONA GÓRA,2025,10,4,7,4.6,74,0.4,987.1,1010.8,139.0,4.0,,7.0,3,1.0,,8.0,,
2025-10-04 08:00:00,351150400,ZIELONA GÓRA,2025,10,4,8,5.4,76,1.5,985.3,1008.9,133.0,4.0,,7.0,2,2.0,,8.0,,
2025-10-04 09:00:00,351150400,ZIELONA GÓRA,2025,10,4,9,7.2,69,1.9,983.6,1007.0,136.0,4.0,,7.0,3,1.0,,8.0,,
2025-10-04 10:00:00,351150400,ZIELONA GÓRA,2025,10,4,10,8.1,66,2.1,982.1,1005.4,132.0,4.0,,7.0,2,2.0,,8.0,,
2025-10-04 11:00:00,351150400,ZIELONA GÓRA,2025,10,4,11,9.2,64,2.7,980.5,1003.6,144.0,4.0,,8.0,3,2.0,,8.0,,
2025-10-04 12:00:00,351150400,ZIELONA GÓRA,2025,10,4,12,9.0,75,4.8,978.9,1002.0,135.0,4.0,,8.0,61,1.0,0.2,,6.0,
2025-10-04 13:00:00,351150400,ZIELONA GÓRA,2025,10,4,13,9.5,70,4.3,977.7,1000.7,140.0,5.0,,8.0,21,2.0,,8.0,,
2025-10-04 14:00:00,351150400,ZIELONA GÓRA,2025,10,4,14,8.0,90,6.5,976.9,1000.0,152.0,4.0,,8.0,63,6.0,,8.0,,
2025-10-04 15:00:00,351150400,ZIELONA GÓRA,2025,10,4,15,7.8,96,7.2,975.8,998.9,142.0,4.0,,8.0,61,6.0,,8.0,,
2025-10-04 16:00:00,351150400,ZIELONA GÓRA,2025,10,4,16,8.0,97,7.6,975.3,998.4,153.0,3.0,,8.0,63,6.0,,8.0,,
2025-10-04 17:00:00,351150400,ZIELONA GÓRA,2025,10,4,17,9.1,97,8.6,976.2,999.2,208.0,3.0,,8.0,61,6.0,,8.0,,
2025-10-04 18:00:00,351150400,ZIELONA GÓRA,2025,10,4,18,9.2,97,8.7,975.6,998.6,167.0,3.0,,8.0,61,6.0,7.1,,6.0,
2025-10-04 19:00:00,351150400,ZIELONA GÓRA,2025,10,4,19,9.3,98,9.0,976.4,999.4,195.0,3.0,,8.0,61,6.0,,8.0,,
2025-10-04 20:00:00,351150400,ZIELONA GÓRA,2025,10,4,20,9.3,91,7.9,977.9,1001.0,263.0,4.0,9.0,8.0,81,8.0,,8.0,,
2025-10-04 21:00:00,351150400,ZIELONA GÓRA,2025,10,4,21,9.5,94,8.6,978.4,1001.5,239.0,3.0,,,23,,,8.0,,
2025-10-04 22:00:00,351150400,ZIELONA GÓRA,2025,10,4,22,9.2,94,8.3,979.2,1002.3,233.0,3.0,,,0,,,8.0,,
2025-10-04 23:00:00,351150400,ZIELONA GÓRA,2025,10,4,23,8.6,93,7.5,979.6,1002.8,220.0,3.0,,,0,,,8.0,,
2025-10-05 00:00:00,351150400,ZIELONA GÓRA,2025,10,5,0,8.0,91,6.6,979.9,1003.1,224.0,4.0,,,0,,5.8,,,
2025-10-05 01:00:00,351150400,ZIELONA GÓRA,2025,10,5,1,7.6,88,5.7,980.0,1003.3,234.0,3.0,,,0,,,8.0,,
2025-10-05 02:00:00,351150400,ZIELONA GÓRA,2025,10,5,2,7.3,86,5.1,980.1,1003.4,216.0,4.0,,,0,,,8.0,,
2025-10-05 03:00:00,351150400,ZIELONA GÓRA,2025,10,5,3,7.3,86,5.1,980.3,1003.6,227.0,3.0,8.0,,0,,,8.0,,
2025-10-05 04:00:00,351150400,ZIELONA GÓRA,2025,10,5,4,7.3,86,5.1,980.7,1004.0,220.0,3.0,8.0,,0,,,8.0,,
2025-10-05 05:00:00,351150400,ZIELONA GÓRA,2025,10,5,5,7.2,87,5.2,981.4,1004.7,214.0,4.0,,4.0,0,,,8.0,,
2025-10-05 06:00:00,351150400,ZIELONA GÓRA,2025,10,5,6,8.1,84,5.6,981.5,1004.7,230.0,4.0,,5.0,3,,,9.0,,
2025-10-05 07:00:00,351150400,ZIELONA GÓRA,2025,10,5,7,9.4,80,6.1,982.3,1005.5,224.0,4.0,,7.0,1,2.0,,8.0,,
2025-10-05 08:00:00,351150400,ZIELONA GÓRA,2025,10,5,8,10.9,75,6.6,983.2,1006.3,234.0,4.0,,7.0,3,2.0,,8.0,,
2025-10-05 09:00:00,351150400,ZIELONA GÓRA,2025,10,5,9,11.2,72,6.3,983.6,1006.6,225.0,4.0,,7.0,3,2.0,,8.0,,
2025-10-05 10:00:00,351150400,ZIELONA GÓRA,2025,10,5,10,11.8,69,6.3,984.0,1007.0,240.0,3.0,8.0,7.0,1,2.0,,8.0,,
2025-10-05 11:00:00,351150400,ZIELONA GÓRA,2025,10,5,11,11.7,71,6.6,984.3,1007.3,223.0,3.0,,7.0,25,2.0,,8.0,,
2025-10-05 12:00:00,351150400,ZIELONA GÓRA,2025,10,5,12,12.0,70,6.7,984.6,1007.6,218.0,4.0,,7.0,1,8.0,0.0,,6.0,
2025-10-05 13:00:00,351150400,ZIELONA GÓRA,2025,10,5,13,12.2,70,6.9,984.7,1007.7,219.0,3.0,,7.0,3,2.0,,8.0,,
2025-10-05 14:00:00,351150400,ZIELONA GÓRA,2025,10,5,14,11.9,80,8.6,984.9,1007.9,234.0,3.0,,3.0,25,1.0,,8.0,,
2025-10-05 15:00:00,351150400,ZIELONA GÓRA,2025,10,5,15,11.7,73,7.0,985.4,1008.4,240.0,4.0,9.0,7.0,80,8.0,,8.0,,
2025-10-05 16:00:00,351150400,ZIELONA GÓRA,2025,10,5,16,10.0,82,7.1,985.3,1008.5,230.0,2.0,,6.0,25,2.0,,8.0,,
2025-10-05 17:00:00,351150400,ZIELONA GÓRA,2025,10,5,17,10.2,79,6.7,985.8,1009.0,245.0,2.0,,7.0,25,2.0,,8.0,,
2025-10-05 18:00:00,351150400,ZIELONA GÓRA,2025,10,5,18,9.7,80,6.4,986.1,1009.3,236.0,3.0,,3.0,1,8.0,0.8,,6.0,
2025-10-05 19:00:00,351150400,ZIELONA GÓRA,2025,10,5,19,9.2,84,6.6,986.6,1009.9,212.0,3.0,,7.0,3,1.0,,8.0,,
2025-10-05 20:00:00,351150400,ZIELONA GÓRA,2025,10,5,20,9.2,85,6.8,986.9,1010.2,220.0,3.0,,7.0,3,2.0,,8.0,,
2025-10-05 21:00:00,351150400,ZIELONA GÓRA,2025,10,5,21,9.2,86,7.0,987.1,1010.4,212.0,3.0,,,0,,,8.0,,
2025-10-05 22:00:00,351150400,ZIELONA GÓRA,2025,10,5,22,9.6,84,7.0,987.2,1010.5,227.0,3.0,,,0,,,8.0,,
2025-10-05 23:00:00,351150400,ZIELONA GÓRA,2025,10,5,23,10.0,82,7.1,987.4,1010.6,237.0,3.0,,,0,,,8.0,,
2025-10-06 00:00:00,351150400,ZIELONA GÓRA,2025,10,6,0,9.5,88,7.6,987.5,1010.8,223.0,3.0,,,81,,0.0,,,
2025-10-06 01:00:00,351150400,ZIELONA GÓRA,2025,10,6,1,9.2,93,8.1,987.3,1010.6,231.0,2.0,,,61,,,8.0,,
2025-10-06 02:00:00,351150400,ZIELONA GÓRA,2025,10,6,2,9.2,94,8.3,987.4,1010.7,240.0,3.0,,,61,,,8.0,,
2025-10-06 03:00:00,351150400,ZIELONA GÓRA,2025,10,6,3,9.2,95,8.4,987.5,1010.8,253.0,4.0,,,61,,,8.0,,
2025-10-06 04:00:00,351150400,ZIELONA GÓRA,2025,10,6,4,9.3,95,8.5,987.7,1011.0,258.0,3.0,8.0,,61,,,8.0,,
2025-10-06 05:00:00,351150400,ZIELONA GÓRA,2025,10,6,5,9.3,94,8.4,988.0,1011.3,254.0,4.0,,8.0,21,,,8.0,,
2025-10-06 06:00:00,351150400,ZIELONA GÓRA,2025,10,6,6,9.4,92,8.2,988.3,1011.6,251.0,4.0,9.0,8.0,1,,1.8,,6.0,
2025-10-06 07:00:00,351150400,ZIELONA GÓRA,2025,10,6,7,9.5,92,8.3,988.6,1011.9,254.0,5.0,10.0,8.0,61,2.0,,8.0,,
2025-10-06 08:00:00,351150400,ZIELONA GÓRA,2025,10,6,8,9.9,90,8.3,989.2,1012.5,262.0,4.0,10.0,8.0,21,2.0,,8.0,,
2025-10-06 09:00:00,351150400,ZIELONA GÓRA,2025,10,6,9,10.0,90,8.4,989.8,1013.1,267.0,4.0,,8.0,81,6.0,,8.0,,
2025-10-06 10:00:00,351150400,ZIELONA GÓRA,2025,10,6,10,10.4,90,8.8,990.2,1013.5,262.0,4.0,,8.0,80,8.0,,8.0,,
2025-10-06 11:00:00,351150400,ZIELONA GÓRA,2025,10,6,11,10.2,89,8.5,990.7,1014.0,270.0,4.0,,8.0,25,8.0,,8.0,,
2025-10-06 12:00:00,351150400,ZIELONA GÓRA,2025,10,6,12,10.5,88,8.6,990.9,1014.2,260.0,4.0,9.0,8.0,25,8.0,1.6,,6.0,
2025-10-06 13:00:00,351150400,ZIELONA GÓRA,2025,10,6,13,11.2,77,7.3,991.4,1014.6,271.0,4.0,9.0,8.0,25,8.0,,8.0,,
2025-10-06 14:00:00,351150400,ZIELONA GÓRA,2025,10,6,14,11.8,73,7.1,991.5,1014.7,272.0,4.0,,8.0,2,2.0,,8.0,,
2025-10-06 15:00:00,351150400,ZIELONA GÓRA,2025,10,6,15,11.9,73,7.2,992.1,1015.3,279.0,4.0,,7.0,25,8.0,,8.0,,
2025-10-06 16:00:00,351150400,ZIELONA GÓRA,2025,10,6,16,11.6,75,7.3,992.5,1015.7,281.0,4.0,,7.0,2,2.0,,8.0,,
2025-10-06 17:00:00,351150400,ZIELONA GÓRA,2025,10,6,17,11.6,76,7.5,993.0,1016.2,278.0,3.0,,7.0,1,2.0,,8.0,,
2025-10-06 18:00:00,351150400,ZIELONA GÓRA,2025,10,6,18,11.7,76,7.6,993.4,1016.6,277.0,3.0,,7.0,3,8.0,0.0,,6.0,
2025-10-06 19:00:00,351150400,ZIELONA GÓRA,2025,10,6,19,11.7,75,7.4,994.0,1017.2,286.0,4.0,,7.0,2,2.0,,8.0,,
2025-10-06 20:00:00,351150400,ZIELONA GÓRA,2025,10,6,20,11.7,76,7.6,994.7,1018.0,299.0,4.0,,7.0,2,2.0,,8.0,,
2025-10-06 21:00:00,351150400,ZIELONA GÓRA,2025,10,6,21,11.2,81,8.1,995.3,1018.6,300.0,4.0,,,81,,,8.0,,
2025-10-06 22:00:00,351150400,ZIELONA GÓRA,2025,10,6,22,10.9,85,8.5,995.6,1018.9,301.0,4.0,,,21,,,8.0,,
2025-10-06 23:00:00,351150400,ZIELONA GÓRA,2025,10,6,23,10.7,87,8.6,996.0,1019.4,299.0,4.0,,,0,,,8.0,,
2025-10-07 00:00:00,351150400,ZIELONA GÓRA,2025,10,7,0,10.5,92,9.3,996.4,1019.8,299.0,3.0,,,0,,0.0,,,
2025-10-07 01:00:00,351150400,ZIELONA GÓRA,2025,10,7,1,10.5,92,9.3,996.6,1020.0,298.0,3.0,,,0,,,8.0,,
2025-10-07 02:00:00,351150400,ZIELONA GÓRA,2025,10,7,2,10.3,92,9.1,997.0,1020.4,298.0,3.0,,,0,,,8.0,,
2025-10-07 03:00:00,351150400,ZIELONA GÓRA,2025,10,7,3,10.1,92,8.9,997.3,1020.7,296.0,3.0,,,0,,,8.0,,
2025-10-07 04:00:00,351150400,ZIELONA GÓRA,2025,10,7,4,9.9,95,9.1,997.8,1021.3,302.0,3.0,,,81,,,8.0,,
2025-10-07 05:00:00,351150400,ZIELONA GÓRA,2025,10,7,5,9.9,95,9.1,998.6,1022.1,297.0,3.0,,8.0,0,,,8.0,,
2025-10-07 06:00:00,351150400,ZIELONA GÓRA,2025,10,7,6,10.0,95,9.2,999.0,1022.5,297.0,2.0,,8.0,2,,0.2,,6.0,
2025-10-07 07:00:00,351150400,ZIELONA GÓRA,2025,10,7,7,10.4,94,9.5,999.4,1022.9,293.0,3.0,,8.0,2,2.0,,8.0,,
2025-10-07 08:00:00,351150400,ZIELONA GÓRA,2025,10,7,8,11.3,90,9.7,1000.0,1023.4,301.0,3.0,,7.0,1,2.0,,8.0,,
2025-10-07 09:00:00,351150400,ZIELONA GÓRA,2025,10,7,9,12.2,83,9.4,1000.2,1023.5,310.0,3.0,,7.0,1,2.0,,8.0,,
2025-10-07 10:00:00,351150400,ZIELONA GÓRA,2025,10,7,10,13.2,78,9.4,1000.5,1023.8,296.0,2.0,,7.0,3,2.0,,8.0,,
2025-10-07 11:00:00,351150400,ZIELONA GÓRA,2025,10,7,11,13.5,78,9.7,1000.5,1023.7,296.0,2.0,,7.0,3,2.0,,8.0,,
2025-10-07 12:00:00,351150400,ZIELONA GÓRA,2025,10,7,12,13.6,73,8.8,1000.5,1023.7,297.0,3.0,,7.0,1,2.0,,9.0,,
2025-10-07 13:00:00,351150400,ZIELONA GÓRA,2025,10,7,13,14.1,72,9.1,1000.5,1023.7,309.0,2.0,,7.0,2,2.0,,8.0,,
2025-10-07 14:00:00,351150400,ZIELONA GÓRA,2025,10,7,14,14.0,73,9.2,1000.4,1023.6,295.0,2.0,,7.0,1,2.0,,8.0,,
2025-10-07 15:00:00,351150400,ZIELONA GÓRA,2025,10,7,15,13.8,74,9.2,1000.5,1023.7,287.0,1.0,,7.0,1,2.0,,8.0,,
2025-10-07 16:00:00,351150400,ZIELONA GÓRA,2025,10,7,16,12.7,81,9.5,1000.5,1023.8,0.0,0.0,,7.0,1,2.0,,8.0,,
2025-10-07 17:00:00,351150400,ZIELONA GÓRA,2025,10,7,17,12.0,84,9.4,1000.9,1024.3,0.0,0.0,,7.0,1,2.0,,8.0,,
2025-10-07 18:00:00,351150400,ZIELONA GÓRA,2025,10,7,18,12.0,84,9.4,1000.9,1024.3,188.0,1.0,,7.0,1,2.0,,9.0,,
2025-10-07 19:00:00,351150400,ZIELONA GÓRA,2025,10,7,19,11.6,86,9.3,1001.1,1024.5,172.0,1.0,,7.0,1,2.0,,8.0,,
2025-10-07 20:00:00,351150400,ZIELONA GÓRA,2025,10,7,20,11.2,87,9.1,1001.0,1024.4,264.0,1.0,,7.0,3,2.0,,8.0,,
2025-10-07 21:00:00,351150400,ZIELONA GÓRA,2025,10,7,21,11.3,91,9.9,1001.0,1024.4,208.0,1.0,,,0,,,8.0,,
2025-10-07 22:00:00,351150400,ZIELONA GÓRA,2025,10,7,22,11.5,92,10.2,1000.7,1024.1,0.0,0.0,,,0,,,8.0,,
2025-10-07 23:00:00,351150400,ZIELONA GÓRA,2025,10,7,23,10.6,95,9.8,1000.3,1023.8,194.0,1.0,,,0,,,8.0,,
2025-10-08 00:00:00,351150400,ZIELONA GÓRA,2025,10,8,0,10.5,96,9.9,1000.0,1023.5,187.0,1.0,,,10,,,9.0,,
2025-10-08 01:00:00,351150400,ZIELONA GÓRA,2025,10,8,1,10.3,97,9.8,999.7,1023.2,190.0,1.0,,,10,,,8.0,,
2025-10-08 02:00:00,351150400,ZIELONA GÓRA,2025,10,8,2,10.1,97,9.6,999.4,1022.9,173.0,1.0,,,81,,,8.0,,
2025-10-08 03:00:00,351150400,ZIELONA GÓRA,2025,10,8,3,10.1,98,9.8,998.9,1022.4,162.0,1.0,,,61,,,8.0,,
2025-10-08 04:00:00,351150400,ZIELONA GÓRA,2025,10,8,4,10.0,98,9.7,998.5,1022.0,149.0,1.0,,,61,,,8.0,,
2025-10-08 05:00:00,351150400,ZIELONA GÓRA,2025,10,8,5,9.8,98,9.5,998.3,1021.8,163.0,1.0,,9.0,61,,,8.0,,
2025-10-08 06:00:00,351150400,ZIELONA GÓRA,2025,10,8,6,9.9,98,9.6,998.2,1021.7,155.0,2.0,,9.0,61,,1.8,,6.0,
2025-10-08 07:00:00,351150400,ZIELONA GÓRA,2025,10,8,7,10.1,98,9.8,998.0,1021.5,163.0,2.0,,9.0,63,6.0,,8.0,,
2025-10-08 08:00:00,351150400,ZIELONA GÓRA,2025,10,8,8,10.7,98,10.4,998.0,1021.4,171.0,2.0,,9.0,61,6.0,,8.0,,
2025-10-08 09:00:00,351150400,ZIELONA GÓRA,2025,10,8,9,11.4,98,11.1,997.7,1021.1,164.0,2.0,,9.0,61,6.0,,8.0,,
2025-10-08 10:00:00,351150400,ZIELONA GÓRA,2025,10,8,10,12.0,98,11.7,997.3,1020.6,181.0,2.0,,9.0,51,6.0,,8.0,,
2025-10-08 11:00:00,351150400,ZIELONA GÓRA,2025,10,8,11,12.3,98,12.0,997.0,1020.3,194.0,2.0,,9.0,51,5.0,,8.0,,
2025-10-08 12:00:00,351150400,ZIELONA GÓRA,2025,10,8,12,13.0,98,12.7,996.7,1019.9,210.0,1.0,,8.0,53,6.0,3.2,,6.0,
2025-10-08 13:00:00,351150400,ZIELONA GÓRA,2025,10,8,13,13.5,98,13.2,996.6,1019.8,249.0,1.0,,8.0,61,5.0,,8.0,,
2025-10-08 14:00:00,351150400,ZIELONA GÓRA,2025,10,8,14,13.9,98,13.6,996.2,1019.3,253.0,2.0,,8.0,61,6.0,,8.0,,
2025-10-08 15:00:00,351150400,ZIELONA GÓRA,2025,10,8,15,14.0,98,13.7,996.1,1019.2,277.0,2.0,,8.0,60,5.0,,8.0,,
2025-10-08 16:00:00,351150400,ZIELONA GÓRA,2025,10,8,16,13.7,97,13.2,996.1,1019.2,285.0,2.0,,8.0,21,2.0,,8.0,,
2025-10-08 17:00:00,351150400,ZIELONA GÓRA,2025,10,8,17,13.4,97,12.9,996.4,1019.6,292.0,3.0,,8.0,21,2.0,,8.0,,
2025-10-08 18:00:00,351150400,ZIELONA GÓRA,2025,10,8,18,13.3,97,12.8,996.5,1019.7,291.0,2.0,,8.0,10,6.0,1.2,,6.0,
2025-10-08 19:00:00,351150400,ZIELONA GÓRA,2025,10,8,19,13.1,97,12.6,996.6,1019.8,287.0,2.0,,8.0,10,2.0,,8.0,,
2025-10-08 20:00:00,351150400,ZIELONA GÓRA,2025,10,8,20,12.9,97,12.4,996.7,1019.9,300.0,3.0,,8.0,10,2.0,,8.0,,
2025-10-08 21:00:00,351150400,ZIELONA GÓRA,2025,10,8,21,12.5,96,11.9,996.6,1019.8,292.0,2.0,,,61,,,8.0,,
2025-10-08 22:00:00,351150400,ZIELONA GÓRA,2025,10,8,22,12.4,96,11.8,996.4,1019.6,308.0,2.0,,,23,,,8.0,,
2025-10-08 23:00:00,351150400,ZIELONA GÓRA,2025,10,8,23,12.2,97,11.7,996.4,1019.7,307.0,2.0,,,10,,,8.0,,
2025-10-09 00:00:00,351150400,ZIELONA GÓRA,2025,10,9,0,12.1,97,11.6,996.5,1019.8,299.0,2.0,,,10,,0.3,,,
2025-10-09 01:00:00,351150400,ZIELONA GÓRA,2025,10,9,1,11.9,98,11.6,996.3,1019.6,306.0,2.0,,,20,,,8.0,,
2025-10-09 02:00:00,351150400,ZIELONA GÓRA,2025,10,9,2,11.8,98,11.5,996.3,1019.6,303.0,2.0,,,34,,,8.0,,
2025-10-09 03:00:00,351150400,ZIELONA GÓRA,2025,10,9,3,11.8,98,11.5,996.0,1019.3,286.0,2.0,,,81,,,8.0,,
2025-10-09 04:00:00,351150400,ZIELONA GÓRA,2025,10,9,4,11.9,98,11.6,996.0,1019.3,288.0,2.0,,,33,,,8.0,,
2025-10-09 05:00:00,351150400,ZIELONA GÓRA,2025,10,9,5,11.9,98,11.6,996.2,1019.5,284.0,2.0,,8.0,53,,,8.0,,
2025-10-09 06:00:00,351150400,ZIELONA GÓRA,2025,10,9,6,12.0,98,11.7,996.7,1020.0,306.0,3.0,,8.0,55,,1.1,,6.0,
2025-10-09 07:00:00,351150400,ZIELONA GÓRA,2025,10,9,7,11.9,98,11.6,997.3,1020.6,333.0,3.0,,8.0,51,8.0,,8.0,,
2025-10-09 08:00:00,351150400,ZIELONA GÓRA,2025,10,9,8,12.3,97,11.8,997.8,1021.1,320.0,2.0,,8.0,20,2.0,,8.0,,
2025-10-09 09:00:00,351150400,ZIELONA GÓRA,2025,10,9,9,11.6,94,10.7,998.1,1021.4,309.0,4.0,,7.0,80,5.0,,8.0,,
2025-10-09 10:00:00,351150400,ZIELONA GÓRA,2025,10,9,10,12.3,91,10.9,998.3,1021.6,294.0,3.0,,7.0,1,2.0,,8.0,,
2025-10-09 11:00:00,351150400,ZIELONA GÓRA,2025,10,9,11,12.3,88,10.4,998.4,1021.7,295.0,2.0,,8.0,25,2.0,,8.0,,
2025-10-09 12:00:00,351150400,ZIELONA GÓRA,2025,10,9,12,12.0,88,10.1,998.4,1021.7,300.0,2.0,,7.0,25,5.0,0.7,,6.0,
2025-10-09 13:00:00,351150400,ZIELONA GÓRA,2025,10,9,13,12.2,82,9.2,998.6,1021.9,283.0,2.0,,7.0,1,2.0,,8.0,,
2025-10-09 14:00:00,351150400,ZIELONA GÓRA,2025,10,9,14,12.4,67,6.4,998.9,1022.2,284.0,4.0,,7.0,1,2.0,,8.0,,
2025-10-09 15:00:00,351150400,ZIELONA GÓRA,2025,10,9,15,11.9,75,7.6,999.1,1022.4,262.0,3.0,,7.0,1,2.0,,8.0,,
2025-10-09 16:00:00,351150400,ZIELONA GÓRA,2025,10,9,16,11.5,76,7.4,999.1,1022.5,251.0,2.0,,7.0,2,2.0,,8.0,,
2025-10-09 17:00:00,351150400,ZIELONA GÓRA,2025,10,9,17,11.3,75,7.0,999.3,1022.7,255.0,2.0,,7.0,3,2.0,,8.0,,
2025-10-09 18:00:00,351150400,ZIELONA GÓRA,2025,10,9,18,11.0,79,7.5,999.5,1022.9,265.0,2.0,,7.0,2,2.0,,9.0,,
2025-10-09 19:00:00,351150400,ZIELONA GÓRA,2025,10,9,19,10.8,81,7.7,999.9,1023.4,274.0,2.0,,8.0,3,2.0,,8.0,,
2025-10-09 20:00:00,351150400,ZIELONA GÓRA,2025,10,9,20,10.7,82,7.8,1000.0,1023.5,259.0,3.0,,7.0,1,2.0,,8.0,,
2025-10-09 21:00:00,351150400,ZIELONA GÓRA,2025,10,9,21,11.0,81,7.9,1000.1,1023.5,265.0,3.0,,,0,,,8.0,,
2025-10-09 22:00:00,351150400,ZIELONA GÓRA,2025,10,9,22,11.0,83,8.2,1000.1,1023.5,264.0,2.0,,,0,,,8.0,,
2025-10-09 23:00:00,351150400,ZIELONA GÓRA,2025,10,9,23,11.0,84,8.4,999.9,1023.3,256.0,3.0,,,0,,,8.0,,
2025-10-10 00:00:00,351150400,ZIELONA GÓRA,2025,10,10,0,11.2,84,8.6,999.3,1022.7,260.0,4.0,,,0,,,9.0,,
2025-10-10 01:00:00,351150400,ZIELONA GÓRA,2025,10,10,1,11.3,84,8.7,999.2,1022.6,254.0,3.0,,,0,,,8.0,,
2025-10-10 02:00:00,351150400,ZIELONA GÓRA,2025,10,10,2,11.3,85,8.9,998.9,1022.3,255.0,4.0,,,0,,,8.0,,
2025-10-10 03:00:00,351150400,ZIELONA GÓRA,2025,10,10,3,10.8,92,9.6,998.9,1022.3,259.0,4.0,,,21,,,8.0,,
2025-10-10 04:00:00,351150400,ZIELONA GÓRA,2025,10,10,4,10.8,93,9.7,999.1,1022.5,270.0,4.0,,,21,,,8.0,,
2025-10-10 05:00:00,351150400,ZIELONA GÓRA,2025,10,10,5,10.8,95,10.0,999.3,1022.7,277.0,4.0,,8.0,25,,,8.0,,
2025-10-10 06:00:00,351150400,ZIELONA GÓRA,2025,10,10,6,10.9,94,10.0,999.9,1023.3,280.0,4.0,,8.0,25,,0.3,,6.0,
2025-10-10 07:00:00,351150400,ZIELONA GÓRA,2025,10,10,7,11.0,92,9.7,1000.6,1024.1,290.0,3.0,,7.0,1,2.0,,8.0,,
2025-10-10 08:00:00,351150400,ZIELONA GÓRA,2025,10,10,8,11.5,88,9.6,1001.0,1024.4,287.0,5.0,,7.0,3,2.0,,8.0,,
2025-10-10 09:00:00,351150400,ZIELONA GÓRA,2025,10,10,9,12.0,79,8.5,1001.7,1025.1,295.0,6.0,11.0,7.0,1,2.0,,8.0,,
2025-10-10 10:00:00,351150400,ZIELONA GÓRA,2025,10,10,10,12.4,77,8.5,1002.0,1025.4,291.0,5.0,,6.0,25,8.0,,8.0,,
2025-10-10 11:00:00,351150400,ZIELONA GÓRA,2025,10,10,11,11.3,91,9.9,1002.4,1025.9,308.0,4.0,,7.0,80,8.0,,8.0,,
2025-10-10 12:00:00,351150400,ZIELONA GÓRA,2025,10,10,12,12.3,89,10.5,1002.4,1025.8,283.0,4.0,9.0,7.0,25,8.0,0.5,,6.0,
2025-10-10 13:00:00,351150400,ZIELONA GÓRA,2025,10,10,13,11.9,90,10.3,1002.3,1025.7,287.0,4.0,,7.0,25,2.0,,8.0,,
2025-10-10 14:00:00,351150400,ZIELONA GÓRA,2025,10,10,14,11.5,94,10.6,1002.5,1026.0,308.0,4.0,,8.0,81,8.0,,8.0,,
2025-10-10 15:00:00,351150400,ZIELONA GÓRA,2025,10,10,15,11.8,94,10.9,1002.7,1026.1,279.0,4.0,9.0,8.0,80,8.0,,8.0,,
2025-10-10 16:00:00,351150400,ZIELONA GÓRA,2025,10,10,16,11.7,95,10.9,1003.1,1026.6,292.0,4.0,,8.0,80,8.0,,8.0,,
2025-10-10 17:00:00,351150400,ZIELONA GÓRA,2025,10,10,17,11.8,96,11.2,1003.5,1027.0,283.0,4.0,,8.0,25,2.0,,8.0,,
2025-10-10 18:00:00,351150400,ZIELONA GÓRA,2025,10,10,18,11.9,95,11.1,1004.1,1027.6,283.0,4.0,,8.0,25,8.0,2.1,,6.0,
2025-10-10 19:00:00,351150400,ZIELONA GÓRA,2025,10,10,19,11.8,95,11.0,1003.9,1027.4,273.0,4.0,,8.0,80,8.0,,8.0,,
2025-10-10 20:00:00,351150400,ZIELONA GÓRA,2025,10,10,20,11.8,95,11.0,1004.3,1027.8,276.0,4.0,,8.0,25,2.0,,8.0,,
2025-10-10 21:00:00,351150400,ZIELONA GÓRA,2025,10,10,21,11.8,95,11.0,1004.3,1027.8,268.0,4.0,,,0,,,8.0,,
2025-10-10 22:00:00,351150400,ZIELONA GÓRA,2025,10,10,22,11.9,94,11.0,1004.3,1027.8,266.0,4.0,,,0,,,8.0,,
2025-10-10 23:00:00,351150400,ZIELONA GÓRA,2025,10,10,23,11.9,94,11.0,1004.2,1027.7,270.0,4.0,,,0,,,8.0,,
2025-10-11 00:00:00,351150400,ZIELONA GÓRA,2025,10,11,0,12.0,93,10.9,1004.0,1027.4,275.0,4.0,,,10,,0.1,,,
2025-10-11 01:00:00,351150400,ZIELONA GÓRA,2025,10,11,1,12.0,91,10.6,1003.8,1027.2,278.0,4.0,,,0,,,8.0,,
2025-10-11 02:00:00,351150400,ZIELONA GÓRA,2025,10,11,2,12.2,91,10.8,1003.7,1027.1,276.0,4.0,,,0,,,8.0,,
2025-10-11 03:00:00,351150400,ZIELONA GÓRA,2025,10,11,3,12.2,90,10.6,1003.7,1027.1,275.0,4.0,,,0,,,8.0,,
2025-10-11 04:00:00,351150400,ZIELONA GÓRA,2025,10,11,4,12.3,88,10.4,1003.9,1027.3,286.0,4.0,9.0,,0,,,8.0,,
2025-10-11 05:00:00,351150400,ZIELONA GÓRA,2025,10,11,5,12.3,87,10.2,1003.9,1027.3,281.0,4.0,,8.0,0,,,8.0,,
2025-10-11 06:00:00,351150400,ZIELONA GÓRA,2025,10,11,6,12.3,88,10.4,1004.0,1027.4,275.0,4.0,,8.0,2,,,9.0,,
2025-10-11 07:00:00,351150400,ZIELONA GÓRA,2025,10,11,7,12.3,88,10.4,1004.3,1027.7,274.0,4.0,,8.0,2,2.0,,8.0,,
2025-10-11 08:00:00,351150400,ZIELONA GÓRA,2025,10,11,8,12.2,89,10.4,1004.6,1028.0,271.0,4.0,,8.0,60,2.0,,8.0,,
2025-10-11 09:00:00,351150400,ZIELONA GÓRA,2025,10,11,9,12.8,86,10.5,1004.8,1028.2,270.0,4.0,,7.0,21,2.0,,8.0,,
2025-10-11 10:00:00,351150400,ZIELONA GÓRA,2025,10,11,10,13.7,80,10.3,1004.8,1028.1,277.0,5.0,10.0,7.0,1,2.0,,8.0,,
2025-10-11 11:00:00,351150400,ZIELONA GÓRA,2025,10,11,11,13.7,79,10.1,1004.7,1028.0,282.0,5.0,,8.0,3,2.0,,8.0,,
2025-10-11 12:00:00,351150400,ZIELONA GÓRA,2025,10,11,12,14.1,76,9.9,1004.3,1027.6,282.0,5.0,,7.0,1,6.0,0.0,,6.0,
2025-10-11 13:00:00,351150400,ZIELONA GÓRA,2025,10,11,13,14.2,75,9.8,1004.4,1027.7,275.0,4.0,,8.0,1,2.0,,8.0,,
2025-10-11 14:00:00,351150400,ZIELONA GÓRA,2025,10,11,14,14.1,75,9.7,1004.4,1027.7,275.0,4.0,,7.0,1,2.0,,8.0,,
2025-10-11 15:00:00,351150400,ZIELONA GÓRA,2025,10,11,15,14.1,77,10.1,1004.4,1027.7,275.0,3.0,,7.0,1,2.0,,8.0,,
2025-10-11 16:00:00,351150400,ZIELONA GÓRA,2025,10,11,16,13.7,80,10.3,1004.7,1028.0,268.0,3.0,,7.0,2,2.0,,8.0,,
2025-10-11 17:00:00,351150400,ZIELONA GÓRA,2025,10,11,17,13.3,82,10.3,1005.2,1028.6,274.0,3.0,,7.0,2,2.0,,8.0,,
2025-10-11 18:00:00,351150400,ZIELONA GÓRA,2025,10,11,18,13.2,81,10.0,1005.2,1028.6,277.0,3.0,,7.0,2,2.0,,9.0,,
2025-10-11 19:00:00,351150400,ZIELONA GÓRA,2025,10,11,19,13.0,81,9.8,1005.3,1028.7,276.0,3.0,,7.0,2,2.0,,8.0,,
2025-10-11 20:00:00,351150400,ZIELONA GÓRA,2025,10,11,20,12.9,78,9.2,1005.2,1028.6,281.0,3.0,,7.0,2,2.0,,8.0,,
2025-10-11 21:00:00,351150400,ZIELONA GÓRA,2025,10,11,21,12.8,77,8.9,1005.4,1028.8,272.0,3.0,,,0,,,8.0,,
2025-10-11 22:00:00,351150400,ZIELONA GÓRA,2025,10,11,22,12.4,80,9.0,1005.3,1028.7,272.0,2.0,,,0,,,8.0,,
2025-10-11 23:00:00,351150400,ZIELONA GÓRA,2025,10,11,23,12.2,82,9.2,1005.0,1028.5,269.0,3.0,,,0,,,8.0,,
2025-10-12 00:00:00,351150400,ZIELONA GÓRA,2025,10,12,0,12.2,80,8.8,1004.5,1027.9,264.0,3.0,,,0,,,9.0,,
2025-10-12 01:00:00,351150400,ZIELONA GÓRA,2025,10,12,1,12.0,81,8.8,1004.1,1027.6,272.0,2.0,,,0,,,8.0,,
2025-10-12 02:00:00,351150400,ZIELONA GÓRA,2025,10,12,2,11.7,80,8.4,1003.7,1027.2,267.0,3.0,,,0,,,8.0,,
2025-10-12 03:00:00,351150400,ZIELONA GÓRA,2025,10,12,3,11.4,83,8.6,1003.5,1027.0,262.0,3.0,,,0,,,8.0,,
2025-10-12 04:00:00,351150400,ZIELONA GÓRA,2025,10,12,4,11.3,83,8.5,1003.2,1026.7,272.0,3.0,,,0,,,8.0,,
2025-10-12 05:00:00,351150400,ZIELONA GÓRA,2025,10,12,5,11.1,83,8.3,1002.7,1026.2,261.0,3.0,,8.0,0,,,8.0,,
2025-10-12 06:00:00,351150400,ZIELONA GÓRA,2025,10,12,6,11.0,80,7.7,1002.6,1026.1,269.0,4.0,,8.0,1,,,9.0,,
2025-10-12 07:00:00,351150400,ZIELONA GÓRA,2025,10,12,7,11.2,79,7.7,1002.5,1026.0,275.0,4.0,,7.0,1,2.0,,8.0,,
2025-10-12 08:00:00,351150400,ZIELONA GÓRA,2025,10,12,8,11.3,79,7.8,1002.3,1025.8,278.0,4.0,,8.0,3,2.0,,8.0,,
2025-10-12 09:00:00,351150400,ZIELONA GÓRA,2025,10,12,9,11.4,74,6.9,1002.3,1025.8,280.0,4.0,9.0,7.0,1,2.0,,8.0,,
2025-10-12 10:00:00,351150400,ZIELONA GÓRA,2025,10,12,10,11.9,74,7.4,1002.0,1025.4,286.0,4.0,,7.0,1,2.0,,8.0,,
2025-10-12 11:00:00,351150400,ZIELONA GÓRA,2025,10,12,11,12.0,71,6.9,1001.8,1025.2,294.0,6.0,,8.0,3,2.0,,8.0,,
2025-10-12 12:00:00,351150400,ZIELONA GÓRA,2025,10,12,12,11.9,77,8.0,1001.5,1024.9,288.0,4.0,,8.0,2,2.0,,9.0,,
2025-10-12 13:00:00,351150400,ZIELONA GÓRA,2025,10,12,13,11.8,83,9.0,1001.2,1024.6,269.0,4.0,,8.0,1,2.0,,8.0,,
2025-10-12 14:00:00,351150400,ZIELONA GÓRA,2025,10,12,14,11.5,90,9.9,1000.8,1024.2,269.0,3.0,,8.0,3,2.0,,8.0,,
2025-10-12 15:00:00,351150400,ZIELONA GÓRA,2025,10,12,15,11.5,91,10.1,1000.8,1024.2,270.0,3.0,,8.0,3,2.0,,8.0,,
2025-10-12 16:00:00,351150400,ZIELONA GÓRA,2025,10,12,16,11.5,93,10.4,1000.9,1024.3,269.0,2.0,,8.0,60,2.0,,8.0,,
2025-10-12 17:00:00,351150400,ZIELONA GÓRA,2025,10,12,17,11.4,95,10.6,1000.7,1024.1,273.0,3.0,,8.0,51,6.0,,8.0,,
2025-10-12 18:00:00,351150400,ZIELONA GÓRA,2025,10,12,18,11.5,96,10.9,1000.9,1024.3,273.0,3.0,,8.0,53,6.0,0.0,,6.0,
2025-10-12 19:00:00,351150400,ZIELONA GÓRA,2025,10,12,19,11.6,97,11.1,1000.9,1024.3,283.0,2.0,,8.0,61,6.0,,8.0,,
2025-10-12 20:00:00,351150400,ZIELONA GÓRA,2025,10,12,20,11.4,96,10.8,1001.2,1024.6,316.0,2.0,,8.0,80,8.0,,8.0,,
2025-10-12 21:00:00,351150400,ZIELONA GÓRA,2025,10,12,21,11.4,96,10.8,1001.4,1024.8,313.0,2.0,,,21,,,8.0,,
2025-10-12 22:00:00,351150400,ZIELONA GÓRA,2025,10,12,22,11.3,97,10.8,1001.6,1025.1,316.0,3.0,,,10,,,8.0,,
2025-10-12 23:00:00,351150400,ZIELONA GÓRA,2025,10,12,23,11.1,97,10.6,1001.7,1025.2,329.0,2.0,,,10,,,8.0,,
2025-10-13 00:00:00,351150400,ZIELONA GÓRA,2025,10,13,0,10.9,97,10.4,1001.7,1025.2,337.0,2.0,,,10,,1.7,,,
2025-10-13 01:00:00,351150400,ZIELONA GÓRA,2025,10,13,1,10.5,98,10.2,1001.6,1025.1,352.0,2.0,,,33,,,8.0,,
2025-10-13 02:00:00,351150400,ZIELONA GÓRA,2025,10,13,2,9.9,97,9.4,1001.6,1025.2,45.0,1.0,,,20,,,8.0,,
2025-10-13 03:00:00,351150400,ZIELONA GÓRA,2025,10,13,3,9.3,97,8.8,1001.9,1025.5,61.0,1.0,,,5,,,8.0,,
2025-10-13 04:00:00,351150400,ZIELONA GÓRA,2025,10,13,4,8.7,98,8.4,1001.8,1025.5,166.0,1.0,,,33,,,8.0,,
2025-10-13 05:00:00,351150400,ZIELONA GÓRA,2025,10,13,5,8.6,98,8.3,1001.9,1025.6,234.0,1.0,,9.0,45,,,8.0,,
2025-10-13 06:00:00,351150400,ZIELONA GÓRA,2025,10,13,6,8.9,98,8.6,1002.1,1025.8,304.0,2.0,,9.0,45,,,9.0,,
2025-10-13 07:00:00,351150400,ZIELONA GÓRA,2025,10,13,7,9.3,98,9.0,1002.2,1025.8,283.0,1.0,,9.0,50,4.0,,8.0,,
2025-10-13 08:00:00,351150400,ZIELONA GÓRA,2025,10,13,8,9.8,98,9.5,1002.4,1026.0,315.0,2.0,,7.0,28,5.0,,8.0,,
2025-10-13 09:00:00,351150400,ZIELONA GÓRA,2025,10,13,9,9.7,96,9.1,1002.8,1026.4,329.0,2.0,,7.0,20,5.0,,8.0,,
2025-10-13 10:00:00,351150400,ZIELONA GÓRA,2025,10,13,10,11.2,80,7.9,1002.9,1026.4,318.0,2.0,,6.0,3,2.0,,8.0,,
2025-10-13 11:00:00,351150400,ZIELONA GÓRA,2025,10,13,11,12.0,64,5.4,1002.8,1026.2,323.0,3.0,,6.0,3,2.0,,8.0,,
2025-10-13 12:00:00,351150400,ZIELONA GÓRA,2025,10,13,12,12.8,62,5.7,1002.3,1025.6,315.0,2.0,,6.0,1,5.0,0.0,,6.0,
2025-10-13 13:00:00,351150400,ZIELONA GÓRA,2025,10,13,13,12.9,56,4.3,1002.2,1025.5,307.0,3.0,,7.0,3,2.0,,8.0,,
2025-10-13 14:00:00,351150400,ZIELONA GÓRA,2025,10,13,14,12.7,54,3.6,1002.0,1025.3,293.0,3.0,,7.0,1,2.0,,8.0,,
2025-10-13 15:00:00,351150400,ZIELONA GÓRA,2025,10,13,15,12.2,57,3.9,1001.9,1025.3,324.0,2.0,,7.0,3,2.0,,8.0,,
2025-10-13 16:00:00,351150400,ZIELONA GÓRA,2025,10,13,16,10.9,66,4.8,1001.8,1025.3,324.0,2.0,,7.0,1,2.0,,8.0,,
2025-10-13 17:00:00,351150400,ZIELONA GÓRA,2025,10,13,17,8.9,80,5.6,1002.0,1025.7,315.0,1.0,,7.0,1,2.0,,8.0,,
2025-10-13 18:00:00,351150400,ZIELONA GÓRA,2025,10,13,18,9.0,77,5.2,1001.9,1025.6,307.0,1.0,,7.0,3,2.0,,9.0,,
2025-10-13 19:00:00,351150400,ZIELONA GÓRA,2025,10,13,19,8.8,77,5.0,1001.8,1025.5,314.0,2.0,,7.0,1,2.0,,8.0,,
2025-10-13 20:00:00,351150400,ZIELONA GÓRA,2025,10,13,20,8.3,79,4.9,1001.7,1025.4,314.0,2.0,,7.0,2,2.0,,8.0,,
2025-10-13 21:00:00,351150400,ZIELONA GÓRA,2025,10,13,21,7.8,81,4.7,1001.7,1025.4,315.0,2.0,,,0,,,8.0,,
2025-10-13 22:00:00,351150400,ZIELONA GÓRA,2025,10,13,22,7.4,82,4.5,1001.6,1025.4,306.0,2.0,,,0,,,8.0,,
2025-10-13 23:00:00,351150400,ZIELONA GÓRA,2025,10,13,23,6.9,84,4.4,1001.4,1025.2,296.0,1.0,,,0,,,8.0,,
2025-10-14 00:00:00,351150400,ZIELONA GÓRA,2025,10,14,0,7.0,83,4.3,1001.1,1024.9,291.0,2.0,,,0,,,9.0,,
2025-10-14 01:00:00,351150400,ZIELONA GÓRA,2025,10,14,1,7.3,82,4.4,1000.8,1024.6,276.0,2.0,,,0,,,8.0,,
2025-10-14 02:00:00,351150400,ZIELONA GÓRA,2025,10,14,2,7.7,78,4.1,1000.4,1024.1,274.0,2.0,,,0,,,8.0,,
2025-10-14 03:00:00,351150400,ZIELONA GÓRA,2025,10,14,3,8.0,75,3.8,999.9,1023.6,276.0,2.0,,,0,,,8.0,,
2025-10-14 04:00:00,351150400,ZIELONA GÓRA,2025,10,14,4,8.3,75,4.1,999.5,1023.2,271.0,2.0,,,0,,,8.0,,
2025-10-14 05:00:00,351150400,ZIELONA GÓRA,2025,10,14,5,7.5,82,4.6,999.0,1022.7,244.0,1.0,,7.0,0,,,8.0,,
2025-10-14 06:00:00,351150400,ZIELONA GÓRA,2025,10,14,6,8.5,74,4.1,999.0,1022.6,263.0,3.0,,7.0,3,,,9.0,,
2025-10-14 07:00:00,351150400,ZIELONA GÓRA,2025,10,14,7,8.8,76,4.8,999.1,1022.7,264.0,3.0,,8.0,61,6.0,,8.0,,
2025-10-14 08:00:00,351150400,ZIELONA GÓRA,2025,10,14,8,7.6,89,5.9,999.0,1022.7,268.0,3.0,,8.0,61,6.0,,8.0,,
2025-10-14 09:00:00,351150400,ZIELONA GÓRA,2025,10,14,9,7.8,96,7.2,998.7,1022.4,241.0,2.0,,8.0,63,6.0,,8.0,,
2025-10-14 10:00:00,351150400,ZIELONA GÓRA,2025,10,14,10,7.8,96,7.2,998.7,1022.4,270.0,2.0,,8.0,61,6.0,,8.0,,
2025-10-14 11:00:00,351150400,ZIELONA GÓRA,2025,10,14,11,8.2,97,7.8,998.5,1022.1,279.0,2.0,,8.0,21,6.0,,8.0,,
2025-10-14 12:00:00,351150400,ZIELONA GÓRA,2025,10,14,12,8.5,97,8.1,998.3,1021.9,282.0,3.0,,8.0,51,6.0,3.2,,6.0,
2025-10-14 13:00:00,351150400,ZIELONA GÓRA,2025,10,14,13,9.0,98,8.7,998.2,1021.8,286.0,3.0,,9.0,47,5.0,,8.0,,
2025-10-14 14:00:00,351150400,ZIELONA GÓRA,2025,10,14,14,9.5,98,9.2,998.2,1021.7,286.0,2.0,,8.0,28,2.0,,8.0,,
2025-10-14 15:00:00,351150400,ZIELONA GÓRA,2025,10,14,15,9.8,98,9.5,998.2,1021.7,283.0,2.0,,8.0,61,5.0,,8.0,,
2025-10-14 16:00:00,351150400,ZIELONA GÓRA,2025,10,14,16,10.0,98,9.7,998.3,1021.8,295.0,2.0,,8.0,21,6.0,,8.0,,
2025-10-14 17:00:00,351150400,ZIELONA GÓRA,2025,10,14,17,10.1,98,9.8,998.5,1022.0,285.0,2.0,,8.0,80,2.0,,8.0,,
2025-10-14 18:00:00,351150400,ZIELONA GÓRA,2025,10,14,18,10.1,97,9.6,998.7,1022.2,319.0,2.0,,8.0,25,6.0,0.9,,6.0,
2025-10-14 19:00:00,351150400,ZIELONA GÓRA,2025,10,14,19,9.3,97,8.8,999.1,1022.7,19.0,1.0,,8.0,25,2.0,,8.0,,
2025-10-14 20:00:00,351150400,ZIELONA GÓRA,2025,10,14,20,9.0,97,8.5,999.6,1023.2,3.0,1.0,,8.0,10,2.0,,8.0,,
2025-10-14 21:00:00,351150400,ZIELONA GÓRA,2025,10,14,21,8.6,96,8.0,1000.0,1023.6,11.0,1.0,,,10,,,8.0,,
2025-10-14 22:00:00,351150400,ZIELONA GÓRA,2025,10,14,22,8.2,96,7.6,1000.3,1024.0,5.0,2.0,,,10,,,8.0,,
2025-10-14 23:00:00,351150400,ZIELONA GÓRA,2025,10,14,23,8.0,96,7.4,1000.6,1024.3,6.0,1.0,,,10,,,8.0,,
2025-10-15 00:00:00,351150400,ZIELONA GÓRA,2025,10,15,0,8.0,97,7.6,1000.6,1024.3,345.0,1.0,,,10,,0.0,,,
2025-10-15 01:00:00,351150400,ZIELONA GÓRA,2025,10,15,1,8.1,97,7.7,1000.9,1024.6,312.0,1.0,,,10,,,8.0,,
2025-10-15 02:00:00,351150400,ZIELONA GÓRA,2025,10,15,2,8.1,97,7.7,1000.9,1024.6,323.0,1.0,,,10,,,8.0,,
2025-10-15 03:00:00,351150400,ZIELONA GÓRA,2025,10,15,3,8.0,97,7.6,1000.8,1024.5,295.0,1.0,,,10,,,8.0,,
2025-10-15 04:00:00,351150400,ZIELONA GÓRA,2025,10,15,4,8.0,97,7.6,1000.8,1024.5,279.0,1.0,,,10,,,8.0,,
2025-10-15 05:00:00,351150400,ZIELONA GÓRA,2025,10,15,5,8.0,97,7.6,1000.9,1024.6,255.0,1.0,,8.0,10,,,8.0,,
2025-10-15 06:00:00,351150400,ZIELONA GÓRA,2025,10,15,6,8.1,97,7.7,1001.4,1025.1,305.0,2.0,,8.0,46,,,9.0,,
2025-10-15 07:00:00,351150400,ZIELONA GÓRA,2025,10,15,7,8.7,97,8.2,1001.7,1025.4,219.0,1.0,,7.0,28,2.0,,8.0,,
2025-10-15 08:00:00,351150400,ZIELONA GÓRA,2025,10,15,8,9.0,96,8.4,1001.9,1025.6,262.0,1.0,,8.0,60,2.0,,8.0,,
2025-10-15 09:00:00,351150400,ZIELONA GÓRA,2025,10,15,9,9.3,95,8.5,1002.0,1025.6,266.0,1.0,,8.0,80,6.0,,8.0,,
2025-10-15 10:00:00,351150400,ZIELONA GÓRA,2025,10,15,10,9.9,94,9.0,1002.1,1025.7,261.0,2.0,,7.0,25,8.0,,8.0,,
2025-10-15 11:00:00,351150400,ZIELONA GÓRA,2025,10,15,11,10.5,91,9.1,1001.9,1025.4,259.0,2.0,,8.0,3,2.0,,8.0,,
2025-10-15 12:00:00,351150400,ZIELONA GÓRA,2025,10,15,12,10.9,90,9.3,1001.6,1025.1,272.0,2.0,,7.0,1,8.0,0.7,,6.0,
2025-10-15 13:00:00,351150400,ZIELONA GÓRA,2025,10,15,13,11.8,84,9.2,1001.2,1024.6,275.0,2.0,,7.0,3,2.0,,8.0,,
2025-10-15 14:00:00,351150400,ZIELONA GÓRA,2025,10,15,14,11.3,88,9.4,1000.9,1024.3,263.0,2.0,,7.0,1,2.0,,8.0,,
2025-10-15 15:00:00,351150400,ZIELONA GÓRA,2025,10,15,15,11.2,88,9.3,1000.8,1024.2,271.0,2.0,,7.0,3,2.0,,8.0,,
2025-10-15 16:00:00,351150400,ZIELONA GÓRA,2025,10,15,16,10.7,91,9.3,1000.8,1024.3,264.0,1.0,,7.0,1,2.0,,8.0,,
2025-10-15 17:00:00,351150400,ZIELONA GÓRA,2025,10,15,17,10.5,90,8.9,1000.9,1024.4,267.0,1.0,,7.0,1,2.0,,8.0,,
2025-10-15 18:00:00,351150400,ZIELONA GÓRA,2025,10,15,18,10.3,92,9.1,1000.8,1024.3,259.0,1.0,,8.0,80,2.0,0.1,,6.0,
2025-10-15 19:00:00,351150400,ZIELONA GÓRA,2025,10,15,19,10.1,96,9.5,1000.7,1024.2,247.0,1.0,,8.0,80,8.0,,8.0,,
2025-10-15 20:00:00,351150400,ZIELONA GÓRA,2025,10,15,20,9.9,96,9.3,1000.5,1024.0,261.0,1.0,,7.0,25,8.0,,8.0,,
2025-10-15 21:00:00,351150400,ZIELONA GÓRA,2025,10,15,21,9.8,96,9.2,1000.4,1023.9,230.0,1.0,,,10,,,8.0,,
2025-10-15 22:00:00,351150400,ZIELONA GÓRA,2025,10,15,22,9.4,97,8.9,1000.2,1023.8,194.0,1.0,,,10,,,8.0,,
2025-10-15 23:00:00,351150400,ZIELONA GÓRA,2025,10,15,23,9.3,97,8.8,999.9,1023.5,203.0,1.0,,,10,,,8.0,,
2025-10-16 00:00:00,351150400,ZIELONA GÓRA,2025,10,16,0,9.6,97,9.1,999.7,1023.2,256.0,1.0,,,10,,0.4,,,
2025-10-16 01:00:00,351150400,ZIELONA GÓRA,2025,10,16,1,9.5,96,8.9,999.2,1022.7,221.0,1.0,,,0,,,8.0,,
2025-10-16 02:00:00,351150400,ZIELONA GÓRA,2025,10,16,2,9.6,95,8.8,998.8,1022.3,230.0,2.0,,,0,,,8.0,,
2025-10-16 03:00:00,351150400,ZIELONA GÓRA,2025,10,16,3,9.5,97,9.0,998.5,1022.0,234.0,2.0,,,20,,,8.0,,
2025-10-16 04:00:00,351150400,ZIELONA GÓRA,2025,10,16,4,9.6,97,9.1,998.0,1021.5,226.0,1.0,,,81,,,8.0,,
2025-10-16 05:00:00,351150400,ZIELONA GÓRA,2025,10,16,5,9.6,97,9.1,997.8,1021.3,239.0,2.0,,8.0,25,,,8.0,,
2025-10-16 06:00:00,351150400,ZIELONA GÓRA,2025,10,16,6,9.6,95,8.8,997.8,1021.3,250.0,2.0,,7.0,3,,0.3,,6.0,
2025-10-16 07:00:00,351150400,ZIELONA GÓRA,2025,10,16,7,9.8,95,9.0,998.0,1021.5,251.0,2.0,,8.0,80,2.0,,8.0,,
2025-10-16 08:00:00,351150400,ZIELONA GÓRA,2025,10,16,8,10.2,94,9.3,997.8,1021.3,223.0,3.0,,7.0,25,2.0,,8.0,,
2025-10-16 09:00:00,351150400,ZIELONA GÓRA,2025,10,16,9,10.9,88,9.0,997.9,1021.3,260.0,3.0,,7.0,1,8.0,,8.0,,
2025-10-16 10:00:00,351150400,ZIELONA GÓRA,2025,10,16,10,11.6,83,8.8,997.9,1021.2,254.0,3.0,,7.0,3,2.0,,8.0,,
2025-10-16 11:00:00,351150400,ZIELONA GÓRA,2025,10,16,11,10.8,90,9.2,997.6,1021.0,267.0,3.0,,7.0,80,8.0,,8.0,,
2025-10-16 12:00:00,351150400,ZIELONA GÓRA,2025,10,16,12,11.9,84,9.3,997.3,1020.6,262.0,3.0,,7.0,25,8.0,0.4,,6.0,
2025-10-16 13:00:00,351150400,ZIELONA GÓRA,2025,10,16,13,11.3,85,8.9,997.0,1020.3,258.0,3.0,,7.0,1,2.0,,8.0,,
2025-10-16 14:00:00,351150400,ZIELONA GÓRA,2025,10,16,14,10.7,89,9.0,997.0,1020.4,244.0,3.0,,7.0,80,2.0,,8.0,,
2025-10-16 15:00:00,351150400,ZIELONA GÓRA,2025,10,16,15,10.5,92,9.3,996.8,1020.2,250.0,2.0,,7.0,25,2.0,,8.0,,
2025-10-16 16:00:00,351150400,ZIELONA GÓRA,2025,10,16,16,10.3,92,9.1,996.9,1020.3,239.0,1.0,,7.0,1,2.0,,8.0,,
2025-10-16 17:00:00,351150400,ZIELONA GÓRA,2025,10,16,17,10.2,95,9.4,996.9,1020.3,222.0,2.0,,7.0,2,2.0,,8.0,,
2025-10-16 18:00:00,351150400,ZIELONA GÓRA,2025,10,16,18,9.8,95,9.0,996.9,1020.4,232.0,2.0,,7.0,3,8.0,0.0,,6.0,
2025-10-16 19:00:00,351150400,ZIELONA GÓRA,2025,10,16,19,9.7,95,8.9,996.9,1020.4,238.0,2.0,,7.0,1,2.0,,8.0,,
2025-10-16 20:00:00,351150400,ZIELONA GÓRA,2025,10,16,20,9.8,94,8.9,997.1,1020.6,246.0,1.0,,7.0,3,2.0,,8.0,,
2025-10-16 21:00:00,351150400,ZIELONA GÓRA,2025,10,16,21,9.5,95,8.7,996.9,1020.4,213.0,1.0,,,0,,,8.0,,
2025-10-16 22:00:00,351150400,ZIELONA GÓRA,2025,10,16,22,9.4,95,8.6,996.6,1020.1,248.0,2.0,,,0,,,8.0,,
2025-10-16 23:00:00,351150400,ZIELONA GÓRA,2025,10,16,23,9.4,95,8.6,996.4,1019.9,241.0,2.0,,,0,,,8.0,,
2025-10-17 00:00:00,351150400,ZIELONA GÓRA,2025,10,17,0,9.8,94,8.9,996.3,1019.8,242.0,2.0,,,0,,,9.0,,
2025-10-17 01:00:00,351150400,ZIELONA GÓRA,2025,10,17,1,9.7,96,9.1,996.0,1019.5,254.0,2.0,,,81,,,8.0,,
2025-10-17 02:00:00,351150400,ZIELONA GÓRA,2025,10,17,2,9.6,97,9.1,995.7,1019.2,267.0,3.0,,,10,,,8.0,,
2025-10-17 03:00:00,351150400,ZIELONA GÓRA,2025,10,17,3,9.7,96,9.1,995.7,1019.1,280.0,3.0,,,10,,,8.0,,
2025-10-17 04:00:00,351150400,ZIELONA GÓRA,2025,10,17,4,9.8,96,9.2,995.7,1019.1,275.0,2.0,,,10,,,8.0,,
2025-10-17 05:00:00,351150400,ZIELONA GÓRA,2025,10,17,5,9.9,95,9.1,995.6,1019.0,277.0,3.0,,8.0,10,,,8.0,,
2025-10-17 06:00:00,351150400,ZIELONA GÓRA,2025,10,17,6,9.7,93,8.6,995.8,1019.2,275.0,3.0,,8.0,2,,0.1,,6.0,
2025-10-17 07:00:00,351150400,ZIELONA GÓRA,2025,10,17,7,9.5,93,8.4,996.2,1019.7,276.0,3.0,,8.0,2,2.0,,8.0,,
2025-10-17 08:00:00,351150400,ZIELONA GÓRA,2025,10,17,8,9.8,91,8.4,996.3,1019.8,273.0,3.0,,8.0,1,2.0,,8.0,,
2025-10-17 09:00:00,351150400,ZIELONA GÓRA,2025,10,17,9,10.1,87,8.0,996.4,1019.8,277.0,3.0,,8.0,2,2.0,,8.0,,
2025-10-17 10:00:00,351150400,ZIELONA GÓRA,2025,10,17,10,10.6,82,7.7,996.2,1019.6,268.0,2.0,,7.0,3,2.0,,8.0,,
2025-10-17 11:00:00,351150400,ZIELONA GÓRA,2025,10,17,11,10.6,80,7.3,996.2,1019.6,276.0,3.0,,7.0,2,2.0,,8.0,,
2025-10-17 12:00:00,351150400,ZIELONA GÓRA,2025,10,17,12,10.6,77,6.7,995.9,1019.3,271.0,3.0,,7.0,1,2.0,,9.0,,
2025-10-17 13:00:00,351150400,ZIELONA GÓRA,2025,10,17,13,10.6,79,7.1,995.8,1019.2,251.0,3.0,,7.0,3,2.0,,8.0,,
2025-10-17 14:00:00,351150400,ZIELONA GÓRA,2025,10,17,14,10.7,76,6.6,995.4,1018.8,252.0,2.0,,7.0,2,2.0,,8.0,,
2025-10-17 15:00:00,351150400,ZIELONA GÓRA,2025,10,17,15,10.3,82,7.4,995.4,1018.8,254.0,2.0,,7.0,25,2.0,,8.0,,
2025-10-17 16:00:00,351150400,ZIELONA GÓRA,2025,10,17,16,9.9,75,5.7,995.3,1018.7,267.0,4.0,,3.0,1,1.0,,8.0,,
2025-10-17 17:00:00,351150400,ZIELONA GÓRA,2025,10,17,17,8.9,73,4.3,995.6,1019.1,266.0,3.0,,3.0,1,0.0,,8.0,,
2025-10-17 18:00:00,351150400,ZIELONA GÓRA,2025,10,17,18,8.6,74,4.2,995.7,1019.2,276.0,3.0,,5.0,3,8.0,0.0,,6.0,
2025-10-17 19:00:00,351150400,ZIELONA GÓRA,2025,10,17,19,8.5,76,4.5,995.5,1019.0,275.0,3.0,,6.0,3,2.0,,8.0,,
2025-10-17 20:00:00,351150400,ZIELONA GÓRA,2025,10,17,20,8.5,70,3.3,995.7,1019.2,268.0,3.0,,7.0,3,2.0,,8.0,,
2025-10-17 21:00:00,351150400,ZIELONA GÓRA,2025,10,17,21,7.7,79,4.3,995.6,1019.2,270.0,2.0,,,0,,,8.0,,
2025-10-17 22:00:00,351150400,ZIELONA GÓRA,2025,10,17,22,8.0,79,4.6,995.6,1019.2,267.0,3.0,,,61,,,8.0,,
2025-10-17 23:00:00,351150400,ZIELONA GÓRA,2025,10,17,23,7.4,83,4.7,995.8,1019.4,299.0,4.0,,,81,,,8.0,,
2025-10-18 00:00:00,351150400,ZIELONA GÓRA,2025,10,18,0,7.3,83,4.6,996.1,1019.8,288.0,4.0,,,23,,0.1,,,
2025-10-18 01:00:00,351150400,ZIELONA GÓRA,2025,10,18,1,6.8,84,4.3,996.3,1020.0,290.0,4.0,,,0,,,8.0,,
2025-10-18 02:00:00,351150400,ZIELONA GÓRA,2025,10,18,2,6.2,88,4.4,996.8,1020.6,298.0,4.0,,,81,,,8.0,,
2025-10-18 03:00:00,351150400,ZIELONA GÓRA,2025,10,18,3,5.8,92,4.6,997.4,1021.2,295.0,4.0,,,23,,,8.0,,
2025-10-18 04:00:00,351150400,ZIELONA GÓRA,2025,10,18,4,5.0,94,4.1,998.4,1022.3,301.0,4.0,,,0,,,8.0,,
2025-10-18 05:00:00,351150400,ZIELONA GÓRA,2025,10,18,5,4.8,94,3.9,999.2,1023.1,297.0,4.0,,5.0,0,,,8.0,,
2025-10-18 06:00:00,351150400,ZIELONA GÓRA,2025,10,18,6,4.3,94,3.4,1000.0,1024.0,299.0,4.0,9.0,3.0,1,,0.2,,6.0,
2025-10-18 07:00:00,351150400,ZIELONA GÓRA,2025,10,18,7,4.9,88,3.1,1000.8,1024.8,297.0,4.0,,2.0,1,0.0,,8.0,,
2025-10-18 08:00:00,351150400,ZIELONA GÓRA,2025,10,18,8,6.0,80,2.8,1001.4,1025.3,300.0,4.0,9.0,1.0,1,0.0,,8.0,,
2025-10-18 09:00:00,351150400,ZIELONA GÓRA,2025,10,18,9,7.3,73,2.8,1002.0,1025.8,308.0,4.0,,2.0,3,0.0,,8.0,,
2025-10-18 10:00:00,351150400,ZIELONA GÓRA,2025,10,18,10,8.1,66,2.1,1002.3,1026.0,316.0,4.0,,3.0,3,0.0,,8.0,,
2025-10-18 11:00:00,351150400,ZIELONA GÓRA,2025,10,18,11,8.9,60,1.5,1002.4,1026.1,311.0,5.0,,4.0,3,0.0,,8.0,,
2025-10-18 12:00:00,351150400,ZIELONA GÓRA,2025,10,18,12,9.0,61,1.9,1002.6,1026.3,300.0,4.0,9.0,7.0,3,1.0,,9.0,,
2025-10-18 13:00:00,351150400,ZIELONA GÓRA,2025,10,18,13,9.2,58,1.4,1002.9,1026.6,314.0,5.0,,5.0,1,2.0,,8.0,,
2025-10-18 14:00:00,351150400,ZIELONA GÓRA,2025,10,18,14,9.0,58,1.2,1003.0,1026.7,320.0,4.0,,2.0,1,1.0,,8.0,,
2025-10-18 15:00:00,351150400,ZIELONA GÓRA,2025,10,18,15,8.7,57,0.6,1002.9,1026.6,312.0,3.0,,1.0,1,1.0,,8.0,,
2025-10-18 16:00:00,351150400,ZIELONA GÓRA,2025,10,18,16,7.6,64,1.2,1003.2,1027.0,293.0,2.0,,3.0,3,0.0,,8.0,,
2025-10-18 17:00:00,351150400,ZIELONA GÓRA,2025,10,18,17,6.4,71,1.5,1003.6,1027.5,310.0,2.0,,1.0,1,0.0,,8.0,,
2025-10-18 18:00:00,351150400,ZIELONA GÓRA,2025,10,18,18,5.7,76,1.8,1003.9,1027.9,308.0,2.0,,1.0,2,1.0,,9.0,,
2025-10-18 19:00:00,351150400,ZIELONA GÓRA,2025,10,18,19,5.0,79,1.7,1004.3,1028.4,315.0,2.0,,1.0,2,0.0,,8.0,,
2025-10-18 20:00:00,351150400,ZIELONA GÓRA,2025,10,18,20,4.3,83,1.7,1004.4,1028.5,296.0,2.0,,1.0,2,0.0,,8.0,,
2025-10-18 21:00:00,351150400,ZIELONA GÓRA,2025,10,18,21,4.1,83,1.5,1004.4,1028.5,320.0,2.0,,,0,,,8.0,,
2025-10-18 22:00:00,351150400,ZIELONA GÓRA,2025,10,18,22,3.7,85,1.4,1004.2,1028.4,322.0,2.0,,,0,,,8.0,,
2025-10-18 23:00:00,351150400,ZIELONA GÓRA,2025,10,18,23,2.8,90,1.3,1003.9,1028.1,338.0,2.0,,,0,,,8.0,,
2025-10-19 00:00:00,351150400,ZIELONA GÓRA,2025,10,19,0,2.9,88,1.1,1003.7,1027.9,8.0,1.0,,,0,,,9.0,,
2025-10-19 01:00:00,351150400,ZIELONA GÓRA,2025,10,19,1,3.7,84,1.2,1003.5,1027.6,29.0,1.0,,,0,,,8.0,,
2025-10-19 02:00:00,351150400,ZIELONA GÓRA,2025,10,19,2,3.2,88,1.4,1002.9,1027.1,35.0,1.0,,,0,,,8.0,,
2025-10-19 03:00:00,351150400,ZIELONA GÓRA,2025,10,19,3,2.4,91,1.1,1002.6,1026.8,111.0,1.0,,,0,,,8.0,,
2025-10-19 04:00:00,351150400,ZIELONA GÓRA,2025,10,19,4,2.8,89,1.2,1002.4,1026.6,169.0,1.0,,,0,,,8.0,,
2025-10-19 05:00:00,351150400,ZIELONA GÓRA,2025,10,19,5,2.9,89,1.3,1002.1,1026.3,155.0,2.0,,1.0,0,,,8.0,,
2025-10-19 06:00:00,351150400,ZIELONA GÓRA,2025,10,19,6,3.2,88,1.4,1002.3,1026.5,164.0,1.0,,1.0,2,,,9.0,,
2025-10-19 07:00:00,351150400,ZIELONA GÓRA,2025,10,19,7,4.9,82,2.1,1002.2,1026.2,150.0,1.0,,1.0,2,0.0,,8.0,,
2025-10-19 08:00:00,351150400,ZIELONA GÓRA,2025,10,19,8,5.8,79,2.4,1002.1,1026.0,147.0,2.0,,3.0,3,0.0,,8.0,,
2025-10-19 09:00:00,351150400,ZIELONA GÓRA,2025,10,19,9,6.9,74,2.6,1001.7,1025.5,154.0,3.0,,3.0,2,0.0,,8.0,,
2025-10-19 10:00:00,351150400,ZIELONA GÓRA,2025,10,19,10,8.1,67,2.3,1001.1,1024.8,153.0,2.0,,2.0,3,0.0,,8.0,,
2025-10-19 11:00:00,351150400,ZIELONA GÓRA,2025,10,19,11,8.6,60,1.3,1000.2,1023.8,122.0,3.0,,2.0,2,0.0,,8.0,,
2025-10-19 12:00:00,351150400,ZIELONA GÓRA,2025,10,19,12,9.4,58,1.5,999.3,1022.9,157.0,3.0,,2.0,1,0.0,,9.0,,
2025-10-19 13:00:00,351150400,ZIELONA GÓRA,2025,10,19,13,9.7,59,2.1,998.4,1021.9,112.0,3.0,,2.0,2,0.0,,8.0,,
2025-10-19 14:00:00,351150400,ZIELONA GÓRA,2025,10,19,14,9.5,57,1.4,997.6,1021.1,124.0,3.0,,2.0,1,0.0,,8.0,,
2025-10-19 15:00:00,351150400,ZIELONA GÓRA,2025,10,19,15,8.6,62,1.7,996.9,1020.5,122.0,2.0,,1.0,1,0.0,,8.0,,
2025-10-19 16:00:00,351150400,ZIELONA GÓRA,2025,10,19,16,6.7,74,2.4,996.6,1020.3,101.0,1.0,,2.0,3,0.0,,8.0,,
2025-10-19 17:00:00,351150400,ZIELONA GÓRA,2025,10,19,17,6.3,74,2.0,996.3,1020.0,118.0,3.0,,1.0,1,0.0,,8.0,,
2025-10-19 18:00:00,351150400,ZIELONA GÓRA,2025,10,19,18,6.0,74,1.7,995.7,1019.5,117.0,3.0,,0.0,1,0.0,,9.0,,
2025-10-19 19:00:00,351150400,ZIELONA GÓRA,2025,10,19,19,5.4,74,1.1,995.0,1018.8,116.0,3.0,,0.0,2,0.0,,8.0,,
2025-10-19 20:00:00,351150400,ZIELONA GÓRA,2025,10,19,20,5.0,75,0.9,994.4,1018.2,122.0,4.0,,0.0,2,0.0,,8.0,,
2025-10-19 21:00:00,351150400,ZIELONA GÓRA,2025,10,19,21,4.1,80,1.0,994.0,1017.9,127.0,4.0,,,0,,,8.0,,
2025-10-19 22:00:00,351150400,ZIELONA GÓRA,2025,10,19,22,3.6,82,0.8,993.3,1017.2,123.0,3.0,,,0,,,8.0,,
2025-10-19 23:00:00,351150400,ZIELONA GÓRA,2025,10,19,23,3.2,85,0.9,993.0,1016.9,126.0,4.0,,,0,,,8.0,,
2025-10-20 00:00:00,351150400,ZIELONA GÓRA,2025,10,20,0,3.1,86,1.0,992.3,1016.2,125.0,4.0,,,0,,,9.0,,
2025-10-20 01:00:00,351150400,ZIELONA GÓRA,2025,10,20,1,2.7,88,0.9,991.7,1015.7,124.0,4.0,,,0,,,8.0,,
2025-10-20 02:00:00,351150400,ZIELONA GÓRA,2025,10,20,2,2.3,89,0.7,990.8,1014.8,123.0,4.0,,,0,,,8.0,,
2025-10-20 03:00:00,351150400,ZIELONA GÓRA,2025,10,20,3,1.9,90,0.4,990.4,1014.4,118.0,3.0,,,0,,,8.0,,
2025-10-20 04:00:00,351150400,ZIELONA GÓRA,2025,10,20,4,1.7,90,0.2,989.9,1013.9,121.0,4.0,,,0,,,8.0,,
2025-10-20 05:00:00,351150400,ZIELONA GÓRA,2025,10,20,5,1.4,91,0.1,989.6,1013.6,118.0,3.0,,0.0,0,,,8.0,,
2025-10-20 06:00:00,351150400,ZIELONA GÓRA,2025,10,20,6,1.1,92,-0.1,989.2,1013.2,123.0,4.0,,1.0,3,,,9.0,,
2025-10-20 07:00:00,351150400,ZIELONA GÓRA,2025,10,20,7,2.1,87,0.2,989.0,1012.9,125.0,3.0,,1.0,2,0.0,,8.0,,
2025-10-20 08:00:00,351150400,ZIELONA GÓRA,2025,10,20,8,3.8,81,0.8,988.8,1012.6,126.0,3.0,,1.0,2,0.0,,8.0,,
2025-10-20 09:00:00,351150400,ZIELONA GÓRA,2025,10,20,9,6.2,72,1.5,988.3,1011.9,127.0,3.0,,1.0,2,0.0,,8.0,,
2025-10-20 10:00:00,351150400,ZIELONA GÓRA,2025,10,20,10,7.9,67,2.1,987.9,1011.3,123.0,4.0,,1.0,2,0.0,,8.0,,
2025-10-20 11:00:00,351150400,ZIELONA GÓRA,2025,10,20,11,10.4,62,3.4,987.1,1010.3,124.0,3.0,,1.0,2,0.0,,8.0,,
2025-10-20 12:00:00,351150400,ZIELONA GÓRA,2025,10,20,12,11.9,56,3.4,986.5,1009.5,126.0,4.0,,2.0,3,0.0,,9.0,,
2025-10-20 13:00:00,351150400,ZIELONA GÓRA,2025,10,20,13,12.8,56,4.2,985.9,1008.9,122.0,4.0,,2.0,2,0.0,,8.0,,
2025-10-20 14:00:00,351150400,ZIELONA GÓRA,2025,10,20,14,12.8,56,4.2,985.7,1008.7,125.0,4.0,,2.0,2,0.0,,8.0,,
2025-10-20 15:00:00,351150400,ZIELONA GÓRA,2025,10,20,15,11.6,61,4.3,984.9,1007.9,122.0,4.0,,3.0,3,0.0,,8.0,,
2025-10-20 16:00:00,351150400,ZIELONA GÓRA,2025,10,20,16,10.2,66,4.1,984.9,1008.1,124.0,4.0,,3.0,3,0.0,,8.0,,
2025-10-20 17:00:00,351150400,ZIELONA GÓRA,2025,10,20,17,9.4,68,3.8,984.7,1007.9,125.0,4.0,,6.0,3,1.0,,8.0,,
2025-10-20 18:00:00,351150400,ZIELONA GÓRA,2025,10,20,18,8.7,71,3.7,984.2,1007.5,128.0,4.0,,6.0,1,1.0,,9.0,,
2025-10-20 19:00:00,351150400,ZIELONA GÓRA,2025,10,20,19,8.0,72,3.3,983.7,1007.0,133.0,4.0,,7.0,3,2.0,,8.0,,
2025-10-20 20:00:00,351150400,ZIELONA GÓRA,2025,10,20,20,7.8,72,3.1,983.4,1006.7,139.0,4.0,,7.0,3,2.0,,8.0,,
2025-10-20 21:00:00,351150400,ZIELONA GÓRA,2025,10,20,21,7.4,73,2.9,983.2,1006.5,140.0,3.0,,,0,,,8.0,,
2025-10-20 22:00:00,351150400,ZIELONA GÓRA,2025,10,20,22,7.6,70,2.5,982.6,1005.9,142.0,4.0,,,0,,,8.0,,
2025-10-20 23:00:00,351150400,ZIELONA GÓRA,2025,10,20,23,7.1,72,2.4,982.5,1005.9,133.0,3.0,,,0,,,8.0,,
2025-10-21 00:00:00,351150400,ZIELONA GÓRA,2025,10,21,0,7.2,72,2.5,982.2,1005.5,135.0,3.0,,,0,,,9.0,,
2025-10-21 01:00:00,351150400,ZIELONA GÓRA,2025,10,21,1,7.0,73,2.5,981.9,1005.2,123.0,2.0,,,0,,,8.0,,
2025-10-21 02:00:00,351150400,ZIELONA GÓRA,2025,10,21,2,7.0,73,2.5,981.2,1004.5,122.0,2.0,,,0,,,8.0,,
2025-10-21 03:00:00,351150400,ZIELONA GÓRA,2025,10,21,3,6.7,75,2.6,980.6,1003.9,118.0,3.0,,,0,,,8.0,,
2025-10-21 04:00:00,351150400,ZIELONA GÓRA,2025,10,21,4,6.9,76,3.0,979.9,1003.2,124.0,3.0,,,0,,,8.0,,
2025-10-21 05:00:00,351150400,ZIELONA GÓRA,2025,10,21,5,6.9,77,3.1,979.5,1002.8,130.0,4.0,,7.0,0,,,8.0,,
2025-10-21 06:00:00,351150400,ZIELONA GÓRA,2025,10,21,6,6.8,77,3.0,979.4,1002.7,130.0,3.0,,7.0,1,,,9.0,,
2025-10-21 07:00:00,351150400,ZIELONA GÓRA,2025,10,21,7,6.7,78,3.1,979.7,1003.0,134.0,3.0,,7.0,3,2.0,,8.0,,
2025-10-21 08:00:00,351150400,ZIELONA GÓRA,2025,10,21,8,7.3,76,3.3,979.4,1002.7,135.0,4.0,,7.0,3,2.0,,8.0,,
2025-10-21 09:00:00,351150400,ZIELONA GÓRA,2025,10,21,9,8.7,72,3.9,979.4,1002.5,141.0,3.0,,7.0,1,2.0,,8.0,,
2025-10-21 10:00:00,351150400,ZIELONA GÓRA,2025,10,21,10,11.8,63,5.0,979.4,1002.3,150.0,4.0,,6.0,1,2.0,,8.0,,
2025-10-21 11:00:00,351150400,ZIELONA GÓRA,2025,10,21,11,13.9,57,5.5,979.1,1001.8,164.0,4.0,,2.0,3,1.0,,8.0,,
2025-10-21 12:00:00,351150400,ZIELONA GÓRA,2025,10,21,12,13.7,62,6.5,978.8,1001.5,166.0,3.0,,7.0,3,1.0,,9.0,,
2025-10-21 13:00:00,351150400,ZIELONA GÓRA,2025,10,21,13,15.9,56,7.1,978.4,1000.9,180.0,3.0,,1.0,1,1.0,,8.0,,
2025-10-21 14:00:00,351150400,ZIELONA GÓRA,2025,10,21,14,16.0,55,7.0,978.5,1001.0,186.0,4.0,,1.0,2,0.0,,8.0,,
2025-10-21 15:00:00,351150400,ZIELONA GÓRA,2025,10,21,15,14.9,60,7.2,978.7,1001.3,172.0,3.0,,1.0,2,1.0,,8.0,,
2025-10-21 16:00:00,351150400,ZIELONA GÓRA,2025,10,21,16,13.1,68,7.3,979.0,1001.8,183.0,3.0,,2.0,3,0.0,,8.0,,
2025-10-21 17:00:00,351150400,ZIELONA GÓRA,2025,10,21,17,12.4,71,7.3,979.4,1002.2,170.0,2.0,,1.0,1,0.0,,8.0,,
2025-10-21 18:00:00,351150400,ZIELONA GÓRA,2025,10,21,18,12.6,69,7.1,979.4,1002.2,172.0,2.0,,3.0,3,1.0,,9.0,,
2025-10-21 19:00:00,351150400,ZIELONA GÓRA,2025,10,21,19,11.5,75,7.2,979.5,1002.4,145.0,2.0,,3.0,2,0.0,,8.0,,
2025-10-21 20:00:00,351150400,ZIELONA GÓRA,2025,10,21,20,11.0,77,7.1,979.7,1002.7,154.0,2.0,,0.0,1,0.0,,8.0,,
2025-10-21 21:00:00,351150400,ZIELONA GÓRA,2025,10,21,21,10.5,80,7.2,980.0,1003.0,183.0,3.0,,,0,,,8.0,,
2025-10-21 22:00:00,351150400,ZIELONA GÓRA,2025,10,21,22,10.5,82,7.6,980.0,1003.0,179.0,2.0,,,0,,,8.0,,
2025-10-21 23:00:00,351150400,ZIELONA GÓRA,2025,10,21,23,10.9,82,7.9,979.7,1002.7,188.0,2.0,,,0,,,8.0,,
2025-10-22 00:00:00,351150400,ZIELONA GÓRA,2025,10,22,0,10.0,86,7.8,979.6,1002.6,131.0,2.0,,,0,,,9.0,,
2025-10-22 01:00:00,351150400,ZIELONA GÓRA,2025,10,22,1,9.8,88,7.9,979.4,1002.5,132.0,2.0,,,0,,,8.0,,
2025-10-22 02:00:00,351150400,ZIELONA GÓRA,2025,10,22,2,9.4,89,7.7,979.0,1002.1,142.0,2.0,,,0,,,8.0,,
2025-10-22 03:00:00,351150400,ZIELONA GÓRA,2025,10,22,3,9.2,89,7.5,978.7,1001.8,135.0,3.0,,,0,,,8.0,,
2025-10-22 04:00:00,351150400,ZIELONA GÓRA,2025,10,22,4,8.7,90,7.1,978.5,1001.6,137.0,3.0,,,0,,,8.0,,
2025-10-22 05:00:00,351150400,ZIELONA GÓRA,2025,10,22,5,8.5,91,7.1,978.4,1001.5,138.0,3.0,,6.0,0,,,8.0,,
2025-10-22 06:00:00,351150400,ZIELONA GÓRA,2025,10,22,6,8.4,91,7.0,978.5,1001.6,140.0,3.0,,7.0,3,,,9.0,,
2025-10-22 07:00:00,351150400,ZIELONA GÓRA,2025,10,22,7,9.2,88,7.3,978.7,1001.8,152.0,2.0,,7.0,3,2.0,,8.0,,
2025-10-22 08:00:00,351150400,ZIELONA GÓRA,2025,10,22,8,10.2,85,7.8,978.8,1001.8,166.0,2.0,,7.0,3,2.0,,8.0,,
2025-10-22 09:00:00,351150400,ZIELONA GÓRA,2025,10,22,9,10.8,84,8.2,979.2,1002.2,160.0,3.0,,8.0,3,2.0,,8.0,,
2025-10-22 10:00:00,351150400,ZIELONA GÓRA,2025,10,22,10,11.2,88,9.3,979.4,1002.3,164.0,3.0,,8.0,61,2.0,,8.0,,
2025-10-22 11:00:00,351150400,ZIELONA GÓRA,2025,10,22,11,10.9,95,10.1,979.4,1002.4,176.0,3.0,,8.0,61,6.0,,8.0,,
2025-10-22 12:00:00,351150400,ZIELONA GÓRA,2025,10,22,12,11.6,96,11.0,979.4,1002.3,168.0,3.0,,8.0,61,2.0,1.9,,6.0,
2025-10-22 13:00:00,351150400,ZIELONA GÓRA,2025,10,22,13,11.9,96,11.3,979.1,1002.0,165.0,3.0,,8.0,60,6.0,,8.0,,
2025-10-22 14:00:00,351150400,ZIELONA GÓRA,2025,10,22,14,11.7,96,11.1,978.9,1001.8,144.0,2.0,,8.0,21,2.0,,8.0,,
2025-10-22 15:00:00,351150400,ZIELONA GÓRA,2025,10,22,15,11.5,97,11.0,979.5,1002.4,180.0,3.0,,8.0,46,6.0,,8.0,,
2025-10-22 16:00:00,351150400,ZIELONA GÓRA,2025,10,22,16,11.2,96,10.6,979.3,1002.2,151.0,2.0,,7.0,28,8.0,,8.0,,
2025-10-22 17:00:00,351150400,ZIELONA GÓRA,2025,10,22,17,11.0,98,10.7,979.2,1002.2,151.0,2.0,,7.0,46,2.0,,8.0,,
2025-10-22 18:00:00,351150400,ZIELONA GÓRA,2025,10,22,18,10.6,98,10.3,979.2,1002.2,164.0,2.0,,7.0,28,8.0,0.5,,6.0,
2025-10-22 19:00:00,351150400,ZIELONA GÓRA,2025,10,22,19,10.3,97,9.8,979.1,1002.1,165.0,2.0,,7.0,10,2.0,,8.0,,
2025-10-22 20:00:00,351150400,ZIELONA GÓRA,2025,10,22,20,9.9,97,9.4,979.1,1002.1,167.0,2.0,,7.0,10,2.0,,8.0,,
2025-10-22 21:00:00,351150400,ZIELONA GÓRA,2025,10,22,21,9.7,97,9.2,978.9,1002.0,155.0,2.0,,,10,,,8.0,,
2025-10-22 22:00:00,351150400,ZIELONA GÓRA,2025,10,22,22,9.7,97,9.2,978.7,1001.7,159.0,2.0,,,10,,,8.0,,
2025-10-22 23:00:00,351150400,ZIELONA GÓRA,2025,10,22,23,9.8,97,9.3,978.3,1001.3,156.0,2.0,,,10,,,8.0,,
2025-10-23 00:00:00,351150400,ZIELONA GÓRA,2025,10,23,0,10.1,97,9.6,977.7,1000.7,158.0,2.0,,,10,,,9.0,,
2025-10-23 01:00:00,351150400,ZIELONA GÓRA,2025,10,23,1,9.7,97,9.2,976.9,999.9,138.0,2.0,,,10,,,8.0,,
2025-10-23 02:00:00,351150400,ZIELONA GÓRA,2025,10,23,2,9.7,97,9.2,976.0,999.0,131.0,2.0,,,10,,,8.0,,
2025-10-23 03:00:00,351150400,ZIELONA GÓRA,2025,10,23,3,9.3,96,8.7,975.2,998.2,122.0,3.0,,,10,,,8.0,,
2025-10-23 04:00:00,351150400,ZIELONA GÓRA,2025,10,23,4,9.2,95,8.4,974.2,997.2,128.0,3.0,,,10,,,8.0,,
2025-10-23 05:00:00,351150400,ZIELONA GÓRA,2025,10,23,5,9.4,95,8.6,973.2,996.1,114.0,3.0,,7.0,10,,,8.0,,
2025-10-23 06:00:00,351150400,ZIELONA GÓRA,2025,10,23,6,9.9,96,9.3,972.6,995.5,131.0,3.0,,7.0,25,,0.0,,6.0,
2025-10-23 07:00:00,351150400,ZIELONA GÓRA,2025,10,23,7,10.3,96,9.7,971.6,994.4,128.0,3.0,,7.0,10,2.0,,8.0,,
2025-10-23 08:00:00,351150400,ZIELONA GÓRA,2025,10,23,8,11.4,94,10.5,970.8,993.5,139.0,3.0,,7.0,10,2.0,,8.0,,
2025-10-23 09:00:00,351150400,ZIELONA GÓRA,2025,10,23,9,12.6,91,11.2,970.1,992.7,140.0,3.0,,7.0,1,2.0,,8.0,,
2025-10-23 10:00:00,351150400,ZIELONA GÓRA,2025,10,23,10,14.6,84,11.9,969.3,991.7,146.0,3.0,,7.0,3,2.0,,8.0,,
2025-10-23 11:00:00,351150400,ZIELONA GÓRA,2025,10,23,11,14.9,83,12.0,968.5,990.9,137.0,3.0,,8.0,25,2.0,,8.0,,
2025-10-23 12:00:00,351150400,ZIELONA GÓRA,2025,10,23,12,14.6,89,12.8,968.4,990.8,123.0,3.0,,8.0,80,8.0,0.5,,6.0,
2025-10-23 13:00:00,351150400,ZIELONA GÓRA,2025,10,23,13,15.5,81,12.3,967.8,990.1,125.0,2.0,,8.0,25,2.0,,8.0,,
2025-10-23 14:00:00,351150400,ZIELONA GÓRA,2025,10,23,14,13.7,93,12.6,967.9,990.4,140.0,2.0,,8.0,60,6.0,,8.0,,
2025-10-23 15:00:00,351150400,ZIELONA GÓRA,2025,10,23,15,13.3,95,12.5,968.1,990.6,149.0,3.0,,8.0,21,8.0,,8.0,,
2025-10-23 16:00:00,351150400,ZIELONA GÓRA,2025,10,23,16,13.0,96,12.4,968.2,990.7,156.0,3.0,,8.0,10,2.0,,8.0,,
2025-10-23 17:00:00,351150400,ZIELONA GÓRA,2025,10,23,17,13.0,95,12.2,968.1,990.6,164.0,3.0,,8.0,1,2.0,,8.0,,
2025-10-23 18:00:00,351150400,ZIELONA GÓRA,2025,10,23,18,12.6,94,11.7,968.8,991.4,195.0,3.0,,8.0,80,8.0,2.3,,6.0,
2025-10-23 19:00:00,351150400,ZIELONA GÓRA,2025,10,23,19,12.1,94,11.2,969.0,991.6,192.0,3.0,,8.0,61,8.0,,8.0,,
2025-10-23 20:00:00,351150400,ZIELONA GÓRA,2025,10,23,20,11.6,94,10.7,968.9,991.6,199.0,3.0,,8.0,61,6.0,,8.0,,
2025-10-23 21:00:00,351150400,ZIELONA GÓRA,2025,10,23,21,11.3,92,10.0,968.9,991.6,200.0,3.0,,,23,,,8.0,,
2025-10-23 22:00:00,351150400,ZIELONA GÓRA,2025,10,23,22,10.8,93,9.7,968.5,991.2,181.0,3.0,,,0,,,8.0,,
2025-10-23 23:00:00,351150400,ZIELONA GÓRA,2025,10,23,23,10.5,93,9.4,968.6,991.3,181.0,2.0,,,0,,,8.0,,
2025-10-24 00:00:00,351150400,ZIELONA GÓRA,2025,10,24,0,10.3,92,9.1,968.6,991.4,185.0,3.0,,,0,,0.4,,,
2025-10-24 01:00:00,351150400,ZIELONA GÓRA,2025,10,24,1,10.3,89,8.6,968.6,991.4,205.0,3.0,,,0,,,8.0,,
2025-10-24 02:00:00,351150400,ZIELONA GÓRA,2025,10,24,2,10.3,84,7.7,968.8,991.6,218.0,3.0,,,0,,,8.0,,
2025-10-24 03:00:00,351150400,ZIELONA GÓRA,2025,10,24,3,9.9,87,7.8,969.4,992.2,227.0,3.0,,,61,,,8.0,,
2025-10-24 04:00:00,351150400,ZIELONA GÓRA,2025,10,24,4,9.7,88,7.8,969.7,992.5,225.0,3.0,,,21,,,8.0,,
2025-10-24 05:00:00,351150400,ZIELONA GÓRA,2025,10,24,5,10.1,80,6.8,970.2,993.0,238.0,3.0,,7.0,0,,,8.0,,
2025-10-24 06:00:00,351150400,ZIELONA GÓRA,2025,10,24,6,10.3,76,6.3,970.8,993.6,245.0,3.0,8.0,7.0,3,,0.0,,6.0,
2025-10-24 07:00:00,351150400,ZIELONA GÓRA,2025,10,24,7,10.4,73,5.8,971.7,994.5,248.0,4.0,,8.0,1,2.0,,8.0,,
2025-10-24 08:00:00,351150400,ZIELONA GÓRA,2025,10,24,8,10.3,73,5.7,972.5,995.4,248.0,3.0,8.0,8.0,2,2.0,,8.0,,
2025-10-24 09:00:00,351150400,ZIELONA GÓRA,2025,10,24,9,10.4,70,5.2,973.3,996.2,248.0,3.0,10.0,8.0,3,2.0,,8.0,,
2025-10-24 10:00:00,351150400,ZIELONA GÓRA,2025,10,24,10,10.4,69,5.0,974.4,997.3,245.0,4.0,9.0,8.0,3,2.0,,8.0,,
2025-10-24 11:00:00,351150400,ZIELONA GÓRA,2025,10,24,11,10.8,72,6.0,975.1,998.0,242.0,4.0,,7.0,25,2.0,,8.0,,
2025-10-24 12:00:00,351150400,ZIELONA GÓRA,2025,10,24,12,10.6,69,5.1,975.9,998.8,244.0,4.0,9.0,7.0,1,8.0,0.0,,6.0,
2025-10-24 13:00:00,351150400,ZIELONA GÓRA,2025,10,24,13,9.7,76,5.7,976.5,999.5,259.0,4.0,,7.0,80,8.0,,8.0,,
2025-10-24 14:00:00,351150400,ZIELONA GÓRA,2025,10,24,14,9.4,76,5.4,977.4,1000.4,252.0,3.0,,7.0,1,2.0,,8.0,,
2025-10-24 15:00:00,351150400,ZIELONA GÓRA,2025,10,24,15,9.5,68,3.9,977.8,1000.8,249.0,3.0,8.0,7.0,1,8.0,,8.0,,
2025-10-24 16:00:00,351150400,ZIELONA GÓRA,2025,10,24,16,9.2,68,3.6,978.5,1001.6,242.0,3.0,,7.0,1,2.0,,8.0,,
2025-10-24 17:00:00,351150400,ZIELONA GÓRA,2025,10,24,17,9.0,67,3.2,979.4,1002.5,241.0,4.0,,7.0,3,2.0,,8.0,,
2025-10-24 18:00:00,351150400,ZIELONA GÓRA,2025,10,24,18,8.8,64,2.4,980.0,1003.2,245.0,4.0,,7.0,1,8.0,0.0,,6.0,
2025-10-24 19:00:00,351150400,ZIELONA GÓRA,2025,10,24,19,8.6,63,1.9,980.1,1003.3,228.0,3.0,,7.0,2,2.0,,8.0,,
2025-10-24 20:00:00,351150400,ZIELONA GÓRA,2025,10,24,20,8.1,66,2.1,980.4,1003.6,218.0,4.0,,7.0,2,2.0,,8.0,,
2025-10-24 21:00:00,351150400,ZIELONA GÓRA,2025,10,24,21,7.5,67,1.8,980.7,1004.0,227.0,3.0,,,0,,,8.0,,
2025-10-24 22:00:00,351150400,ZIELONA GÓRA,2025,10,24,22,7.2,70,2.1,980.7,1004.0,219.0,4.0,,,0,,,8.0,,
2025-10-24 23:00:00,351150400,ZIELONA GÓRA,2025,10,24,23,6.5,74,2.2,980.6,1004.0,212.0,4.0,,,0,,,8.0,,
2025-10-25 00:00:00,351150400,ZIELONA GÓRA,2025,10,25,0,5.3,79,1.9,980.4,1003.9,193.0,4.0,,,0,,,9.0,,
2025-10-25 01:00:00,351150400,ZIELONA GÓRA,2025,10,25,1,5.9,78,2.4,980.0,1003.4,200.0,2.0,,,0,,,8.0,,
2025-10-25 02:00:00,351150400,ZIELONA GÓRA,2025,10,25,2,5.6,80,2.4,979.6,1003.0,185.0,3.0,,,0,,,8.0,,
2025-10-25 03:00:00,351150400,ZIELONA GÓRA,2025,10,25,3,5.8,80,2.6,979.1,1002.5,173.0,3.0,,,0,,,8.0,,
2025-10-25 04:00:00,351150400,ZIELONA GÓRA,2025,10,25,4,6.0,78,2.5,978.7,1002.1,185.0,3.0,,,0,,,8.0,,
2025-10-25 05:00:00,351150400,ZIELONA GÓRA,2025,10,25,5,6.0,79,2.6,978.2,1001.5,179.0,3.0,,7.0,0,,,8.0,,
2025-10-25 06:00:00,351150400,ZIELONA GÓRA,2025,10,25,6,6.3,76,2.4,978.2,1001.5,184.0,4.0,,7.0,2,,,9.0,,
2025-10-25 07:00:00,351150400,ZIELONA GÓRA,2025,10,25,7,6.8,73,2.3,978.2,1001.5,189.0,4.0,,7.0,1,2.0,,8.0,,
2025-10-25 08:00:00,351150400,ZIELONA GÓRA,2025,10,25,8,7.2,73,2.7,978.2,1001.4,190.0,4.0,,7.0,3,2.0,,8.0,,
2025-10-25 09:00:00,351150400,ZIELONA GÓRA,2025,10,25,9,6.3,91,4.9,977.9,1001.2,186.0,3.0,,7.0,25,2.0,,8.0,,
2025-10-25 10:00:00,351150400,ZIELONA GÓRA,2025,10,25,10,8.1,79,4.7,977.4,1000.5,185.0,4.0,,7.0,1,2.0,,8.0,,
2025-10-25 11:00:00,351150400,ZIELONA GÓRA,2025,10,25,11,9.2,70,4.0,976.8,999.8,190.0,4.0,,7.0,2,2.0,,8.0,,
2025-10-25 12:00:00,351150400,ZIELONA GÓRA,2025,10,25,12,10.3,64,3.8,976.0,998.9,202.0,4.0,,5.0,3,8.0,1.1,,6.0,
2025-10-25 13:00:00,351150400,ZIELONA GÓRA,2025,10,25,13,10.6,64,4.1,975.5,998.4,200.0,3.0,,7.0,3,2.0,,8.0,,
2025-10-25 14:00:00,351150400,ZIELONA GÓRA,2025,10,25,14,10.3,65,4.0,975.0,997.9,190.0,4.0,,7.0,1,2.0,,8.0,,
2025-10-25 15:00:00,351150400,ZIELONA GÓRA,2025,10,25,15,10.1,68,4.5,974.7,997.6,186.0,3.0,,7.0,1,2.0,,8.0,,
2025-10-25 16:00:00,351150400,ZIELONA GÓRA,2025,10,25,16,9.6,72,4.8,974.5,997.5,180.0,4.0,,7.0,3,2.0,,8.0,,
2025-10-25 17:00:00,351150400,ZIELONA GÓRA,2025,10,25,17,8.8,82,5.9,974.6,997.6,199.0,3.0,,8.0,80,8.0,,8.0,,
2025-10-25 18:00:00,351150400,ZIELONA GÓRA,2025,10,25,18,8.1,89,6.4,974.5,997.6,185.0,3.0,,7.0,25,8.0,0.9,,6.0,
2025-10-25 19:00:00,351150400,ZIELONA GÓRA,2025,10,25,19,8.2,90,6.7,974.3,997.4,181.0,3.0,,8.0,80,2.0,,8.0,,
2025-10-25 20:00:00,351150400,ZIELONA GÓRA,2025,10,25,20,8.5,89,6.8,974.4,997.4,213.0,3.0,8.0,8.0,80,8.0,,8.0,,
2025-10-25 21:00:00,351150400,ZIELONA GÓRA,2025,10,25,21,8.1,95,7.3,974.7,997.8,213.0,4.0,,,61,,,8.0,,
2025-10-25 22:00:00,351150400,ZIELONA GÓRA,2025,10,25,22,8.2,96,7.6,975.0,998.1,221.0,4.0,,,23,,,8.0,,
2025-10-25 23:00:00,351150400,ZIELONA GÓRA,2025,10,25,23,8.4,94,7.5,975.6,998.7,237.0,2.0,,,0,,,8.0,,
2025-10-26 00:00:00,351150400,ZIELONA GÓRA,2025,10,26,0,8.4,92,7.2,975.8,998.9,236.0,3.0,,,0,,1.1,,,
2025-10-26 01:00:00,351150400,ZIELONA GÓRA,2025,10,26,1,8.2,92,7.0,976.0,999.1,235.0,2.0,,,0,,,8.0,,
2025-10-26 02:00:00,351150400,ZIELONA GÓRA,2025,10,26,2,8.0,91,6.6,976.1,999.2,235.0,2.0,,,0,,,8.0,,
2025-10-26 03:00:00,351150400,ZIELONA GÓRA,2025,10,26,3,7.7,90,6.2,976.1,999.3,236.0,2.0,,,0,,,8.0,,
2025-10-26 04:00:00,351150400,ZIELONA GÓRA,2025,10,26,4,7.7,88,5.8,975.9,999.0,229.0,3.0,,,0,,,8.0,,
2025-10-26 05:00:00,351150400,ZIELONA GÓRA,2025,10,26,5,7.3,88,5.4,975.9,999.1,227.0,3.0,,6.0,0,,,8.0,,
2025-10-26 06:00:00,351150400,ZIELONA GÓRA,2025,10,26,6,6.6,87,4.6,975.9,999.1,218.0,3.0,,4.0,0,,,9.0,,
2025-10-26 07:00:00,351150400,ZIELONA GÓRA,2025,10,26,7,7.1,83,4.4,975.9,999.1,196.0,2.0,,3.0,3,0.0,,8.0,,
2025-10-26 08:00:00,351150400,ZIELONA GÓRA,2025,10,26,8,7.8,84,5.3,975.6,998.7,180.0,2.0,,7.0,3,1.0,,8.0,,
2025-10-26 09:00:00,351150400,ZIELONA GÓRA,2025,10,26,9,6.0,91,4.6,975.8,999.1,258.0,3.0,,8.0,80,1.0,,8.0,,
2025-10-26 10:00:00,351150400,ZIELONA GÓRA,2025,10,26,10,7.7,86,5.5,975.2,998.3,212.0,4.0,,3.0,25,1.0,,8.0,,
2025-10-26 11:00:00,351150400,ZIELONA GÓRA,2025,10,26,11,7.5,73,3.0,974.5,997.6,225.0,5.0,11.0,3.0,3,1.0,,8.0,,
2025-10-26 12:00:00,351150400,ZIELONA GÓRA,2025,10,26,12,8.4,61,1.3,974.0,997.0,237.0,4.0,,7.0,3,8.0,2.4,,6.0,
2025-10-26 13:00:00,351150400,ZIELONA GÓRA,2025,10,26,13,8.0,57,0.0,973.5,996.6,218.0,5.0,13.0,8.0,1,2.0,,8.0,,
2025-10-26 14:00:00,351150400,ZIELONA GÓRA,2025,10,26,14,5.1,87,3.1,973.5,996.8,225.0,7.0,12.0,8.0,80,8.0,,8.0,,
2025-10-26 15:00:00,351150400,ZIELONA GÓRA,2025,10,26,15,3.7,94,2.8,972.6,996.0,199.0,7.0,12.0,8.0,80,8.0,,8.0,,
2025-10-26 16:00:00,351150400,ZIELONA GÓRA,2025,10,26,16,4.5,95,3.8,972.2,995.5,216.0,6.0,12.0,8.0,80,8.0,,8.0,,
2025-10-26 17:00:00,351150400,ZIELONA GÓRA,2025,10,26,17,6.0,94,5.1,972.4,995.6,238.0,5.0,13.0,8.0,61,8.0,,8.0,,
2025-10-26 18:00:00,351150400,ZIELONA GÓRA,2025,10,26,18,6.6,90,5.1,973.1,996.3,241.0,6.0,13.0,8.0,61,8.0,3.4,,6.0,
2025-10-26 19:00:00,351150400,ZIELONA GÓRA,2025,10,26,19,6.9,86,4.7,973.7,996.9,244.0,5.0,12.0,8.0,21,6.0,,8.0,,
2025-10-26 20:00:00,351150400,ZIELONA GÓRA,2025,10,26,20,7.4,79,4.0,974.4,997.5,246.0,5.0,12.0,8.0,3,2.0,,8.0,,
2025-10-26 21:00:00,351150400,ZIELONA GÓRA,2025,10,26,21,7.4,78,3.8,974.7,997.8,249.0,5.0,13.0,8.0,2,6.0,,8.0,,
2025-10-26 22:00:00,351150400,ZIELONA GÓRA,2025,10,26,22,7.3,76,3.3,974.7,997.9,243.0,7.0,13.0,,0,,,8.0,,
2025-10-26 23:00:00,351150400,ZIELONA GÓRA,2025,10,26,23,6.7,77,2.9,975.0,998.2,248.0,6.0,13.0,,61,,,8.0,,
2025-10-27 00:00:00,351150400,ZIELONA GÓRA,2025,10,27,0,6.8,71,1.9,975.2,998.4,247.0,4.0,11.0,,23,,0.2,,,
2025-10-27 01:00:00,351150400,ZIELONA GÓRA,2025,10,27,1,6.4,68,0.9,975.3,998.5,243.0,5.0,10.0,,0,,,8.0,,
2025-10-27 02:00:00,351150400,ZIELONA GÓRA,2025,10,27,2,5.4,70,0.4,975.2,998.5,235.0,4.0,9.0,,0,,,8.0,,
2025-10-27 03:00:00,351150400,ZIELONA GÓRA,2025,10,27,3,5.1,72,0.5,975.0,998.3,225.0,4.0,,,0,,,8.0,,
2025-10-27 04:00:00,351150400,ZIELONA GÓRA,2025,10,27,4,5.1,71,0.3,974.4,997.7,233.0,4.0,9.0,,0,,,8.0,,
2025-10-27 05:00:00,351150400,ZIELONA GÓRA,2025,10,27,5,4.7,77,1.0,973.9,997.3,223.0,4.0,,,61,,,8.0,,
2025-10-27 06:00:00,351150400,ZIELONA GÓRA,2025,10,27,6,4.4,87,2.4,973.3,996.7,207.0,4.0,,8.0,61,,0.0,,6.0,
2025-10-27 07:00:00,351150400,ZIELONA GÓRA,2025,10,27,7,4.9,87,2.9,972.7,996.0,192.0,4.0,,7.0,21,6.0,,8.0,,
2025-10-27 08:00:00,351150400,ZIELONA GÓRA,2025,10,27,8,5.9,78,2.4,972.2,995.4,197.0,5.0,,7.0,3,2.0,,8.0,,
2025-10-27 09:00:00,351150400,ZIELONA GÓRA,2025,10,27,9,5.8,83,3.1,971.7,994.9,193.0,4.0,,8.0,80,8.0,,8.0,,
2025-10-27 10:00:00,351150400,ZIELONA GÓRA,2025,10,27,10,5.6,88,3.8,971.4,994.6,209.0,5.0,,8.0,61,8.0,,8.0,,
2025-10-27 11:00:00,351150400,ZIELONA GÓRA,2025,10,27,11,4.0,95,3.3,970.7,994.0,182.0,4.0,,8.0,63,6.0,,8.0,,
2025-10-27 12:00:00,351150400,ZIELONA GÓRA,2025,10,27,12,5.1,96,4.5,970.2,993.4,181.0,3.0,,8.0,21,8.0,4.4,,6.0,
2025-10-27 13:00:00,351150400,ZIELONA GÓRA,2025,10,27,13,6.3,95,5.6,970.0,993.1,202.0,3.0,,8.0,80,2.0,,8.0,,
2025-10-27 14:00:00,351150400,ZIELONA GÓRA,2025,10,27,14,7.1,94,6.2,970.0,993.1,207.0,4.0,,7.0,80,8.0,,8.0,,
2025-10-27 15:00:00,351150400,ZIELONA GÓRA,2025,10,27,15,7.0,95,6.3,970.2,993.3,207.0,3.0,,7.0,25,8.0,,8.0,,
2025-10-27 16:00:00,351150400,ZIELONA GÓRA,2025,10,27,16,7.1,95,6.4,970.6,993.7,229.0,2.0,,8.0,80,8.0,,8.0,,
2025-10-27 17:00:00,351150400,ZIELONA GÓRA,2025,10,27,17,7.0,94,6.1,971.5,994.6,253.0,3.0,8.0,8.0,80,8.0,,8.0,,
2025-10-27 18:00:00,351150400,ZIELONA GÓRA,2025,10,27,18,6.9,95,6.2,972.5,995.6,261.0,4.0,9.0,8.0,25,8.0,5.3,,6.0,
2025-10-27 19:00:00,351150400,ZIELONA GÓRA,2025,10,27,19,6.9,95,6.2,973.4,996.6,265.0,4.0,9.0,8.0,1,2.0,,8.0,,
2025-10-27 20:00:00,351150400,ZIELONA GÓRA,2025,10,27,20,7.1,94,6.2,974.4,997.6,263.0,5.0,,7.0,1,2.0,,8.0,,
2025-10-27 21:00:00,351150400,ZIELONA GÓRA,2025,10,27,21,7.1,93,6.0,975.3,998.5,264.0,4.0,,7.0,1,2.0,,8.0,,
2025-10-27 22:00:00,351150400,ZIELONA GÓRA,2025,10,27,22,6.9,92,5.7,976.1,999.3,261.0,4.0,9.0,,23,,,8.0,,
2025-10-27 23:00:00,351150400,ZIELONA GÓRA,2025,10,27,23,6.8,90,5.3,976.6,999.8,258.0,4.0,,,0,,,8.0,,
2025-10-28 00:00:00,351150400,ZIELONA GÓRA,2025,10,28,0,6.8,90,5.3,977.0,1000.2,252.0,5.0,,,61,,0.0,,,
2025-10-28 01:00:00,351150400,ZIELONA GÓRA,2025,10,28,1,6.8,90,5.3,977.4,1000.7,257.0,5.0,,,81,,,8.0,,
2025-10-28 02:00:00,351150400,ZIELONA GÓRA,2025,10,28,2,7.1,86,4.9,978.2,1001.5,257.0,5.0,11.0,,0,,,8.0,,
2025-10-28 03:00:00,351150400,ZIELONA GÓRA,2025,10,28,3,6.9,88,5.0,978.7,1002.0,258.0,5.0,10.0,,81,,,8.0,,
2025-10-28 04:00:00,351150400,ZIELONA GÓRA,2025,10,28,4,7.0,85,4.6,979.6,1002.9,252.0,4.0,10.0,,23,,,8.0,,
2025-10-28 05:00:00,351150400,ZIELONA GÓRA,2025,10,28,5,7.2,80,4.0,980.1,1003.4,254.0,5.0,11.0,,0,,,8.0,,
2025-10-28 06:00:00,351150400,ZIELONA GÓRA,2025,10,28,6,7.0,79,3.6,980.7,1004.0,252.0,5.0,11.0,7.0,0,,0.5,,6.0,
2025-10-28 07:00:00,351150400,ZIELONA GÓRA,2025,10,28,7,7.2,78,3.6,981.2,1004.5,258.0,5.0,,7.0,2,2.0,,8.0,,
2025-10-28 08:00:00,351150400,ZIELONA GÓRA,2025,10,28,8,7.6,78,4.0,981.6,1004.9,253.0,4.0,,7.0,2,2.0,,8.0,,
2025-10-28 09:00:00,351150400,ZIELONA GÓRA,2025,10,28,9,8.5,72,3.7,981.6,1004.8,255.0,5.0,12.0,6.0,1,2.0,,8.0,,
2025-10-28 10:00:00,351150400,ZIELONA GÓRA,2025,10,28,10,9.2,69,3.8,981.5,1004.7,241.0,4.0,8.0,7.0,3,2.0,,8.0,,
2025-10-28 11:00:00,351150400,ZIELONA GÓRA,2025,10,28,11,9.1,69,3.7,980.8,1003.9,239.0,3.0,,8.0,1,2.0,,8.0,,
2025-10-28 12:00:00,351150400,ZIELONA GÓRA,2025,10,28,12,8.2,81,5.1,980.4,1003.6,234.0,3.0,10.0,8.0,61,2.0,0.1,,6.0,
2025-10-28 13:00:00,351150400,ZIELONA GÓRA,2025,10,28,13,7.5,93,6.4,979.4,1002.6,208.0,3.0,,8.0,61,6.0,,8.0,,
2025-10-28 14:00:00,351150400,ZIELONA GÓRA,2025,10,28,14,7.1,96,6.5,978.5,1001.8,184.0,4.0,,8.0,61,6.0,,8.0,,
2025-10-28 15:00:00,351150400,ZIELONA GÓRA,2025,10,28,15,7.3,96,6.7,978.2,1001.4,207.0,3.0,,8.0,61,6.0,,8.0,,
2025-10-28 16:00:00,351150400,ZIELONA GÓRA,2025,10,28,16,8.3,96,7.7,978.3,1001.5,238.0,3.0,8.0,8.0,21,2.0,,8.0,,
2025-10-28 17:00:00,351150400,ZIELONA GÓRA,2025,10,28,17,9.0,95,8.2,978.6,1001.7,225.0,4.0,,7.0,25,6.0,,8.0,,
2025-10-28 18:00:00,351150400,ZIELONA GÓRA,2025,10,28,18,8.8,93,7.7,979.4,1002.5,250.0,4.0,,7.0,3,8.0,4.0,,6.0,
2025-10-28 19:00:00,351150400,ZIELONA GÓRA,2025,10,28,19,8.7,91,7.3,979.9,1003.1,260.0,5.0,,6.0,1,2.0,,8.0,,
2025-10-28 20:00:00,351150400,ZIELONA GÓRA,2025,10,28,20,8.8,87,6.8,980.6,1003.8,254.0,4.0,,7.0,3,2.0,,8.0,,
2025-10-28 21:00:00,351150400,ZIELONA GÓRA,2025,10,28,21,8.2,90,6.7,981.6,1004.8,252.0,4.0,,1.0,1,1.0,,8.0,,
2025-10-28 22:00:00,351150400,ZIELONA GÓRA,2025,10,28,22,8.3,88,6.4,982.2,1005.4,256.0,4.0,9.0,,0,,,8.0,,
2025-10-28 23:00:00,351150400,ZIELONA GÓRA,2025,10,28,23,8.3,87,6.3,983.1,1006.4,249.0,4.0,,,0,,,8.0,,
2025-10-29 00:00:00,351150400,ZIELONA GÓRA,2025,10,29,0,7.8,89,6.1,983.9,1007.2,242.0,3.0,8.0,,0,,,9.0,,
2025-10-29 01:00:00,351150400,ZIELONA GÓRA,2025,10,29,1,7.6,88,5.7,984.2,1007.6,249.0,3.0,8.0,,0,,,8.0,,
2025-10-29 02:00:00,351150400,ZIELONA GÓRA,2025,10,29,2,7.8,86,5.6,984.4,1007.7,250.0,5.0,10.0,,0,,,8.0,,
2025-10-29 03:00:00,351150400,ZIELONA GÓRA,2025,10,29,3,7.2,86,5.0,985.3,1008.7,238.0,3.0,,,0,,,8.0,,
2025-10-29 04:00:00,351150400,ZIELONA GÓRA,2025,10,29,4,6.8,88,4.9,985.8,1009.3,230.0,3.0,,,0,,,8.0,,
2025-10-29 05:00:00,351150400,ZIELONA GÓRA,2025,10,29,5,6.0,91,4.6,986.0,1009.5,217.0,3.0,,,0,,,8.0,,
2025-10-29 06:00:00,351150400,ZIELONA GÓRA,2025,10,29,6,5.9,92,4.7,986.5,1010.0,223.0,3.0,,4.0,0,,,9.0,,
2025-10-29 07:00:00,351150400,ZIELONA GÓRA,2025,10,29,7,6.4,91,5.0,987.2,1010.7,198.0,2.0,,6.0,1,1.0,,8.0,,
2025-10-29 08:00:00,351150400,ZIELONA GÓRA,2025,10,29,8,8.4,84,5.9,987.4,1010.8,211.0,4.0,,7.0,3,2.0,,8.0,,
2025-10-29 09:00:00,351150400,ZIELONA GÓRA,2025,10,29,9,10.6,77,6.7,987.5,1010.7,213.0,3.0,,7.0,3,1.0,,8.0,,
2025-10-29 10:00:00,351150400,ZIELONA GÓRA,2025,10,29,10,11.6,71,6.5,987.5,1010.6,216.0,4.0,,6.0,3,2.0,,8.0,,
2025-10-29 11:00:00,351150400,ZIELONA GÓRA,2025,10,29,11,12.7,64,6.1,987.3,1010.3,217.0,4.0,,6.0,3,2.0,,8.0,,
2025-10-29 12:00:00,351150400,ZIELONA GÓRA,2025,10,29,12,13.5,56,4.9,986.8,1009.7,203.0,4.0,,3.0,3,1.0,,9.0,,
2025-10-29 13:00:00,351150400,ZIELONA GÓRA,2025,10,29,13,13.3,58,5.2,986.5,1009.4,204.0,4.0,,5.0,3,1.0,,8.0,,
2025-10-29 14:00:00,351150400,ZIELONA GÓRA,2025,10,29,14,12.9,68,7.1,986.2,1009.2,187.0,2.0,,6.0,3,2.0,,8.0,,
2025-10-29 15:00:00,351150400,ZIELONA GÓRA,2025,10,29,15,12.0,76,7.9,986.0,1009.0,171.0,2.0,,5.0,1,1.0,,8.0,,
2025-10-29 16:00:00,351150400,ZIELONA GÓRA,2025,10,29,16,11.0,81,7.9,985.3,1008.4,139.0,2.0,,7.0,1,2.0,,8.0,,
2025-10-29 17:00:00,351150400,ZIELONA GÓRA,2025,10,29,17,10.4,84,7.8,985.2,1008.3,144.0,2.0,,7.0,1,2.0,,8.0,,
2025-10-29 18:00:00,351150400,ZIELONA GÓRA,2025,10,29,18,9.9,84,7.3,984.7,1007.9,130.0,2.0,,8.0,3,1.0,,9.0,,
2025-10-29 19:00:00,351150400,ZIELONA GÓRA,2025,10,29,19,9.4,85,7.0,984.1,1007.3,139.0,2.0,,8.0,2,2.0,,8.0,,
2025-10-29 20:00:00,351150400,ZIELONA GÓRA,2025,10,29,20,9.3,82,6.4,983.4,1006.6,128.0,3.0,,7.0,1,2.0,,8.0,,
2025-10-29 21:00:00,351150400,ZIELONA GÓRA,2025,10,29,21,8.7,85,6.3,982.9,1006.1,124.0,3.0,,7.0,2,2.0,,8.0,,
2025-10-29 22:00:00,351150400,ZIELONA GÓRA,2025,10,29,22,8.3,86,6.1,982.2,1005.4,130.0,3.0,,,0,,,8.0,,
2025-10-29 23:00:00,351150400,ZIELONA GÓRA,2025,10,29,23,8.1,87,6.1,981.3,1004.5,130.0,3.0,,,0,,,8.0,,
2025-10-30 00:00:00,351150400,ZIELONA GÓRA,2025,10,30,0,7.6,88,5.7,980.3,1003.6,140.0,3.0,,,0,,,9.0,,
2025-10-30 01:00:00,351150400,ZIELONA GÓRA,2025,10,30,1,7.8,86,5.6,979.5,1002.7,140.0,3.0,,,0,,,8.0,,
2025-10-30 02:00:00,351150400,ZIELONA GÓRA,2025,10,30,2,7.5,87,5.5,978.9,1002.1,140.0,3.0,,,0,,,8.0,,
2025-10-30 03:00:00,351150400,ZIELONA GÓRA,2025,10,30,3,8.1,83,5.4,977.6,1000.8,129.0,3.0,,,0,,,8.0,,
2025-10-30 04:00:00,351150400,ZIELONA GÓRA,2025,10,30,4,7.7,84,5.2,977.5,1000.7,141.0,3.0,,,0,,,8.0,,
2025-10-30 05:00:00,351150400,ZIELONA GÓRA,2025,10,30,5,8.5,80,5.2,976.7,999.8,145.0,3.0,,,0,,,8.0,,
2025-10-30 06:00:00,351150400,ZIELONA GÓRA,2025,10,30,6,8.7,80,5.4,975.6,998.7,145.0,3.0,,7.0,0,,,9.0,,
2025-10-30 07:00:00,351150400,ZIELONA GÓRA,2025,10,30,7,8.7,89,7.0,975.6,998.7,164.0,3.0,,8.0,80,8.0,,8.0,,
2025-10-30 08:00:00,351150400,ZIELONA GÓRA,2025,10,30,8,10.2,90,8.6,976.0,998.9,206.0,4.0,,8.0,25,8.0,,8.0,,
2025-10-30 09:00:00,351150400,ZIELONA GÓRA,2025,10,30,9,11.6,86,9.3,976.7,999.5,231.0,4.0,9.0,7.0,3,8.0,,8.0,,
2025-10-30 10:00:00,351150400,ZIELONA GÓRA,2025,10,30,10,12.8,74,8.3,977.5,1000.3,246.0,5.0,10.0,7.0,3,2.0,,8.0,,
2025-10-30 11:00:00,351150400,ZIELONA GÓRA,2025,10,30,11,9.9,82,7.0,979.1,1002.1,256.0,6.0,11.0,7.0,25,8.0,,8.0,,
2025-10-30 12:00:00,351150400,ZIELONA GÓRA,2025,10,30,12,10.9,70,5.6,980.4,1003.4,255.0,7.0,17.0,7.0,1,8.0,1.6,,6.0,
2025-10-30 13:00:00,351150400,ZIELONA GÓRA,2025,10,30,13,10.6,70,5.4,982.1,1005.2,264.0,6.0,11.0,7.0,1,2.0,,8.0,,
2025-10-30 14:00:00,351150400,ZIELONA GÓRA,2025,10,30,14,10.9,64,4.4,983.3,1006.4,251.0,6.0,14.0,7.0,25,2.0,,8.0,,
2025-10-30 15:00:00,351150400,ZIELONA GÓRA,2025,10,30,15,9.5,72,4.7,985.2,1008.4,257.0,5.0,,5.0,25,8.0,,8.0,,
2025-10-30 16:00:00,351150400,ZIELONA GÓRA,2025,10,30,16,9.4,71,4.4,986.2,1009.4,249.0,4.0,,1.0,1,1.0,,8.0,,
2025-10-30 17:00:00,351150400,ZIELONA GÓRA,2025,10,30,17,9.4,66,3.4,987.3,1010.6,246.0,4.0,9.0,1.0,1,0.0,,8.0,,
2025-10-30 18:00:00,351150400,ZIELONA GÓRA,2025,10,30,18,9.3,64,2.8,988.3,1011.6,251.0,4.0,10.0,3.0,3,8.0,0.0,,6.0,
2025-10-30 19:00:00,351150400,ZIELONA GÓRA,2025,10,30,19,9.0,65,2.8,988.8,1012.1,248.0,4.0,10.0,0.0,1,0.0,,8.0,,
2025-10-30 20:00:00,351150400,ZIELONA GÓRA,2025,10,30,20,8.1,71,3.2,989.5,1012.9,243.0,3.0,9.0,0.0,2,0.0,,8.0,,
2025-10-30 21:00:00,351150400,ZIELONA GÓRA,2025,10,30,21,8.5,70,3.3,990.3,1013.7,249.0,4.0,11.0,3.0,3,0.0,,8.0,,
2025-10-30 22:00:00,351150400,ZIELONA GÓRA,2025,10,30,22,8.6,69,3.2,991.0,1014.4,257.0,5.0,11.0,,0,,,8.0,,
2025-10-30 23:00:00,351150400,ZIELONA GÓRA,2025,10,30,23,8.0,73,3.5,991.5,1015.0,248.0,4.0,,,0,,,8.0,,
2025-10-31 00:00:00,351150400,ZIELONA GÓRA,2025,10,31,0,7.6,73,3.1,992.1,1015.6,253.0,4.0,,,0,,,9.0,,
2025-10-31 01:00:00,351150400,ZIELONA GÓRA,2025,10,31,1,7.2,76,3.2,992.2,1015.8,269.0,3.0,,,0,,,8.0,,
2025-10-31 02:00:00,351150400,ZIELONA GÓRA,2025,10,31,2,6.7,77,2.9,992.6,1016.2,257.0,3.0,,,0,,,8.0,,
2025-10-31 03:00:00,351150400,ZIELONA GÓRA,2025,10,31,3,5.6,84,3.1,993.2,1016.9,211.0,2.0,,,0,,,8.0,,
2025-10-31 04:00:00,351150400,ZIELONA GÓRA,2025,10,31,4,4.2,88,2.4,993.3,1017.2,207.0,2.0,,,0,,,8.0,,
2025-10-31 05:00:00,351150400,ZIELONA GÓRA,2025,10,31,5,4.0,89,2.3,993.7,1017.6,187.0,1.0,,,0,,,8.0,,
2025-10-31 06:00:00,351150400,ZIELONA GÓRA,2025,10,31,6,3.7,90,2.2,994.2,1018.1,187.0,2.0,,5.0,0,,,9.0,,
2025-10-31 07:00:00,351150400,ZIELONA GÓRA,2025,10,31,7,5.8,82,3.0,994.9,1018.7,214.0,1.0,,6.0,3,2.0,,8.0,,
2025-10-31 08:00:00,351150400,ZIELONA GÓRA,2025,10,31,8,7.3,77,3.5,995.3,1018.9,180.0,1.0,,5.0,1,2.0,,8.0,,
2025-10-31 09:00:00,351150400,ZIELONA GÓRA,2025,10,31,9,9.2,68,3.6,995.6,1019.1,180.0,2.0,,4.0,1,1.0,,8.0,,
2025-10-31 10:00:00,351150400,ZIELONA GÓRA,2025,10,31,10,10.7,62,3.7,996.0,1019.4,202.0,2.0,,6.0,3,1.0,,8.0,,
2025-10-31 11:00:00,351150400,ZIELONA GÓRA,2025,10,31,11,11.6,58,3.6,995.6,1018.9,182.0,2.0,,3.0,1,1.0,,8.0,,
2025-10-31 12:00:00,351150400,ZIELONA GÓRA,2025,10,31,12,11.9,56,3.4,995.3,1018.6,171.0,2.0,,7.0,3,1.0,,9.0,,
2025-10-31 13:00:00,351150400,ZIELONA GÓRA,2025,10,31,13,12.1,57,3.8,994.9,1018.1,181.0,2.0,,7.0,2,2.0,,8.0,,
2025-10-31 14:00:00,351150400,ZIELONA GÓRA,2025,10,31,14,11.5,59,3.8,994.8,1018.1,161.0,2.0,,7.0,3,2.0,,8.0,,
2025-10-31 15:00:00,351150400,ZIELONA GÓRA,2025,10,31,15,10.2,67,4.3,994.5,1017.9,132.0,2.0,,7.0,3,2.0,,8.0,,
2025-10-31 16:00:00,351150400,ZIELONA GÓRA,2025,10,31,16,9.7,69,4.3,994.6,1018.0,133.0,2.0,,7.0,2,2.0,,8.0,,
2025-10-31 17:00:00,351150400,ZIELONA GÓRA,2025,10,31,17,9.3,71,4.3,994.3,1017.7,132.0,3.0,,7.0,1,2.0,,8.0,,
2025-10-31 18:00:00,351150400,ZIELONA GÓRA,2025,10,31,18,8.9,73,4.3,994.4,1017.9,130.0,3.0,,7.0,2,2.0,,9.0,,
2025-10-31 19:00:00,351150400,ZIELONA GÓRA,2025,10,31,19,8.3,76,4.3,994.3,1017.8,128.0,2.0,,7.0,3,2.0,,8.0,,
2025-10-31 20:00:00,351150400,ZIELONA GÓRA,2025,10,31,20,7.9,77,4.1,994.2,1017.8,127.0,4.0,,8.0,1,2.0,,8.0,,
2025-10-31 21:00:00,351150400,ZIELONA GÓRA,2025,10,31,21,7.3,80,4.1,994.7,1018.3,132.0,2.0,,8.0,1,2.0,,8.0,,
2025-10-31 22:00:00,351150400,ZIELONA GÓRA,2025,10,31,22,7.2,79,3.8,994.3,1017.9,127.0,3.0,,,0,,,8.0,,
2025-10-31 23:00:00,351150400,ZIELONA GÓRA,2025,10,31,23,6.6,82,3.7,993.8,1017.5,123.0,3.0,,,0,,,8.0,,
2025-11-01 00:00:00,351150400,ZIELONA GÓRA,2025,11,1,0,6.1,84,3.6,993.5,1017.2,120.0,3.0,,,0,,,9.0,,
2025-11-01 01:00:00,351150400,ZIELONA GÓRA,2025,11,1,1,5.1,88,3.3,993.6,1017.4,132.0,3.0,,,0,,,8.0,,
2025-11-01 02:00:00,351150400,ZIELONA GÓRA,2025,11,1,2,6.0,83,3.3,993.6,1017.3,126.0,2.0,,,0,,,8.0,,
2025-11-01 03:00:00,351150400,ZIELONA GÓRA,2025,11,1,3,5.9,83,3.2,993.3,1017.0,138.0,3.0,,,0,,,8.0,,
2025-11-01 04:00:00,351150400,ZIELONA GÓRA,2025,11,1,4,5.4,86,3.2,993.0,1016.7,142.0,3.0,,,0,,,8.0,,
2025-11-01 05:00:00,351150400,ZIELONA GÓRA,2025,11,1,5,5.4,87,3.4,992.8,1016.5,153.0,3.0,,,0,,,8.0,,
2025-11-01 06:00:00,351150400,ZIELONA GÓRA,2025,11,1,6,5.0,89,3.3,992.6,1016.4,148.0,2.0,,1.0,0,,,9.0,,
2025-11-01 07:00:00,351150400,ZIELONA GÓRA,2025,11,1,7,7.3,80,4.1,993.1,1016.7,151.0,2.0,,1.0,2,0.0,,8.0,,
2025-11-01 08:00:00,351150400,ZIELONA GÓRA,2025,11,1,8,9.1,74,4.7,992.6,1016.0,150.0,2.0,,3.0,3,0.0,,8.0,,
2025-11-01 09:00:00,351150400,ZIELONA GÓRA,2025,11,1,9,10.8,71,5.7,992.4,1015.7,162.0,2.0,,5.0,1,1.0,,8.0,,
2025-11-01 10:00:00,351150400,ZIELONA GÓRA,2025,11,1,10,12.5,68,6.7,992.2,1015.3,163.0,2.0,,7.0,3,2.0,,8.0,,
2025-11-01 11:00:00,351150400,ZIELONA GÓRA,2025,11,1,11,14.1,66,7.8,991.9,1014.9,161.0,2.0,,8.0,3,2.0,,8.0,,
2025-11-01 12:00:00,351150400,ZIELONA GÓRA,2025,11,1,12,14.5,65,8.0,991.1,1014.0,146.0,3.0,,8.0,2,1.0,,9.0,,
2025-11-01 13:00:00,351150400,ZIELONA GÓRA,2025,11,1,13,14.6,66,8.3,990.8,1013.7,149.0,2.0,,7.0,3,2.0,,8.0,,
2025-11-01 14:00:00,351150400,ZIELONA GÓRA,2025,11,1,14,13.9,63,7.0,990.7,1013.7,137.0,2.0,,7.0,2,2.0,,8.0,,
2025-11-01 15:00:00,351150400,ZIELONA GÓRA,2025,11,1,15,12.4,70,7.1,990.6,1013.7,125.0,2.0,,8.0,1,2.0,,8.0,,
2025-11-01 16:00:00,351150400,ZIELONA GÓRA,2025,11,1,16,12.2,72,7.3,990.4,1013.5,129.0,2.0,,8.0,3,2.0,,8.0,,
2025-11-01 17:00:00,351150400,ZIELONA GÓRA,2025,11,1,17,12.2,72,7.3,990.1,1013.2,133.0,3.0,,8.0,3,2.0,,8.0,,
2025-11-01 18:00:00,351150400,ZIELONA GÓRA,2025,11,1,18,11.5,77,7.6,990.4,1013.6,169.0,3.0,,8.0,2,2.0,,9.0,,
2025-11-01 19:00:00,351150400,ZIELONA GÓRA,2025,11,1,19,11.7,76,7.6,990.3,1013.5,166.0,3.0,,8.0,2,2.0,,8.0,,
2025-11-01 20:00:00,351150400,ZIELONA GÓRA,2025,11,1,20,12.3,77,8.4,990.3,1013.4,187.0,4.0,,8.0,2,2.0,,8.0,,
2025-11-01 21:00:00,351150400,ZIELONA GÓRA,2025,11,1,21,12.6,79,9.1,990.1,1013.2,203.0,4.0,,8.0,3,2.0,,8.0,,
2025-11-01 22:00:00,351150400,ZIELONA GÓRA,2025,11,1,22,12.0,85,9.6,990.0,1013.1,199.0,3.0,,,23,,,8.0,,
2025-11-01 23:00:00,351150400,ZIELONA GÓRA,2025,11,1,23,11.9,88,10.0,989.8,1012.9,215.0,3.0,,,61,,,8.0,,
2025-11-02 00:00:00,351150400,ZIELONA GÓRA,2025,11,2,0,11.7,89,9.9,989.6,1012.7,181.0,2.0,,,23,,0.0,,,
2025-11-02 01:00:00,351150400,ZIELONA GÓRA,2025,11,2,1,11.3,91,9.9,989.2,1012.4,170.0,2.0,,,0,,,8.0,,
2025-11-02 02:00:00,351150400,ZIELONA GÓRA,2025,11,2,2,11.1,92,9.8,989.3,1012.5,174.0,2.0,,,0,,,8.0,,
2025-11-02 03:00:00,351150400,ZIELONA GÓRA,2025,11,2,3,11.2,92,9.9,989.1,1012.3,198.0,2.0,,,0,,,8.0,,
2025-11-02 04:00:00,351150400,ZIELONA GÓRA,2025,11,2,4,11.3,91,9.9,989.4,1012.6,222.0,2.0,,,0,,,8.0,,
2025-11-02 05:00:00,351150400,ZIELONA GÓRA,2025,11,2,5,11.4,91,10.0,989.4,1012.6,237.0,1.0,,,0,,,8.0,,
2025-11-02 06:00:00,351150400,ZIELONA GÓRA,2025,11,2,6,11.1,94,10.2,989.8,1013.0,236.0,1.0,,8.0,61,,0.0,,6.0,
2025-11-02 07:00:00,351150400,ZIELONA GÓRA,2025,11,2,7,10.9,96,10.3,990.3,1013.5,203.0,2.0,,8.0,61,6.0,,8.0,,
2025-11-02 08:00:00,351150400,ZIELONA GÓRA,2025,11,2,8,10.9,97,10.4,990.0,1013.2,213.0,1.0,,8.0,63,6.0,,8.0,,
2025-11-02 09:00:00,351150400,ZIELONA GÓRA,2025,11,2,9,11.2,97,10.7,989.9,1013.1,190.0,1.0,,8.0,21,6.0,,8.0,,
2025-11-02 10:00:00,351150400,ZIELONA GÓRA,2025,11,2,10,11.1,97,10.6,990.2,1013.4,200.0,2.0,,8.0,46,2.0,,8.0,,
2025-11-02 11:00:00,351150400,ZIELONA GÓRA,2025,11,2,11,11.5,95,10.7,990.0,1013.2,212.0,2.0,,8.0,28,2.0,,8.0,,
2025-11-02 12:00:00,351150400,ZIELONA GÓRA,2025,11,2,12,11.8,92,10.5,989.7,1012.8,201.0,2.0,,8.0,1,6.0,2.1,,6.0,
2025-11-02 13:00:00,351150400,ZIELONA GÓRA,2025,11,2,13,11.6,95,10.8,989.4,1012.5,194.0,2.0,,8.0,1,2.0,,8.0,,
2025-11-02 14:00:00,351150400,ZIELONA GÓRA,2025,11,2,14,11.6,96,11.0,989.3,1012.4,213.0,1.0,,8.0,10,2.0,,8.0,,
2025-11-02 15:00:00,351150400,ZIELONA GÓRA,2025,11,2,15,11.5,96,10.9,989.3,1012.4,191.0,1.0,,8.0,10,2.0,,8.0,,
2025-11-02 16:00:00,351150400,ZIELONA GÓRA,2025,11,2,16,11.2,97,10.7,989.5,1012.7,196.0,2.0,,8.0,46,2.0,,8.0,,
2025-11-02 17:00:00,351150400,ZIELONA GÓRA,2025,11,2,17,10.9,97,10.4,989.7,1012.9,193.0,2.0,,8.0,44,4.0,,8.0,,
2025-11-02 18:00:00,351150400,ZIELONA GÓRA,2025,11,2,18,10.8,98,10.5,989.7,1012.9,211.0,2.0,,9.0,47,2.0,,9.0,,
2025-11-02 19:00:00,351150400,ZIELONA GÓRA,2025,11,2,19,10.4,98,10.1,989.6,1012.8,195.0,2.0,,7.0,28,2.0,,8.0,,
2025-11-02 20:00:00,351150400,ZIELONA GÓRA,2025,11,2,20,10.2,98,9.9,989.8,1013.1,209.0,1.0,,8.0,10,2.0,,8.0,,
2025-11-02 21:00:00,351150400,ZIELONA GÓRA,2025,11,2,21,9.9,97,9.4,989.6,1012.9,211.0,1.0,,8.0,10,4.0,,8.0,,
2025-11-02 22:00:00,351150400,ZIELONA GÓRA,2025,11,2,22,9.8,96,9.2,989.5,1012.8,217.0,1.0,,,0,,,8.0,,
2025-11-02 23:00:00,351150400,ZIELONA GÓRA,2025,11,2,23,10.1,92,8.9,989.4,1012.7,240.0,1.0,,,0,,,8.0,,
2025-11-03 00:00:00,351150400,ZIELONA GÓRA,2025,11,3,0,9.8,94,8.9,989.5,1012.8,225.0,1.0,,,81,,0.0,,,
2025-11-03 01:00:00,351150400,ZIELONA GÓRA,2025,11,3,1,9.4,96,8.8,989.4,1012.7,208.0,1.0,,,81,,,8.0,,
2025-11-03 02:00:00,351150400,ZIELONA GÓRA,2025,11,3,2,9.2,97,8.7,989.7,1013.0,185.0,1.0,,,23,,,8.0,,
2025-11-03 03:00:00,351150400,ZIELONA GÓRA,2025,11,3,3,9.2,96,8.6,990.0,1013.4,203.0,1.0,,,61,,,8.0,,
2025-11-03 04:00:00,351150400,ZIELONA GÓRA,2025,11,3,4,9.3,96,8.7,990.4,1013.8,217.0,1.0,,,61,,,8.0,,
2025-11-03 05:00:00,351150400,ZIELONA GÓRA,2025,11,3,5,9.3,96,8.7,990.7,1014.1,265.0,2.0,,,51,,,8.0,,
2025-11-03 06:00:00,351150400,ZIELONA GÓRA,2025,11,3,6,9.3,97,8.8,991.3,1014.7,259.0,2.0,,8.0,61,,1.2,,6.0,
2025-11-03 07:00:00,351150400,ZIELONA GÓRA,2025,11,3,7,9.3,97,8.8,992.0,1015.4,283.0,3.0,,8.0,61,6.0,,8.0,,
2025-11-03 08:00:00,351150400,ZIELONA GÓRA,2025,11,3,8,9.1,96,8.5,993.0,1016.4,277.0,4.0,,8.0,81,6.0,,8.0,,
2025-11-03 09:00:00,351150400,ZIELONA GÓRA,2025,11,3,9,8.8,95,8.0,993.6,1017.1,283.0,3.0,,8.0,25,6.0,,8.0,,
2025-11-03 10:00:00,351150400,ZIELONA GÓRA,2025,11,3,10,8.7,94,7.8,994.4,1017.9,279.0,4.0,,8.0,10,2.0,,8.0,,
2025-11-03 11:00:00,351150400,ZIELONA GÓRA,2025,11,3,11,9.2,92,8.0,994.9,1018.4,278.0,4.0,,8.0,1,2.0,,8.0,,
2025-11-03 12:00:00,351150400,ZIELONA GÓRA,2025,11,3,12,9.7,89,8.0,995.3,1018.7,266.0,3.0,,7.0,1,8.0,1.5,,6.0,
2025-11-03 13:00:00,351150400,ZIELONA GÓRA,2025,11,3,13,9.9,85,7.5,995.7,1019.1,264.0,3.0,,7.0,1,2.0,,8.0,,
2025-11-03 14:00:00,351150400,ZIELONA GÓRA,2025,11,3,14,10.0,81,6.9,996.3,1019.7,248.0,2.0,,7.0,1,2.0,,8.0,,
2025-11-03 15:00:00,351150400,ZIELONA GÓRA,2025,11,3,15,9.6,79,6.1,996.7,1020.2,252.0,2.0,,7.0,1,2.0,,8.0,,
2025-11-03 16:00:00,351150400,ZIELONA GÓRA,2025,11,3,16,8.3,82,5.4,997.3,1020.9,243.0,2.0,,4.0,1,1.0,,8.0,,
2025-11-03 17:00:00,351150400,ZIELONA GÓRA,2025,11,3,17,8.2,75,4.0,997.8,1021.4,252.0,2.0,,1.0,1,0.0,,8.0,,
2025-11-03 18:00:00,351150400,ZIELONA GÓRA,2025,11,3,18,7.1,81,4.1,998.2,1021.9,228.0,2.0,,0.0,1,1.0,,9.0,,
2025-11-03 19:00:00,351150400,ZIELONA GÓRA,2025,11,3,19,6.5,83,3.8,998.4,1022.2,224.0,2.0,,2.0,3,0.0,,8.0,,
2025-11-03 20:00:00,351150400,ZIELONA GÓRA,2025,11,3,20,6.6,83,3.9,998.6,1022.4,227.0,2.0,,7.0,3,1.0,,8.0,,
2025-11-03 21:00:00,351150400,ZIELONA GÓRA,2025,11,3,21,6.9,81,3.9,998.9,1022.7,223.0,3.0,,7.0,3,1.0,,8.0,,
2025-11-03 22:00:00,351150400,ZIELONA GÓRA,2025,11,3,22,7.0,81,4.0,998.7,1022.4,210.0,3.0,,,0,,,8.0,,
2025-11-03 23:00:00,351150400,ZIELONA GÓRA,2025,11,3,23,6.8,82,3.9,998.7,1022.5,195.0,3.0,,,0,,,8.0,,
2025-11-04 00:00:00,351150400,ZIELONA GÓRA,2025,11,4,0,6.8,82,3.9,999.1,1022.9,214.0,2.0,,,0,,,9.0,,
2025-11-04 01:00:00,351150400,ZIELONA GÓRA,2025,11,4,1,6.4,85,4.1,999.2,1023.0,210.0,2.0,,,0,,,8.0,,
2025-11-04 02:00:00,351150400,ZIELONA GÓRA,2025,11,4,2,6.5,86,4.3,999.3,1023.1,201.0,2.0,,,0,,,8.0,,
2025-11-04 03:00:00,351150400,ZIELONA GÓRA,2025,11,4,3,6.1,89,4.4,999.1,1022.9,170.0,2.0,,,0,,,8.0,,
2025-11-04 04:00:00,351150400,ZIELONA GÓRA,2025,11,4,4,5.2,93,4.2,999.1,1023.0,175.0,1.0,,,0,,,8.0,,
2025-11-04 05:00:00,351150400,ZIELONA GÓRA,2025,11,4,5,5.6,92,4.4,999.3,1023.2,192.0,2.0,,,0,,,8.0,,
2025-11-04 06:00:00,351150400,ZIELONA GÓRA,2025,11,4,6,5.2,94,4.3,999.8,1023.7,171.0,2.0,,7.0,0,,,9.0,,
2025-11-04 07:00:00,351150400,ZIELONA GÓRA,2025,11,4,7,6.8,89,5.1,1000.3,1024.1,195.0,2.0,,7.0,3,2.0,,8.0,,
2025-11-04 08:00:00,351150400,ZIELONA GÓRA,2025,11,4,8,8.3,84,5.8,1000.6,1024.3,183.0,2.0,,7.0,3,2.0,,8.0,,
2025-11-04 09:00:00,351150400,ZIELONA GÓRA,2025,11,4,9,10.3,76,6.3,1000.7,1024.2,213.0,4.0,,5.0,3,2.0,,8.0,,
2025-11-04 10:00:00,351150400,ZIELONA GÓRA,2025,11,4,10,10.6,77,6.7,1001.2,1024.7,219.0,3.0,,7.0,3,2.0,,8.0,,
2025-11-04 11:00:00,351150400,ZIELONA GÓRA,2025,11,4,11,11.5,75,7.2,1000.8,1024.2,215.0,2.0,,7.0,2,2.0,,8.0,,
2025-11-04 12:00:00,351150400,ZIELONA GÓRA,2025,11,4,12,12.6,70,7.3,1000.4,1023.7,204.0,2.0,,7.0,1,2.0,,9.0,,
2025-11-04 13:00:00,351150400,ZIELONA GÓRA,2025,11,4,13,12.9,70,7.6,1000.3,1023.6,220.0,3.0,,6.0,1,2.0,,8.0,,
2025-11-04 14:00:00,351150400,ZIELONA GÓRA,2025,11,4,14,13.4,69,7.8,1000.3,1023.5,172.0,2.0,,3.0,1,1.0,,8.0,,
2025-11-04 15:00:00,351150400,ZIELONA GÓRA,2025,11,4,15,12.2,76,8.1,1000.4,1023.7,173.0,2.0,,7.0,1,1.0,,8.0,,
2025-11-04 16:00:00,351150400,ZIELONA GÓRA,2025,11,4,16,10.5,82,7.6,1000.9,1024.4,174.0,2.0,,3.0,1,1.0,,8.0,,
2025-11-04 17:00:00,351150400,ZIELONA GÓRA,2025,11,4,17,9.3,86,7.1,1000.8,1024.4,173.0,2.0,,1.0,1,0.0,,8.0,,
2025-11-04 18:00:00,351150400,ZIELONA GÓRA,2025,11,4,18,8.4,87,6.4,1001.2,1024.9,174.0,2.0,,1.0,2,1.0,,9.0,,
2025-11-04 19:00:00,351150400,ZIELONA GÓRA,2025,11,4,19,7.7,89,6.0,1001.0,1024.7,165.0,2.0,,1.0,2,0.0,,8.0,,
2025-11-04 20:00:00,351150400,ZIELONA GÓRA,2025,11,4,20,7.1,90,5.6,1001.1,1024.9,173.0,2.0,,1.0,2,0.0,,8.0,,
2025-11-04 21:00:00,351150400,ZIELONA GÓRA,2025,11,4,21,6.9,89,5.2,1001.1,1024.9,156.0,2.0,,0.0,1,0.0,,8.0,,
2025-11-04 22:00:00,351150400,ZIELONA GÓRA,2025,11,4,22,7.2,86,5.0,1000.8,1024.6,172.0,2.0,,,0,,,8.0,,
2025-11-04 23:00:00,351150400,ZIELONA GÓRA,2025,11,4,23,6.8,87,4.8,1000.8,1024.6,145.0,2.0,,,0,,,8.0,,
2025-11-05 00:00:00,351150400,ZIELONA GÓRA,2025,11,5,0,6.7,86,4.5,1000.3,1024.1,157.0,2.0,,,0,,,9.0,,
2025-11-05 01:00:00,351150400,ZIELONA GÓRA,2025,11,5,1,5.6,91,4.2,1000.3,1024.2,130.0,2.0,,,0,,,8.0,,
2025-11-05 02:00:00,351150400,ZIELONA GÓRA,2025,11,5,2,5.5,90,4.0,1000.0,1023.9,141.0,2.0,,,0,,,8.0,,
2025-11-05 03:00:00,351150400,ZIELONA GÓRA,2025,11,5,3,5.2,90,3.7,999.8,1023.7,150.0,2.0,,,0,,,8.0,,
2025-11-05 04:00:00,351150400,ZIELONA GÓRA,2025,11,5,4,5.3,90,3.8,999.7,1023.6,141.0,2.0,,,0,,,8.0,,
2025-11-05 05:00:00,351150400,ZIELONA GÓRA,2025,11,5,5,5.0,91,3.7,999.3,1023.2,139.0,2.0,,,0,,,8.0,,
2025-11-05 06:00:00,351150400,ZIELONA GÓRA,2025,11,5,6,5.0,91,3.7,999.3,1023.2,144.0,2.0,,7.0,0,,,9.0,,
2025-11-05 07:00:00,351150400,ZIELONA GÓRA,2025,11,5,7,5.5,89,3.8,999.3,1023.2,143.0,3.0,,7.0,1,2.0,,8.0,,
2025-11-05 08:00:00,351150400,ZIELONA GÓRA,2025,11,5,8,5.9,87,3.9,999.5,1023.4,147.0,2.0,,7.0,3,2.0,,8.0,,
2025-11-05 09:00:00,351150400,ZIELONA GÓRA,2025,11,5,9,8.1,81,5.0,999.7,1023.4,168.0,3.0,,7.0,2,2.0,,8.0,,
2025-11-05 10:00:00,351150400,ZIELONA GÓRA,2025,11,5,10,9.3,76,5.3,999.5,1023.1,167.0,3.0,,7.0,2,2.0,,8.0,,
2025-11-05 11:00:00,351150400,ZIELONA GÓRA,2025,11,5,11,11.4,72,6.5,998.8,1022.2,162.0,2.0,,7.0,3,2.0,,8.0,,
2025-11-05 12:00:00,351150400,ZIELONA GÓRA,2025,11,5,12,13.0,66,6.8,998.7,1021.9,173.0,3.0,,6.0,1,2.0,,9.0,,
2025-11-05 13:00:00,351150400,ZIELONA GÓRA,2025,11,5,13,14.8,60,7.1,998.3,1021.4,167.0,2.0,,5.0,1,2.0,,8.0,,
2025-11-05 14:00:00,351150400,ZIELONA GÓRA,2025,11,5,14,14.7,57,6.3,998.0,1021.1,158.0,2.0,,3.0,1,1.0,,8.0,,
2025-11-05 15:00:00,351150400,ZIELONA GÓRA,2025,11,5,15,12.7,66,6.5,997.5,1020.7,153.0,2.0,,3.0,2,1.0,,8.0,,
2025-11-05 16:00:00,351150400,ZIELONA GÓRA,2025,11,5,16,11.6,65,5.2,997.6,1020.9,154.0,3.0,,1.0,1,0.0,,8.0,,
2025-11-05 17:00:00,351150400,ZIELONA GÓRA,2025,11,5,17,10.9,65,4.6,997.6,1021.0,155.0,2.0,,1.0,2,0.0,,8.0,,
2025-11-05 18:00:00,351150400,ZIELONA GÓRA,2025,11,5,18,10.4,71,5.4,997.4,1020.8,140.0,2.0,,1.0,2,1.0,,9.0,,
2025-11-05 19:00:00,351150400,ZIELONA GÓRA,2025,11,5,19,10.1,77,6.2,997.4,1020.9,148.0,3.0,,1.0,2,0.0,,8.0,,
2025-11-05 20:00:00,351150400,ZIELONA GÓRA,2025,11,5,20,9.6,73,5.0,997.2,1020.7,151.0,3.0,,1.0,2,0.0,,8.0,,
2025-11-05 21:00:00,351150400,ZIELONA GÓRA,2025,11,5,21,8.9,84,6.3,997.1,1020.6,146.0,2.0,,1.0,2,0.0,,8.0,,
2025-11-05 22:00:00,351150400,ZIELONA GÓRA,2025,11,5,22,8.1,91,6.7,997.1,1020.7,145.0,1.0,,,0,,,8.0,,
2025-11-05 23:00:00,351150400,ZIELONA GÓRA,2025,11,5,23,8.3,84,5.8,996.8,1020.4,149.0,1.0,,,0,,,8.0,,
2025-11-06 00:00:00,351150400,ZIELONA GÓRA,2025,11,6,0,7.6,81,4.5,996.2,1019.8,133.0,2.0,,,0,,,9.0,,
2025-11-06 01:00:00,351150400,ZIELONA GÓRA,2025,11,6,1,6.1,93,5.1,995.8,1019.6,121.0,2.0,,,10,,,8.0,,
2025-11-06 02:00:00,351150400,ZIELONA GÓRA,2025,11,6,2,5.0,94,4.1,995.3,1019.1,116.0,2.0,,,10,,,8.0,,
2025-11-06 03:00:00,351150400,ZIELONA GÓRA,2025,11,6,3,6.4,85,4.1,994.8,1018.5,139.0,2.0,,,0,,,8.0,,
2025-11-06 04:00:00,351150400,ZIELONA GÓRA,2025,11,6,4,6.0,86,3.8,994.3,1018.0,123.0,2.0,,,0,,,8.0,,
2025-11-06 05:00:00,351150400,ZIELONA GÓRA,2025,11,6,5,4.2,94,3.3,994.3,1018.2,110.0,2.0,,,10,,,8.0,,
2025-11-06 06:00:00,351150400,ZIELONA GÓRA,2025,11,6,6,4.9,90,3.4,993.8,1017.6,115.0,3.0,,2.0,40,,,9.0,,
2025-11-06 07:00:00,351150400,ZIELONA GÓRA,2025,11,6,7,5.8,84,3.3,994.0,1017.7,125.0,3.0,,2.0,40,0.0,,8.0,,
2025-11-06 08:00:00,351150400,ZIELONA GÓRA,2025,11,6,8,8.0,73,3.5,993.8,1017.3,129.0,3.0,,3.0,3,0.0,,8.0,,
2025-11-06 09:00:00,351150400,ZIELONA GÓRA,2025,11,6,9,9.6,65,3.3,993.9,1017.3,126.0,3.0,,4.0,3,0.0,,8.0,,
2025-11-06 10:00:00,351150400,ZIELONA GÓRA,2025,11,6,10,11.2,60,3.7,993.6,1016.9,147.0,2.0,,3.0,1,0.0,,8.0,,
2025-11-06 11:00:00,351150400,ZIELONA GÓRA,2025,11,6,11,11.4,60,3.9,993.2,1016.4,115.0,2.0,,3.0,2,0.0,,8.0,,
2025-11-06 12:00:00,351150400,ZIELONA GÓRA,2025,11,6,12,12.3,61,5.0,993.0,1016.2,125.0,2.0,,3.0,2,0.0,,9.0,,
2025-11-06 13:00:00,351150400,ZIELONA GÓRA,2025,11,6,13,13.6,58,5.5,992.4,1015.4,118.0,2.0,,2.0,1,0.0,,8.0,,
2025-11-06 14:00:00,351150400,ZIELONA GÓRA,2025,11,6,14,13.5,57,5.1,991.8,1014.8,122.0,3.0,,3.0,3,0.0,,8.0,,
2025-11-06 15:00:00,351150400,ZIELONA GÓRA,2025,11,6,15,12.6,60,5.0,991.7,1014.8,117.0,3.0,,1.0,1,0.0,,8.0,,
2025-11-06 16:00:00,351150400,ZIELONA GÓRA,2025,11,6,16,11.1,63,4.3,991.7,1014.9,116.0,2.0,,1.0,2,0.0,,8.0,,
2025-11-06 17:00:00,351150400,ZIELONA GÓRA,2025,11,6,17,10.5,67,4.6,991.6,1014.9,122.0,3.0,,1.0,2,0.0,,8.0,,
2025-11-06 18:00:00,351150400,ZIELONA GÓRA,2025,11,6,18,9.9,70,4.7,991.5,1014.8,119.0,4.0,,1.0,2,0.0,,9.0,,
2025-11-06 19:00:00,351150400,ZIELONA GÓRA,2025,11,6,19,9.3,73,4.7,991.6,1015.0,122.0,4.0,,1.0,2,0.0,,8.0,,
2025-11-06 20:00:00,351150400,ZIELONA GÓRA,2025,11,6,20,8.7,75,4.5,991.6,1015.0,125.0,4.0,,1.0,2,0.0,,8.0,,
2025-11-06 21:00:00,351150400,ZIELONA GÓRA,2025,11,6,21,8.3,75,4.1,991.7,1015.2,123.0,3.0,,1.0,2,0.0,,8.0,,
2025-11-06 22:00:00,351150400,ZIELONA GÓRA,2025,11,6,22,7.8,75,3.6,991.6,1015.1,122.0,3.0,,,0,,,8.0,,
2025-11-06 23:00:00,351150400,ZIELONA GÓRA,2025,11,6,23,7.3,76,3.3,991.6,1015.2,122.0,3.0,,,0,,,8.0,,
2025-11-07 00:00:00,351150400,ZIELONA GÓRA,2025,11,7,0,7.0,75,2.9,991.3,1014.9,122.0,3.0,,,0,,,9.0,,
2025-11-07 01:00:00,351150400,ZIELONA GÓRA,2025,11,7,1,6.5,76,2.6,991.0,1014.6,116.0,3.0,,,0,,,8.0,,
2025-11-07 02:00:00,351150400,ZIELONA GÓRA,2025,11,7,2,6.2,76,2.3,990.8,1014.4,116.0,3.0,,,0,,,8.0,,
2025-11-07 03:00:00,351150400,ZIELONA GÓRA,2025,11,7,3,5.8,77,2.1,990.6,1014.3,123.0,3.0,,,0,,,8.0,,
2025-11-07 04:00:00,351150400,ZIELONA GÓRA,2025,11,7,4,5.3,80,2.1,990.7,1014.4,125.0,3.0,,,0,,,8.0,,
2025-11-07 05:00:00,351150400,ZIELONA GÓRA,2025,11,7,5,5.2,80,2.0,990.7,1014.4,120.0,3.0,,,0,,,8.0,,
2025-11-07 06:00:00,351150400,ZIELONA GÓRA,2025,11,7,6,4.8,82,2.0,990.9,1014.6,114.0,3.0,,1.0,0,,,9.0,,
2025-11-07 07:00:00,351150400,ZIELONA GÓRA,2025,11,7,7,5.6,79,2.2,991.1,1014.8,114.0,2.0,,1.0,2,0.0,,8.0,,
2025-11-07 08:00:00,351150400,ZIELONA GÓRA,2025,11,7,8,7.7,72,3.0,991.2,1014.7,130.0,2.0,,1.0,2,0.0,,8.0,,
2025-11-07 09:00:00,351150400,ZIELONA GÓRA,2025,11,7,9,9.2,69,3.8,991.4,1014.8,139.0,2.0,,1.0,2,0.0,,8.0,,
2025-11-07 10:00:00,351150400,ZIELONA GÓRA,2025,11,7,10,10.5,65,4.2,991.4,1014.7,139.0,2.0,,1.0,2,0.0,,8.0,,
2025-11-07 11:00:00,351150400,ZIELONA GÓRA,2025,11,7,11,11.7,61,4.4,991.0,1014.2,145.0,2.0,,1.0,2,0.0,,8.0,,
2025-11-07 12:00:00,351150400,ZIELONA GÓRA,2025,11,7,12,13.1,61,5.7,990.8,1013.8,123.0,2.0,,1.0,2,0.0,,9.0,,
2025-11-07 13:00:00,351150400,ZIELONA GÓRA,2025,11,7,13,13.9,58,5.8,990.6,1013.6,132.0,2.0,,1.0,2,0.0,,8.0,,
2025-11-07 14:00:00,351150400,ZIELONA GÓRA,2025,11,7,14,13.6,54,4.5,990.3,1013.3,126.0,3.0,,1.0,2,0.0,,8.0,,
2025-11-07 15:00:00,351150400,ZIELONA GÓRA,2025,11,7,15,12.2,60,4.7,990.2,1013.3,129.0,2.0,,1.0,2,0.0,,8.0,,
2025-11-07 16:00:00,351150400,ZIELONA GÓRA,2025,11,7,16,10.9,64,4.4,990.2,1013.4,125.0,2.0,,1.0,2,0.0,,8.0,,
2025-11-07 17:00:00,351150400,ZIELONA GÓRA,2025,11,7,17,10.0,68,4.4,990.5,1013.8,120.0,2.0,,0.0,1,0.0,,8.0,,
2025-11-07 18:00:00,351150400,ZIELONA GÓRA,2025,11,7,18,9.5,72,4.7,990.7,1014.0,122.0,3.0,,0.0,2,0.0,,9.0,,
2025-11-07 19:00:00,351150400,ZIELONA GÓRA,2025,11,7,19,8.7,75,4.5,990.8,1014.2,124.0,3.0,,0.0,2,0.0,,8.0,,
2025-11-07 20:00:00,351150400,ZIELONA GÓRA,2025,11,7,20,8.2,76,4.2,991.3,1014.8,123.0,3.0,,0.0,2,0.0,,8.0,,
2025-11-07 21:00:00,351150400,ZIELONA GÓRA,2025,11,7,21,8.3,74,3.9,991.5,1015.0,135.0,2.0,,0.0,2,0.0,,8.0,,
2025-11-07 22:00:00,351150400,ZIELONA GÓRA,2025,11,7,22,7.8,76,3.8,991.5,1015.0,152.0,2.0,,,0,,,8.0,,
2025-11-07 23:00:00,351150400,ZIELONA GÓRA,2025,11,7,23,6.8,81,3.8,991.6,1015.2,150.0,2.0,,,0,,,8.0,,
2025-11-08 00:00:00,351150400,ZIELONA GÓRA,2025,11,8,0,6.8,80,3.6,991.5,1015.1,144.0,1.0,,,0,,,9.0,,
2025-11-08 01:00:00,351150400,ZIELONA GÓRA,2025,11,8,1,5.7,86,3.5,991.5,1015.2,118.0,2.0,,,10,,,8.0,,
2025-11-08 02:00:00,351150400,ZIELONA GÓRA,2025,11,8,2,6.7,80,3.5,991.2,1014.8,115.0,2.0,,,0,,,8.0,,
2025-11-08 03:00:00,351150400,ZIELONA GÓRA,2025,11,8,3,5.8,84,3.3,991.1,1014.8,117.0,2.0,,,0,,,8.0,,
2025-11-08 04:00:00,351150400,ZIELONA GÓRA,2025,11,8,4,6.0,86,3.8,990.9,1014.5,109.0,2.0,,,0,,,8.0,,
2025-11-08 05:00:00,351150400,ZIELONA GÓRA,2025,11,8,5,5.9,86,3.7,991.0,1014.7,113.0,2.0,,,0,,,8.0,,
2025-11-08 06:00:00,351150400,ZIELONA GÓRA,2025,11,8,6,4.4,91,3.1,991.2,1015.0,108.0,1.0,,0.0,0,,,9.0,,
2025-11-08 07:00:00,351150400,ZIELONA GÓRA,2025,11,8,7,5.4,85,3.1,991.7,1015.4,110.0,2.0,,0.0,2,0.0,,8.0,,
2025-11-08 08:00:00,351150400,ZIELONA GÓRA,2025,11,8,8,6.7,80,3.5,991.9,1015.5,133.0,1.0,,0.0,2,0.0,,8.0,,
2025-11-08 09:00:00,351150400,ZIELONA GÓRA,2025,11,8,9,9.2,73,4.6,992.1,1015.5,166.0,1.0,,0.0,2,0.0,,8.0,,
2025-11-08 10:00:00,351150400,ZIELONA GÓRA,2025,11,8,10,10.5,68,4.8,991.9,1015.2,335.0,1.0,,0.0,2,0.0,,8.0,,
2025-11-08 11:00:00,351150400,ZIELONA GÓRA,2025,11,8,11,11.3,68,5.6,991.9,1015.1,99.0,1.0,,0.0,2,0.0,,8.0,,
2025-11-08 12:00:00,351150400,ZIELONA GÓRA,2025,11,8,12,11.6,63,4.8,991.7,1014.9,359.0,1.0,,0.0,2,0.0,,9.0,,
2025-11-08 13:00:00,351150400,ZIELONA GÓRA,2025,11,8,13,11.8,62,4.7,991.6,1014.8,21.0,2.0,,0.0,2,0.0,,8.0,,
2025-11-08 14:00:00,351150400,ZIELONA GÓRA,2025,11,8,14,11.0,67,5.1,991.7,1014.9,35.0,1.0,,0.0,2,0.0,,8.0,,
2025-11-08 15:00:00,351150400,ZIELONA GÓRA,2025,11,8,15,10.1,74,5.7,991.6,1014.9,45.0,1.0,,1.0,3,0.0,,8.0,,
2025-11-08 16:00:00,351150400,ZIELONA GÓRA,2025,11,8,16,8.8,79,5.4,991.4,1014.8,5.0,1.0,,1.0,2,0.0,,8.0,,
2025-11-08 17:00:00,351150400,ZIELONA GÓRA,2025,11,8,17,8.5,80,5.2,991.6,1015.1,2.0,1.0,,1.0,2,0.0,,8.0,,
2025-11-08 18:00:00,351150400,ZIELONA GÓRA,2025,11,8,18,8.8,79,5.4,991.8,1015.2,38.0,2.0,,2.0,3,0.0,,9.0,,
2025-11-08 19:00:00,351150400,ZIELONA GÓRA,2025,11,8,19,9.1,80,5.8,991.8,1015.2,49.0,3.0,,4.0,1,1.0,,8.0,,
2025-11-08 20:00:00,351150400,ZIELONA GÓRA,2025,11,8,20,9.2,82,6.3,992.0,1015.4,99.0,1.0,,7.0,3,1.0,,8.0,,
2025-11-08 21:00:00,351150400,ZIELONA GÓRA,2025,11,8,21,8.6,84,6.0,992.1,1015.6,82.0,1.0,,7.0,1,1.0,,8.0,,
2025-11-08 22:00:00,351150400,ZIELONA GÓRA,2025,11,8,22,6.9,90,5.4,992.3,1015.9,328.0,1.0,,,10,,,8.0,,
2025-11-08 23:00:00,351150400,ZIELONA GÓRA,2025,11,8,23,6.1,93,5.1,992.3,1016.0,313.0,1.0,,,20,,,8.0,,
2025-11-09 00:00:00,351150400,ZIELONA GÓRA,2025,11,9,0,5.4,96,4.8,992.2,1015.9,318.0,2.0,,,20,,,9.0,,
2025-11-09 01:00:00,351150400,ZIELONA GÓRA,2025,11,9,1,5.1,97,4.7,992.3,1016.1,319.0,1.0,,,30,,,8.0,,
2025-11-09 02:00:00,351150400,ZIELONA GÓRA,2025,11,9,2,4.8,97,4.4,992.1,1015.9,340.0,2.0,,,34,,,8.0,,
2025-11-09 03:00:00,351150400,ZIELONA GÓRA,2025,11,9,3,4.7,98,4.4,992.1,1015.9,78.0,1.0,,,33,,,8.0,,
2025-11-09 04:00:00,351150400,ZIELONA GÓRA,2025,11,9,4,4.7,98,4.4,992.3,1016.1,0.0,0.0,,,33,,,8.0,,
2025-11-09 05:00:00,351150400,ZIELONA GÓRA,2025,11,9,5,4.8,98,4.5,992.2,1016.0,307.0,2.0,,,33,,,8.0,,
2025-11-09 06:00:00,351150400,ZIELONA GÓRA,2025,11,9,6,4.6,98,4.3,992.3,1016.1,0.0,0.0,,9.0,45,,,9.0,,
2025-11-09 07:00:00,351150400,ZIELONA GÓRA,2025,11,9,7,4.8,98,4.5,992.9,1016.7,0.0,0.0,,9.0,43,4.0,,8.0,,
2025-11-09 08:00:00,351150400,ZIELONA GÓRA,2025,11,9,8,4.8,98,4.5,993.0,1016.8,303.0,1.0,,9.0,45,4.0,,8.0,,
2025-11-09 09:00:00,351150400,ZIELONA GÓRA,2025,11,9,9,5.3,98,5.0,993.1,1016.9,300.0,1.0,,8.0,28,4.0,,8.0,,
2025-11-09 10:00:00,351150400,ZIELONA GÓRA,2025,11,9,10,5.6,98,5.3,993.3,1017.0,294.0,1.0,,8.0,10,2.0,,8.0,,
2025-11-09 11:00:00,351150400,ZIELONA GÓRA,2025,11,9,11,5.7,96,5.1,993.0,1016.7,286.0,1.0,,8.0,10,2.0,,8.0,,
2025-11-09 12:00:00,351150400,ZIELONA GÓRA,2025,11,9,12,6.3,93,5.3,992.8,1016.5,269.0,1.0,,8.0,10,4.0,,9.0,,
2025-11-09 13:00:00,351150400,ZIELONA GÓRA,2025,11,9,13,6.2,92,5.0,992.8,1016.5,298.0,2.0,,8.0,10,2.0,,8.0,,
2025-11-09 14:00:00,351150400,ZIELONA GÓRA,2025,11,9,14,6.4,91,5.0,992.9,1016.6,320.0,1.0,,8.0,10,2.0,,8.0,,
2025-11-09 15:00:00,351150400,ZIELONA GÓRA,2025,11,9,15,6.3,92,5.1,992.9,1016.6,325.0,1.0,,8.0,10,2.0,,8.0,,
2025-11-09 16:00:00,351150400,ZIELONA GÓRA,2025,11,9,16,6.2,93,5.2,992.9,1016.6,331.0,1.0,,8.0,10,2.0,,8.0,,
2025-11-09 17:00:00,351150400,ZIELONA GÓRA,2025,11,9,17,6.1,93,5.1,993.1,1016.8,0.0,0.0,,8.0,10,2.0,,8.0,,
2025-11-09 18:00:00,351150400,ZIELONA GÓRA,2025,11,9,18,6.0,94,5.1,993.3,1017.0,178.0,1.0,,8.0,61,2.0,0.0,,6.0,
2025-11-09 19:00:00,351150400,ZIELONA GÓRA,2025,11,9,19,6.0,96,5.4,993.1,1016.8,191.0,1.0,,8.0,60,6.0,,8.0,,
2025-11-09 20:00:00,351150400,ZIELONA GÓRA,2025,11,9,20,5.9,97,5.5,993.4,1017.1,194.0,1.0,,8.0,60,6.0,,8.0,,
2025-11-09 21:00:00,351150400,ZIELONA GÓRA,2025,11,9,21,5.9,96,5.3,993.4,1017.1,0.0,0.0,,8.0,21,6.0,,8.0,,
2025-11-09 22:00:00,351150400,ZIELONA GÓRA,2025,11,9,22,6.0,97,5.6,993.2,1016.9,0.0,0.0,,,81,,,8.0,,
2025-11-09 23:00:00,351150400,ZIELONA GÓRA,2025,11,9,23,6.1,97,5.7,993.0,1016.7,0.0,0.0,,,10,,,8.0,,
2025-11-10 00:00:00,351150400,ZIELONA GÓRA,2025,11,10,0,6.0,97,5.6,992.7,1016.4,174.0,1.0,,,30,,0.3,,,
2025-11-10 01:00:00,351150400,ZIELONA GÓRA,2025,11,10,1,6.0,98,5.7,992.5,1016.2,227.0,1.0,,,33,,,8.0,,
2025-11-10 02:00:00,351150400,ZIELONA GÓRA,2025,11,10,2,6.1,98,5.8,992.4,1016.1,226.0,1.0,,,61,,,8.0,,
2025-11-10 03:00:00,351150400,ZIELONA GÓRA,2025,11,10,3,6.4,98,6.1,992.2,1015.8,276.0,1.0,,,23,,,8.0,,
2025-11-10 04:00:00,351150400,ZIELONA GÓRA,2025,11,10,4,6.4,98,6.1,992.1,1015.7,0.0,0.0,,,81,,,8.0,,
2025-11-10 05:00:00,351150400,ZIELONA GÓRA,2025,11,10,5,5.9,98,5.6,992.0,1015.7,175.0,1.0,,,33,,,8.0,,
2025-11-10 06:00:00,351150400,ZIELONA GÓRA,2025,11,10,6,6.0,98,5.7,992.0,1015.7,182.0,1.0,,9.0,51,,0.2,,6.0,
2025-11-10 07:00:00,351150400,ZIELONA GÓRA,2025,11,10,7,6.4,98,6.1,992.3,1015.9,255.0,1.0,,8.0,50,5.0,,8.0,,
2025-11-10 08:00:00,351150400,ZIELONA GÓRA,2025,11,10,8,6.6,97,6.2,992.2,1015.8,269.0,2.0,,8.0,60,5.0,,8.0,,
2025-11-10 09:00:00,351150400,ZIELONA GÓRA,2025,11,10,9,6.7,95,6.0,992.3,1015.9,283.0,2.0,,8.0,60,5.0,,8.0,,
2025-11-10 10:00:00,351150400,ZIELONA GÓRA,2025,11,10,10,6.7,94,5.8,992.1,1015.7,290.0,3.0,,8.0,21,6.0,,8.0,,
2025-11-10 11:00:00,351150400,ZIELONA GÓRA,2025,11,10,11,7.1,92,5.9,991.9,1015.5,299.0,3.0,,7.0,10,2.0,,8.0,,
2025-11-10 12:00:00,351150400,ZIELONA GÓRA,2025,11,10,12,7.7,88,5.8,991.7,1015.2,303.0,3.0,,7.0,1,6.0,0.1,,6.0,
2025-11-10 13:00:00,351150400,ZIELONA GÓRA,2025,11,10,13,7.6,88,5.7,991.7,1015.2,326.0,2.0,,7.0,3,2.0,,8.0,,
2025-11-10 14:00:00,351150400,ZIELONA GÓRA,2025,11,10,14,7.7,89,6.0,991.7,1015.2,301.0,2.0,,8.0,3,2.0,,8.0,,
2025-11-10 15:00:00,351150400,ZIELONA GÓRA,2025,11,10,15,7.7,90,6.2,991.8,1015.3,0.0,0.0,,8.0,1,2.0,,8.0,,
2025-11-10 16:00:00,351150400,ZIELONA GÓRA,2025,11,10,16,7.6,92,6.4,991.8,1015.3,222.0,1.0,,8.0,2,2.0,,8.0,,
2025-11-10 17:00:00,351150400,ZIELONA GÓRA,2025,11,10,17,7.6,94,6.7,992.0,1015.5,207.0,1.0,,8.0,3,2.0,,8.0,,
2025-11-10 18:00:00,351150400,ZIELONA GÓRA,2025,11,10,18,7.5,96,6.9,992.0,1015.5,193.0,1.0,,8.0,51,2.0,0.0,,6.0,
2025-11-10 19:00:00,351150400,ZIELONA GÓRA,2025,11,10,19,7.7,97,7.3,991.8,1015.3,223.0,1.0,,8.0,20,2.0,,8.0,,
2025-11-10 20:00:00,351150400,ZIELONA GÓRA,2025,11,10,20,7.8,97,7.4,992.0,1015.5,258.0,2.0,,8.0,10,2.0,,8.0,,
2025-11-10 21:00:00,351150400,ZIELONA GÓRA,2025,11,10,21,7.6,97,7.2,991.9,1015.4,263.0,1.0,,8.0,10,5.0,,8.0,,
2025-11-10 22:00:00,351150400,ZIELONA GÓRA,2025,11,10,22,7.3,97,6.9,991.9,1015.5,184.0,1.0,,,34,,,8.0,,
2025-11-10 23:00:00,351150400,ZIELONA GÓRA,2025,11,10,23,7.3,98,7.0,991.9,1015.5,168.0,2.0,,,33,,,8.0,,
2025-11-11 00:00:00,351150400,ZIELONA GÓRA,2025,11,11,0,7.0,98,6.7,991.9,1015.5,230.0,1.0,,,33,,,9.0,,
2025-11-11 01:00:00,351150400,ZIELONA GÓRA,2025,11,11,1,6.9,98,6.6,991.7,1015.3,189.0,1.0,,,30,,,8.0,,
2025-11-11 02:00:00,351150400,ZIELONA GÓRA,2025,11,11,2,6.9,98,6.6,991.7,1015.3,169.0,1.0,,,34,,,8.0,,
2025-11-11 03:00:00,351150400,ZIELONA GÓRA,2025,11,11,3,6.4,99,6.3,991.3,1014.9,150.0,2.0,,,33,,,8.0,,
2025-11-11 04:00:00,351150400,ZIELONA GÓRA,2025,11,11,4,5.8,98,5.5,991.2,1014.9,160.0,2.0,,,33,,,8.0,,
2025-11-11 05:00:00,351150400,ZIELONA GÓRA,2025,11,11,5,5.5,98,5.2,990.8,1014.5,151.0,2.0,,,33,,,8.0,,
2025-11-11 06:00:00,351150400,ZIELONA GÓRA,2025,11,11,6,5.0,98,4.7,991.1,1014.8,151.0,2.0,,9.0,45,,,9.0,,
2025-11-11 07:00:00,351150400,ZIELONA GÓRA,2025,11,11,7,4.5,98,4.2,991.1,1014.9,148.0,3.0,,9.0,43,4.0,,8.0,,
2025-11-11 08:00:00,351150400,ZIELONA GÓRA,2025,11,11,8,4.9,98,4.6,991.0,1014.7,168.0,3.0,,9.0,43,4.0,,8.0,,
2025-11-11 09:00:00,351150400,ZIELONA GÓRA,2025,11,11,9,5.3,98,5.0,991.4,1015.1,182.0,2.0,,8.0,28,4.0,,8.0,,
2025-11-11 10:00:00,351150400,ZIELONA GÓRA,2025,11,11,10,5.5,98,5.2,991.6,1015.3,179.0,2.0,,8.0,61,6.0,,8.0,,
2025-11-11 11:00:00,351150400,ZIELONA GÓRA,2025,11,11,11,6.2,98,5.9,991.3,1014.9,192.0,2.0,,8.0,80,6.0,,8.0,,
2025-11-11 12:00:00,351150400,ZIELONA GÓRA,2025,11,11,12,6.8,98,6.5,991.2,1014.8,209.0,2.0,,8.0,80,6.0,0.6,,6.0,
2025-11-11 13:00:00,351150400,ZIELONA GÓRA,2025,11,11,13,7.2,98,6.9,991.3,1014.9,252.0,2.0,,8.0,25,5.0,,8.0,,
2025-11-11 14:00:00,351150400,ZIELONA GÓRA,2025,11,11,14,7.4,98,7.1,991.7,1015.2,265.0,2.0,,8.0,51,8.0,,8.0,,
2025-11-11 15:00:00,351150400,ZIELONA GÓRA,2025,11,11,15,7.6,98,7.3,992.2,1015.7,261.0,2.0,,8.0,50,8.0,,8.0,,
2025-11-11 16:00:00,351150400,ZIELONA GÓRA,2025,11,11,16,8.0,97,7.6,992.7,1016.2,254.0,3.0,,8.0,28,5.0,,8.0,,
2025-11-11 17:00:00,351150400,ZIELONA GÓRA,2025,11,11,17,8.5,96,7.9,993.1,1016.6,254.0,3.0,,8.0,10,2.0,,8.0,,
2025-11-11 18:00:00,351150400,ZIELONA GÓRA,2025,11,11,18,8.6,94,7.7,993.4,1016.9,246.0,2.0,,8.0,1,8.0,0.6,,6.0,
2025-11-11 19:00:00,351150400,ZIELONA GÓRA,2025,11,11,19,8.5,93,7.4,993.6,1017.1,254.0,3.0,,8.0,1,2.0,,8.0,,
2025-11-11 20:00:00,351150400,ZIELONA GÓRA,2025,11,11,20,8.7,92,7.5,994.2,1017.7,261.0,3.0,,8.0,2,2.0,,8.0,,
2025-11-11 21:00:00,351150400,ZIELONA GÓRA,2025,11,11,21,8.6,91,7.2,994.3,1017.8,254.0,2.0,,7.0,1,2.0,,8.0,,
2025-11-11 22:00:00,351150400,ZIELONA GÓRA,2025,11,11,22,7.6,95,6.8,994.4,1018.0,164.0,1.0,,,10,,,8.0,,
2025-11-11 23:00:00,351150400,ZIELONA GÓRA,2025,11,11,23,6.9,96,6.3,994.7,1018.4,173.0,1.0,,,34,,,8.0,,
2025-11-12 00:00:00,351150400,ZIELONA GÓRA,2025,11,12,0,7.3,96,6.7,995.0,1018.6,199.0,2.0,,,20,,,9.0,,
2025-11-12 01:00:00,351150400,ZIELONA GÓRA,2025,11,12,1,7.4,95,6.7,995.3,1018.9,200.0,1.0,,,0,,,8.0,,
2025-11-12 02:00:00,351150400,ZIELONA GÓRA,2025,11,12,2,7.0,96,6.4,995.1,1018.8,191.0,2.0,,,10,,,8.0,,
2025-11-12 03:00:00,351150400,ZIELONA GÓRA,2025,11,12,3,6.3,96,5.7,995.2,1018.9,185.0,2.0,,,10,,,8.0,,
2025-11-12 04:00:00,351150400,ZIELONA GÓRA,2025,11,12,4,5.5,96,4.9,995.5,1019.3,164.0,2.0,,,10,,,8.0,,
2025-11-12 05:00:00,351150400,ZIELONA GÓRA,2025,11,12,5,5.2,97,4.8,995.3,1019.1,144.0,2.0,,,31,,,8.0,,
2025-11-12 06:00:00,351150400,ZIELONA GÓRA,2025,11,12,6,4.4,98,4.1,995.1,1019.0,128.0,2.0,,6.0,28,,,9.0,,
2025-11-12 07:00:00,351150400,ZIELONA GÓRA,2025,11,12,7,4.4,97,4.0,996.0,1019.9,144.0,2.0,,7.0,10,2.0,,8.0,,
2025-11-12 08:00:00,351150400,ZIELONA GÓRA,2025,11,12,8,4.9,96,4.3,995.5,1019.4,154.0,3.0,,7.0,10,2.0,,8.0,,
2025-11-12 09:00:00,351150400,ZIELONA GÓRA,2025,11,12,9,5.8,93,4.8,995.4,1019.2,148.0,3.0,,3.0,10,1.0,,8.0,,
2025-11-12 10:00:00,351150400,ZIELONA GÓRA,2025,11,12,10,8.3,85,5.9,995.6,1019.2,164.0,3.0,,7.0,3,1.0,,8.0,,
2025-11-12 11:00:00,351150400,ZIELONA GÓRA,2025,11,12,11,9.7,79,6.2,995.2,1018.6,167.0,3.0,,7.0,3,2.0,,8.0,,
2025-11-12 12:00:00,351150400,ZIELONA GÓRA,2025,11,12,12,10.8,75,6.5,994.7,1018.0,177.0,3.0,,7.0,1,1.0,,9.0,,
2025-11-12 13:00:00,351150400,ZIELONA GÓRA,2025,11,12,13,10.7,76,6.6,994.2,1017.5,173.0,3.0,,7.0,2,2.0,,8.0,,
2025-11-12 14:00:00,351150400,ZIELONA GÓRA,2025,11,12,14,10.9,74,6.4,994.0,1017.3,173.0,3.0,,8.0,3,2.0,,8.0,,
2025-11-12 15:00:00,351150400,ZIELONA GÓRA,2025,11,12,15,9.9,80,6.6,993.5,1016.9,155.0,2.0,,7.0,3,2.0,,8.0,,
2025-11-12 16:00:00,351150400,ZIELONA GÓRA,2025,11,12,16,8.7,82,5.8,993.1,1016.6,160.0,3.0,,7.0,1,2.0,,8.0,,
2025-11-12 17:00:00,351150400,ZIELONA GÓRA,2025,11,12,17,8.9,77,5.1,993.0,1016.4,155.0,3.0,,7.0,3,2.0,,8.0,,
2025-11-12 18:00:00,351150400,ZIELONA GÓRA,2025,11,12,18,8.5,80,5.2,992.7,1016.2,161.0,3.0,,7.0,3,2.0,,9.0,,
2025-11-12 19:00:00,351150400,ZIELONA GÓRA,2025,11,12,19,8.0,80,4.8,992.2,1015.7,167.0,3.0,,7.0,1,2.0,,8.0,,
2025-11-12 20:00:00,351150400,ZIELONA GÓRA,2025,11,12,20,8.3,79,4.9,991.8,1015.3,174.0,4.0,,7.0,1,2.0,,8.0,,
2025-11-12 21:00:00,351150400,ZIELONA GÓRA,2025,11,12,21,8.5,79,5.1,991.7,1015.2,181.0,4.0,,7.0,1,2.0,,8.0,,
2025-11-12 22:00:00,351150400,ZIELONA GÓRA,2025,11,12,22,8.6,79,5.2,991.7,1015.1,178.0,3.0,,,0,,,8.0,,
2025-11-12 23:00:00,351150400,ZIELONA GÓRA,2025,11,12,23,8.8,79,5.4,991.4,1014.8,176.0,3.0,,,0,,,8.0,,
2025-11-13 00:00:00,351150400,ZIELONA GÓRA,2025,11,13,0,8.3,81,5.2,991.1,1014.6,184.0,3.0,,,0,,,9.0,,
2025-11-13 01:00:00,351150400,ZIELONA GÓRA,2025,11,13,1,7.6,85,5.2,990.9,1014.4,167.0,3.0,,,0,,,8.0,,
2025-11-13 02:00:00,351150400,ZIELONA GÓRA,2025,11,13,2,7.4,85,5.0,990.5,1014.0,170.0,3.0,,,0,,,8.0,,
2025-11-13 03:00:00,351150400,ZIELONA GÓRA,2025,11,13,3,7.2,85,4.8,990.0,1013.5,178.0,3.0,,,0,,,8.0,,
2025-11-13 04:00:00,351150400,ZIELONA GÓRA,2025,11,13,4,6.8,86,4.6,989.9,1013.5,172.0,3.0,,,0,,,8.0,,
2025-11-13 05:00:00,351150400,ZIELONA GÓRA,2025,11,13,5,6.7,84,4.2,989.8,1013.4,174.0,4.0,,,0,,,8.0,,
2025-11-13 06:00:00,351150400,ZIELONA GÓRA,2025,11,13,6,6.8,82,3.9,989.7,1013.2,173.0,4.0,,7.0,0,,,9.0,,
2025-11-13 07:00:00,351150400,ZIELONA GÓRA,2025,11,13,7,6.6,84,4.1,989.6,1013.2,165.0,3.0,,8.0,3,2.0,,8.0,,
2025-11-13 08:00:00,351150400,ZIELONA GÓRA,2025,11,13,8,7.4,80,4.2,989.6,1013.1,164.0,4.0,,8.0,2,2.0,,8.0,,
2025-11-13 09:00:00,351150400,ZIELONA GÓRA,2025,11,13,9,8.7,75,4.5,989.6,1013.0,171.0,4.0,,7.0,1,2.0,,8.0,,
2025-11-13 10:00:00,351150400,ZIELONA GÓRA,2025,11,13,10,11.0,66,4.9,989.2,1012.4,184.0,4.0,,8.0,3,2.0,,8.0,,
2025-11-13 11:00:00,351150400,ZIELONA GÓRA,2025,11,13,11,12.9,60,5.3,989.0,1012.0,196.0,5.0,,8.0,2,2.0,,8.0,,
2025-11-13 12:00:00,351150400,ZIELONA GÓRA,2025,11,13,12,13.2,58,5.1,988.6,1011.6,197.0,4.0,,8.0,2,2.0,,9.0,,
2025-11-13 13:00:00,351150400,ZIELONA GÓRA,2025,11,13,13,13.0,59,5.2,988.7,1011.7,194.0,5.0,,8.0,3,2.0,,8.0,,
2025-11-13 14:00:00,351150400,ZIELONA GÓRA,2025,11,13,14,12.4,62,5.3,988.8,1011.9,202.0,4.0,,8.0,3,2.0,,8.0,,
2025-11-13 15:00:00,351150400,ZIELONA GÓRA,2025,11,13,15,11.2,65,4.9,989.0,1012.2,205.0,4.0,,8.0,1,2.0,,8.0,,
2025-11-13 16:00:00,351150400,ZIELONA GÓRA,2025,11,13,16,10.5,68,4.8,989.3,1012.5,205.0,4.0,,8.0,2,2.0,,8.0,,
2025-11-13 17:00:00,351150400,ZIELONA GÓRA,2025,11,13,17,9.6,71,4.6,989.3,1012.6,196.0,4.0,,8.0,1,2.0,,8.0,,
2025-11-13 18:00:00,351150400,ZIELONA GÓRA,2025,11,13,18,9.8,69,4.4,989.9,1013.2,203.0,4.0,,7.0,1,2.0,,9.0,,
2025-11-13 19:00:00,351150400,ZIELONA GÓRA,2025,11,13,19,10.0,69,4.6,990.0,1013.3,209.0,4.0,,7.0,3,2.0,,8.0,,
2025-11-13 20:00:00,351150400,ZIELONA GÓRA,2025,11,13,20,9.8,71,4.8,990.5,1013.8,204.0,3.0,,7.0,1,2.0,,8.0,,
2025-11-13 21:00:00,351150400,ZIELONA GÓRA,2025,11,13,21,9.7,72,4.9,990.8,1014.1,201.0,3.0,,7.0,3,2.0,,8.0,,
2025-11-13 22:00:00,351150400,ZIELONA GÓRA,2025,11,13,22,9.0,75,4.8,990.8,1014.2,198.0,3.0,,,0,,,8.0,,
2025-11-13 23:00:00,351150400,ZIELONA GÓRA,2025,11,13,23,9.3,73,4.7,990.6,1014.0,201.0,3.0,,,0,,,8.0,,
2025-11-14 00:00:00,351150400,ZIELONA GÓRA,2025,11,14,0,9.0,74,4.6,990.1,1013.5,197.0,3.0,,,0,,,9.0,,
2025-11-14 01:00:00,351150400,ZIELONA GÓRA,2025,11,14,1,9.2,74,4.8,990.2,1013.6,192.0,2.0,,,0,,,8.0,,
2025-11-14 02:00:00,351150400,ZIELONA GÓRA,2025,11,14,2,8.5,78,4.9,990.0,1013.4,166.0,2.0,,,0,,,8.0,,
2025-11-14 03:00:00,351150400,ZIELONA GÓRA,2025,11,14,3,8.5,77,4.7,989.4,1012.8,174.0,2.0,,,0,,,8.0,,
2025-11-14 04:00:00,351150400,ZIELONA GÓRA,2025,11,14,4,8.4,78,4.8,989.2,1012.6,164.0,2.0,,,0,,,8.0,,
2025-11-14 05:00:00,351150400,ZIELONA GÓRA,2025,11,14,5,8.2,79,4.8,988.8,1012.2,155.0,2.0,,,0,,,8.0,,
2025-11-14 06:00:00,351150400,ZIELONA GÓRA,2025,11,14,6,8.4,75,4.2,988.8,1012.2,188.0,2.0,,7.0,0,,,9.0,,
2025-11-14 07:00:00,351150400,ZIELONA GÓRA,2025,11,14,7,8.9,73,4.3,989.1,1012.5,173.0,3.0,,7.0,3,2.0,,8.0,,
2025-11-14 08:00:00,351150400,ZIELONA GÓRA,2025,11,14,8,9.7,71,4.7,988.7,1012.0,164.0,2.0,,7.0,3,2.0,,8.0,,
2025-11-14 09:00:00,351150400,ZIELONA GÓRA,2025,11,14,9,10.0,69,4.6,987.6,1010.8,141.0,2.0,,7.0,3,2.0,,8.0,,
2025-11-14 10:00:00,351150400,ZIELONA GÓRA,2025,11,14,10,10.7,64,4.2,987.7,1010.9,177.0,4.0,,7.0,1,2.0,,8.0,,
2025-11-14 11:00:00,351150400,ZIELONA GÓRA,2025,11,14,11,11.2,64,4.6,986.9,1010.0,169.0,2.0,,8.0,3,2.0,,8.0,,
2025-11-14 12:00:00,351150400,ZIELONA GÓRA,2025,11,14,12,11.2,65,4.9,986.2,1009.3,158.0,2.0,,8.0,1,2.0,,9.0,,
2025-11-14 13:00:00,351150400,ZIELONA GÓRA,2025,11,14,13,12.0,63,5.2,985.6,1008.6,161.0,3.0,,8.0,1,2.0,,8.0,,
2025-11-14 14:00:00,351150400,ZIELONA GÓRA,2025,11,14,14,11.8,65,5.4,985.3,1008.3,167.0,3.0,,8.0,3,2.0,,8.0,,
2025-11-14 15:00:00,351150400,ZIELONA GÓRA,2025,11,14,15,11.4,62,4.4,984.7,1007.7,171.0,4.0,,8.0,1,2.0,,8.0,,
2025-11-14 16:00:00,351150400,ZIELONA GÓRA,2025,11,14,16,10.9,60,3.4,984.7,1007.8,189.0,1.0,,8.0,3,2.0,,8.0,,
2025-11-14 17:00:00,351150400,ZIELONA GÓRA,2025,11,14,17,10.7,60,3.2,985.5,1008.6,254.0,2.0,,8.0,3,2.0,,8.0,,
2025-11-14 18:00:00,351150400,ZIELONA GÓRA,2025,11,14,18,10.2,63,3.5,985.5,1008.7,213.0,2.0,,8.0,3,2.0,,9.0,,
2025-11-14 19:00:00,351150400,ZIELONA GÓRA,2025,11,14,19,9.8,66,3.7,985.7,1008.9,252.0,2.0,,8.0,2,2.0,,8.0,,
2025-11-14 20:00:00,351150400,ZIELONA GÓRA,2025,11,14,20,9.5,67,3.7,986.1,1009.3,300.0,1.0,,8.0,2,2.0,,8.0,,
2025-11-14 21:00:00,351150400,ZIELONA GÓRA,2025,11,14,21,9.4,68,3.8,986.6,1009.9,263.0,1.0,,8.0,60,2.0,,8.0,,
2025-11-14 22:00:00,351150400,ZIELONA GÓRA,2025,11,14,22,9.4,69,4.0,986.6,1009.9,282.0,1.0,,,0,,,8.0,,
2025-11-14 23:00:00,351150400,ZIELONA GÓRA,2025,11,14,23,8.7,73,4.1,987.6,1010.9,316.0,2.0,,,0,,,8.0,,
2025-11-15 00:00:00,351150400,ZIELONA GÓRA,2025,11,15,0,7.7,92,6.5,988.5,1011.9,359.0,2.0,,,10,,,9.0,,
2025-11-15 01:00:00,351150400,ZIELONA GÓRA,2025,11,15,1,7.8,97,7.4,989.0,1012.4,356.0,2.0,,,34,,,8.0,,
2025-11-15 02:00:00,351150400,ZIELONA GÓRA,2025,11,15,2,6.5,98,6.2,989.7,1013.3,18.0,2.0,,,51,,,8.0,,
2025-11-15 03:00:00,351150400,ZIELONA GÓRA,2025,11,15,3,5.6,97,5.2,990.6,1014.3,43.0,3.0,,,51,,,8.0,,
2025-11-15 04:00:00,351150400,ZIELONA GÓRA,2025,11,15,4,5.3,96,4.7,991.2,1014.9,42.0,3.0,,,61,,,8.0,,
2025-11-15 05:00:00,351150400,ZIELONA GÓRA,2025,11,15,5,5.1,95,4.4,992.0,1015.8,58.0,4.0,,,61,,,8.0,,
2025-11-15 06:00:00,351150400,ZIELONA GÓRA,2025,11,15,6,4.8,95,4.1,992.9,1016.7,60.0,3.0,,8.0,61,,2.0,,6.0,
2025-11-15 07:00:00,351150400,ZIELONA GÓRA,2025,11,15,7,4.7,95,4.0,993.8,1017.6,58.0,4.0,,8.0,61,6.0,,8.0,,
2025-11-15 08:00:00,351150400,ZIELONA GÓRA,2025,11,15,8,4.7,96,4.1,994.0,1017.8,55.0,4.0,,8.0,61,6.0,,8.0,,
2025-11-15 09:00:00,351150400,ZIELONA GÓRA,2025,11,15,9,4.8,94,3.9,994.5,1018.3,66.0,4.0,,8.0,63,6.0,,8.0,,
2025-11-15 10:00:00,351150400,ZIELONA GÓRA,2025,11,15,10,4.9,93,3.9,995.0,1018.8,85.0,3.0,9.0,8.0,60,6.0,,8.0,,
2025-11-15 11:00:00,351150400,ZIELONA GÓRA,2025,11,15,11,4.7,93,3.7,994.7,1018.5,75.0,3.0,,8.0,21,2.0,,8.0,,
2025-11-15 12:00:00,351150400,ZIELONA GÓRA,2025,11,15,12,4.4,91,3.1,994.4,1018.3,77.0,2.0,,8.0,61,6.0,2.7,,6.0,
2025-11-15 13:00:00,351150400,ZIELONA GÓRA,2025,11,15,13,4.3,91,3.0,993.3,1017.2,87.0,3.0,8.0,8.0,21,6.0,,8.0,,
2025-11-15 14:00:00,351150400,ZIELONA GÓRA,2025,11,15,14,4.2,93,3.2,993.1,1017.0,87.0,3.0,,8.0,80,8.0,,8.0,,
2025-11-15 15:00:00,351150400,ZIELONA GÓRA,2025,11,15,15,4.3,94,3.4,992.3,1016.1,80.0,2.0,,8.0,25,6.0,,8.0,,
2025-11-15 16:00:00,351150400,ZIELONA GÓRA,2025,11,15,16,4.3,94,3.4,992.3,1016.1,82.0,3.0,,8.0,3,2.0,,8.0,,
2025-11-15 17:00:00,351150400,ZIELONA GÓRA,2025,11,15,17,4.2,95,3.5,992.4,1016.2,86.0,2.0,,8.0,61,6.0,,8.0,,
2025-11-15 18:00:00,351150400,ZIELONA GÓRA,2025,11,15,18,3.6,94,2.7,992.5,1016.4,84.0,3.0,,8.0,61,8.0,0.5,,6.0,
2025-11-15 19:00:00,351150400,ZIELONA GÓRA,2025,11,15,19,3.6,95,2.9,991.9,1015.8,100.0,3.0,,8.0,61,6.0,,8.0,,
2025-11-15 20:00:00,351150400,ZIELONA GÓRA,2025,11,15,20,3.6,96,3.0,991.7,1015.6,100.0,3.0,,8.0,61,6.0,,8.0,,
2025-11-15 21:00:00,351150400,ZIELONA GÓRA,2025,11,15,21,3.6,96,3.0,990.8,1014.7,117.0,4.0,,8.0,61,6.0,,8.0,,
2025-11-15 22:00:00,351150400,ZIELONA GÓRA,2025,11,15,22,3.6,97,3.2,990.0,1013.8,125.0,4.0,,,61,,,8.0,,
2025-11-15 23:00:00,351150400,ZIELONA GÓRA,2025,11,15,23,3.7,97,3.3,989.2,1013.0,126.0,4.0,,,61,,,8.0,,
2025-11-16 00:00:00,351150400,ZIELONA GÓRA,2025,11,16,0,3.7,97,3.3,988.6,1012.4,124.0,4.0,,,61,,1.0,,,
2025-11-16 01:00:00,351150400,ZIELONA GÓRA,2025,11,16,1,3.8,98,3.5,987.7,1011.5,121.0,4.0,,,61,,,8.0,,
2025-11-16 02:00:00,351150400,ZIELONA GÓRA,2025,11,16,2,4.0,98,3.7,986.9,1010.6,136.0,4.0,,,33,,,8.0,,
2025-11-16 03:00:00,351150400,ZIELONA GÓRA,2025,11,16,3,4.2,98,3.9,986.5,1010.2,128.0,2.0,,,33,,,8.0,,
2025-11-16 04:00:00,351150400,ZIELONA GÓRA,2025,11,16,4,4.3,98,4.0,985.9,1009.6,130.0,3.0,,,33,,,8.0,,
2025-11-16 05:00:00,351150400,ZIELONA GÓRA,2025,11,16,5,4.5,98,4.2,985.5,1009.1,141.0,2.0,,,33,,,8.0,,
2025-11-16 06:00:00,351150400,ZIELONA GÓRA,2025,11,16,6,4.7,98,4.4,984.4,1008.0,137.0,4.0,,9.0,45,,0.3,,6.0,
2025-11-16 07:00:00,351150400,ZIELONA GÓRA,2025,11,16,7,5.0,98,4.7,984.5,1008.1,171.0,3.0,,9.0,43,4.0,,8.0,,
2025-11-16 08:00:00,351150400,ZIELONA GÓRA,2025,11,16,8,6.0,98,5.7,984.2,1007.7,167.0,3.0,,7.0,28,4.0,,8.0,,
2025-11-16 09:00:00,351150400,ZIELONA GÓRA,2025,11,16,9,6.4,98,6.1,983.8,1007.2,170.0,3.0,,7.0,25,8.0,,8.0,,
2025-11-16 10:00:00,351150400,ZIELONA GÓRA,2025,11,16,10,7.2,97,6.8,983.2,1006.6,175.0,3.0,,7.0,10,2.0,,8.0,,
2025-11-16 11:00:00,351150400,ZIELONA GÓRA,2025,11,16,11,7.9,93,6.8,982.5,1005.8,189.0,3.0,,7.0,10,2.0,,8.0,,
2025-11-16 12:00:00,351150400,ZIELONA GÓRA,2025,11,16,12,9.6,87,7.5,981.7,1004.8,193.0,3.0,,7.0,1,8.0,0.0,,6.0,
2025-11-16 13:00:00,351150400,ZIELONA GÓRA,2025,11,16,13,11.3,81,8.2,981.2,1004.2,198.0,3.0,,5.0,3,2.0,,8.0,,
2025-11-16 14:00:00,351150400,ZIELONA GÓRA,2025,11,16,14,10.8,83,8.0,981.0,1004.0,219.0,3.0,,7.0,3,2.0,,8.0,,
2025-11-16 15:00:00,351150400,ZIELONA GÓRA,2025,11,16,15,10.4,85,8.0,980.7,1003.7,222.0,2.0,,7.0,3,2.0,,8.0,,
2025-11-16 16:00:00,351150400,ZIELONA GÓRA,2025,11,16,16,10.1,86,7.9,980.7,1003.8,197.0,3.0,,7.0,2,2.0,,8.0,,
2025-11-16 17:00:00,351150400,ZIELONA GÓRA,2025,11,16,17,8.8,88,6.9,980.6,1003.8,197.0,3.0,,8.0,3,2.0,,8.0,,
2025-11-16 18:00:00,351150400,ZIELONA GÓRA,2025,11,16,18,8.4,91,7.0,980.3,1003.5,216.0,3.0,,8.0,25,2.0,0.0,,6.0,
2025-11-16 19:00:00,351150400,ZIELONA GÓRA,2025,11,16,19,8.0,94,7.1,980.1,1003.3,206.0,3.0,,8.0,10,2.0,,8.0,,
2025-11-16 20:00:00,351150400,ZIELONA GÓRA,2025,11,16,20,7.9,97,7.5,980.6,1003.8,269.0,3.0,,8.0,61,6.0,,8.0,,
2025-11-16 21:00:00,351150400,ZIELONA GÓRA,2025,11,16,21,6.2,97,5.8,980.6,1004.0,313.0,3.0,,8.0,61,6.0,,8.0,,
2025-11-16 22:00:00,351150400,ZIELONA GÓRA,2025,11,16,22,5.0,97,4.6,981.0,1004.5,299.0,4.0,,,51,,,8.0,,
2025-11-16 23:00:00,351150400,ZIELONA GÓRA,2025,11,16,23,4.5,97,4.1,981.0,1004.5,317.0,4.0,,,51,,,8.0,,
2025-11-17 00:00:00,351150400,ZIELONA GÓRA,2025,11,17,0,4.4,97,4.0,980.8,1004.3,304.0,2.0,,,23,,0.8,,,
2025-11-17 01:00:00,351150400,ZIELONA GÓRA,2025,11,17,1,4.1,96,3.5,981.0,1004.6,313.0,3.0,,,81,,,8.0,,
2025-11-17 02:00:00,351150400,ZIELONA GÓRA,2025,11,17,2,3.8,96,3.2,980.5,1004.1,308.0,2.0,,,61,,,8.0,,
2025-11-17 03:00:00,351150400,ZIELONA GÓRA,2025,11,17,3,3.7,96,3.1,981.4,1005.0,249.0,2.0,,,61,,,8.0,,
2025-11-17 04:00:00,351150400,ZIELONA GÓRA,2025,11,17,4,3.7,96,3.1,980.8,1004.4,282.0,3.0,,,23,,,8.0,,
2025-11-17 05:00:00,351150400,ZIELONA GÓRA,2025,11,17,5,3.5,96,2.9,980.6,1004.2,284.0,3.0,,,10,,,8.0,,
2025-11-17 06:00:00,351150400,ZIELONA GÓRA,2025,11,17,6,3.3,96,2.7,980.7,1004.3,278.0,2.0,,8.0,10,,1.0,,6.0,
2025-11-17 07:00:00,351150400,ZIELONA GÓRA,2025,11,17,7,3.2,95,2.5,980.7,1004.3,277.0,2.0,,8.0,10,2.0,,8.0,,
2025-11-17 08:00:00,351150400,ZIELONA GÓRA,2025,11,17,8,3.3,94,2.4,981.0,1004.6,260.0,2.0,,7.0,10,2.0,,8.0,,
2025-11-17 09:00:00,351150400,ZIELONA GÓRA,2025,11,17,9,3.6,89,2.0,981.1,1004.7,273.0,2.0,,7.0,1,2.0,,8.0,,
2025-11-17 10:00:00,351150400,ZIELONA GÓRA,2025,11,17,10,3.7,86,1.6,981.0,1004.6,262.0,2.0,,7.0,1,2.0,,8.0,,
2025-11-17 11:00:00,351150400,ZIELONA GÓRA,2025,11,17,11,3.9,89,2.3,980.6,1004.2,257.0,2.0,,8.0,3,2.0,,8.0,,
2025-11-17 12:00:00,351150400,ZIELONA GÓRA,2025,11,17,12,4.1,92,2.9,980.7,1004.3,281.0,3.0,,8.0,3,2.0,,9.0,,
2025-11-17 13:00:00,351150400,ZIELONA GÓRA,2025,11,17,13,3.5,96,2.9,980.8,1004.4,294.0,3.0,,8.0,60,6.0,,8.0,,
2025-11-17 14:00:00,351150400,ZIELONA GÓRA,2025,11,17,14,3.3,96,2.7,981.7,1005.4,317.0,3.0,,8.0,21,6.0,,8.0,,
2025-11-17 15:00:00,351150400,ZIELONA GÓRA,2025,11,17,15,2.8,94,1.9,982.7,1006.4,317.0,3.0,,7.0,1,6.0,,8.0,,
2025-11-17 16:00:00,351150400,ZIELONA GÓRA,2025,11,17,16,2.7,91,1.4,983.6,1007.4,288.0,3.0,,7.0,1,2.0,,8.0,,
2025-11-17 17:00:00,351150400,ZIELONA GÓRA,2025,11,17,17,2.7,93,1.7,985.0,1008.8,274.0,3.0,,7.0,3,2.0,,8.0,,
2025-11-17 18:00:00,351150400,ZIELONA GÓRA,2025,11,17,18,2.4,96,1.8,986.1,1009.9,280.0,3.0,,7.0,3,6.0,0.1,,6.0,
2025-11-17 19:00:00,351150400,ZIELONA GÓRA,2025,11,17,19,2.2,95,1.5,987.2,1011.1,282.0,3.0,,7.0,2,2.0,,8.0,,
2025-11-17 20:00:00,351150400,ZIELONA GÓRA,2025,11,17,20,1.7,95,1.0,987.9,1011.8,289.0,4.0,,7.0,2,2.0,,8.0,,
2025-11-17 21:00:00,351150400,ZIELONA GÓRA,2025,11,17,21,1.4,96,0.8,988.6,1012.6,288.0,3.0,,7.0,2,2.0,,8.0,,
2025-11-17 22:00:00,351150400,ZIELONA GÓRA,2025,11,17,22,1.0,95,0.3,989.4,1013.4,284.0,3.0,,,0,,,8.0,,
2025-11-17 23:00:00,351150400,ZIELONA GÓRA,2025,11,17,23,0.5,94,-0.4,990.1,1014.2,279.0,3.0,,,0,,,8.0,,
2025-11-18 00:00:00,351150400,ZIELONA GÓRA,2025,11,18,0,0.2,94,-0.7,990.5,1014.6,268.0,3.0,,,0,,,9.0,,
2025-11-18 01:00:00,351150400,ZIELONA GÓRA,2025,11,18,1,0.1,94,-0.8,990.9,1015.1,265.0,3.0,,,0,,,8.0,,
2025-11-18 02:00:00,351150400,ZIELONA GÓRA,2025,11,18,2,0.1,96,-0.5,991.3,1015.5,255.0,4.0,,,0,,,8.0,,
2025-11-18 03:00:00,351150400,ZIELONA GÓRA,2025,11,18,3,0.1,95,-0.6,991.7,1015.9,245.0,3.0,,,0,,,8.0,,
2025-11-18 04:00:00,351150400,ZIELONA GÓRA,2025,11,18,4,0.0,93,-1.0,991.8,1016.0,246.0,4.0,,,0,,,8.0,,
2025-11-18 05:00:00,351150400,ZIELONA GÓRA,2025,11,18,5,-0.2,94,-1.0,991.8,1016.0,229.0,3.0,,,0,,,8.0,,
2025-11-18 06:00:00,351150400,ZIELONA GÓRA,2025,11,18,6,0.0,94,-0.9,991.9,1016.1,227.0,4.0,,7.0,0,,,9.0,,
2025-11-18 07:00:00,351150400,ZIELONA GÓRA,2025,11,18,7,0.5,92,-0.6,992.4,1016.6,232.0,3.0,,6.0,1,2.0,,8.0,,
2025-11-18 08:00:00,351150400,ZIELONA GÓRA,2025,11,18,8,1.0,91,-0.3,992.5,1016.6,231.0,4.0,,6.0,3,2.0,,8.0,,
2025-11-18 09:00:00,351150400,ZIELONA GÓRA,2025,11,18,9,2.2,88,0.4,992.6,1016.6,236.0,4.0,,7.0,3,2.0,,8.0,,
2025-11-18 10:00:00,351150400,ZIELONA GÓRA,2025,11,18,10,2.8,86,0.7,992.8,1016.8,236.0,4.0,9.0,7.0,3,2.0,,8.0,,
2025-11-18 11:00:00,351150400,ZIELONA GÓRA,2025,11,18,11,3.0,85,0.7,992.7,1016.7,226.0,4.0,,7.0,3,2.0,,8.0,,
2025-11-18 12:00:00,351150400,ZIELONA GÓRA,2025,11,18,12,3.4,84,1.0,992.3,1016.2,237.0,4.0,,7.0,2,2.0,,9.0,,
2025-11-18 13:00:00,351150400,ZIELONA GÓRA,2025,11,18,13,3.7,84,1.2,991.9,1015.8,236.0,4.0,9.0,7.0,25,2.0,,8.0,,
2025-11-18 14:00:00,351150400,ZIELONA GÓRA,2025,11,18,14,3.6,85,1.3,991.6,1015.5,230.0,4.0,,7.0,25,2.0,,8.0,,
2025-11-18 15:00:00,351150400,ZIELONA GÓRA,2025,11,18,15,3.6,84,1.1,991.2,1015.1,229.0,3.0,,7.0,1,8.0,,8.0,,
2025-11-18 16:00:00,351150400,ZIELONA GÓRA,2025,11,18,16,3.6,82,0.8,991.1,1015.0,228.0,3.0,,7.0,1,2.0,,8.0,,
2025-11-18 17:00:00,351150400,ZIELONA GÓRA,2025,11,18,17,3.5,82,0.7,990.9,1014.8,216.0,4.0,,7.0,1,2.0,,8.0,,
2025-11-18 18:00:00,351150400,ZIELONA GÓRA,2025,11,18,18,3.4,82,0.6,990.9,1014.8,231.0,4.0,,7.0,3,8.0,0.0,,6.0,
2025-11-18 19:00:00,351150400,ZIELONA GÓRA,2025,11,18,19,3.3,84,0.9,990.7,1014.6,224.0,3.0,,7.0,25,2.0,,8.0,,
2025-11-18 20:00:00,351150400,ZIELONA GÓRA,2025,11,18,20,2.8,85,0.5,990.6,1014.5,209.0,3.0,,7.0,1,2.0,,8.0,,
2025-11-18 21:00:00,351150400,ZIELONA GÓRA,2025,11,18,21,2.6,85,0.3,990.3,1014.2,199.0,3.0,,7.0,3,8.0,,8.0,,
2025-11-18 22:00:00,351150400,ZIELONA GÓRA,2025,11,18,22,2.6,82,-0.2,989.9,1013.8,202.0,4.0,,,0,,,8.0,,
2025-11-18 23:00:00,351150400,ZIELONA GÓRA,2025,11,18,23,2.1,82,-0.7,989.6,1013.6,203.0,3.0,,,0,,,8.0,,
2025-11-19 00:00:00,351150400,ZIELONA GÓRA,2025,11,19,0,1.5,86,-0.6,989.1,1013.1,199.0,3.0,,,0,,0.0,,,
2025-11-19 01:00:00,351150400,ZIELONA GÓRA,2025,11,19,1,0.9,87,-1.0,988.8,1012.8,191.0,3.0,,,0,,,8.0,,
2025-11-19 02:00:00,351150400,ZIELONA GÓRA,2025,11,19,2,0.5,88,-1.3,988.4,1012.5,182.0,3.0,,,0,,,8.0,,
2025-11-19 03:00:00,351150400,ZIELONA GÓRA,2025,11,19,3,0.3,87,-1.6,987.8,1011.9,183.0,3.0,,,0,,,8.0,,
2025-11-19 04:00:00,351150400,ZIELONA GÓRA,2025,11,19,4,0.0,86,-2.1,987.4,1011.5,183.0,3.0,,,0,,,8.0,,
2025-11-19 05:00:00,351150400,ZIELONA GÓRA,2025,11,19,5,-0.1,84,-2.5,987.1,1011.2,185.0,3.0,,,0,,,8.0,,
2025-11-19 06:00:00,351150400,ZIELONA GÓRA,2025,11,19,6,0.2,80,-2.8,987.1,1011.2,196.0,4.0,,7.0,0,,,9.0,,
2025-11-19 07:00:00,351150400,ZIELONA GÓRA,2025,11,19,7,0.7,78,-2.7,987.4,1011.4,193.0,3.0,,7.0,3,2.0,,8.0,,
2025-11-19 08:00:00,351150400,ZIELONA GÓRA,2025,11,19,8,0.9,77,-2.7,987.5,1011.5,191.0,3.0,,7.0,2,2.0,,8.0,,
2025-11-19 09:00:00,351150400,ZIELONA GÓRA,2025,11,19,9,1.9,73,-2.4,987.3,1011.2,196.0,3.0,,2.0,1,1.0,,8.0,,
2025-11-19 10:00:00,351150400,ZIELONA GÓRA,2025,11,19,10,3.1,67,-2.4,986.9,1010.7,194.0,3.0,,1.0,1,0.0,,8.0,,
2025-11-19 11:00:00,351150400,ZIELONA GÓRA,2025,11,19,11,3.6,65,-2.4,986.1,1009.8,180.0,4.0,,2.0,3,0.0,,8.0,,
2025-11-19 12:00:00,351150400,ZIELONA GÓRA,2025,11,19,12,4.1,63,-2.3,985.6,1009.3,175.0,4.0,,1.0,1,1.0,,9.0,,
2025-11-19 13:00:00,351150400,ZIELONA GÓRA,2025,11,19,13,4.4,62,-2.3,985.1,1008.7,178.0,4.0,,1.0,1,0.0,,8.0,,
2025-11-19 14:00:00,351150400,ZIELONA GÓRA,2025,11,19,14,4.1,64,-2.1,984.6,1008.3,164.0,3.0,,1.0,2,0.0,,8.0,,
2025-11-19 15:00:00,351150400,ZIELONA GÓRA,2025,11,19,15,2.3,73,-2.0,984.5,1008.3,154.0,2.0,,5.0,3,1.0,,8.0,,
2025-11-19 16:00:00,351150400,ZIELONA GÓRA,2025,11,19,16,1.8,74,-2.3,984.3,1008.2,165.0,3.0,,7.0,3,2.0,,8.0,,
2025-11-19 17:00:00,351150400,ZIELONA GÓRA,2025,11,19,17,1.7,75,-2.3,983.9,1007.8,169.0,3.0,,7.0,83,2.0,,8.0,,
2025-11-19 18:00:00,351150400,ZIELONA GÓRA,2025,11,19,18,2.1,73,-2.2,983.5,1007.3,154.0,3.0,,8.0,26,1.0,0.0,,7.0,
2025-11-19 19:00:00,351150400,ZIELONA GÓRA,2025,11,19,19,1.8,72,-2.7,983.1,1006.9,142.0,2.0,,7.0,1,2.0,,8.0,,
2025-11-19 20:00:00,351150400,ZIELONA GÓRA,2025,11,19,20,1.9,70,-3.0,982.8,1006.6,142.0,2.0,,7.0,3,2.0,,8.0,,
2025-11-19 21:00:00,351150400,ZIELONA GÓRA,2025,11,19,21,1.3,72,-3.2,982.5,1006.4,141.0,2.0,,7.0,1,2.0,,8.0,,
2025-11-19 22:00:00,351150400,ZIELONA GÓRA,2025,11,19,22,0.4,78,-3.0,981.9,1005.8,139.0,3.0,,,0,,,8.0,,
2025-11-19 23:00:00,351150400,ZIELONA GÓRA,2025,11,19,23,0.2,77,-3.4,981.6,1005.5,142.0,2.0,,,0,,,8.0,,
2025-11-20 00:00:00,351150400,ZIELONA GÓRA,2025,11,20,0,0.1,77,-3.5,981.2,1005.1,132.0,3.0,,,0,,0.0,,,
2025-11-20 01:00:00,351150400,ZIELONA GÓRA,2025,11,20,1,-0.5,79,-3.7,980.7,1004.7,140.0,3.0,,,0,,,8.0,,
2025-11-20 02:00:00,351150400,ZIELONA GÓRA,2025,11,20,2,-0.8,80,-3.8,980.2,1004.2,144.0,3.0,,,0,,,8.0,,
2025-11-20 03:00:00,351150400,ZIELONA GÓRA,2025,11,20,3,-0.9,81,-3.8,979.8,1003.8,150.0,2.0,,,0,,,8.0,,
2025-11-20 04:00:00,351150400,ZIELONA GÓRA,2025,11,20,4,-0.4,79,-3.6,979.4,1003.3,142.0,3.0,,,0,,,8.0,,
2025-11-20 05:00:00,351150400,ZIELONA GÓRA,2025,11,20,5,0.1,77,-3.5,979.2,1003.1,147.0,3.0,,,0,,,8.0,,
2025-11-20 06:00:00,351150400,ZIELONA GÓRA,2025,11,20,6,0.2,79,-3.0,979.2,1003.1,149.0,2.0,,8.0,0,,,9.0,,
2025-11-20 07:00:00,351150400,ZIELONA GÓRA,2025,11,20,7,0.2,80,-2.8,979.3,1003.2,159.0,2.0,,7.0,1,2.0,,8.0,,
2025-11-20 08:00:00,351150400,ZIELONA GÓRA,2025,11,20,8,0.5,81,-2.4,979.6,1003.5,159.0,2.0,,7.0,3,2.0,,8.0,,
2025-11-20 09:00:00,351150400,ZIELONA GÓRA,2025,11,20,9,1.8,75,-2.2,979.9,1003.6,182.0,3.0,,7.0,1,2.0,,8.0,,
2025-11-20 10:00:00,351150400,ZIELONA GÓRA,2025,11,20,10,2.7,73,-1.7,980.0,1003.7,181.0,3.0,,7.0,1,2.0,,8.0,,
2025-11-20 11:00:00,351150400,ZIELONA GÓRA,2025,11,20,11,4.1,68,-1.3,980.1,1003.7,201.0,4.0,,7.0,3,2.0,,8.0,,
2025-11-20 12:00:00,351150400,ZIELONA GÓRA,2025,11,20,12,4.2,68,-1.2,980.4,1003.9,205.0,4.0,,8.0,3,2.0,,9.0,,
2025-11-20 13:00:00,351150400,ZIELONA GÓRA,2025,11,20,13,3.6,73,-0.8,980.6,1004.2,188.0,4.0,,8.0,25,2.0,,8.0,,
2025-11-20 14:00:00,351150400,ZIELONA GÓRA,2025,11,20,14,3.5,76,-0.3,981.3,1004.9,215.0,3.0,,7.0,25,2.0,,8.0,,
2025-11-20 15:00:00,351150400,ZIELONA GÓRA,2025,11,20,15,3.1,82,0.3,982.2,1005.9,223.0,3.0,,7.0,25,8.0,,8.0,,
2025-11-20 16:00:00,351150400,ZIELONA GÓRA,2025,11,20,16,2.4,84,0.0,983.6,1007.4,246.0,4.0,,7.0,80,8.0,,8.0,,
2025-11-20 17:00:00,351150400,ZIELONA GÓRA,2025,11,20,17,1.8,91,0.5,985.0,1008.9,249.0,3.0,,8.0,25,8.0,,8.0,,
2025-11-20 18:00:00,351150400,ZIELONA GÓRA,2025,11,20,18,2.1,87,0.2,986.0,1009.9,258.0,4.0,,7.0,1,8.0,0.1,,6.0,
2025-11-20 19:00:00,351150400,ZIELONA GÓRA,2025,11,20,19,1.8,84,-0.6,987.1,1011.0,257.0,3.0,,7.0,1,2.0,,8.0,,
2025-11-20 20:00:00,351150400,ZIELONA GÓRA,2025,11,20,20,1.7,82,-1.0,988.3,1012.3,270.0,3.0,8.0,7.0,3,2.0,,8.0,,
2025-11-20 21:00:00,351150400,ZIELONA GÓRA,2025,11,20,21,1.1,84,-1.3,989.2,1013.2,265.0,3.0,,7.0,25,2.0,,8.0,,
2025-11-20 22:00:00,351150400,ZIELONA GÓRA,2025,11,20,22,0.1,89,-1.5,989.7,1013.8,250.0,3.0,,,0,,,8.0,,
2025-11-20 23:00:00,351150400,ZIELONA GÓRA,2025,11,20,23,-0.5,89,-2.1,990.7,1014.9,244.0,3.0,,,0,,,8.0,,
2025-11-21 00:00:00,351150400,ZIELONA GÓRA,2025,11,21,0,-0.9,89,-2.5,990.9,1015.2,269.0,3.0,,,0,,0.0,,,
2025-11-21 01:00:00,351150400,ZIELONA GÓRA,2025,11,21,1,-1.3,90,-2.7,991.3,1015.6,263.0,2.0,,,0,,,8.0,,
2025-11-21 02:00:00,351150400,ZIELONA GÓRA,2025,11,21,2,-1.9,91,-3.2,991.9,1016.3,252.0,2.0,,,0,,,8.0,,
2025-11-21 03:00:00,351150400,ZIELONA GÓRA,2025,11,21,3,-1.9,92,-3.0,992.2,1016.6,267.0,2.0,,,0,,,8.0,,
2025-11-21 04:00:00,351150400,ZIELONA GÓRA,2025,11,21,4,-2.5,93,-3.5,992.8,1017.2,249.0,2.0,,,0,,,8.0,,
2025-11-21 05:00:00,351150400,ZIELONA GÓRA,2025,11,21,5,-2.3,92,-3.4,992.9,1017.3,274.0,2.0,,,0,,,8.0,,
2025-11-21 06:00:00,351150400,ZIELONA GÓRA,2025,11,21,6,-2.7,94,-3.5,994.0,1018.5,279.0,2.0,,1.0,0,,,9.0,,
2025-11-21 07:00:00,351150400,ZIELONA GÓRA,2025,11,21,7,-2.9,94,-3.7,994.9,1019.4,265.0,2.0,,2.0,10,0.0,,8.0,,
2025-11-21 08:00:00,351150400,ZIELONA GÓRA,2025,11,21,8,-2.5,93,-3.5,995.5,1020.0,277.0,2.0,,5.0,10,1.0,,8.0,,
2025-11-21 09:00:00,351150400,ZIELONA GÓRA,2025,11,21,9,-2.3,89,-3.9,995.9,1020.4,298.0,3.0,,1.0,10,1.0,,8.0,,
2025-11-21 10:00:00,351150400,ZIELONA GÓRA,2025,11,21,10,-1.1,82,-3.8,996.0,1020.4,294.0,3.0,,1.0,2,0.0,,8.0,,
2025-11-21 11:00:00,351150400,ZIELONA GÓRA,2025,11,21,11,0.3,77,-3.3,996.2,1020.5,289.0,3.0,,1.0,1,0.0,,8.0,,
2025-11-21 12:00:00,351150400,ZIELONA GÓRA,2025,11,21,12,1.0,74,-3.1,996.8,1021.0,291.0,3.0,,1.0,3,1.0,,9.0,,
2025-11-21 13:00:00,351150400,ZIELONA GÓRA,2025,11,21,13,1.1,74,-3.0,997.2,1021.4,285.0,3.0,,1.0,2,0.0,,8.0,,
2025-11-21 14:00:00,351150400,ZIELONA GÓRA,2025,11,21,14,0.5,78,-2.9,997.7,1022.0,279.0,3.0,,1.0,2,0.0,,8.0,,
2025-11-21 15:00:00,351150400,ZIELONA GÓRA,2025,11,21,15,-0.5,83,-3.0,998.3,1022.7,262.0,2.0,,1.0,3,0.0,,8.0,,
2025-11-21 16:00:00,351150400,ZIELONA GÓRA,2025,11,21,16,-0.8,85,-3.0,998.8,1023.2,277.0,2.0,,1.0,1,0.0,,8.0,,
2025-11-21 17:00:00,351150400,ZIELONA GÓRA,2025,11,21,17,-0.9,85,-3.1,999.6,1024.1,300.0,3.0,,1.0,2,0.0,,8.0,,
2025-11-21 18:00:00,351150400,ZIELONA GÓRA,2025,11,21,18,-1.4,87,-3.3,999.8,1024.3,306.0,3.0,,3.0,1,0.0,,9.0,,
2025-11-21 19:00:00,351150400,ZIELONA GÓRA,2025,11,21,19,-1.7,87,-3.6,1000.6,1025.2,290.0,2.0,,5.0,3,1.0,,8.0,,
2025-11-21 20:00:00,351150400,ZIELONA GÓRA,2025,11,21,20,-1.9,88,-3.6,1001.0,1025.6,298.0,3.0,,5.0,1,2.0,,8.0,,
2025-11-21 21:00:00,351150400,ZIELONA GÓRA,2025,11,21,21,-2.6,91,-3.9,1001.1,1025.8,292.0,2.0,,1.0,1,1.0,,8.0,,
2025-11-21 22:00:00,351150400,ZIELONA GÓRA,2025,11,21,22,-2.7,92,-3.8,1001.8,1026.5,275.0,2.0,,,0,,,8.0,,
2025-11-21 23:00:00,351150400,ZIELONA GÓRA,2025,11,21,23,-2.9,92,-4.0,1002.0,1026.7,295.0,2.0,,,0,,,8.0,,
2025-11-22 00:00:00,351150400,ZIELONA GÓRA,2025,11,22,0,-3.1,91,-4.4,1002.0,1026.7,297.0,3.0,,,0,,,9.0,,
2025-11-22 01:00:00,351150400,ZIELONA GÓRA,2025,11,22,1,-3.3,92,-4.4,1002.1,1026.8,299.0,2.0,,,0,,,8.0,,
2025-11-22 02:00:00,351150400,ZIELONA GÓRA,2025,11,22,2,-3.6,93,-4.6,1002.4,1027.2,275.0,1.0,,,0,,,8.0,,
2025-11-22 03:00:00,351150400,ZIELONA GÓRA,2025,11,22,3,-3.6,93,-4.6,1002.5,1027.3,283.0,2.0,,,0,,,8.0,,
2025-11-22 04:00:00,351150400,ZIELONA GÓRA,2025,11,22,4,-3.7,93,-4.7,1002.7,1027.5,283.0,2.0,,,0,,,8.0,,
2025-11-22 05:00:00,351150400,ZIELONA GÓRA,2025,11,22,5,-3.9,94,-4.7,1003.0,1027.8,270.0,2.0,,,10,,,8.0,,
2025-11-22 06:00:00,351150400,ZIELONA GÓRA,2025,11,22,6,-3.9,95,-4.6,1003.4,1028.2,273.0,2.0,,1.0,10,,,9.0,,
2025-11-22 07:00:00,351150400,ZIELONA GÓRA,2025,11,22,7,-3.9,93,-4.9,1003.8,1028.6,278.0,2.0,,1.0,10,0.0,,8.0,,
2025-11-22 08:00:00,351150400,ZIELONA GÓRA,2025,11,22,8,-3.8,87,-5.6,1004.0,1028.8,207.0,1.0,,1.0,10,0.0,,8.0,,
2025-11-22 09:00:00,351150400,ZIELONA GÓRA,2025,11,22,9,-2.5,85,-4.7,1004.1,1028.8,218.0,1.0,,1.0,10,0.0,,8.0,,
2025-11-22 10:00:00,351150400,ZIELONA GÓRA,2025,11,22,10,-3.2,91,-4.5,1004.2,1029.0,199.0,2.0,,3.0,10,0.0,,8.0,,
2025-11-22 11:00:00,351150400,ZIELONA GÓRA,2025,11,22,11,-3.2,93,-4.2,1003.7,1028.5,213.0,2.0,,6.0,10,1.0,,8.0,,
2025-11-22 12:00:00,351150400,ZIELONA GÓRA,2025,11,22,12,-3.1,92,-4.2,1003.3,1028.1,275.0,1.0,,7.0,10,1.0,0.2,,5.0,
2025-11-22 13:00:00,351150400,ZIELONA GÓRA,2025,11,22,13,-3.1,94,-3.9,1003.0,1027.8,181.0,2.0,,7.0,10,2.0,,8.0,,
2025-11-22 14:00:00,351150400,ZIELONA GÓRA,2025,11,22,14,-2.9,93,-3.9,1002.9,1027.6,216.0,2.0,,8.0,10,2.0,,8.0,,
2025-11-22 15:00:00,351150400,ZIELONA GÓRA,2025,11,22,15,-2.9,92,-4.0,1002.8,1027.5,200.0,2.0,,8.0,10,2.0,,8.0,,
2025-11-22 16:00:00,351150400,ZIELONA GÓRA,2025,11,22,16,-3.2,92,-4.3,1002.6,1027.4,185.0,2.0,,8.0,10,2.0,,8.0,,
2025-11-22 17:00:00,351150400,ZIELONA GÓRA,2025,11,22,17,-3.5,94,-4.3,1002.5,1027.3,177.0,2.0,,8.0,10,2.0,,8.0,,
2025-11-22 18:00:00,351150400,ZIELONA GÓRA,2025,11,22,18,-3.9,96,-4.4,1002.2,1027.0,166.0,2.0,,8.0,10,2.0,,9.0,,
2025-11-22 19:00:00,351150400,ZIELONA GÓRA,2025,11,22,19,-4.0,97,-4.4,1002.0,1026.8,160.0,2.0,,9.0,49,4.0,,8.0,,
2025-11-22 20:00:00,351150400,ZIELONA GÓRA,2025,11,22,20,-4.3,97,-4.7,1001.7,1026.5,150.0,2.0,,9.0,49,4.0,,8.0,,
2025-11-22 21:00:00,351150400,ZIELONA GÓRA,2025,11,22,21,-4.6,97,-5.0,1001.1,1025.9,151.0,2.0,,9.0,49,4.0,,8.0,,
2025-11-22 22:00:00,351150400,ZIELONA GÓRA,2025,11,22,22,-5.0,95,-5.7,1000.5,1025.4,161.0,2.0,,,33,,,8.0,,
2025-11-22 23:00:00,351150400,ZIELONA GÓRA,2025,11,22,23,-5.4,94,-6.2,1000.0,1024.9,138.0,2.0,,,33,,,8.0,,
2025-11-23 00:00:00,351150400,ZIELONA GÓRA,2025,11,23,0,-5.3,94,-6.1,999.8,1024.7,141.0,2.0,,,30,,,9.0,,
2025-11-23 01:00:00,351150400,ZIELONA GÓRA,2025,11,23,1,-5.8,94,-6.6,999.7,1024.6,135.0,2.0,,,33,,,8.0,,
2025-11-23 02:00:00,351150400,ZIELONA GÓRA,2025,11,23,2,-6.5,93,-7.4,999.1,1024.1,137.0,1.0,,,33,,,8.0,,
2025-11-23 03:00:00,351150400,ZIELONA GÓRA,2025,11,23,3,-6.9,93,-7.8,998.4,1023.4,135.0,1.0,,,31,,,8.0,,
2025-11-23 04:00:00,351150400,ZIELONA GÓRA,2025,11,23,4,-7.0,92,-8.1,998.0,1023.0,134.0,2.0,,,20,,,8.0,,
2025-11-23 05:00:00,351150400,ZIELONA GÓRA,2025,11,23,5,-7.5,92,-8.6,997.4,1022.4,125.0,2.0,,,31,,,8.0,,
2025-11-23 06:00:00,351150400,ZIELONA GÓRA,2025,11,23,6,-7.8,91,-9.0,996.8,1021.8,133.0,1.0,,4.0,10,,,9.0,,
2025-11-23 07:00:00,351150400,ZIELONA GÓRA,2025,11,23,7,-7.9,91,-9.1,996.5,1021.5,136.0,2.0,,7.0,46,1.0,,8.0,,
2025-11-23 08:00:00,351150400,ZIELONA GÓRA,2025,11,23,8,-7.5,92,-8.6,996.2,1021.2,146.0,3.0,,7.0,10,2.0,,8.0,,
2025-11-23 09:00:00,351150400,ZIELONA GÓRA,2025,11,23,9,-6.6,92,-7.7,995.8,1020.7,129.0,2.0,,7.0,46,4.0,,8.0,,
2025-11-23 10:00:00,351150400,ZIELONA GÓRA,2025,11,23,10,-5.8,92,-6.9,995.3,1020.1,141.0,2.0,,7.0,28,1.0,,8.0,,
2025-11-23 11:00:00,351150400,ZIELONA GÓRA,2025,11,23,11,-5.0,92,-6.1,994.2,1018.9,144.0,2.0,,7.0,10,2.0,,8.0,,
2025-11-23 12:00:00,351150400,ZIELONA GÓRA,2025,11,23,12,-4.1,95,-4.8,993.2,1017.8,117.0,1.0,,7.0,10,4.0,,9.0,,
2025-11-23 13:00:00,351150400,ZIELONA GÓRA,2025,11,23,13,-4.6,94,-5.4,992.2,1016.8,121.0,2.0,,7.0,10,2.0,,8.0,,
2025-11-23 14:00:00,351150400,ZIELONA GÓRA,2025,11,23,14,-4.7,94,-5.5,991.5,1016.1,127.0,2.0,,8.0,10,2.0,,8.0,,
2025-11-23 15:00:00,351150400,ZIELONA GÓRA,2025,11,23,15,-4.7,94,-5.5,990.9,1015.5,122.0,2.0,,8.0,48,2.0,,8.0,,
2025-11-23 16:00:00,351150400,ZIELONA GÓRA,2025,11,23,16,-5.0,94,-5.8,990.1,1014.7,130.0,3.0,,8.0,48,4.0,,8.0,,
2025-11-23 17:00:00,351150400,ZIELONA GÓRA,2025,11,23,17,-5.1,94,-5.9,989.4,1014.0,137.0,3.0,,8.0,28,4.0,,8.0,,
2025-11-23 18:00:00,351150400,ZIELONA GÓRA,2025,11,23,18,-5.0,94,-5.8,988.5,1013.1,131.0,3.0,,8.0,10,4.0,,9.0,,
2025-11-23 19:00:00,351150400,ZIELONA GÓRA,2025,11,23,19,-4.6,94,-5.4,987.4,1011.9,132.0,3.0,,8.0,48,4.0,,8.0,,
2025-11-23 20:00:00,351150400,ZIELONA GÓRA,2025,11,23,20,-4.5,94,-5.3,986.5,1011.0,126.0,3.0,,8.0,28,2.0,,8.0,,
2025-11-23 21:00:00,351150400,ZIELONA GÓRA,2025,11,23,21,-4.5,94,-5.3,985.4,1009.8,130.0,2.0,,8.0,10,4.0,,8.0,,
2025-11-23 22:00:00,351150400,ZIELONA GÓRA,2025,11,23,22,-4.9,94,-5.7,984.0,1008.4,123.0,2.0,,,10,,,8.0,,
2025-11-23 23:00:00,351150400,ZIELONA GÓRA,2025,11,23,23,-5.5,93,-6.5,982.8,1007.3,124.0,3.0,,,10,,,8.0,,
2025-11-24 00:00:00,351150400,ZIELONA GÓRA,2025,11,24,0,-6.0,93,-6.9,981.6,1006.1,126.0,3.0,,,10,,0.0,,,
2025-11-24 01:00:00,351150400,ZIELONA GÓRA,2025,11,24,1,-5.8,93,-6.8,980.4,1004.8,130.0,4.0,,,10,,,8.0,,
2025-11-24 02:00:00,351150400,ZIELONA GÓRA,2025,11,24,2,-5.5,93,-6.5,979.6,1004.0,135.0,3.0,,,10,,,8.0,,
2025-11-24 03:00:00,351150400,ZIELONA GÓRA,2025,11,24,3,-5.3,93,-6.3,978.8,1003.2,136.0,3.0,,,10,,,8.0,,
2025-11-24 04:00:00,351150400,ZIELONA GÓRA,2025,11,24,4,-5.0,93,-6.0,978.4,1002.7,145.0,3.0,,,71,,,8.0,,
2025-11-24 05:00:00,351150400,ZIELONA GÓRA,2025,11,24,5,-4.4,94,-5.2,978.1,1002.4,150.0,3.0,,,71,,,8.0,,
2025-11-24 06:00:00,351150400,ZIELONA GÓRA,2025,11,24,6,-4.2,94,-5.0,977.7,1001.9,140.0,3.0,,8.0,26,,0.3,,7.0,1.0
2025-11-24 07:00:00,351150400,ZIELONA GÓRA,2025,11,24,7,-3.7,94,-4.5,977.8,1002.0,151.0,2.0,,8.0,10,2.0,,8.0,,
2025-11-24 08:00:00,351150400,ZIELONA GÓRA,2025,11,24,8,-3.1,95,-3.8,977.8,1001.9,152.0,2.0,,8.0,10,2.0,,8.0,,
2025-11-24 09:00:00,351150400,ZIELONA GÓRA,2025,11,24,9,-2.6,95,-3.3,977.8,1001.9,152.0,2.0,,8.0,10,2.0,,8.0,,
2025-11-24 10:00:00,351150400,ZIELONA GÓRA,2025,11,24,10,-2.0,96,-2.6,977.4,1001.4,156.0,2.0,,8.0,10,2.0,,8.0,,
2025-11-24 11:00:00,351150400,ZIELONA GÓRA,2025,11,24,11,-1.4,96,-2.0,977.3,1001.3,157.0,2.0,,8.0,10,2.0,,8.0,,
2025-11-24 12:00:00,351150400,ZIELONA GÓRA,2025,11,24,12,-0.9,97,-1.3,977.1,1001.0,149.0,1.0,,8.0,10,2.0,,9.0,,
2025-11-24 13:00:00,351150400,ZIELONA GÓRA,2025,11,24,13,-0.6,97,-1.0,977.0,1000.9,141.0,2.0,,8.0,2,2.0,,8.0,,
2025-11-24 14:00:00,351150400,ZIELONA GÓRA,2025,11,24,14,-0.5,97,-0.9,977.1,1001.0,142.0,1.0,,8.0,2,2.0,,8.0,,
2025-11-24 15:00:00,351150400,ZIELONA GÓRA,2025,11,24,15,-0.4,97,-0.8,977.1,1001.0,146.0,1.0,,8.0,2,2.0,,8.0,,
2025-11-24 16:00:00,351150400,ZIELONA GÓRA,2025,11,24,16,-0.3,97,-0.7,977.5,1001.4,146.0,1.0,,8.0,2,2.0,,8.0,,
2025-11-24 17:00:00,351150400,ZIELONA GÓRA,2025,11,24,17,-0.2,97,-0.6,977.6,1001.5,133.0,1.0,,7.0,10,2.0,,8.0,,
2025-11-24 18:00:00,351150400,ZIELONA GÓRA,2025,11,24,18,-0.5,97,-0.9,977.7,1001.6,134.0,2.0,,7.0,10,2.0,,9.0,,
2025-11-24 19:00:00,351150400,ZIELONA GÓRA,2025,11,24,19,-0.6,97,-1.0,978.1,1002.0,125.0,2.0,,7.0,10,2.0,,8.0,,
2025-11-24 20:00:00,351150400,ZIELONA GÓRA,2025,11,24,20,-0.6,97,-1.0,978.0,1001.9,135.0,2.0,,7.0,85,8.0,,8.0,,
2025-11-24 21:00:00,351150400,ZIELONA GÓRA,2025,11,24,21,-0.6,96,-1.2,978.2,1002.1,136.0,3.0,,7.0,26,2.0,,8.0,,
2025-11-24 22:00:00,351150400,ZIELONA GÓRA,2025,11,24,22,-0.4,94,-1.2,978.2,1002.1,140.0,2.0,,,10,,,8.0,,
2025-11-24 23:00:00,351150400,ZIELONA GÓRA,2025,11,24,23,-0.8,95,-1.5,978.1,1002.0,132.0,2.0,,,10,,,8.0,,
2025-11-25 00:00:00,351150400,ZIELONA GÓRA,2025,11,25,0,-1.1,94,-1.9,978.2,1002.2,130.0,2.0,,,10,,0.0,,,
2025-11-25 01:00:00,351150400,ZIELONA GÓRA,2025,11,25,1,-1.2,93,-2.2,978.4,1002.4,123.0,2.0,,,10,,,8.0,,
2025-11-25 02:00:00,351150400,ZIELONA GÓRA,2025,11,25,2,-0.2,92,-1.3,978.8,1002.7,144.0,2.0,,,0,,,8.0,,
2025-11-25 03:00:00,351150400,ZIELONA GÓRA,2025,11,25,3,-1.3,94,-2.1,978.8,1002.8,112.0,2.0,,,10,,,8.0,,
2025-11-25 04:00:00,351150400,ZIELONA GÓRA,2025,11,25,4,-1.1,93,-2.1,979.4,1003.4,102.0,2.0,,,10,,,8.0,,
2025-11-25 05:00:00,351150400,ZIELONA GÓRA,2025,11,25,5,-0.9,93,-1.9,979.9,1003.9,132.0,2.0,,,10,,,8.0,,
2025-11-25 06:00:00,351150400,ZIELONA GÓRA,2025,11,25,6,-0.6,93,-1.6,980.0,1004.0,102.0,1.0,,8.0,0,,,9.0,,1.0
2025-11-25 07:00:00,351150400,ZIELONA GÓRA,2025,11,25,7,0.2,93,-0.8,980.4,1004.3,118.0,1.0,,8.0,10,2.0,,8.0,,
2025-11-25 08:00:00,351150400,ZIELONA GÓRA,2025,11,25,8,0.4,92,-0.7,980.8,1004.7,0.0,0.0,,8.0,10,2.0,,8.0,,
2025-11-25 09:00:00,351150400,ZIELONA GÓRA,2025,11,25,9,1.2,83,-1.4,981.2,1005.0,57.0,3.0,,7.0,10,2.0,,8.0,,
2025-11-25 10:00:00,351150400,ZIELONA GÓRA,2025,11,25,10,1.1,84,-1.3,981.5,1005.3,50.0,2.0,,7.0,10,2.0,,8.0,,
2025-11-25 11:00:00,351150400,ZIELONA GÓRA,2025,11,25,11,1.1,83,-1.5,981.5,1005.3,58.0,2.0,,7.0,10,2.0,,8.0,,
2025-11-25 12:00:00,351150400,ZIELONA GÓRA,2025,11,25,12,2.1,79,-1.2,981.5,1005.3,29.0,2.0,,7.0,10,2.0,,9.0,,
2025-11-25 13:00:00,351150400,ZIELONA GÓRA,2025,11,25,13,1.1,86,-1.0,982.0,1005.9,2.0,2.0,,7.0,10,2.0,,8.0,,
2025-11-25 14:00:00,351150400,ZIELONA GÓRA,2025,11,25,14,0.5,89,-1.1,982.4,1006.3,2.0,2.0,,7.0,10,2.0,,8.0,,
2025-11-25 15:00:00,351150400,ZIELONA GÓRA,2025,11,25,15,0.4,92,-0.7,983.0,1006.9,15.0,2.0,,8.0,10,2.0,,8.0,,
2025-11-25 16:00:00,351150400,ZIELONA GÓRA,2025,11,25,16,-0.4,95,-1.1,983.2,1007.2,17.0,2.0,,8.0,10,2.0,,8.0,,
2025-11-25 17:00:00,351150400,ZIELONA GÓRA,2025,11,25,17,-0.7,97,-1.1,983.8,1007.9,5.0,2.0,,9.0,47,2.0,,8.0,,
2025-11-25 18:00:00,351150400,ZIELONA GÓRA,2025,11,25,18,-0.6,97,-1.0,984.5,1008.6,350.0,2.0,,9.0,47,2.0,,9.0,,
2025-11-25 19:00:00,351150400,ZIELONA GÓRA,2025,11,25,19,-0.3,98,-0.6,984.9,1009.0,337.0,3.0,,9.0,45,4.0,,8.0,,
2025-11-25 20:00:00,351150400,ZIELONA GÓRA,2025,11,25,20,-0.3,98,-0.6,984.8,1008.9,349.0,3.0,,9.0,77,4.0,,8.0,,
2025-11-25 21:00:00,351150400,ZIELONA GÓRA,2025,11,25,21,-0.1,98,-0.4,984.9,1008.9,360.0,2.0,,9.0,77,4.0,,8.0,,
2025-11-25 22:00:00,351150400,ZIELONA GÓRA,2025,11,25,22,0.0,98,-0.3,985.1,1009.1,360.0,2.0,,,33,,,8.0,,
2025-11-25 23:00:00,351150400,ZIELONA GÓRA,2025,11,25,23,0.0,98,-0.3,985.6,1009.6,347.0,3.0,,,67,,,8.0,,
2025-11-26 00:00:00,351150400,ZIELONA GÓRA,2025,11,26,0,-0.1,98,-0.4,985.7,1009.8,343.0,2.0,,,72,,0.8,,,
2025-11-26 01:00:00,351150400,ZIELONA GÓRA,2025,11,26,1,-0.2,98,-0.5,986.1,1010.2,335.0,3.0,,,71,,,8.0,,
2025-11-26 02:00:00,351150400,ZIELONA GÓRA,2025,11,26,2,-0.3,98,-0.6,986.3,1010.4,339.0,3.0,,,72,,,8.0,,
2025-11-26 03:00:00,351150400,ZIELONA GÓRA,2025,11,26,3,-0.4,98,-0.7,986.1,1010.2,338.0,3.0,,,72,,,8.0,,
2025-11-26 04:00:00,351150400,ZIELONA GÓRA,2025,11,26,4,-0.5,98,-0.8,986.8,1010.9,340.0,3.0,,,71,,,8.0,,
2025-11-26 05:00:00,351150400,ZIELONA GÓRA,2025,11,26,5,-0.7,98,-1.0,987.3,1011.4,345.0,2.0,,,72,,,8.0,,
2025-11-26 06:00:00,351150400,ZIELONA GÓRA,2025,11,26,6,-0.6,98,-0.9,987.6,1011.7,337.0,4.0,,8.0,71,,4.1,,7.0,6.0
2025-11-26 07:00:00,351150400,ZIELONA GÓRA,2025,11,26,7,-0.4,98,-0.7,988.1,1012.2,334.0,3.0,,8.0,71,7.0,,8.0,,
2025-11-26 08:00:00,351150400,ZIELONA GÓRA,2025,11,26,8,-0.1,98,-0.4,988.7,1012.8,332.0,3.0,,8.0,71,7.0,,8.0,,
2025-11-26 09:00:00,351150400,ZIELONA GÓRA,2025,11,26,9,-0.1,98,-0.4,989.1,1013.2,317.0,3.0,,8.0,73,7.0,,8.0,,
2025-11-26 10:00:00,351150400,ZIELONA GÓRA,2025,11,26,10,-0.1,98,-0.4,989.5,1013.6,319.0,3.0,,8.0,71,7.0,,8.0,,
2025-11-26 11:00:00,351150400,ZIELONA GÓRA,2025,11,26,11,0.0,98,-0.3,989.2,1013.3,316.0,3.0,,8.0,71,7.0,,8.0,,
2025-11-26 12:00:00,351150400,ZIELONA GÓRA,2025,11,26,12,0.1,97,-0.3,989.3,1013.4,316.0,4.0,,8.0,71,7.0,2.2,,7.0,
2025-11-26 13:00:00,351150400,ZIELONA GÓRA,2025,11,26,13,0.3,97,-0.1,989.5,1013.6,308.0,3.0,,8.0,70,7.0,,8.0,,
2025-11-26 14:00:00,351150400,ZIELONA GÓRA,2025,11,26,14,0.6,96,0.0,989.9,1014.0,307.0,3.0,,8.0,70,7.0,,8.0,,
2025-11-26 15:00:00,351150400,ZIELONA GÓRA,2025,11,26,15,0.6,95,-0.1,990.2,1014.3,297.0,4.0,,8.0,22,7.0,,8.0,,
2025-11-26 16:00:00,351150400,ZIELONA GÓRA,2025,11,26,16,0.8,95,0.1,990.7,1014.8,301.0,3.0,,8.0,10,2.0,,8.0,,
2025-11-26 17:00:00,351150400,ZIELONA GÓRA,2025,11,26,17,1.0,94,0.1,991.3,1015.4,299.0,3.0,,8.0,10,2.0,,8.0,,
2025-11-26 18:00:00,351150400,ZIELONA GÓRA,2025,11,26,18,1.3,91,0.0,991.5,1015.6,303.0,3.0,,8.0,2,7.0,0.0,,7.0,10.0
2025-11-26 19:00:00,351150400,ZIELONA GÓRA,2025,11,26,19,1.3,92,0.1,991.9,1016.0,296.0,5.0,,8.0,2,2.0,,8.0,,
2025-11-26 20:00:00,351150400,ZIELONA GÓRA,2025,11,26,20,1.5,91,0.2,992.4,1016.5,296.0,5.0,,8.0,2,2.0,,8.0,,
2025-11-26 21:00:00,351150400,ZIELONA GÓRA,2025,11,26,21,1.7,89,0.1,993.1,1017.2,297.0,6.0,,8.0,2,2.0,,8.0,,
2025-11-26 22:00:00,351150400,ZIELONA GÓRA,2025,11,26,22,1.6,90,0.1,993.4,1017.5,295.0,5.0,,,0,,,8.0,,
2025-11-26 23:00:00,351150400,ZIELONA GÓRA,2025,11,26,23,1.5,90,0.0,994.1,1018.2,297.0,5.0,,,0,,,8.0,,
2025-11-27 00:00:00,351150400,ZIELONA GÓRA,2025,11,27,0,1.3,92,0.1,994.5,1018.6,289.0,5.0,,,0,,,9.0,,
2025-11-27 01:00:00,351150400,ZIELONA GÓRA,2025,11,27,1,1.2,91,-0.1,994.8,1019.0,288.0,4.0,,,0,,,8.0,,
2025-11-27 02:00:00,351150400,ZIELONA GÓRA,2025,11,27,2,1.2,92,0.0,995.2,1019.4,282.0,3.0,,,0,,,8.0,,
2025-11-27 03:00:00,351150400,ZIELONA GÓRA,2025,11,27,3,1.2,94,0.3,995.8,1020.0,288.0,3.0,,,10,,,8.0,,
2025-11-27 04:00:00,351150400,ZIELONA GÓRA,2025,11,27,4,1.6,95,0.9,996.4,1020.6,286.0,3.0,,,10,,,8.0,,
2025-11-27 05:00:00,351150400,ZIELONA GÓRA,2025,11,27,5,1.5,94,0.6,996.9,1021.1,285.0,3.0,,,10,,,8.0,,
2025-11-27 06:00:00,351150400,ZIELONA GÓRA,2025,11,27,6,1.4,95,0.7,997.3,1021.5,268.0,2.0,,8.0,10,,,9.0,,5.0
2025-11-27 07:00:00,351150400,ZIELONA GÓRA,2025,11,27,7,1.4,96,0.8,998.3,1022.5,266.0,3.0,,8.0,10,2.0,,8.0,,
2025-11-27 08:00:00,351150400,ZIELONA GÓRA,2025,11,27,8,1.5,95,0.8,998.7,1022.9,259.0,3.0,,8.0,10,2.0,,8.0,,
2025-11-27 09:00:00,351150400,ZIELONA GÓRA,2025,11,27,9,1.8,92,0.6,999.0,1023.2,261.0,3.0,,8.0,10,2.0,,8.0,,
2025-11-27 10:00:00,351150400,ZIELONA GÓRA,2025,11,27,10,2.0,89,0.4,999.1,1023.3,241.0,2.0,,7.0,1,2.0,,8.0,,
2025-11-27 11:00:00,351150400,ZIELONA GÓRA,2025,11,27,11,3.0,80,-0.1,998.4,1022.5,217.0,4.0,,4.0,1,1.0,,8.0,,
2025-11-27 12:00:00,351150400,ZIELONA GÓRA,2025,11,27,12,3.5,71,-1.3,998.2,1022.2,232.0,3.0,,4.0,1,1.0,,9.0,,
2025-11-27 13:00:00,351150400,ZIELONA GÓRA,2025,11,27,13,2.6,71,-2.1,998.1,1022.2,219.0,3.0,,4.0,3,0.0,,8.0,,
2025-11-27 14:00:00,351150400,ZIELONA GÓRA,2025,11,27,14,1.9,75,-2.1,998.2,1022.4,216.0,3.0,,7.0,3,1.0,,8.0,,
2025-11-27 15:00:00,351150400,ZIELONA GÓRA,2025,11,27,15,1.6,76,-2.2,998.4,1022.6,211.0,2.0,,7.0,3,1.0,,8.0,,
2025-11-27 16:00:00,351150400,ZIELONA GÓRA,2025,11,27,16,1.0,76,-2.8,998.4,1022.7,218.0,2.0,,7.0,1,2.0,,8.0,,
2025-11-27 17:00:00,351150400,ZIELONA GÓRA,2025,11,27,17,0.5,78,-2.9,998.5,1022.8,210.0,2.0,,7.0,3,2.0,,8.0,,
2025-11-27 18:00:00,351150400,ZIELONA GÓRA,2025,11,27,18,-0.6,84,-3.0,998.6,1023.0,173.0,2.0,,7.0,1,1.0,,9.0,,
2025-11-27 19:00:00,351150400,ZIELONA GÓRA,2025,11,27,19,-1.6,89,-3.2,998.6,1023.1,162.0,2.0,,7.0,2,2.0,,8.0,,
2025-11-27 20:00:00,351150400,ZIELONA GÓRA,2025,11,27,20,-1.3,87,-3.2,998.5,1023.0,184.0,3.0,,6.0,1,2.0,,8.0,,
2025-11-27 21:00:00,351150400,ZIELONA GÓRA,2025,11,27,21,-1.1,85,-3.3,998.2,1022.7,181.0,3.0,,7.0,3,2.0,,8.0,,
2025-11-27 22:00:00,351150400,ZIELONA GÓRA,2025,11,27,22,-1.1,85,-3.3,997.8,1022.2,181.0,3.0,,,0,,,8.0,,
2025-11-27 23:00:00,351150400,ZIELONA GÓRA,2025,11,27,23,-1.3,85,-3.5,997.7,1022.2,176.0,3.0,,,0,,,8.0,,
2025-11-28 00:00:00,351150400,ZIELONA GÓRA,2025,11,28,0,-1.3,85,-3.5,997.5,1022.0,164.0,3.0,,,0,,,9.0,,
2025-11-28 01:00:00,351150400,ZIELONA GÓRA,2025,11,28,1,-1.4,86,-3.4,997.2,1021.7,177.0,3.0,,,0,,,8.0,,
2025-11-28 02:00:00,351150400,ZIELONA GÓRA,2025,11,28,2,-1.4,85,-3.6,997.0,1021.4,176.0,3.0,,,0,,,8.0,,
2025-11-28 03:00:00,351150400,ZIELONA GÓRA,2025,11,28,3,-1.4,85,-3.6,996.5,1020.9,183.0,3.0,,,0,,,8.0,,
2025-11-28 04:00:00,351150400,ZIELONA GÓRA,2025,11,28,4,-0.6,83,-3.1,996.4,1020.8,182.0,2.0,,,0,,,8.0,,
2025-11-28 05:00:00,351150400,ZIELONA GÓRA,2025,11,28,5,0.0,83,-2.5,996.4,1020.7,175.0,3.0,,,0,,,8.0,,
2025-11-28 06:00:00,351150400,ZIELONA GÓRA,2025,11,28,6,0.2,83,-2.3,996.4,1020.7,171.0,3.0,,7.0,0,,,9.0,,3.0
2025-11-28 07:00:00,351150400,ZIELONA GÓRA,2025,11,28,7,0.4,82,-2.3,996.4,1020.7,168.0,3.0,,7.0,2,2.0,,8.0,,
2025-11-28 08:00:00,351150400,ZIELONA GÓRA,2025,11,28,8,0.9,82,-1.8,996.4,1020.6,178.0,3.0,,7.0,2,2.0,,8.0,,
2025-11-28 09:00:00,351150400,ZIELONA GÓRA,2025,11,28,9,1.6,80,-1.5,996.3,1020.5,178.0,4.0,,8.0,3,2.0,,8.0,,
2025-11-28 10:00:00,351150400,ZIELONA GÓRA,2025,11,28,10,2.3,80,-0.8,995.9,1020.0,184.0,3.0,,7.0,1,2.0,,8.0,,
2025-11-28 11:00:00,351150400,ZIELONA GÓRA,2025,11,28,11,3.5,78,0.0,995.1,1019.1,173.0,3.0,,7.0,1,2.0,,8.0,,
2025-11-28 12:00:00,351150400,ZIELONA GÓRA,2025,11,28,12,3.5,77,-0.2,994.6,1018.6,170.0,3.0,,7.0,3,2.0,,9.0,,
2025-11-28 13:00:00,351150400,ZIELONA GÓRA,2025,11,28,13,4.1,76,0.2,994.1,1018.0,184.0,3.0,,7.0,1,2.0,,8.0,,
2025-11-28 14:00:00,351150400,ZIELONA GÓRA,2025,11,28,14,3.5,80,0.4,993.9,1017.8,157.0,2.0,,7.0,3,2.0,,8.0,,
2025-11-28 15:00:00,351150400,ZIELONA GÓRA,2025,11,28,15,2.9,83,0.3,993.7,1017.7,153.0,3.0,,7.0,3,2.0,,8.0,,
2025-11-28 16:00:00,351150400,ZIELONA GÓRA,2025,11,28,16,2.4,87,0.5,993.4,1017.4,146.0,3.0,,7.0,2,2.0,,8.0,,
2025-11-28 17:00:00,351150400,ZIELONA GÓRA,2025,11,28,17,2.1,88,0.3,993.6,1017.7,144.0,3.0,,7.0,2,2.0,,8.0,,
2025-11-28 18:00:00,351150400,ZIELONA GÓRA,2025,11,28,18,1.6,88,-0.2,993.5,1017.6,149.0,3.0,,7.0,2,2.0,,9.0,,
2025-11-28 19:00:00,351150400,ZIELONA GÓRA,2025,11,28,19,1.5,89,-0.1,993.4,1017.5,156.0,2.0,,7.0,2,2.0,,8.0,,
2025-11-28 20:00:00,351150400,ZIELONA GÓRA,2025,11,28,20,1.6,88,-0.2,992.9,1017.0,172.0,3.0,,7.0,10,2.0,,8.0,,
2025-11-28 21:00:00,351150400,ZIELONA GÓRA,2025,11,28,21,1.5,88,-0.3,992.6,1016.7,162.0,3.0,,7.0,10,2.0,,8.0,,
2025-11-28 22:00:00,351150400,ZIELONA GÓRA,2025,11,28,22,1.5,88,-0.3,991.9,1016.0,164.0,2.0,,,0,,,8.0,,
2025-11-28 23:00:00,351150400,ZIELONA GÓRA,2025,11,28,23,1.4,88,-0.4,991.7,1015.8,145.0,3.0,,,0,,,8.0,,
2025-11-29 00:00:00,351150400,ZIELONA GÓRA,2025,11,29,0,1.5,87,-0.4,991.3,1015.3,154.0,2.0,,,0,,,9.0,,
2025-11-29 01:00:00,351150400,ZIELONA GÓRA,2025,11,29,1,1.3,88,-0.5,991.1,1015.2,158.0,2.0,,,0,,,8.0,,
2025-11-29 02:00:00,351150400,ZIELONA GÓRA,2025,11,29,2,1.2,88,-0.6,990.9,1015.0,148.0,2.0,,,0,,,8.0,,
2025-11-29 03:00:00,351150400,ZIELONA GÓRA,2025,11,29,3,1.0,89,-0.6,990.6,1014.7,154.0,2.0,,,10,,,8.0,,
2025-11-29 04:00:00,351150400,ZIELONA GÓRA,2025,11,29,4,0.7,92,-0.5,990.6,1014.7,160.0,2.0,,,51,,,8.0,,
2025-11-29 05:00:00,351150400,ZIELONA GÓRA,2025,11,29,5,0.7,95,0.0,990.6,1014.7,167.0,2.0,,,61,,,8.0,,
2025-11-29 06:00:00,351150400,ZIELONA GÓRA,2025,11,29,6,0.8,97,0.4,990.7,1014.8,160.0,2.0,,8.0,61,,0.9,,6.0,
2025-11-29 07:00:00,351150400,ZIELONA GÓRA,2025,11,29,7,1.0,97,0.6,990.9,1015.0,153.0,2.0,,9.0,61,6.0,,8.0,,
2025-11-29 08:00:00,351150400,ZIELONA GÓRA,2025,11,29,8,1.3,97,0.9,991.1,1015.2,153.0,2.0,,9.0,61,6.0,,8.0,,
2025-11-29 09:00:00,351150400,ZIELONA GÓRA,2025,11,29,9,1.7,98,1.4,991.3,1015.3,148.0,2.0,,9.0,61,6.0,,8.0,,
2025-11-29 10:00:00,351150400,ZIELONA GÓRA,2025,11,29,10,2.2,98,1.9,991.2,1015.2,162.0,2.0,,9.0,61,6.0,,8.0,,
2025-11-29 11:00:00,351150400,ZIELONA GÓRA,2025,11,29,11,2.8,98,2.5,991.0,1014.9,176.0,2.0,,9.0,61,6.0,,8.0,,
2025-11-29 12:00:00,351150400,ZIELONA GÓRA,2025,11,29,12,3.4,98,3.1,990.8,1014.7,167.0,1.0,,9.0,61,6.0,0.8,,6.0,
2025-11-29 13:00:00,351150400,ZIELONA GÓRA,2025,11,29,13,3.7,98,3.4,990.5,1014.3,165.0,1.0,,9.0,51,6.0,,8.0,,
2025-11-29 14:00:00,351150400,ZIELONA GÓRA,2025,11,29,14,3.8,98,3.5,990.4,1014.2,153.0,1.0,,9.0,51,5.0,,8.0,,
2025-11-29 15:00:00,351150400,ZIELONA GÓRA,2025,11,29,15,3.8,98,3.5,990.7,1014.5,143.0,1.0,,9.0,45,6.0,,8.0,,
2025-11-29 16:00:00,351150400,ZIELONA GÓRA,2025,11,29,16,3.7,98,3.4,990.7,1014.5,135.0,1.0,,9.0,45,4.0,,8.0,,
2025-11-29 17:00:00,351150400,ZIELONA GÓRA,2025,11,29,17,3.6,98,3.3,990.8,1014.7,155.0,2.0,,9.0,45,4.0,,8.0,,
2025-11-29 18:00:00,351150400,ZIELONA GÓRA,2025,11,29,18,3.4,98,3.1,990.8,1014.7,140.0,2.0,,9.0,45,6.0,0.0,,6.0,
2025-11-29 19:00:00,351150400,ZIELONA GÓRA,2025,11,29,19,3.2,98,2.9,990.9,1014.8,146.0,2.0,,9.0,45,4.0,,8.0,,
2025-11-29 20:00:00,351150400,ZIELONA GÓRA,2025,11,29,20,3.1,98,2.8,990.6,1014.5,149.0,1.0,,9.0,43,4.0,,8.0,,
2025-11-29 21:00:00,351150400,ZIELONA GÓRA,2025,11,29,21,2.9,98,2.6,990.2,1014.1,132.0,3.0,,9.0,43,4.0,,8.0,,
2025-11-29 22:00:00,351150400,ZIELONA GÓRA,2025,11,29,22,2.4,98,2.1,990.0,1013.9,137.0,3.0,,,33,,,8.0,,
2025-11-29 23:00:00,351150400,ZIELONA GÓRA,2025,11,29,23,1.9,98,1.6,990.0,1014.0,138.0,3.0,,,33,,,8.0,,
2025-11-30 00:00:00,351150400,ZIELONA GÓRA,2025,11,30,0,1.8,98,1.5,989.9,1013.9,147.0,3.0,,,33,,,9.0,,
2025-11-30 01:00:00,351150400,ZIELONA GÓRA,2025,11,30,1,1.7,98,1.4,989.6,1013.6,147.0,3.0,,,33,,,8.0,,
2025-11-30 02:00:00,351150400,ZIELONA GÓRA,2025,11,30,2,1.3,98,1.0,989.5,1013.5,148.0,3.0,,,33,,,8.0,,
2025-11-30 03:00:00,351150400,ZIELONA GÓRA,2025,11,30,3,0.9,98,0.6,989.4,1013.5,145.0,3.0,,,33,,,8.0,,
2025-11-30 04:00:00,351150400,ZIELONA GÓRA,2025,11,30,4,0.6,98,0.3,989.4,1013.5,143.0,3.0,,,33,,,8.0,,
2025-11-30 05:00:00,351150400,ZIELONA GÓRA,2025,11,30,5,-0.1,98,-0.4,989.5,1013.6,139.0,3.0,,,33,,,8.0,,
2025-11-30 06:00:00,351150400,ZIELONA GÓRA,2025,11,30,6,-0.7,98,-1.0,989.6,1013.8,138.0,4.0,,9.0,45,,,9.0,,
2025-11-30 07:00:00,351150400,ZIELONA GÓRA,2025,11,30,7,-0.4,98,-0.7,989.8,1014.0,139.0,3.0,,9.0,43,4.0,,8.0,,
2025-11-30 08:00:00,351150400,ZIELONA GÓRA,2025,11,30,8,-0.3,98,-0.6,990.0,1014.2,142.0,4.0,,9.0,45,4.0,,8.0,,
2025-11-30 09:00:00,351150400,ZIELONA GÓRA,2025,11,30,9,-0.1,98,-0.4,989.8,1014.0,136.0,4.0,,9.0,45,4.0,,8.0,,
2025-11-30 10:00:00,351150400,ZIELONA GÓRA,2025,11,30,10,0.6,98,0.3,989.5,1013.6,141.0,3.0,,9.0,43,4.0,,8.0,,
2025-11-30 11:00:00,351150400,ZIELONA GÓRA,2025,11,30,11,0.8,98,0.5,989.1,1013.2,142.0,3.0,,9.0,45,4.0,,8.0,,
2025-11-30 12:00:00,351150400,ZIELONA GÓRA,2025,11,30,12,0.9,98,0.6,989.1,1013.1,136.0,3.0,,9.0,45,4.0,,9.0,,
2025-11-30 13:00:00,351150400,ZIELONA GÓRA,2025,11,30,13,0.8,98,0.5,989.1,1013.2,140.0,3.0,,9.0,47,4.0,,8.0,,
2025-11-30 14:00:00,351150400,ZIELONA GÓRA,2025,11,30,14,0.8,98,0.5,989.1,1013.2,140.0,4.0,,9.0,45,4.0,,8.0,,
2025-11-30 15:00:00,351150400,ZIELONA GÓRA,2025,11,30,15,0.4,98,0.1,989.4,1013.5,143.0,3.0,,9.0,45,4.0,,8.0,,
2025-11-30 16:00:00,351150400,ZIELONA GÓRA,2025,11,30,16,0.1,98,-0.2,989.7,1013.8,140.0,3.0,,9.0,45,4.0,,8.0,,
2025-11-30 17:00:00,351150400,ZIELONA GÓRA,2025,11,30,17,-0.1,98,-0.4,989.8,1014.0,137.0,3.0,,9.0,43,4.0,,8.0,,
2025-11-30 18:00:00,351150400,ZIELONA GÓRA,2025,11,30,18,-0.5,98,-0.8,989.9,1014.1,139.0,3.0,,9.0,45,4.0,,9.0,,
2025-11-30 19:00:00,351150400,ZIELONA GÓRA,2025,11,30,19,-0.6,98,-0.9,990.2,1014.4,144.0,3.0,,9.0,45,4.0,,8.0,,
2025-11-30 20:00:00,351150400,ZIELONA GÓRA,2025,11,30,20,-0.6,98,-0.9,990.5,1014.7,146.0,3.0,,9.0,43,4.0,,8.0,,
2025-11-30 21:00:00,351150400,ZIELONA GÓRA,2025,11,30,21,-0.8,98,-1.1,990.9,1015.1,156.0,2.0,,9.0,43,4.0,,8.0,,
2025-11-30 22:00:00,351150400,ZIELONA GÓRA,2025,11,30,22,-0.5,98,-0.8,991.4,1015.6,165.0,2.0,,,33,,,8.0,,
2025-11-30 23:00:00,351150400,ZIELONA GÓRA,2025,11,30,23,-0.1,98,-0.4,991.7,1015.9,179.0,2.0,,,20,,,8.0,,
2025-12-01 00:00:00,351150400,ZIELONA GÓRA,2025,12,1,0,0.2,98,-0.1,992.2,1016.4,195.0,2.0,,,61,,0.0,,,
2025-12-01 01:00:00,351150400,ZIELONA GÓRA,2025,12,1,1,1.0,97,0.6,992.6,1016.7,249.0,2.0,,,81,,,8.0,,
2025-12-01 02:00:00,351150400,ZIELONA GÓRA,2025,12,1,2,2.5,99,2.4,993.1,1017.1,220.0,1.0,,,21,,,8.0,,
2025-12-01 03:00:00,351150400,ZIELONA GÓRA,2025,12,1,3,2.4,99,2.3,993.3,1017.3,190.0,1.0,,,34,,,8.0,,
2025-12-01 04:00:00,351150400,ZIELONA GÓRA,2025,12,1,4,3.9,98,3.6,994.0,1017.9,220.0,1.0,,,20,,,8.0,,
2025-12-01 05:00:00,351150400,ZIELONA GÓRA,2025,12,1,5,4.4,98,4.1,994.4,1018.3,268.0,2.0,,,10,,,8.0,,
2025-12-01 06:00:00,351150400,ZIELONA GÓRA,2025,12,1,6,4.3,98,4.0,994.8,1018.7,267.0,1.0,,8.0,10,,0.1,,6.0,
2025-12-01 07:00:00,351150400,ZIELONA GÓRA,2025,12,1,7,4.4,98,4.1,995.5,1019.4,265.0,2.0,,7.0,10,2.0,,8.0,,
2025-12-01 08:00:00,351150400,ZIELONA GÓRA,2025,12,1,8,4.3,97,3.9,996.1,1020.0,259.0,2.0,,7.0,10,2.0,,8.0,,
2025-12-01 09:00:00,351150400,ZIELONA GÓRA,2025,12,1,9,4.4,97,4.0,996.7,1020.6,228.0,1.0,,7.0,10,2.0,,8.0,,
2025-12-01 10:00:00,351150400,ZIELONA GÓRA,2025,12,1,10,4.4,96,3.8,996.8,1020.7,221.0,2.0,,7.0,1,2.0,,8.0,,
2025-12-01 11:00:00,351150400,ZIELONA GÓRA,2025,12,1,11,4.9,95,4.2,996.8,1020.7,215.0,2.0,,7.0,3,2.0,,8.0,,
2025-12-01 12:00:00,351150400,ZIELONA GÓRA,2025,12,1,12,5.2,91,3.8,996.4,1020.2,209.0,2.0,,7.0,1,2.0,,9.0,,
2025-12-01 13:00:00,351150400,ZIELONA GÓRA,2025,12,1,13,5.0,92,3.8,996.2,1020.1,188.0,2.0,,7.0,1,2.0,,8.0,,
2025-12-01 14:00:00,351150400,ZIELONA GÓRA,2025,12,1,14,4.8,93,3.8,996.3,1020.2,156.0,1.0,,7.0,2,2.0,,8.0,,
2025-12-01 15:00:00,351150400,ZIELONA GÓRA,2025,12,1,15,4.4,95,3.7,996.5,1020.4,154.0,1.0,,7.0,10,2.0,,8.0,,
2025-12-01 16:00:00,351150400,ZIELONA GÓRA,2025,12,1,16,4.0,96,3.4,996.6,1020.6,161.0,1.0,,7.0,10,2.0,,8.0,,
2025-12-01 17:00:00,351150400,ZIELONA GÓRA,2025,12,1,17,3.6,97,3.2,996.5,1020.5,136.0,2.0,,7.0,10,2.0,,8.0,,
2025-12-01 18:00:00,351150400,ZIELONA GÓRA,2025,12,1,18,3.1,97,2.7,996.5,1020.5,138.0,1.0,,7.0,10,2.0,,9.0,,
2025-12-01 19:00:00,351150400,ZIELONA GÓRA,2025,12,1,19,3.0,97,2.6,996.4,1020.4,140.0,1.0,,7.0,10,2.0,,8.0,,
2025-12-01 20:00:00,351150400,ZIELONA GÓRA,2025,12,1,20,3.1,97,2.7,996.2,1020.2,131.0,2.0,,7.0,10,2.0,,8.0,,
2025-12-01 21:00:00,351150400,ZIELONA GÓRA,2025,12,1,21,3.0,97,2.6,996.1,1020.1,162.0,2.0,,7.0,28,2.0,,8.0,,
2025-12-01 22:00:00,351150400,ZIELONA GÓRA,2025,12,1,22,2.8,97,2.4,995.8,1019.8,133.0,2.0,,,10,,,8.0,,
2025-12-01 23:00:00,351150400,ZIELONA GÓRA,2025,12,1,23,2.0,97,1.6,995.5,1019.6,127.0,2.0,,,33,,,8.0,,
2025-12-02 00:00:00,351150400,ZIELONA GÓRA,2025,12,2,0,1.8,98,1.5,995.1,1019.2,152.0,1.0,,,33,,,9.0,,
2025-12-02 01:00:00,351150400,ZIELONA GÓRA,2025,12,2,1,0.5,98,0.2,994.9,1019.1,125.0,2.0,,,33,,,8.0,,
2025-12-02 02:00:00,351150400,ZIELONA GÓRA,2025,12,2,2,0.2,98,-0.1,994.6,1018.8,127.0,2.0,,,33,,,8.0,,
2025-12-02 03:00:00,351150400,ZIELONA GÓRA,2025,12,2,3,0.4,98,0.1,994.3,1018.5,133.0,3.0,,,33,,,8.0,,
2025-12-02 04:00:00,351150400,ZIELONA GÓRA,2025,12,2,4,0.4,98,0.1,994.1,1018.3,136.0,3.0,,,33,,,8.0,,
2025-12-02 05:00:00,351150400,ZIELONA GÓRA,2025,12,2,5,0.4,98,0.1,994.0,1018.2,127.0,3.0,,,33,,,8.0,,
2025-12-02 06:00:00,351150400,ZIELONA GÓRA,2025,12,2,6,0.5,98,0.2,993.8,1018.0,140.0,3.0,,9.0,45,,,9.0,,
2025-12-02 07:00:00,351150400,ZIELONA GÓRA,2025,12,2,7,0.6,98,0.3,993.8,1018.0,142.0,2.0,,9.0,43,4.0,,8.0,,
2025-12-02 08:00:00,351150400,ZIELONA GÓRA,2025,12,2,8,1.0,98,0.7,993.7,1017.9,135.0,3.0,,9.0,45,4.0,,8.0,,
2025-12-02 09:00:00,351150400,ZIELONA GÓRA,2025,12,2,9,1.1,98,0.8,993.8,1017.9,150.0,2.0,,9.0,45,4.0,,8.0,,
2025-12-02 10:00:00,351150400,ZIELONA GÓRA,2025,12,2,10,1.3,98,1.0,993.6,1017.7,150.0,2.0,,9.0,43,4.0,,8.0,,
2025-12-02 11:00:00,351150400,ZIELONA GÓRA,2025,12,2,11,1.5,98,1.2,993.5,1017.6,136.0,2.0,,9.0,43,4.0,,8.0,,
2025-12-02 12:00:00,351150400,ZIELONA GÓRA,2025,12,2,12,1.7,98,1.4,993.4,1017.5,128.0,2.0,,9.0,47,4.0,,9.0,,
2025-12-02 13:00:00,351150400,ZIELONA GÓRA,2025,12,2,13,1.9,98,1.6,993.1,1017.2,112.0,2.0,,8.0,42,4.0,,8.0,,
2025-12-02 14:00:00,351150400,ZIELONA GÓRA,2025,12,2,14,2.1,98,1.8,993.1,1017.1,113.0,2.0,,8.0,28,2.0,,8.0,,
2025-12-02 15:00:00,351150400,ZIELONA GÓRA,2025,12,2,15,2.1,98,1.8,993.2,1017.2,135.0,2.0,,8.0,10,4.0,,8.0,,
2025-12-02 16:00:00,351150400,ZIELONA GÓRA,2025,12,2,16,2.1,97,1.7,993.4,1017.4,148.0,2.0,,8.0,2,2.0,,8.0,,
2025-12-02 17:00:00,351150400,ZIELONA GÓRA,2025,12,2,17,2.1,97,1.7,993.5,1017.5,142.0,2.0,,7.0,10,2.0,,8.0,,
2025-12-02 18:00:00,351150400,ZIELONA GÓRA,2025,12,2,18,1.8,97,1.4,993.7,1017.8,138.0,2.0,,5.0,10,4.0,,9.0,,
2025-12-02 19:00:00,351150400,ZIELONA GÓRA,2025,12,2,19,1.6,95,0.9,993.9,1018.0,130.0,2.0,,2.0,10,1.0,,8.0,,
2025-12-02 20:00:00,351150400,ZIELONA GÓRA,2025,12,2,20,1.5,97,1.1,993.6,1017.7,125.0,3.0,,1.0,10,0.0,,8.0,,
2025-12-02 21:00:00,351150400,ZIELONA GÓRA,2025,12,2,21,1.1,98,0.8,993.6,1017.7,111.0,3.0,,9.0,47,4.0,,8.0,,
2025-12-02 22:00:00,351150400,ZIELONA GÓRA,2025,12,2,22,1.2,98,0.9,993.8,1017.9,139.0,3.0,,,33,,,8.0,,
2025-12-02 23:00:00,351150400,ZIELONA GÓRA,2025,12,2,23,0.8,98,0.5,993.6,1017.8,128.0,3.0,,,33,,,8.0,,
2025-12-03 00:00:00,351150400,ZIELONA GÓRA,2025,12,3,0,0.8,98,0.5,993.6,1017.8,132.0,3.0,,,33,,,9.0,,
2025-12-03 01:00:00,351150400,ZIELONA GÓRA,2025,12,3,1,0.4,98,0.1,993.6,1017.8,130.0,3.0,,,33,,,8.0,,
2025-12-03 02:00:00,351150400,ZIELONA GÓRA,2025,12,3,2,0.0,98,-0.3,993.2,1017.4,136.0,3.0,,,33,,,8.0,,
2025-12-03 03:00:00,351150400,ZIELONA GÓRA,2025,12,3,3,-0.7,98,-1.0,993.0,1017.3,142.0,3.0,,,33,,,8.0,,
2025-12-03 04:00:00,351150400,ZIELONA GÓRA,2025,12,3,4,-0.9,98,-1.2,992.9,1017.2,144.0,3.0,,,33,,,8.0,,
2025-12-03 05:00:00,351150400,ZIELONA GÓRA,2025,12,3,5,-1.2,98,-1.5,992.9,1017.2,141.0,2.0,,,33,,,8.0,,
2025-12-03 06:00:00,351150400,ZIELONA GÓRA,2025,12,3,6,-1.5,98,-1.8,993.1,1017.5,143.0,2.0,,9.0,45,,,9.0,,
2025-12-03 07:00:00,351150400,ZIELONA GÓRA,2025,12,3,7,-1.2,97,-1.6,993.2,1017.5,153.0,2.0,,1.0,28,0.0,,8.0,,
2025-12-03 08:00:00,351150400,ZIELONA GÓRA,2025,12,3,8,-0.9,97,-1.3,993.2,1017.5,133.0,2.0,,1.0,10,0.0,,8.0,,
2025-12-03 09:00:00,351150400,ZIELONA GÓRA,2025,12,3,9,-0.2,97,-0.6,993.3,1017.5,133.0,2.0,,1.0,10,4.0,,8.0,,
2025-12-03 10:00:00,351150400,ZIELONA GÓRA,2025,12,3,10,-0.2,97,-0.6,993.1,1017.3,139.0,2.0,,5.0,10,1.0,,8.0,,
2025-12-03 11:00:00,351150400,ZIELONA GÓRA,2025,12,3,11,-0.5,98,-0.8,992.7,1017.0,133.0,1.0,,9.0,47,4.0,,8.0,,
2025-12-03 12:00:00,351150400,ZIELONA GÓRA,2025,12,3,12,0.0,98,-0.3,992.5,1016.7,153.0,1.0,,9.0,43,4.0,,9.0,,
2025-12-03 13:00:00,351150400,ZIELONA GÓRA,2025,12,3,13,-0.1,98,-0.4,992.3,1016.5,123.0,2.0,,9.0,47,4.0,,8.0,,
2025-12-03 14:00:00,351150400,ZIELONA GÓRA,2025,12,3,14,-0.2,99,-0.3,992.1,1016.3,93.0,1.0,,9.0,47,4.0,,8.0,,
2025-12-03 15:00:00,351150400,ZIELONA GÓRA,2025,12,3,15,-0.4,98,-0.7,992.3,1016.5,113.0,2.0,,9.0,43,4.0,,8.0,,
2025-12-03 16:00:00,351150400,ZIELONA GÓRA,2025,12,3,16,0.2,98,-0.1,992.3,1016.5,117.0,3.0,,4.0,28,4.0,,8.0,,
2025-12-03 17:00:00,351150400,ZIELONA GÓRA,2025,12,3,17,0.6,98,0.3,992.3,1016.5,119.0,2.0,,5.0,10,1.0,,8.0,,
2025-12-03 18:00:00,351150400,ZIELONA GÓRA,2025,12,3,18,0.4,98,0.1,991.9,1016.1,114.0,2.0,,4.0,10,4.0,,9.0,,
2025-12-03 19:00:00,351150400,ZIELONA GÓRA,2025,12,3,19,0.4,98,0.1,992.1,1016.3,121.0,2.0,,5.0,10,1.0,,8.0,,
2025-12-03 20:00:00,351150400,ZIELONA GÓRA,2025,12,3,20,0.3,98,0.0,992.2,1016.4,119.0,2.0,,7.0,46,2.0,,8.0,,
2025-12-03 21:00:00,351150400,ZIELONA GÓRA,2025,12,3,21,0.4,98,0.1,992.1,1016.3,105.0,2.0,,9.0,47,1.0,,8.0,,
2025-12-03 22:00:00,351150400,ZIELONA GÓRA,2025,12,3,22,0.1,98,-0.2,992.0,1016.2,113.0,2.0,,,31,,,8.0,,
2025-12-03 23:00:00,351150400,ZIELONA GÓRA,2025,12,3,23,-0.3,98,-0.6,992.0,1016.2,112.0,2.0,,,33,,,8.0,,
2025-12-04 00:00:00,351150400,ZIELONA GÓRA,2025,12,4,0,-0.6,98,-0.9,991.7,1015.9,110.0,1.0,,,33,,,9.0,,
2025-12-04 01:00:00,351150400,ZIELONA GÓRA,2025,12,4,1,-0.6,98,-0.9,991.6,1015.8,83.0,1.0,,,20,,,8.0,,
2025-12-04 02:00:00,351150400,ZIELONA GÓRA,2025,12,4,2,-1.2,98,-1.5,991.5,1015.8,122.0,1.0,,,34,,,8.0,,
2025-12-04 03:00:00,351150400,ZIELONA GÓRA,2025,12,4,3,-1.7,98,-2.0,991.2,1015.5,104.0,1.0,,,33,,,8.0,,
2025-12-04 04:00:00,351150400,ZIELONA GÓRA,2025,12,4,4,-2.1,97,-2.5,990.8,1015.2,115.0,2.0,,,33,,,8.0,,
2025-12-04 05:00:00,351150400,ZIELONA GÓRA,2025,12,4,5,-2.2,97,-2.6,990.8,1015.2,110.0,1.0,,,33,,,8.0,,
2025-12-04 06:00:00,351150400,ZIELONA GÓRA,2025,12,4,6,-2.4,97,-2.8,990.7,1015.1,125.0,2.0,,0.0,48,,,9.0,,
2025-12-04 07:00:00,351150400,ZIELONA GÓRA,2025,12,4,7,-2.2,97,-2.6,991.0,1015.4,134.0,2.0,,9.0,49,4.0,,8.0,,
2025-12-04 08:00:00,351150400,ZIELONA GÓRA,2025,12,4,8,-1.7,97,-2.1,990.9,1015.2,163.0,1.0,,5.0,46,4.0,,8.0,,
2025-12-04 09:00:00,351150400,ZIELONA GÓRA,2025,12,4,9,-1.6,97,-2.0,990.6,1014.9,112.0,2.0,,9.0,49,4.0,,8.0,,
2025-12-04 10:00:00,351150400,ZIELONA GÓRA,2025,12,4,10,-1.0,97,-1.4,990.2,1014.4,93.0,1.0,,9.0,49,4.0,,8.0,,
2025-12-04 11:00:00,351150400,ZIELONA GÓRA,2025,12,4,11,-0.7,98,-1.0,989.8,1014.0,82.0,1.0,,9.0,47,4.0,,8.0,,
2025-12-04 12:00:00,351150400,ZIELONA GÓRA,2025,12,4,12,-0.3,98,-0.6,989.0,1013.2,92.0,1.0,,9.0,43,4.0,0.2,,5.0,
2025-12-04 13:00:00,351150400,ZIELONA GÓRA,2025,12,4,13,-0.4,98,-0.7,988.6,1012.8,113.0,2.0,,9.0,47,4.0,,8.0,,
2025-12-04 14:00:00,351150400,ZIELONA GÓRA,2025,12,4,14,-0.2,98,-0.5,988.6,1012.7,117.0,2.0,,9.0,45,4.0,,8.0,,
2025-12-04 15:00:00,351150400,ZIELONA GÓRA,2025,12,4,15,-0.1,98,-0.4,988.5,1012.6,129.0,1.0,,9.0,47,4.0,,8.0,,
2025-12-04 16:00:00,351150400,ZIELONA GÓRA,2025,12,4,16,0.0,98,-0.3,988.3,1012.4,109.0,1.0,,9.0,43,4.0,,8.0,,
2025-12-04 17:00:00,351150400,ZIELONA GÓRA,2025,12,4,17,0.9,98,0.6,988.2,1012.2,117.0,2.0,,9.0,47,4.0,,8.0,,
2025-12-04 18:00:00,351150400,ZIELONA GÓRA,2025,12,4,18,1.5,98,1.2,988.2,1012.2,121.0,2.0,,9.0,47,4.0,,9.0,,
2025-12-04 19:00:00,351150400,ZIELONA GÓRA,2025,12,4,19,1.5,98,1.2,987.9,1011.9,121.0,2.0,,9.0,47,4.0,,8.0,,
2025-12-04 20:00:00,351150400,ZIELONA GÓRA,2025,12,4,20,1.8,98,1.5,987.8,1011.7,95.0,1.0,,9.0,43,4.0,,8.0,,
2025-12-04 21:00:00,351150400,ZIELONA GÓRA,2025,12,4,21,2.4,98,2.1,987.6,1011.5,109.0,2.0,,9.0,43,4.0,,8.0,,
2025-12-04 22:00:00,351150400,ZIELONA GÓRA,2025,12,4,22,2.5,98,2.2,987.5,1011.4,95.0,2.0,,,34,,,8.0,,
2025-12-04 23:00:00,351150400,ZIELONA GÓRA,2025,12,4,23,1.9,98,1.6,987.4,1011.3,110.0,3.0,,,33,,,8.0,,
2025-12-05 00:00:00,351150400,ZIELONA GÓRA,2025,12,5,0,1.7,98,1.4,987.2,1011.1,109.0,3.0,,,33,,,9.0,,
2025-12-05 01:00:00,351150400,ZIELONA GÓRA,2025,12,5,1,1.6,98,1.3,987.2,1011.1,104.0,2.0,,,33,,,8.0,,
2025-12-05 02:00:00,351150400,ZIELONA GÓRA,2025,12,5,2,1.8,98,1.5,986.8,1010.7,90.0,2.0,,,61,,,8.0,,
2025-12-05 03:00:00,351150400,ZIELONA GÓRA,2025,12,5,3,1.9,98,1.6,987.1,1011.0,100.0,2.0,,,81,,,8.0,,
2025-12-05 04:00:00,351150400,ZIELONA GÓRA,2025,12,5,4,2.3,98,2.0,986.8,1010.7,95.0,3.0,,,61,,,8.0,,
2025-12-05 05:00:00,351150400,ZIELONA GÓRA,2025,12,5,5,3.2,98,2.9,987.1,1010.9,110.0,3.0,,,61,,,8.0,,
2025-12-05 06:00:00,351150400,ZIELONA GÓRA,2025,12,5,6,3.3,98,3.0,987.0,1010.8,96.0,2.0,,8.0,61,,2.7,,6.0,
2025-12-05 07:00:00,351150400,ZIELONA GÓRA,2025,12,5,7,3.3,98,3.0,987.4,1011.2,86.0,2.0,,8.0,61,6.0,,8.0,,
2025-12-05 08:00:00,351150400,ZIELONA GÓRA,2025,12,5,8,3.4,98,3.1,987.4,1011.2,77.0,2.0,,8.0,61,6.0,,8.0,,
2025-12-05 09:00:00,351150400,ZIELONA GÓRA,2025,12,5,9,3.3,98,3.0,987.6,1011.4,80.0,2.0,,9.0,61,6.0,,8.0,,
2025-12-05 10:00:00,351150400,ZIELONA GÓRA,2025,12,5,10,3.7,98,3.4,987.7,1011.5,87.0,2.0,,9.0,61,6.0,,8.0,,
2025-12-05 11:00:00,351150400,ZIELONA GÓRA,2025,12,5,11,4.1,98,3.8,987.7,1011.4,121.0,2.0,,9.0,60,6.0,,8.0,,
2025-12-05 12:00:00,351150400,ZIELONA GÓRA,2025,12,5,12,4.2,98,3.9,987.7,1011.4,109.0,2.0,,9.0,45,6.0,0.9,,6.0,
2025-12-05 13:00:00,351150400,ZIELONA GÓRA,2025,12,5,13,4.2,98,3.9,988.1,1011.8,139.0,2.0,,9.0,47,4.0,,8.0,,
2025-12-05 14:00:00,351150400,ZIELONA GÓRA,2025,12,5,14,4.3,98,4.0,988.4,1012.1,124.0,2.0,,9.0,47,4.0,,8.0,,
2025-12-05 15:00:00,351150400,ZIELONA GÓRA,2025,12,5,15,4.3,98,4.0,988.9,1012.6,143.0,2.0,,9.0,45,4.0,,8.0,,
2025-12-05 16:00:00,351150400,ZIELONA GÓRA,2025,12,5,16,4.3,98,4.0,989.5,1013.3,157.0,1.0,,9.0,45,4.0,,8.0,,
2025-12-05 17:00:00,351150400,ZIELONA GÓRA,2025,12,5,17,4.0,99,3.9,990.0,1013.8,220.0,2.0,,9.0,43,4.0,,8.0,,
2025-12-05 18:00:00,351150400,ZIELONA GÓRA,2025,12,5,18,3.1,99,3.0,990.3,1014.2,238.0,3.0,,9.0,43,4.0,,9.0,,
2025-12-05 19:00:00,351150400,ZIELONA GÓRA,2025,12,5,19,2.7,98,2.4,990.5,1014.4,242.0,2.0,,8.0,28,2.0,,8.0,,
2025-12-05 20:00:00,351150400,ZIELONA GÓRA,2025,12,5,20,2.5,98,2.2,991.0,1015.0,213.0,2.0,,8.0,10,2.0,,8.0,,
2025-12-05 21:00:00,351150400,ZIELONA GÓRA,2025,12,5,21,2.4,98,2.1,991.2,1015.2,221.0,2.0,,8.0,10,4.0,,8.0,,
2025-12-05 22:00:00,351150400,ZIELONA GÓRA,2025,12,5,22,2.1,98,1.8,991.3,1015.3,215.0,3.0,,,10,,,8.0,,
2025-12-05 23:00:00,351150400,ZIELONA GÓRA,2025,12,5,23,1.6,98,1.3,991.3,1015.3,234.0,2.0,,,10,,,8.0,,
2025-12-06 00:00:00,351150400,ZIELONA GÓRA,2025,12,6,0,1.1,98,0.8,991.4,1015.5,207.0,1.0,,,10,,,9.0,,
2025-12-06 01:00:00,351150400,ZIELONA GÓRA,2025,12,6,1,1.0,98,0.7,991.3,1015.4,211.0,2.0,,,33,,,8.0,,
2025-12-06 02:00:00,351150400,ZIELONA GÓRA,2025,12,6,2,0.7,98,0.4,991.1,1015.2,213.0,3.0,,,33,,,8.0,,
2025-12-06 03:00:00,351150400,ZIELONA GÓRA,2025,12,6,3,0.1,98,-0.2,990.9,1015.1,229.0,2.0,,,33,,,8.0,,
2025-12-06 04:00:00,351150400,ZIELONA GÓRA,2025,12,6,4,0.0,98,-0.3,990.8,1015.0,208.0,2.0,,,33,,,8.0,,
2025-12-06 05:00:00,351150400,ZIELONA GÓRA,2025,12,6,5,-0.2,98,-0.5,990.9,1015.1,193.0,1.0,,,33,,,8.0,,
2025-12-06 06:00:00,351150400,ZIELONA GÓRA,2025,12,6,6,-0.7,98,-1.0,990.9,1015.1,132.0,1.0,,9.0,45,,,9.0,,
2025-12-06 07:00:00,351150400,ZIELONA GÓRA,2025,12,6,7,-0.8,98,-1.1,991.0,1015.2,137.0,2.0,,9.0,45,4.0,,8.0,,
2025-12-06 08:00:00,351150400,ZIELONA GÓRA,2025,12,6,8,-0.4,98,-0.7,991.0,1015.2,118.0,2.0,,9.0,43,4.0,,8.0,,
2025-12-06 09:00:00,351150400,ZIELONA GÓRA,2025,12,6,9,0.1,98,-0.2,990.7,1014.9,139.0,1.0,,9.0,43,4.0,,8.0,,
2025-12-06 10:00:00,351150400,ZIELONA GÓRA,2025,12,6,10,1.6,98,1.3,990.0,1014.0,166.0,2.0,,8.0,42,4.0,,8.0,,
2025-12-06 11:00:00,351150400,ZIELONA GÓRA,2025,12,6,11,2.1,98,1.8,989.2,1013.1,118.0,2.0,,9.0,47,4.0,,8.0,,
2025-12-06 12:00:00,351150400,ZIELONA GÓRA,2025,12,6,12,2.5,98,2.2,988.6,1012.5,123.0,3.0,,9.0,43,4.0,,9.0,,
2025-12-06 13:00:00,351150400,ZIELONA GÓRA,2025,12,6,13,2.5,98,2.2,988.3,1012.2,131.0,3.0,,8.0,42,4.0,,8.0,,
2025-12-06 14:00:00,351150400,ZIELONA GÓRA,2025,12,6,14,2.3,98,2.0,988.2,1012.1,135.0,3.0,,9.0,47,4.0,,8.0,,
2025-12-06 15:00:00,351150400,ZIELONA GÓRA,2025,12,6,15,2.3,98,2.0,987.7,1011.6,130.0,3.0,,9.0,47,4.0,,8.0,,
2025-12-06 16:00:00,351150400,ZIELONA GÓRA,2025,12,6,16,2.2,98,1.9,987.5,1011.4,151.0,3.0,,9.0,47,4.0,,8.0,,
2025-12-06 17:00:00,351150400,ZIELONA GÓRA,2025,12,6,17,2.0,98,1.7,987.3,1011.2,148.0,3.0,,9.0,45,4.0,,8.0,,
2025-12-06 18:00:00,351150400,ZIELONA GÓRA,2025,12,6,18,1.9,98,1.6,987.5,1011.4,162.0,2.0,,7.0,42,4.0,,9.0,,
2025-12-06 19:00:00,351150400,ZIELONA GÓRA,2025,12,6,19,2.0,98,1.7,987.4,1011.3,163.0,3.0,,7.0,28,2.0,,8.0,,
2025-12-06 20:00:00,351150400,ZIELONA GÓRA,2025,12,6,20,1.8,98,1.5,987.7,1011.6,173.0,3.0,,7.0,10,2.0,,8.0,,
2025-12-06 21:00:00,351150400,ZIELONA GÓRA,2025,12,6,21,1.5,98,1.2,987.7,1011.7,148.0,2.0,,4.0,10,4.0,,8.0,,
2025-12-06 22:00:00,351150400,ZIELONA GÓRA,2025,12,6,22,1.5,98,1.2,987.7,1011.7,147.0,3.0,,,10,,,8.0,,
2025-12-06 23:00:00,351150400,ZIELONA GÓRA,2025,12,6,23,1.6,98,1.3,987.8,1011.8,150.0,3.0,,,10,,,8.0,,
2025-12-07 00:00:00,351150400,ZIELONA GÓRA,2025,12,7,0,1.4,98,1.1,987.7,1011.7,154.0,3.0,,,10,,,9.0,,
2025-12-07 01:00:00,351150400,ZIELONA GÓRA,2025,12,7,1,1.7,98,1.4,987.7,1011.6,161.0,3.0,,,10,,,8.0,,
2025-12-07 02:00:00,351150400,ZIELONA GÓRA,2025,12,7,2,2.1,97,1.7,987.8,1011.7,177.0,3.0,,,10,,,8.0,,
2025-12-07 03:00:00,351150400,ZIELONA GÓRA,2025,12,7,3,2.3,97,1.9,987.7,1011.6,159.0,2.0,,,10,,,8.0,,
2025-12-07 04:00:00,351150400,ZIELONA GÓRA,2025,12,7,4,2.5,97,2.1,987.9,1011.8,166.0,3.0,,,10,,,8.0,,
2025-12-07 05:00:00,351150400,ZIELONA GÓRA,2025,12,7,5,2.6,96,2.0,987.9,1011.8,166.0,3.0,,,10,,,8.0,,
2025-12-07 06:00:00,351150400,ZIELONA GÓRA,2025,12,7,6,2.8,96,2.2,988.1,1012.0,151.0,2.0,,2.0,0,,,9.0,,
2025-12-07 07:00:00,351150400,ZIELONA GÓRA,2025,12,7,7,3.0,97,2.6,988.3,1012.1,153.0,3.0,,7.0,3,1.0,,8.0,,
2025-12-07 08:00:00,351150400,ZIELONA GÓRA,2025,12,7,8,3.5,97,3.1,988.5,1012.3,160.0,2.0,,6.0,1,2.0,,8.0,,
2025-12-07 09:00:00,351150400,ZIELONA GÓRA,2025,12,7,9,4.0,96,3.4,988.7,1012.5,174.0,2.0,,5.0,1,1.0,,8.0,,
2025-12-07 10:00:00,351150400,ZIELONA GÓRA,2025,12,7,10,5.6,94,4.7,989.1,1012.7,190.0,3.0,,7.0,3,2.0,,8.0,,
2025-12-07 11:00:00,351150400,ZIELONA GÓRA,2025,12,7,11,7.8,85,5.4,988.8,1012.2,203.0,3.0,,4.0,1,1.0,,8.0,,
2025-12-07 12:00:00,351150400,ZIELONA GÓRA,2025,12,7,12,7.7,88,5.8,988.9,1012.4,196.0,3.0,,7.0,3,1.0,,9.0,,
2025-12-07 13:00:00,351150400,ZIELONA GÓRA,2025,12,7,13,7.9,86,5.7,989.1,1012.5,190.0,3.0,,7.0,1,2.0,,8.0,,
2025-12-07 14:00:00,351150400,ZIELONA GÓRA,2025,12,7,14,7.5,90,6.0,989.3,1012.8,169.0,2.0,,7.0,2,2.0,,8.0,,
2025-12-07 15:00:00,351150400,ZIELONA GÓRA,2025,12,7,15,7.1,90,5.6,989.7,1013.2,146.0,2.0,,7.0,3,2.0,,8.0,,
2025-12-07 16:00:00,351150400,ZIELONA GÓRA,2025,12,7,16,6.7,92,5.5,989.6,1013.2,159.0,2.0,,7.0,1,2.0,,8.0,,
2025-12-07 17:00:00,351150400,ZIELONA GÓRA,2025,12,7,17,6.4,92,5.2,990.0,1013.6,155.0,2.0,,8.0,3,2.0,,8.0,,
2025-12-07 18:00:00,351150400,ZIELONA GÓRA,2025,12,7,18,6.2,92,5.0,990.2,1013.8,168.0,2.0,,8.0,2,2.0,,9.0,,
2025-12-07 19:00:00,351150400,ZIELONA GÓRA,2025,12,7,19,6.0,93,5.0,990.3,1013.9,157.0,2.0,,8.0,2,2.0,,8.0,,
2025-12-07 20:00:00,351150400,ZIELONA GÓRA,2025,12,7,20,6.0,93,5.0,990.1,1013.7,154.0,2.0,,8.0,2,2.0,,8.0,,
2025-12-07 21:00:00,351150400,ZIELONA GÓRA,2025,12,7,21,5.9,93,4.9,989.8,1013.4,136.0,2.0,,7.0,1,2.0,,8.0,,
2025-12-07 22:00:00,351150400,ZIELONA GÓRA,2025,12,7,22,6.1,92,4.9,989.7,1013.3,143.0,2.0,,,0,,,8.0,,
2025-12-07 23:00:00,351150400,ZIELONA GÓRA,2025,12,7,23,5.9,92,4.7,989.5,1013.1,150.0,2.0,,,0,,,8.0,,
2025-12-08 00:00:00,351150400,ZIELONA GÓRA,2025,12,8,0,5.6,93,4.6,988.9,1012.5,142.0,3.0,,,0,,,9.0,,
2025-12-08 01:00:00,351150400,ZIELONA GÓRA,2025,12,8,1,5.6,90,4.1,988.6,1012.2,144.0,3.0,,,0,,,8.0,,
2025-12-08 02:00:00,351150400,ZIELONA GÓRA,2025,12,8,2,5.1,88,3.3,988.5,1012.2,136.0,3.0,,,0,,,8.0,,
2025-12-08 03:00:00,351150400,ZIELONA GÓRA,2025,12,8,3,5.2,87,3.2,988.2,1011.9,133.0,3.0,,,0,,,8.0,,
2025-12-08 04:00:00,351150400,ZIELONA GÓRA,2025,12,8,4,5.2,88,3.4,987.7,1011.3,131.0,3.0,,,81,,,8.0,,
2025-12-08 05:00:00,351150400,ZIELONA GÓRA,2025,12,8,5,5.7,88,3.9,987.6,1011.2,147.0,3.0,,,23,,,8.0,,
2025-12-08 06:00:00,351150400,ZIELONA GÓRA,2025,12,8,6,6.2,92,5.0,988.3,1011.9,168.0,3.0,,8.0,0,,0.0,,6.0,
2025-12-08 07:00:00,351150400,ZIELONA GÓRA,2025,12,8,7,6.8,98,6.5,988.7,1012.2,178.0,4.0,,8.0,58,6.0,,8.0,,
2025-12-08 08:00:00,351150400,ZIELONA GÓRA,2025,12,8,8,7.6,98,7.3,989.5,1013.0,198.0,3.0,,8.0,51,6.0,,8.0,,
2025-12-08 09:00:00,351150400,ZIELONA GÓRA,2025,12,8,9,8.3,98,8.0,990.6,1014.0,198.0,3.0,,7.0,20,6.0,,8.0,,
2025-12-08 10:00:00,351150400,ZIELONA GÓRA,2025,12,8,10,9.9,95,9.1,991.3,1014.6,237.0,3.0,,7.0,1,2.0,,8.0,,
2025-12-08 11:00:00,351150400,ZIELONA GÓRA,2025,12,8,11,11.5,87,9.4,991.3,1014.5,244.0,3.0,,5.0,1,2.0,,8.0,,
2025-12-08 12:00:00,351150400,ZIELONA GÓRA,2025,12,8,12,12.2,83,9.4,991.4,1014.5,233.0,3.0,,4.0,3,6.0,0.8,,6.0,
2025-12-08 13:00:00,351150400,ZIELONA GÓRA,2025,12,8,13,12.7,77,8.8,991.1,1014.2,226.0,3.0,,4.0,1,0.0,,8.0,,
2025-12-08 14:00:00,351150400,ZIELONA GÓRA,2025,12,8,14,12.1,79,8.6,991.7,1014.9,221.0,2.0,,5.0,3,1.0,,8.0,,
2025-12-08 15:00:00,351150400,ZIELONA GÓRA,2025,12,8,15,10.6,86,8.4,992.1,1015.4,208.0,2.0,,3.0,1,1.0,,8.0,,
2025-12-08 16:00:00,351150400,ZIELONA GÓRA,2025,12,8,16,9.5,92,8.3,992.4,1015.8,186.0,3.0,,6.0,3,1.0,,8.0,,
2025-12-08 17:00:00,351150400,ZIELONA GÓRA,2025,12,8,17,9.8,91,8.4,992.7,1016.1,180.0,3.0,,7.0,3,2.0,,8.0,,
2025-12-08 18:00:00,351150400,ZIELONA GÓRA,2025,12,8,18,9.8,91,8.4,992.6,1016.0,180.0,3.0,,7.0,3,1.0,,9.0,,
2025-12-08 19:00:00,351150400,ZIELONA GÓRA,2025,12,8,19,9.3,97,8.8,992.5,1015.9,176.0,3.0,,8.0,25,8.0,,8.0,,
2025-12-08 20:00:00,351150400,ZIELONA GÓRA,2025,12,8,20,9.7,96,9.1,992.4,1015.8,188.0,3.0,,7.0,25,2.0,,8.0,,
2025-12-08 21:00:00,351150400,ZIELONA GÓRA,2025,12,8,21,10.5,95,9.7,992.7,1016.0,214.0,4.0,,8.0,80,8.0,,8.0,,
2025-12-08 22:00:00,351150400,ZIELONA GÓRA,2025,12,8,22,10.8,95,10.0,992.9,1016.2,230.0,3.0,,,81,,,8.0,,
2025-12-08 23:00:00,351150400,ZIELONA GÓRA,2025,12,8,23,10.7,96,10.1,992.8,1016.1,208.0,3.0,,,61,,,8.0,,
2025-12-09 00:00:00,351150400,ZIELONA GÓRA,2025,12,9,0,10.5,98,10.2,992.4,1015.7,201.0,3.0,,,61,,3.9,,,
2025-12-09 01:00:00,351150400,ZIELONA GÓRA,2025,12,9,1,10.5,97,10.0,992.6,1015.9,223.0,3.0,,,61,,,8.0,,
2025-12-09 02:00:00,351150400,ZIELONA GÓRA,2025,12,9,2,10.3,98,10.0,992.8,1016.1,215.0,3.0,,,61,,,8.0,,
2025-12-09 03:00:00,351150400,ZIELONA GÓRA,2025,12,9,3,10.2,98,9.9,992.5,1015.8,228.0,2.0,,,61,,,8.0,,
2025-12-09 04:00:00,351150400,ZIELONA GÓRA,2025,12,9,4,10.2,98,9.9,992.5,1015.8,256.0,2.0,,,81,,,8.0,,
2025-12-09 05:00:00,351150400,ZIELONA GÓRA,2025,12,9,5,10.1,98,9.8,992.4,1015.7,202.0,1.0,,,61,,,8.0,,
2025-12-09 06:00:00,351150400,ZIELONA GÓRA,2025,12,9,6,10.0,98,9.7,992.5,1015.8,233.0,1.0,,8.0,50,,4.3,,6.0,
2025-12-09 07:00:00,351150400,ZIELONA GÓRA,2025,12,9,7,10.1,98,9.8,993.0,1016.3,239.0,2.0,,8.0,61,6.0,,8.0,,
2025-12-09 08:00:00,351150400,ZIELONA GÓRA,2025,12,9,8,10.3,98,10.0,992.9,1016.2,238.0,3.0,,8.0,21,2.0,,8.0,,
2025-12-09 09:00:00,351150400,ZIELONA GÓRA,2025,12,9,9,10.9,96,10.3,993.1,1016.4,246.0,3.0,,8.0,2,6.0,,8.0,,
2025-12-09 10:00:00,351150400,ZIELONA GÓRA,2025,12,9,10,11.3,94,10.4,993.0,1016.2,246.0,3.0,,7.0,1,2.0,,8.0,,
2025-12-09 11:00:00,351150400,ZIELONA GÓRA,2025,12,9,11,11.7,93,10.6,992.9,1016.1,249.0,3.0,,8.0,3,2.0,,8.0,,
2025-12-09 12:00:00,351150400,ZIELONA GÓRA,2025,12,9,12,11.5,94,10.6,992.7,1015.9,227.0,3.0,,8.0,21,6.0,0.6,,6.0,
2025-12-09 13:00:00,351150400,ZIELONA GÓRA,2025,12,9,13,11.3,93,10.2,992.4,1015.6,234.0,2.0,,8.0,60,6.0,,8.0,,
2025-12-09 14:00:00,351150400,ZIELONA GÓRA,2025,12,9,14,11.3,92,10.0,992.5,1015.7,242.0,2.0,,8.0,3,2.0,,8.0,,
2025-12-09 15:00:00,351150400,ZIELONA GÓRA,2025,12,9,15,10.9,93,9.8,992.5,1015.8,225.0,1.0,,8.0,1,6.0,,8.0,,
2025-12-09 16:00:00,351150400,ZIELONA GÓRA,2025,12,9,16,10.9,91,9.5,992.9,1016.2,248.0,2.0,,8.0,61,6.0,,8.0,,
2025-12-09 17:00:00,351150400,ZIELONA GÓRA,2025,12,9,17,10.6,93,9.5,992.7,1016.0,266.0,1.0,,8.0,60,6.0,,8.0,,
2025-12-09 18:00:00,351150400,ZIELONA GÓRA,2025,12,9,18,10.1,97,9.6,992.6,1015.9,154.0,1.0,,8.0,21,6.0,0.4,,6.0,
2025-12-09 19:00:00,351150400,ZIELONA GÓRA,2025,12,9,19,9.8,98,9.5,992.2,1015.6,140.0,2.0,,8.0,28,2.0,,8.0,,
2025-12-09 20:00:00,351150400,ZIELONA GÓRA,2025,12,9,20,9.4,98,9.1,992.1,1015.5,160.0,2.0,,7.0,46,4.0,,8.0,,
2025-12-09 21:00:00,351150400,ZIELONA GÓRA,2025,12,9,21,9.5,97,9.0,991.9,1015.3,156.0,2.0,,7.0,28,4.0,,8.0,,
2025-12-09 22:00:00,351150400,ZIELONA GÓRA,2025,12,9,22,9.5,96,8.9,991.8,1015.2,157.0,2.0,,,10,,,8.0,,
2025-12-09 23:00:00,351150400,ZIELONA GÓRA,2025,12,9,23,9.6,95,8.8,991.7,1015.1,171.0,2.0,,,10,,,8.0,,
2025-12-10 00:00:00,351150400,ZIELONA GÓRA,2025,12,10,0,9.3,96,8.7,991.5,1014.9,163.0,1.0,,,10,,0.0,,,
2025-12-10 01:00:00,351150400,ZIELONA GÓRA,2025,12,10,1,9.4,95,8.6,991.3,1014.7,177.0,2.0,,,0,,,8.0,,
2025-12-10 02:00:00,351150400,ZIELONA GÓRA,2025,12,10,2,9.5,94,8.6,991.3,1014.7,182.0,2.0,,,0,,,8.0,,
2025-12-10 03:00:00,351150400,ZIELONA GÓRA,2025,12,10,3,9.4,93,8.3,991.4,1014.8,197.0,3.0,,,0,,,8.0,,
2025-12-10 04:00:00,351150400,ZIELONA GÓRA,2025,12,10,4,9.1,93,8.0,991.2,1014.6,196.0,3.0,,,0,,,8.0,,
2025-12-10 05:00:00,351150400,ZIELONA GÓRA,2025,12,10,5,8.7,92,7.5,991.4,1014.8,202.0,3.0,,,0,,,8.0,,
2025-12-10 06:00:00,351150400,ZIELONA GÓRA,2025,12,10,6,8.9,89,7.2,992.1,1015.5,226.0,3.0,,3.0,0,,,9.0,,
2025-12-10 07:00:00,351150400,ZIELONA GÓRA,2025,12,10,7,8.4,90,6.9,992.6,1016.1,216.0,3.0,,2.0,1,0.0,,8.0,,
2025-12-10 08:00:00,351150400,ZIELONA GÓRA,2025,12,10,8,9.0,86,6.8,993.3,1016.7,224.0,3.0,,5.0,3,1.0,,8.0,,
2025-12-10 09:00:00,351150400,ZIELONA GÓRA,2025,12,10,9,9.7,83,7.0,993.7,1017.1,228.0,3.0,,3.0,1,1.0,,8.0,,
2025-12-10 10:00:00,351150400,ZIELONA GÓRA,2025,12,10,10,11.0,78,7.3,993.9,1017.2,247.0,3.0,8.0,6.0,3,1.0,,8.0,,
2025-12-10 11:00:00,351150400,ZIELONA GÓRA,2025,12,10,11,10.8,81,7.7,994.1,1017.4,252.0,3.0,,7.0,3,2.0,,8.0,,
2025-12-10 12:00:00,351150400,ZIELONA GÓRA,2025,12,10,12,10.6,84,8.0,994.4,1017.7,250.0,3.0,,8.0,3,1.0,,9.0,,
2025-12-10 13:00:00,351150400,ZIELONA GÓRA,2025,12,10,13,10.1,92,8.9,994.8,1018.2,243.0,3.0,,8.0,21,2.0,,8.0,,
2025-12-10 14:00:00,351150400,ZIELONA GÓRA,2025,12,10,14,9.6,96,9.0,995.4,1018.8,233.0,2.0,,8.0,61,6.0,,8.0,,
2025-12-10 15:00:00,351150400,ZIELONA GÓRA,2025,12,10,15,9.7,97,9.2,995.8,1019.2,235.0,2.0,,8.0,21,6.0,,8.0,,
2025-12-10 16:00:00,351150400,ZIELONA GÓRA,2025,12,10,16,9.7,97,9.2,996.2,1019.7,217.0,3.0,,8.0,10,2.0,,8.0,,
2025-12-10 17:00:00,351150400,ZIELONA GÓRA,2025,12,10,17,9.7,98,9.4,996.5,1020.0,227.0,3.0,,8.0,28,5.0,,8.0,,
2025-12-10 18:00:00,351150400,ZIELONA GÓRA,2025,12,10,18,9.7,98,9.4,996.6,1020.1,225.0,3.0,,8.0,10,6.0,0.0,,6.0,
2025-12-10 19:00:00,351150400,ZIELONA GÓRA,2025,12,10,19,9.6,98,9.3,997.1,1020.6,240.0,3.0,,8.0,10,2.0,,8.0,,
2025-12-10 20:00:00,351150400,ZIELONA GÓRA,2025,12,10,20,9.6,97,9.1,997.5,1021.0,240.0,2.0,,8.0,61,6.0,,8.0,,
2025-12-10 21:00:00,351150400,ZIELONA GÓRA,2025,12,10,21,9.6,96,9.0,997.6,1021.1,236.0,2.0,,8.0,21,2.0,,8.0,,
2025-12-10 22:00:00,351150400,ZIELONA GÓRA,2025,12,10,22,9.7,96,9.1,997.7,1021.2,239.0,3.0,,,81,,,8.0,,
2025-12-10 23:00:00,351150400,ZIELONA GÓRA,2025,12,10,23,9.7,96,9.1,997.9,1021.4,250.0,3.0,,,81,,,8.0,,
2025-12-11 00:00:00,351150400,ZIELONA GÓRA,2025,12,11,0,9.6,97,9.1,998.0,1021.5,240.0,3.0,,,61,,1.2,,,
2025-12-11 01:00:00,351150400,ZIELONA GÓRA,2025,12,11,1,9.5,96,8.9,997.9,1021.4,244.0,3.0,,,23,,,8.0,,
2025-12-11 02:00:00,351150400,ZIELONA GÓRA,2025,12,11,2,9.5,96,8.9,997.9,1021.4,243.0,4.0,,,10,,,8.0,,
2025-12-11 03:00:00,351150400,ZIELONA GÓRA,2025,12,11,3,9.4,95,8.6,997.8,1021.3,249.0,4.0,,,10,,,8.0,,
2025-12-11 04:00:00,351150400,ZIELONA GÓRA,2025,12,11,4,9.3,94,8.4,998.1,1021.6,254.0,4.0,,,0,,,8.0,,
2025-12-11 05:00:00,351150400,ZIELONA GÓRA,2025,12,11,5,8.9,95,8.1,998.6,1022.2,266.0,3.0,,,0,,,8.0,,
2025-12-11 06:00:00,351150400,ZIELONA GÓRA,2025,12,11,6,8.7,94,7.8,998.6,1022.2,256.0,4.0,,7.0,0,,0.6,,6.0,
2025-12-11 07:00:00,351150400,ZIELONA GÓRA,2025,12,11,7,8.2,94,7.3,999.0,1022.7,255.0,4.0,,2.0,1,1.0,,8.0,,
2025-12-11 08:00:00,351150400,ZIELONA GÓRA,2025,12,11,8,8.0,95,7.2,999.4,1023.1,257.0,4.0,,6.0,3,1.0,,8.0,,
2025-12-11 09:00:00,351150400,ZIELONA GÓRA,2025,12,11,9,8.6,86,6.4,999.6,1023.2,252.0,3.0,,5.0,1,1.0,,8.0,,
2025-12-11 10:00:00,351150400,ZIELONA GÓRA,2025,12,11,10,9.6,82,6.7,999.5,1023.0,252.0,3.0,,1.0,3,1.0,,8.0,,
2025-12-11 11:00:00,351150400,ZIELONA GÓRA,2025,12,11,11,9.9,80,6.6,999.1,1022.6,254.0,3.0,,1.0,3,0.0,,8.0,,
2025-12-11 12:00:00,351150400,ZIELONA GÓRA,2025,12,11,12,10.1,75,5.9,998.6,1022.1,250.0,4.0,,1.0,1,1.0,,9.0,,
2025-12-11 13:00:00,351150400,ZIELONA GÓRA,2025,12,11,13,9.8,77,6.0,998.6,1022.1,253.0,3.0,,7.0,3,1.0,,8.0,,
2025-12-11 14:00:00,351150400,ZIELONA GÓRA,2025,12,11,14,9.0,80,5.7,998.5,1022.1,251.0,3.0,,7.0,1,2.0,,8.0,,
2025-12-11 15:00:00,351150400,ZIELONA GÓRA,2025,12,11,15,8.5,83,5.8,998.1,1021.7,228.0,3.0,,7.0,1,1.0,,8.0,,
2025-12-11 16:00:00,351150400,ZIELONA GÓRA,2025,12,11,16,8.5,82,5.6,998.4,1022.0,239.0,3.0,,7.0,3,2.0,,8.0,,
2025-12-11 17:00:00,351150400,ZIELONA GÓRA,2025,12,11,17,8.4,82,5.5,998.1,1021.7,236.0,3.0,,7.0,1,2.0,,8.0,,
2025-12-11 18:00:00,351150400,ZIELONA GÓRA,2025,12,11,18,7.8,84,5.3,997.9,1021.6,238.0,3.0,,2.0,1,1.0,,9.0,,
2025-12-11 19:00:00,351150400,ZIELONA GÓRA,2025,12,11,19,7.5,85,5.1,998.1,1021.8,251.0,3.0,,2.0,2,0.0,,8.0,,
2025-12-11 20:00:00,351150400,ZIELONA GÓRA,2025,12,11,20,7.6,83,4.9,998.0,1021.7,253.0,4.0,,3.0,1,0.0,,8.0,,
2025-12-11 21:00:00,351150400,ZIELONA GÓRA,2025,12,11,21,7.3,85,4.9,998.5,1022.2,262.0,4.0,,7.0,3,1.0,,8.0,,
2025-12-11 22:00:00,351150400,ZIELONA GÓRA,2025,12,11,22,6.5,89,4.8,998.3,1022.1,268.0,4.0,,,0,,,8.0,,
2025-12-11 23:00:00,351150400,ZIELONA GÓRA,2025,12,11,23,6.1,91,4.7,998.4,1022.2,270.0,4.0,,,0,,,8.0,,
2025-12-12 00:00:00,351150400,ZIELONA GÓRA,2025,12,12,0,6.0,91,4.6,998.6,1022.4,274.0,3.0,,,0,,,9.0,,
2025-12-12 01:00:00,351150400,ZIELONA GÓRA,2025,12,12,1,5.9,87,3.9,998.7,1022.5,264.0,4.0,,,0,,,8.0,,
2025-12-12 02:00:00,351150400,ZIELONA GÓRA,2025,12,12,2,5.7,88,3.9,998.8,1022.7,271.0,4.0,,,0,,,8.0,,
2025-12-12 03:00:00,351150400,ZIELONA GÓRA,2025,12,12,3,5.3,89,3.6,998.9,1022.8,277.0,3.0,,,0,,,8.0,,
2025-12-12 04:00:00,351150400,ZIELONA GÓRA,2025,12,12,4,4.7,92,3.5,999.1,1023.1,262.0,2.0,,,0,,,8.0,,
2025-12-12 05:00:00,351150400,ZIELONA GÓRA,2025,12,12,5,4.5,91,3.2,999.3,1023.3,264.0,2.0,,,0,,,8.0,,
2025-12-12 06:00:00,351150400,ZIELONA GÓRA,2025,12,12,6,4.3,92,3.1,999.5,1023.5,266.0,2.0,,6.0,0,,,9.0,,
2025-12-12 07:00:00,351150400,ZIELONA GÓRA,2025,12,12,7,4.0,92,2.8,999.9,1023.9,264.0,2.0,,3.0,1,1.0,,8.0,,
2025-12-12 08:00:00,351150400,ZIELONA GÓRA,2025,12,12,8,4.3,91,3.0,1000.2,1024.2,251.0,1.0,,3.0,2,0.0,,8.0,,
2025-12-12 09:00:00,351150400,ZIELONA GÓRA,2025,12,12,9,5.2,87,3.2,1000.7,1024.6,260.0,3.0,,4.0,3,1.0,,8.0,,
2025-12-12 10:00:00,351150400,ZIELONA GÓRA,2025,12,12,10,6.0,85,3.7,1001.1,1025.0,267.0,2.0,,4.0,3,0.0,,8.0,,
2025-12-12 11:00:00,351150400,ZIELONA GÓRA,2025,12,12,11,6.6,83,3.9,1000.8,1024.6,293.0,2.0,,3.0,1,0.0,,8.0,,
2025-12-12 12:00:00,351150400,ZIELONA GÓRA,2025,12,12,12,7.3,80,4.1,1000.6,1024.4,282.0,1.0,,1.0,1,1.0,,9.0,,
2025-12-12 13:00:00,351150400,ZIELONA GÓRA,2025,12,12,13,7.7,79,4.3,1000.7,1024.4,289.0,2.0,,3.0,3,0.0,,8.0,,
2025-12-12 14:00:00,351150400,ZIELONA GÓRA,2025,12,12,14,7.5,80,4.3,1000.9,1024.7,302.0,1.0,,1.0,1,0.0,,8.0,,
2025-12-12 15:00:00,351150400,ZIELONA GÓRA,2025,12,12,15,4.9,93,3.9,1001.2,1025.2,32.0,2.0,,1.0,1,0.0,,8.0,,
2025-12-12 16:00:00,351150400,ZIELONA GÓRA,2025,12,12,16,4.0,98,3.7,1001.6,1025.7,35.0,2.0,,9.0,47,4.0,,8.0,,
2025-12-12 17:00:00,351150400,ZIELONA GÓRA,2025,12,12,17,3.8,98,3.5,1001.9,1026.0,62.0,2.0,,9.0,47,4.0,,8.0,,
2025-12-12 18:00:00,351150400,ZIELONA GÓRA,2025,12,12,18,3.9,98,3.6,1002.2,1026.3,96.0,2.0,,9.0,43,0.0,,9.0,,
2025-12-12 19:00:00,351150400,ZIELONA GÓRA,2025,12,12,19,3.8,98,3.5,1002.5,1026.6,114.0,2.0,,9.0,47,4.0,,8.0,,
2025-12-12 20:00:00,351150400,ZIELONA GÓRA,2025,12,12,20,3.6,98,3.3,1002.8,1026.9,123.0,2.0,,9.0,47,4.0,,8.0,,
2025-12-12 21:00:00,351150400,ZIELONA GÓRA,2025,12,12,21,3.6,98,3.3,1002.6,1026.7,136.0,2.0,,9.0,45,4.0,,8.0,,
2025-12-12 22:00:00,351150400,ZIELONA GÓRA,2025,12,12,22,3.5,98,3.2,1002.6,1026.7,140.0,2.0,,,33,,,8.0,,
2025-12-12 23:00:00,351150400,ZIELONA GÓRA,2025,12,12,23,3.2,98,2.9,1002.8,1027.0,166.0,2.0,,,33,,,8.0,,
2025-12-13 00:00:00,351150400,ZIELONA GÓRA,2025,12,13,0,3.0,98,2.7,1002.4,1026.6,151.0,2.0,,,33,,,9.0,,
2025-12-13 01:00:00,351150400,ZIELONA GÓRA,2025,12,13,1,2.5,99,2.4,1002.7,1026.9,145.0,1.0,,,33,,,8.0,,
2025-12-13 02:00:00,351150400,ZIELONA GÓRA,2025,12,13,2,2.0,99,1.9,1002.9,1027.2,189.0,1.0,,,33,,,8.0,,
2025-12-13 03:00:00,351150400,ZIELONA GÓRA,2025,12,13,3,1.8,98,1.5,1002.7,1027.0,135.0,2.0,,,33,,,8.0,,
2025-12-13 04:00:00,351150400,ZIELONA GÓRA,2025,12,13,4,1.5,98,1.2,1002.7,1027.0,177.0,2.0,,,33,,,8.0,,
2025-12-13 05:00:00,351150400,ZIELONA GÓRA,2025,12,13,5,1.5,98,1.2,1002.4,1026.7,169.0,2.0,,,33,,,8.0,,
2025-12-13 06:00:00,351150400,ZIELONA GÓRA,2025,12,13,6,1.4,98,1.1,1002.3,1026.6,169.0,2.0,,9.0,45,,,9.0,,
2025-12-13 07:00:00,351150400,ZIELONA GÓRA,2025,12,13,7,1.5,98,1.2,1002.5,1026.8,171.0,2.0,,9.0,43,4.0,,8.0,,
2025-12-13 08:00:00,351150400,ZIELONA GÓRA,2025,12,13,8,1.9,98,1.6,1002.8,1027.1,203.0,2.0,,9.0,45,4.0,,8.0,,
2025-12-13 09:00:00,351150400,ZIELONA GÓRA,2025,12,13,9,2.9,98,2.6,1003.3,1027.5,237.0,2.0,,9.0,43,4.0,,8.0,,
2025-12-13 10:00:00,351150400,ZIELONA GÓRA,2025,12,13,10,3.3,98,3.0,1003.2,1027.4,249.0,2.0,,9.0,43,4.0,,8.0,,
2025-12-13 11:00:00,351150400,ZIELONA GÓRA,2025,12,13,11,3.8,98,3.5,1003.0,1027.1,230.0,2.0,,9.0,47,4.0,,8.0,,
2025-12-13 12:00:00,351150400,ZIELONA GÓRA,2025,12,13,12,4.1,98,3.8,1002.7,1026.8,220.0,2.0,,9.0,43,4.0,,9.0,,
2025-12-13 13:00:00,351150400,ZIELONA GÓRA,2025,12,13,13,4.5,98,4.2,1002.5,1026.6,224.0,2.0,,9.0,47,4.0,,8.0,,
2025-12-13 14:00:00,351150400,ZIELONA GÓRA,2025,12,13,14,4.8,98,4.5,1002.6,1026.6,232.0,2.0,,9.0,45,4.0,,8.0,,
2025-12-13 15:00:00,351150400,ZIELONA GÓRA,2025,12,13,15,5.0,98,4.7,1002.6,1026.6,217.0,3.0,,9.0,47,4.0,,8.0,,
2025-12-13 16:00:00,351150400,ZIELONA GÓRA,2025,12,13,16,5.3,98,5.0,1002.6,1026.6,218.0,3.0,,9.0,43,4.0,,8.0,,
2025-12-13 17:00:00,351150400,ZIELONA GÓRA,2025,12,13,17,5.6,98,5.3,1002.6,1026.6,228.0,3.0,,8.0,28,4.0,,8.0,,
2025-12-13 18:00:00,351150400,ZIELONA GÓRA,2025,12,13,18,5.9,98,5.6,1002.3,1026.2,237.0,3.0,,8.0,10,4.0,,9.0,,
2025-12-13 19:00:00,351150400,ZIELONA GÓRA,2025,12,13,19,6.1,99,6.0,1002.3,1026.2,228.0,3.0,,8.0,10,2.0,,8.0,,
2025-12-13 20:00:00,351150400,ZIELONA GÓRA,2025,12,13,20,6.1,98,5.8,1002.7,1026.6,253.0,4.0,,8.0,10,2.0,,8.0,,
2025-12-13 21:00:00,351150400,ZIELONA GÓRA,2025,12,13,21,5.9,96,5.3,1002.8,1026.7,250.0,4.0,,8.0,10,2.0,,8.0,,
2025-12-13 22:00:00,351150400,ZIELONA GÓRA,2025,12,13,22,5.8,97,5.4,1003.1,1027.1,257.0,3.0,,,10,,,8.0,,
2025-12-13 23:00:00,351150400,ZIELONA GÓRA,2025,12,13,23,5.8,97,5.4,1003.2,1027.2,265.0,3.0,,,10,,,8.0,,
2025-12-14 00:00:00,351150400,ZIELONA GÓRA,2025,12,14,0,5.8,96,5.2,1003.1,1027.1,259.0,3.0,,,10,,,9.0,,
2025-12-14 01:00:00,351150400,ZIELONA GÓRA,2025,12,14,1,5.5,96,4.9,1003.2,1027.2,265.0,3.0,,,10,,,8.0,,
2025-12-14 02:00:00,351150400,ZIELONA GÓRA,2025,12,14,2,5.4,91,4.0,1003.3,1027.3,267.0,2.0,,,0,,,8.0,,
2025-12-14 03:00:00,351150400,ZIELONA GÓRA,2025,12,14,3,5.3,88,3.5,1003.2,1027.2,264.0,2.0,,,0,,,8.0,,
2025-12-14 04:00:00,351150400,ZIELONA GÓRA,2025,12,14,4,5.1,91,3.8,1003.3,1027.3,259.0,2.0,,,10,,,8.0,,
2025-12-14 05:00:00,351150400,ZIELONA GÓRA,2025,12,14,5,4.6,91,3.3,1003.3,1027.4,259.0,2.0,,,0,,,8.0,,
2025-12-14 06:00:00,351150400,ZIELONA GÓRA,2025,12,14,6,3.5,96,2.9,1003.5,1027.7,239.0,2.0,,7.0,10,,,9.0,,
2025-12-14 07:00:00,351150400,ZIELONA GÓRA,2025,12,14,7,3.8,96,3.2,1003.3,1027.4,242.0,2.0,,8.0,10,2.0,,8.0,,
2025-12-14 08:00:00,351150400,ZIELONA GÓRA,2025,12,14,8,4.4,94,3.5,1003.4,1027.5,233.0,2.0,,7.0,10,2.0,,8.0,,
2025-12-14 09:00:00,351150400,ZIELONA GÓRA,2025,12,14,9,4.6,93,3.6,1003.5,1027.6,233.0,2.0,,7.0,10,2.0,,8.0,,
2025-12-14 10:00:00,351150400,ZIELONA GÓRA,2025,12,14,10,4.8,92,3.6,1003.5,1027.6,226.0,3.0,,7.0,3,2.0,,8.0,,
2025-12-14 11:00:00,351150400,ZIELONA GÓRA,2025,12,14,11,5.1,89,3.4,1003.0,1027.0,230.0,3.0,,8.0,3,2.0,,8.0,,
2025-12-14 12:00:00,351150400,ZIELONA GÓRA,2025,12,14,12,5.3,86,3.1,1002.9,1026.9,254.0,2.0,,7.0,1,2.0,,9.0,,
2025-12-14 13:00:00,351150400,ZIELONA GÓRA,2025,12,14,13,5.8,84,3.3,1002.2,1026.1,243.0,2.0,,7.0,1,2.0,,8.0,,
2025-12-14 14:00:00,351150400,ZIELONA GÓRA,2025,12,14,14,5.5,83,2.8,1001.9,1025.9,214.0,2.0,,7.0,3,2.0,,8.0,,
2025-12-14 15:00:00,351150400,ZIELONA GÓRA,2025,12,14,15,5.4,79,2.0,1001.6,1025.6,219.0,3.0,,7.0,3,2.0,,8.0,,
2025-12-14 16:00:00,351150400,ZIELONA GÓRA,2025,12,14,16,4.9,80,1.7,1001.4,1025.4,209.0,3.0,,7.0,2,2.0,,8.0,,
2025-12-14 17:00:00,351150400,ZIELONA GÓRA,2025,12,14,17,4.4,81,1.4,1001.2,1025.2,238.0,3.0,,8.0,3,2.0,,8.0,,
2025-12-14 18:00:00,351150400,ZIELONA GÓRA,2025,12,14,18,3.7,83,1.1,1000.9,1025.0,218.0,2.0,,8.0,2,2.0,,9.0,,
2025-12-14 19:00:00,351150400,ZIELONA GÓRA,2025,12,14,19,3.5,85,1.2,1000.4,1024.5,209.0,3.0,,8.0,2,2.0,,8.0,,
2025-12-14 20:00:00,351150400,ZIELONA GÓRA,2025,12,14,20,3.6,86,1.5,1000.6,1024.7,212.0,3.0,,8.0,2,2.0,,8.0,,
2025-12-14 21:00:00,351150400,ZIELONA GÓRA,2025,12,14,21,3.4,90,1.9,1000.3,1024.4,219.0,3.0,,8.0,3,2.0,,8.0,,
2025-12-14 22:00:00,351150400,ZIELONA GÓRA,2025,12,14,22,3.1,94,2.2,1000.0,1024.1,220.0,4.0,,,10,,,8.0,,
2025-12-14 23:00:00,351150400,ZIELONA GÓRA,2025,12,14,23,3.0,94,2.1,999.7,1023.8,237.0,2.0,,,10,,,8.0,,
2025-12-15 00:00:00,351150400,ZIELONA GÓRA,2025,12,15,0,2.9,94,2.0,999.4,1023.5,215.0,3.0,,,10,,,9.0,,
2025-12-15 01:00:00,351150400,ZIELONA GÓRA,2025,12,15,1,2.7,94,1.8,999.0,1023.1,211.0,4.0,,,10,,,8.0,,
2025-12-15 02:00:00,351150400,ZIELONA GÓRA,2025,12,15,2,2.3,94,1.4,998.7,1022.9,212.0,3.0,,,10,,,8.0,,
2025-12-15 03:00:00,351150400,ZIELONA GÓRA,2025,12,15,3,2.3,94,1.4,998.6,1022.8,213.0,3.0,,,0,,,8.0,,
2025-12-15 04:00:00,351150400,ZIELONA GÓRA,2025,12,15,4,2.2,93,1.2,998.3,1022.5,228.0,3.0,,,0,,,8.0,,
2025-12-15 05:00:00,351150400,ZIELONA GÓRA,2025,12,15,5,2.1,92,0.9,998.0,1022.2,219.0,3.0,,,0,,,8.0,,
2025-12-15 06:00:00,351150400,ZIELONA GÓRA,2025,12,15,6,1.0,95,0.3,997.7,1021.9,194.0,2.0,,4.0,0,,,9.0,,
2025-12-15 07:00:00,351150400,ZIELONA GÓRA,2025,12,15,7,0.4,96,-0.2,997.4,1021.7,195.0,2.0,,1.0,1,0.0,,8.0,,
2025-12-15 08:00:00,351150400,ZIELONA GÓRA,2025,12,15,8,0.5,96,-0.1,997.2,1021.5,162.0,2.0,,4.0,10,0.0,,8.0,,
2025-12-15 09:00:00,351150400,ZIELONA GÓRA,2025,12,15,9,1.8,90,0.3,997.3,1021.5,178.0,3.0,,4.0,3,0.0,,8.0,,
2025-12-15 10:00:00,351150400,ZIELONA GÓRA,2025,12,15,10,3.6,83,1.0,997.2,1021.2,171.0,2.0,,1.0,1,0.0,,8.0,,
2025-12-15 11:00:00,351150400,ZIELONA GÓRA,2025,12,15,11,5.0,77,1.3,996.8,1020.7,178.0,3.0,,1.0,2,0.0,,8.0,,
2025-12-15 12:00:00,351150400,ZIELONA GÓRA,2025,12,15,12,6.0,73,1.5,996.4,1020.2,178.0,2.0,,1.0,2,0.0,,9.0,,
2025-12-15 13:00:00,351150400,ZIELONA GÓRA,2025,12,15,13,6.4,71,1.5,996.1,1019.8,173.0,3.0,,1.0,2,0.0,,8.0,,
2025-12-15 14:00:00,351150400,ZIELONA GÓRA,2025,12,15,14,5.8,74,1.5,995.8,1019.6,166.0,3.0,,1.0,2,0.0,,8.0,,
2025-12-15 15:00:00,351150400,ZIELONA GÓRA,2025,12,15,15,3.9,83,1.3,995.9,1019.8,144.0,3.0,,1.0,2,0.0,,8.0,,
2025-12-15 16:00:00,351150400,ZIELONA GÓRA,2025,12,15,16,2.6,85,0.3,996.2,1020.3,164.0,3.0,,0.0,1,0.0,,8.0,,
2025-12-15 17:00:00,351150400,ZIELONA GÓRA,2025,12,15,17,1.8,88,0.0,996.3,1020.4,161.0,3.0,,0.0,2,0.0,,8.0,,
2025-12-15 18:00:00,351150400,ZIELONA GÓRA,2025,12,15,18,1.3,89,-0.3,996.0,1020.2,152.0,3.0,,0.0,2,0.0,,9.0,,
2025-12-15 19:00:00,351150400,ZIELONA GÓRA,2025,12,15,19,0.1,94,-0.8,995.8,1020.1,156.0,3.0,,0.0,2,0.0,,8.0,,
2025-12-15 20:00:00,351150400,ZIELONA GÓRA,2025,12,15,20,0.2,94,-0.7,996.3,1020.6,174.0,3.0,,0.0,10,0.0,,8.0,,
2025-12-15 21:00:00,351150400,ZIELONA GÓRA,2025,12,15,21,-0.1,94,-1.0,996.4,1020.7,167.0,3.0,,0.0,10,0.0,,8.0,,
2025-12-15 22:00:00,351150400,ZIELONA GÓRA,2025,12,15,22,0.0,94,-0.9,996.4,1020.7,163.0,3.0,,,10,,,8.0,,
2025-12-15 23:00:00,351150400,ZIELONA GÓRA,2025,12,15,23,-0.2,95,-0.9,996.4,1020.7,152.0,3.0,,,10,,,8.0,,
2025-12-16 00:00:00,351150400,ZIELONA GÓRA,2025,12,16,0,-0.1,94,-1.0,996.0,1020.3,148.0,3.0,,,10,,,9.0,,
2025-12-16 01:00:00,351150400,ZIELONA GÓRA,2025,12,16,1,-0.2,94,-1.0,996.1,1020.4,161.0,3.0,,,10,,,8.0,,
2025-12-16 02:00:00,351150400,ZIELONA GÓRA,2025,12,16,2,-0.2,94,-1.0,995.6,1019.9,163.0,3.0,,,10,,,8.0,,
2025-12-16 03:00:00,351150400,ZIELONA GÓRA,2025,12,16,3,0.0,92,-1.1,995.8,1020.1,166.0,3.0,,,10,,,8.0,,
2025-12-16 04:00:00,351150400,ZIELONA GÓRA,2025,12,16,4,-0.1,92,-1.2,995.4,1019.7,164.0,3.0,,,10,,,8.0,,
2025-12-16 05:00:00,351150400,ZIELONA GÓRA,2025,12,16,5,0.3,90,-1.1,995.4,1019.7,179.0,3.0,,,0,,,8.0,,
2025-12-16 06:00:00,351150400,ZIELONA GÓRA,2025,12,16,6,-0.2,93,-1.2,995.5,1019.8,156.0,3.0,,7.0,0,,,9.0,,
2025-12-16 07:00:00,351150400,ZIELONA GÓRA,2025,12,16,7,-0.4,93,-1.4,995.7,1020.0,162.0,3.0,,7.0,2,2.0,,8.0,,
2025-12-16 08:00:00,351150400,ZIELONA GÓRA,2025,12,16,8,-0.3,93,-1.3,995.9,1020.2,151.0,3.0,,7.0,3,2.0,,8.0,,
2025-12-16 09:00:00,351150400,ZIELONA GÓRA,2025,12,16,9,0.2,92,-0.9,996.1,1020.4,149.0,2.0,,7.0,1,2.0,,8.0,,
2025-12-16 10:00:00,351150400,ZIELONA GÓRA,2025,12,16,10,0.5,91,-0.8,996.3,1020.6,137.0,2.0,,7.0,1,2.0,,8.0,,
2025-12-16 11:00:00,351150400,ZIELONA GÓRA,2025,12,16,11,2.4,82,-0.4,995.7,1019.8,157.0,3.0,,6.0,3,2.0,,8.0,,
2025-12-16 12:00:00,351150400,ZIELONA GÓRA,2025,12,16,12,3.7,77,0.0,995.7,1019.7,142.0,2.0,,4.0,3,1.0,,9.0,,
2025-12-16 13:00:00,351150400,ZIELONA GÓRA,2025,12,16,13,3.3,78,-0.2,995.4,1019.4,123.0,1.0,,2.0,1,0.0,,8.0,,
2025-12-16 14:00:00,351150400,ZIELONA GÓRA,2025,12,16,14,2.7,82,-0.1,995.4,1019.4,124.0,1.0,,3.0,3,0.0,,8.0,,
2025-12-16 15:00:00,351150400,ZIELONA GÓRA,2025,12,16,15,1.5,88,-0.3,995.4,1019.5,132.0,3.0,,2.0,1,0.0,,8.0,,
2025-12-16 16:00:00,351150400,ZIELONA GÓRA,2025,12,16,16,0.6,91,-0.7,995.5,1019.7,140.0,3.0,,2.0,10,0.0,,8.0,,
2025-12-16 17:00:00,351150400,ZIELONA GÓRA,2025,12,16,17,0.3,92,-0.8,995.4,1019.7,119.0,2.0,,5.0,10,1.0,,8.0,,
2025-12-16 18:00:00,351150400,ZIELONA GÓRA,2025,12,16,18,-0.3,94,-1.1,995.0,1019.3,119.0,3.0,,5.0,10,1.0,,9.0,,
2025-12-16 19:00:00,351150400,ZIELONA GÓRA,2025,12,16,19,-1.0,96,-1.6,995.2,1019.6,129.0,2.0,,6.0,10,2.0,,8.0,,
2025-12-16 20:00:00,351150400,ZIELONA GÓRA,2025,12,16,20,-0.9,96,-1.5,995.2,1019.6,146.0,2.0,,7.0,10,2.0,,8.0,,
2025-12-16 21:00:00,351150400,ZIELONA GÓRA,2025,12,16,21,-1.2,94,-2.0,994.8,1019.2,163.0,2.0,,7.0,10,2.0,,8.0,,
2025-12-16 22:00:00,351150400,ZIELONA GÓRA,2025,12,16,22,-1.1,92,-2.2,994.8,1019.2,175.0,2.0,,,10,,,8.0,,
2025-12-16 23:00:00,351150400,ZIELONA GÓRA,2025,12,16,23,-1.3,94,-2.1,994.7,1019.1,138.0,2.0,,,10,,,8.0,,
2025-12-17 00:00:00,351150400,ZIELONA GÓRA,2025,12,17,0,-1.6,94,-2.4,994.4,1018.8,119.0,1.0,,,10,,,9.0,,
2025-12-17 01:00:00,351150400,ZIELONA GÓRA,2025,12,17,1,-1.4,94,-2.2,994.1,1018.5,138.0,2.0,,,10,,,8.0,,
2025-12-17 02:00:00,351150400,ZIELONA GÓRA,2025,12,17,2,-1.9,96,-2.5,993.5,1017.9,138.0,2.0,,,10,,,8.0,,
2025-12-17 03:00:00,351150400,ZIELONA GÓRA,2025,12,17,3,-1.0,93,-2.0,993.5,1017.8,170.0,1.0,,,10,,,8.0,,
2025-12-17 04:00:00,351150400,ZIELONA GÓRA,2025,12,17,4,-1.4,94,-2.2,993.6,1018.0,137.0,2.0,,,10,,,8.0,,
2025-12-17 05:00:00,351150400,ZIELONA GÓRA,2025,12,17,5,-1.4,95,-2.1,993.3,1017.7,113.0,2.0,,,10,,,8.0,,
2025-12-17 06:00:00,351150400,ZIELONA GÓRA,2025,12,17,6,-1.8,95,-2.5,993.6,1018.0,108.0,2.0,,7.0,10,,,9.0,,
2025-12-17 07:00:00,351150400,ZIELONA GÓRA,2025,12,17,7,-1.4,94,-2.2,993.9,1018.3,149.0,2.0,,7.0,10,2.0,,8.0,,
2025-12-17 08:00:00,351150400,ZIELONA GÓRA,2025,12,17,8,-1.6,95,-2.3,994.0,1018.4,157.0,2.0,,7.0,10,2.0,,8.0,,
2025-12-17 09:00:00,351150400,ZIELONA GÓRA,2025,12,17,9,-1.4,94,-2.2,994.6,1019.0,169.0,2.0,,6.0,10,2.0,,8.0,,
2025-12-17 10:00:00,351150400,ZIELONA GÓRA,2025,12,17,10,0.0,91,-1.3,994.5,1018.8,169.0,2.0,,3.0,10,1.0,,8.0,,
2025-12-17 11:00:00,351150400,ZIELONA GÓRA,2025,12,17,11,1.2,88,-0.6,994.4,1018.6,182.0,3.0,,2.0,10,0.0,,8.0,,
2025-12-17 12:00:00,351150400,ZIELONA GÓRA,2025,12,17,12,2.9,81,0.0,994.2,1018.2,221.0,2.0,,2.0,3,1.0,,9.0,,
2025-12-17 13:00:00,351150400,ZIELONA GÓRA,2025,12,17,13,3.7,76,-0.1,994.2,1018.1,224.0,3.0,,1.0,1,0.0,,8.0,,
2025-12-17 14:00:00,351150400,ZIELONA GÓRA,2025,12,17,14,3.5,75,-0.5,994.4,1018.3,216.0,3.0,,1.0,1,0.0,,8.0,,
2025-12-17 15:00:00,351150400,ZIELONA GÓRA,2025,12,17,15,2.3,81,-0.6,994.9,1019.0,230.0,2.0,,1.0,2,0.0,,8.0,,
2025-12-17 16:00:00,351150400,ZIELONA GÓRA,2025,12,17,16,2.3,81,-0.6,995.4,1019.5,237.0,3.0,,1.0,2,0.0,,8.0,,
2025-12-17 17:00:00,351150400,ZIELONA GÓRA,2025,12,17,17,2.3,81,-0.6,995.7,1019.8,232.0,3.0,,1.0,2,0.0,,8.0,,
2025-12-17 18:00:00,351150400,ZIELONA GÓRA,2025,12,17,18,3.3,80,0.2,996.3,1020.3,245.0,3.0,,0.0,1,0.0,,9.0,,
2025-12-17 19:00:00,351150400,ZIELONA GÓRA,2025,12,17,19,4.3,80,1.2,996.6,1020.5,254.0,4.0,,0.0,2,0.0,,8.0,,
2025-12-17 20:00:00,351150400,ZIELONA GÓRA,2025,12,17,20,1.9,88,0.1,997.4,1021.6,190.0,2.0,,0.0,2,0.0,,8.0,,
2025-12-17 21:00:00,351150400,ZIELONA GÓRA,2025,12,17,21,1.3,90,-0.2,998.0,1022.2,200.0,2.0,,0.0,10,0.0,,8.0,,
2025-12-17 22:00:00,351150400,ZIELONA GÓRA,2025,12,17,22,2.1,88,0.3,998.8,1023.0,225.0,3.0,,,0,,,8.0,,
2025-12-17 23:00:00,351150400,ZIELONA GÓRA,2025,12,17,23,3.7,85,1.4,999.2,1023.2,236.0,2.0,,,0,,,8.0,,
2025-12-18 00:00:00,351150400,ZIELONA GÓRA,2025,12,18,0,3.5,85,1.2,999.4,1023.5,218.0,2.0,,,0,,,9.0,,
2025-12-18 01:00:00,351150400,ZIELONA GÓRA,2025,12,18,1,2.9,87,0.9,999.5,1023.6,214.0,2.0,,,0,,,8.0,,
2025-12-18 02:00:00,351150400,ZIELONA GÓRA,2025,12,18,2,1.7,91,0.4,999.6,1023.8,205.0,3.0,,,10,,,8.0,,
2025-12-18 03:00:00,351150400,ZIELONA GÓRA,2025,12,18,3,2.0,91,0.7,999.5,1023.7,193.0,3.0,,,10,,,8.0,,
2025-12-18 04:00:00,351150400,ZIELONA GÓRA,2025,12,18,4,2.0,91,0.7,999.5,1023.7,171.0,3.0,,,10,,,8.0,,
2025-12-18 05:00:00,351150400,ZIELONA GÓRA,2025,12,18,5,0.8,95,0.1,999.4,1023.7,161.0,2.0,,,10,,,8.0,,
2025-12-18 06:00:00,351150400,ZIELONA GÓRA,2025,12,18,6,1.2,94,0.3,999.8,1024.1,175.0,3.0,,0.0,10,,,9.0,,
2025-12-18 07:00:00,351150400,ZIELONA GÓRA,2025,12,18,7,1.2,94,0.3,1000.1,1024.4,180.0,3.0,,1.0,10,0.0,,8.0,,
2025-12-18 08:00:00,351150400,ZIELONA GÓRA,2025,12,18,8,1.8,93,0.8,1000.3,1024.5,152.0,2.0,,1.0,10,0.0,,8.0,,
2025-12-18 09:00:00,351150400,ZIELONA GÓRA,2025,12,18,9,3.0,88,1.2,1000.4,1024.5,167.0,3.0,,1.0,1,0.0,,8.0,,
2025-12-18 10:00:00,351150400,ZIELONA GÓRA,2025,12,18,10,4.7,81,1.7,1000.4,1024.4,172.0,3.0,,1.0,3,0.0,,8.0,,
2025-12-18 11:00:00,351150400,ZIELONA GÓRA,2025,12,18,11,5.7,79,2.3,1000.1,1024.0,168.0,3.0,,7.0,3,1.0,,8.0,,
2025-12-18 12:00:00,351150400,ZIELONA GÓRA,2025,12,18,12,7.2,73,2.7,999.8,1023.6,162.0,3.0,,2.0,1,1.0,,9.0,,
2025-12-18 13:00:00,351150400,ZIELONA GÓRA,2025,12,18,13,7.3,76,3.3,999.8,1023.5,157.0,2.0,,7.0,3,1.0,,8.0,,
2025-12-18 14:00:00,351150400,ZIELONA GÓRA,2025,12,18,14,7.2,77,3.4,999.4,1023.1,156.0,2.0,,2.0,1,1.0,,8.0,,
2025-12-18 15:00:00,351150400,ZIELONA GÓRA,2025,12,18,15,6.0,83,3.3,999.4,1023.2,170.0,3.0,,1.0,1,1.0,,8.0,,
2025-12-18 16:00:00,351150400,ZIELONA GÓRA,2025,12,18,16,5.1,87,3.1,999.4,1023.3,166.0,3.0,,1.0,1,0.0,,8.0,,
2025-12-18 17:00:00,351150400,ZIELONA GÓRA,2025,12,18,17,4.6,88,2.8,999.5,1023.5,176.0,3.0,,5.0,3,1.0,,8.0,,
2025-12-18 18:00:00,351150400,ZIELONA GÓRA,2025,12,18,18,4.2,90,2.7,999.5,1023.5,165.0,3.0,,4.0,1,1.0,,9.0,,
2025-12-18 19:00:00,351150400,ZIELONA GÓRA,2025,12,18,19,5.0,87,3.0,999.7,1023.6,176.0,3.0,,0.0,1,0.0,,8.0,,
2025-12-18 20:00:00,351150400,ZIELONA GÓRA,2025,12,18,20,4.7,89,3.0,999.4,1023.4,162.0,3.0,,0.0,2,0.0,,8.0,,
2025-12-18 21:00:00,351150400,ZIELONA GÓRA,2025,12,18,21,4.3,89,2.6,999.3,1023.3,158.0,3.0,,0.0,2,0.0,,8.0,,
2025-12-18 22:00:00,351150400,ZIELONA GÓRA,2025,12,18,22,3.7,91,2.4,999.0,1023.0,147.0,3.0,,,0,,,8.0,,
2025-12-18 23:00:00,351150400,ZIELONA GÓRA,2025,12,18,23,3.1,94,2.2,998.8,1022.9,152.0,3.0,,,10,,,8.0,,
2025-12-19 00:00:00,351150400,ZIELONA GÓRA,2025,12,19,0,2.7,94,1.8,998.6,1022.7,164.0,2.0,,,10,,,9.0,,
2025-12-19 01:00:00,351150400,ZIELONA GÓRA,2025,12,19,1,2.9,93,1.9,998.5,1022.6,153.0,3.0,,,10,,,8.0,,
2025-12-19 02:00:00,351150400,ZIELONA GÓRA,2025,12,19,2,3.6,90,2.1,998.1,1022.1,166.0,3.0,,,0,,,8.0,,
2025-12-19 03:00:00,351150400,ZIELONA GÓRA,2025,12,19,3,3.5,91,2.2,997.8,1021.8,162.0,3.0,,,0,,,8.0,,
2025-12-19 04:00:00,351150400,ZIELONA GÓRA,2025,12,19,4,3.4,91,2.1,997.8,1021.8,163.0,3.0,,,0,,,8.0,,
2025-12-19 05:00:00,351150400,ZIELONA GÓRA,2025,12,19,5,2.9,92,1.7,997.6,1021.7,161.0,3.0,,,0,,,8.0,,
2025-12-19 06:00:00,351150400,ZIELONA GÓRA,2025,12,19,6,3.1,91,1.8,997.3,1021.4,158.0,3.0,,0.0,0,,,9.0,,
2025-12-19 07:00:00,351150400,ZIELONA GÓRA,2025,12,19,7,3.1,90,1.6,997.6,1021.7,163.0,3.0,,1.0,3,0.0,,8.0,,
2025-12-19 08:00:00,351150400,ZIELONA GÓRA,2025,12,19,8,4.1,85,1.8,998.0,1022.0,160.0,3.0,,1.0,3,0.0,,8.0,,
2025-12-19 09:00:00,351150400,ZIELONA GÓRA,2025,12,19,9,4.7,83,2.1,998.2,1022.1,157.0,3.0,,1.0,2,0.0,,8.0,,
2025-12-19 10:00:00,351150400,ZIELONA GÓRA,2025,12,19,10,5.5,80,2.3,998.1,1022.0,159.0,3.0,,1.0,1,0.0,,8.0,,
2025-12-19 11:00:00,351150400,ZIELONA GÓRA,2025,12,19,11,6.7,76,2.8,997.7,1021.4,165.0,4.0,,1.0,2,0.0,,8.0,,
2025-12-19 12:00:00,351150400,ZIELONA GÓRA,2025,12,19,12,7.8,72,3.1,997.5,1021.1,166.0,4.0,,1.0,2,0.0,,9.0,,
2025-12-19 13:00:00,351150400,ZIELONA GÓRA,2025,12,19,13,8.2,69,2.8,997.6,1021.2,166.0,3.0,,1.0,2,0.0,,8.0,,
2025-12-19 14:00:00,351150400,ZIELONA GÓRA,2025,12,19,14,7.1,75,3.0,997.4,1021.1,169.0,3.0,,2.0,3,0.0,,8.0,,
2025-12-19 15:00:00,351150400,ZIELONA GÓRA,2025,12,19,15,5.5,81,2.5,997.4,1021.2,165.0,3.0,,4.0,3,0.0,,8.0,,
2025-12-19 16:00:00,351150400,ZIELONA GÓRA,2025,12,19,16,4.9,81,1.9,997.4,1021.3,170.0,4.0,,6.0,3,1.0,,8.0,,
2025-12-19 17:00:00,351150400,ZIELONA GÓRA,2025,12,19,17,3.4,88,1.6,997.1,1021.1,163.0,3.0,,1.0,1,1.0,,8.0,,
2025-12-19 18:00:00,351150400,ZIELONA GÓRA,2025,12,19,18,3.2,88,1.4,997.3,1021.3,173.0,3.0,,5.0,3,1.0,,9.0,,
2025-12-19 19:00:00,351150400,ZIELONA GÓRA,2025,12,19,19,2.8,91,1.5,997.5,1021.6,169.0,3.0,,5.0,2,2.0,,8.0,,
2025-12-19 20:00:00,351150400,ZIELONA GÓRA,2025,12,19,20,2.5,91,1.2,997.5,1021.6,171.0,3.0,,4.0,1,1.0,,8.0,,
2025-12-19 21:00:00,351150400,ZIELONA GÓRA,2025,12,19,21,3.2,88,1.4,997.5,1021.5,193.0,3.0,,4.0,2,1.0,,8.0,,
2025-12-19 22:00:00,351150400,ZIELONA GÓRA,2025,12,19,22,2.8,90,1.3,997.4,1021.5,183.0,3.0,,,0,,,8.0,,
2025-12-19 23:00:00,351150400,ZIELONA GÓRA,2025,12,19,23,3.1,89,1.5,997.4,1021.5,175.0,3.0,,,0,,,8.0,,
2025-12-20 00:00:00,351150400,ZIELONA GÓRA,2025,12,20,0,3.8,86,1.7,997.3,1021.3,197.0,3.0,,,0,,,9.0,,
2025-12-20 01:00:00,351150400,ZIELONA GÓRA,2025,12,20,1,4.1,86,2.0,997.1,1021.1,193.0,2.0,,,81,,,8.0,,
2025-12-20 02:00:00,351150400,ZIELONA GÓRA,2025,12,20,2,4.3,89,2.6,997.0,1020.9,197.0,2.0,,,81,,,8.0,,
2025-12-20 03:00:00,351150400,ZIELONA GÓRA,2025,12,20,3,4.3,93,3.3,996.8,1020.7,195.0,3.0,,,81,,,8.0,,
2025-12-20 04:00:00,351150400,ZIELONA GÓRA,2025,12,20,4,4.5,94,3.6,996.9,1020.8,209.0,2.0,,,81,,,8.0,,
2025-12-20 05:00:00,351150400,ZIELONA GÓRA,2025,12,20,5,4.8,96,4.2,996.8,1020.7,208.0,2.0,,,81,,,8.0,,
2025-12-20 06:00:00,351150400,ZIELONA GÓRA,2025,12,20,6,4.9,97,4.5,996.8,1020.7,212.0,1.0,,8.0,61,,0.0,,6.0,
2025-12-20 07:00:00,351150400,ZIELONA GÓRA,2025,12,20,7,4.8,97,4.4,997.0,1020.9,215.0,1.0,,8.0,21,6.0,,8.0,,
2025-12-20 08:00:00,351150400,ZIELONA GÓRA,2025,12,20,8,4.9,98,4.6,997.3,1021.2,200.0,1.0,,9.0,51,4.0,,8.0,,
2025-12-20 09:00:00,351150400,ZIELONA GÓRA,2025,12,20,9,5.0,98,4.7,997.4,1021.3,213.0,1.0,,9.0,51,6.0,,8.0,,
2025-12-20 10:00:00,351150400,ZIELONA GÓRA,2025,12,20,10,5.4,98,5.1,997.1,1020.9,169.0,2.0,,9.0,47,5.0,,8.0,,
2025-12-20 11:00:00,351150400,ZIELONA GÓRA,2025,12,20,11,5.2,98,4.9,996.7,1020.6,175.0,2.0,,9.0,47,4.0,,8.0,,
2025-12-20 12:00:00,351150400,ZIELONA GÓRA,2025,12,20,12,5.7,98,5.4,996.5,1020.3,215.0,1.0,,9.0,60,5.0,0.5,,6.0,
2025-12-20 13:00:00,351150400,ZIELONA GÓRA,2025,12,20,13,6.0,98,5.7,996.4,1020.2,327.0,2.0,,9.0,43,6.0,,8.0,,
2025-12-20 14:00:00,351150400,ZIELONA GÓRA,2025,12,20,14,6.1,98,5.8,996.6,1020.4,0.0,0.0,,9.0,47,4.0,,8.0,,
2025-12-20 15:00:00,351150400,ZIELONA GÓRA,2025,12,20,15,6.0,98,5.7,996.6,1020.4,55.0,1.0,,9.0,51,6.0,,8.0,,
2025-12-20 16:00:00,351150400,ZIELONA GÓRA,2025,12,20,16,5.7,98,5.4,996.5,1020.3,123.0,1.0,,9.0,47,5.0,,8.0,,
2025-12-20 17:00:00,351150400,ZIELONA GÓRA,2025,12,20,17,5.6,98,5.3,996.4,1020.2,111.0,1.0,,9.0,43,4.0,,8.0,,
2025-12-20 18:00:00,351150400,ZIELONA GÓRA,2025,12,20,18,5.5,98,5.2,996.4,1020.2,79.0,1.0,,8.0,42,6.0,0.1,,6.0,
2025-12-20 19:00:00,351150400,ZIELONA GÓRA,2025,12,20,19,5.5,98,5.2,996.4,1020.2,70.0,2.0,,9.0,47,4.0,,8.0,,
2025-12-20 20:00:00,351150400,ZIELONA GÓRA,2025,12,20,20,5.4,98,5.1,996.2,1020.0,117.0,1.0,,9.0,47,4.0,,8.0,,
2025-12-20 21:00:00,351150400,ZIELONA GÓRA,2025,12,20,21,5.3,98,5.0,996.4,1020.2,111.0,1.0,,9.0,45,4.0,,8.0,,
2025-12-20 22:00:00,351150400,ZIELONA GÓRA,2025,12,20,22,5.3,98,5.0,996.4,1020.2,105.0,2.0,,,33,,,8.0,,
2025-12-20 23:00:00,351150400,ZIELONA GÓRA,2025,12,20,23,5.3,98,5.0,996.4,1020.2,120.0,2.0,,,33,,,8.0,,
2025-12-21 00:00:00,351150400,ZIELONA GÓRA,2025,12,21,0,5.2,98,4.9,996.2,1020.0,75.0,2.0,,,33,,,9.0,,
2025-12-21 01:00:00,351150400,ZIELONA GÓRA,2025,12,21,1,5.1,98,4.8,996.2,1020.1,93.0,1.0,,,33,,,8.0,,
2025-12-21 02:00:00,351150400,ZIELONA GÓRA,2025,12,21,2,5.0,98,4.7,996.2,1020.1,77.0,2.0,,,33,,,8.0,,
2025-12-21 03:00:00,351150400,ZIELONA GÓRA,2025,12,21,3,4.8,98,4.5,996.3,1020.2,74.0,2.0,,,33,,,8.0,,
2025-12-21 04:00:00,351150400,ZIELONA GÓRA,2025,12,21,4,4.7,98,4.4,996.2,1020.1,79.0,2.0,,,33,,,8.0,,
2025-12-21 05:00:00,351150400,ZIELONA GÓRA,2025,12,21,5,4.5,98,4.2,996.1,1020.0,81.0,2.0,,,33,,,8.0,,
2025-12-21 06:00:00,351150400,ZIELONA GÓRA,2025,12,21,6,4.4,98,4.1,996.2,1020.1,86.0,2.0,,9.0,45,,,9.0,,
2025-12-21 07:00:00,351150400,ZIELONA GÓRA,2025,12,21,7,4.2,98,3.9,996.4,1020.3,92.0,2.0,,9.0,45,4.0,,8.0,,
2025-12-21 08:00:00,351150400,ZIELONA GÓRA,2025,12,21,8,4.3,98,4.0,996.8,1020.7,110.0,2.0,,9.0,43,4.0,,8.0,,
2025-12-21 09:00:00,351150400,ZIELONA GÓRA,2025,12,21,9,4.5,98,4.2,996.9,1020.8,101.0,2.0,,9.0,47,4.0,,8.0,,
2025-12-21 10:00:00,351150400,ZIELONA GÓRA,2025,12,21,10,4.6,99,4.5,996.6,1020.5,87.0,2.0,,9.0,43,4.0,,8.0,,
2025-12-21 11:00:00,351150400,ZIELONA GÓRA,2025,12,21,11,4.8,98,4.5,996.4,1020.3,85.0,2.0,,9.0,45,4.0,,8.0,,
2025-12-21 12:00:00,351150400,ZIELONA GÓRA,2025,12,21,12,4.8,98,4.5,996.2,1020.1,66.0,3.0,,9.0,45,4.0,,9.0,,
2025-12-21 13:00:00,351150400,ZIELONA GÓRA,2025,12,21,13,4.6,98,4.3,996.0,1019.9,69.0,3.0,,9.0,45,4.0,,8.0,,
2025-12-21 14:00:00,351150400,ZIELONA GÓRA,2025,12,21,14,4.3,98,4.0,996.1,1020.0,73.0,2.0,,9.0,45,4.0,,8.0,,
2025-12-21 15:00:00,351150400,ZIELONA GÓRA,2025,12,21,15,4.0,98,3.7,996.1,1020.0,63.0,3.0,,9.0,43,4.0,,8.0,,
2025-12-21 16:00:00,351150400,ZIELONA GÓRA,2025,12,21,16,3.7,98,3.4,996.1,1020.1,66.0,3.0,,9.0,45,4.0,,8.0,,
2025-12-21 17:00:00,351150400,ZIELONA GÓRA,2025,12,21,17,3.4,98,3.1,996.1,1020.1,79.0,2.0,,9.0,43,4.0,,8.0,,
2025-12-21 18:00:00,351150400,ZIELONA GÓRA,2025,12,21,18,3.2,98,2.9,996.4,1020.4,71.0,3.0,,9.0,45,4.0,,9.0,,
2025-12-21 19:00:00,351150400,ZIELONA GÓRA,2025,12,21,19,2.9,98,2.6,996.6,1020.7,72.0,3.0,8.0,9.0,47,4.0,,8.0,,
2025-12-21 20:00:00,351150400,ZIELONA GÓRA,2025,12,21,20,2.8,98,2.5,996.6,1020.7,65.0,3.0,,9.0,45,4.0,,8.0,,
2025-12-21 21:00:00,351150400,ZIELONA GÓRA,2025,12,21,21,2.7,98,2.4,996.7,1020.8,74.0,3.0,,9.0,43,4.0,,8.0,,
2025-12-21 22:00:00,351150400,ZIELONA GÓRA,2025,12,21,22,2.5,98,2.2,996.5,1020.6,70.0,3.0,,,33,,,8.0,,
2025-12-21 23:00:00,351150400,ZIELONA GÓRA,2025,12,21,23,2.5,98,2.2,996.5,1020.6,77.0,2.0,,,33,,,8.0,,
2025-12-22 00:00:00,351150400,ZIELONA GÓRA,2025,12,22,0,2.7,98,2.4,996.2,1020.3,81.0,2.0,,,33,,,9.0,,
2025-12-22 01:00:00,351150400,ZIELONA GÓRA,2025,12,22,1,2.6,98,2.3,996.1,1020.2,65.0,3.0,,,33,,,8.0,,
2025-12-22 02:00:00,351150400,ZIELONA GÓRA,2025,12,22,2,2.4,98,2.1,996.0,1020.1,64.0,4.0,,,33,,,8.0,,
2025-12-22 03:00:00,351150400,ZIELONA GÓRA,2025,12,22,3,2.1,99,2.0,996.0,1020.1,72.0,3.0,,,33,,,8.0,,
2025-12-22 04:00:00,351150400,ZIELONA GÓRA,2025,12,22,4,1.9,98,1.6,995.9,1020.0,74.0,3.0,,,33,,,8.0,,
2025-12-22 05:00:00,351150400,ZIELONA GÓRA,2025,12,22,5,2.1,98,1.8,995.7,1019.8,71.0,3.0,,,33,,,8.0,,
2025-12-22 06:00:00,351150400,ZIELONA GÓRA,2025,12,22,6,2.1,98,1.8,996.0,1020.1,81.0,3.0,,9.0,51,,0.0,,6.0,
2025-12-22 07:00:00,351150400,ZIELONA GÓRA,2025,12,22,7,1.8,99,1.7,996.1,1020.2,77.0,3.0,,9.0,50,5.0,,8.0,,
2025-12-22 08:00:00,351150400,ZIELONA GÓRA,2025,12,22,8,1.2,99,1.1,996.2,1020.4,67.0,4.0,,9.0,51,4.0,,8.0,,
2025-12-22 09:00:00,351150400,ZIELONA GÓRA,2025,12,22,9,1.1,98,0.8,996.3,1020.5,70.0,3.0,,9.0,50,5.0,,8.0,,
2025-12-22 10:00:00,351150400,ZIELONA GÓRA,2025,12,22,10,1.1,99,1.0,996.2,1020.4,73.0,3.0,,9.0,50,5.0,,8.0,,
2025-12-22 11:00:00,351150400,ZIELONA GÓRA,2025,12,22,11,1.2,98,0.9,996.1,1020.3,71.0,3.0,,9.0,45,5.0,,8.0,,
2025-12-22 12:00:00,351150400,ZIELONA GÓRA,2025,12,22,12,1.3,98,1.0,995.7,1019.9,75.0,3.0,,9.0,43,5.0,0.0,,6.0,
2025-12-22 13:00:00,351150400,ZIELONA GÓRA,2025,12,22,13,1.3,99,1.2,995.4,1019.6,66.0,4.0,,9.0,47,4.0,,8.0,,
2025-12-22 14:00:00,351150400,ZIELONA GÓRA,2025,12,22,14,1.0,99,0.9,995.5,1019.7,70.0,3.0,,9.0,45,4.0,,8.0,,
2025-12-22 15:00:00,351150400,ZIELONA GÓRA,2025,12,22,15,1.0,98,0.7,995.8,1020.0,65.0,4.0,,9.0,51,4.0,,8.0,,
2025-12-22 16:00:00,351150400,ZIELONA GÓRA,2025,12,22,16,0.8,98,0.5,995.8,1020.0,67.0,3.0,,9.0,50,5.0,,8.0,,
2025-12-22 17:00:00,351150400,ZIELONA GÓRA,2025,12,22,17,0.8,98,0.5,995.9,1020.1,73.0,3.0,,9.0,50,5.0,,8.0,,
2025-12-22 18:00:00,351150400,ZIELONA GÓRA,2025,12,22,18,0.8,98,0.5,996.3,1020.5,68.0,3.0,,9.0,51,5.0,0.0,,6.0,
2025-12-22 19:00:00,351150400,ZIELONA GÓRA,2025,12,22,19,0.9,98,0.6,996.5,1020.7,82.0,3.0,,8.0,51,5.0,,8.0,,
2025-12-22 20:00:00,351150400,ZIELONA GÓRA,2025,12,22,20,0.5,98,0.2,996.5,1020.8,55.0,2.0,,9.0,47,5.0,,8.0,,
2025-12-22 21:00:00,351150400,ZIELONA GÓRA,2025,12,22,21,0.4,98,0.1,996.8,1021.1,59.0,3.0,,9.0,51,5.0,,8.0,,
2025-12-22 22:00:00,351150400,ZIELONA GÓRA,2025,12,22,22,0.3,98,0.0,996.8,1021.1,58.0,4.0,,,81,,,8.0,,
2025-12-22 23:00:00,351150400,ZIELONA GÓRA,2025,12,22,23,0.4,98,0.1,997.0,1021.3,56.0,3.0,,,20,,,8.0,,
2025-12-23 00:00:00,351150400,ZIELONA GÓRA,2025,12,23,0,0.3,98,0.0,997.1,1021.4,55.0,4.0,,,10,,0.0,,,
2025-12-23 01:00:00,351150400,ZIELONA GÓRA,2025,12,23,1,0.3,98,0.0,997.1,1021.4,59.0,3.0,,,10,,,8.0,,
2025-12-23 02:00:00,351150400,ZIELONA GÓRA,2025,12,23,2,0.2,98,-0.1,997.4,1021.7,55.0,4.0,,,10,,,8.0,,
2025-12-23 03:00:00,351150400,ZIELONA GÓRA,2025,12,23,3,0.1,99,0.0,997.3,1021.6,55.0,4.0,,,10,,,8.0,,
2025-12-23 04:00:00,351150400,ZIELONA GÓRA,2025,12,23,4,0.2,99,0.1,997.4,1021.7,59.0,4.0,10.0,,10,,,8.0,,
2025-12-23 05:00:00,351150400,ZIELONA GÓRA,2025,12,23,5,0.2,98,-0.1,997.6,1021.9,72.0,4.0,,,51,,,8.0,,
2025-12-23 06:00:00,351150400,ZIELONA GÓRA,2025,12,23,6,0.1,99,0.0,998.0,1022.3,65.0,3.0,,8.0,51,,0.0,,6.0,
2025-12-23 07:00:00,351150400,ZIELONA GÓRA,2025,12,23,7,0.0,98,-0.3,998.8,1023.2,62.0,4.0,,8.0,20,2.0,,8.0,,
2025-12-23 08:00:00,351150400,ZIELONA GÓRA,2025,12,23,8,-0.1,97,-0.5,999.4,1023.8,58.0,3.0,,8.0,10,2.0,,8.0,,
2025-12-23 09:00:00,351150400,ZIELONA GÓRA,2025,12,23,9,0.1,92,-1.0,999.8,1024.2,56.0,3.0,,8.0,10,5.0,,8.0,,
2025-12-23 10:00:00,351150400,ZIELONA GÓRA,2025,12,23,10,0.2,87,-1.7,1000.2,1024.6,53.0,4.0,,8.0,2,2.0,,8.0,,
2025-12-23 11:00:00,351150400,ZIELONA GÓRA,2025,12,23,11,0.2,83,-2.3,1000.3,1024.7,59.0,3.0,,8.0,2,2.0,,8.0,,
2025-12-23 12:00:00,351150400,ZIELONA GÓRA,2025,12,23,12,0.5,78,-2.9,1000.3,1024.7,60.0,3.0,,7.0,1,5.0,0.0,,6.0,
2025-12-23 13:00:00,351150400,ZIELONA GÓRA,2025,12,23,13,1.2,70,-3.7,1000.8,1025.1,58.0,4.0,,7.0,1,2.0,,8.0,,
2025-12-23 14:00:00,351150400,ZIELONA GÓRA,2025,12,23,14,1.5,69,-3.6,1001.3,1025.6,53.0,3.0,,7.0,2,2.0,,8.0,,
2025-12-23 15:00:00,351150400,ZIELONA GÓRA,2025,12,23,15,1.4,75,-2.6,1001.6,1025.9,52.0,3.0,,8.0,3,2.0,,8.0,,
2025-12-23 16:00:00,351150400,ZIELONA GÓRA,2025,12,23,16,1.7,67,-3.8,1002.1,1026.4,57.0,4.0,,8.0,1,2.0,,8.0,,
2025-12-23 17:00:00,351150400,ZIELONA GÓRA,2025,12,23,17,1.5,69,-3.6,1002.5,1026.8,60.0,3.0,,8.0,2,2.0,,8.0,,
2025-12-23 18:00:00,351150400,ZIELONA GÓRA,2025,12,23,18,1.4,69,-3.7,1003.0,1027.3,48.0,3.0,,5.0,3,2.0,,9.0,,
2025-12-23 19:00:00,351150400,ZIELONA GÓRA,2025,12,23,19,1.5,71,-3.2,1003.7,1028.0,61.0,3.0,,7.0,1,2.0,,8.0,,
2025-12-23 20:00:00,351150400,ZIELONA GÓRA,2025,12,23,20,1.2,74,-2.9,1004.1,1028.5,35.0,2.0,,7.0,2,2.0,,8.0,,
2025-12-23 21:00:00,351150400,ZIELONA GÓRA,2025,12,23,21,0.7,83,-1.9,1004.4,1028.8,36.0,3.0,,7.0,2,2.0,,8.0,,
2025-12-23 22:00:00,351150400,ZIELONA GÓRA,2025,12,23,22,0.8,89,-0.8,1004.7,1029.1,37.0,2.0,,,0,,,8.0,,
2025-12-23 23:00:00,351150400,ZIELONA GÓRA,2025,12,23,23,0.8,89,-0.8,1004.9,1029.3,37.0,3.0,,,0,,,8.0,,
2025-12-24 00:00:00,351150400,ZIELONA GÓRA,2025,12,24,0,0.3,85,-1.9,1005.3,1029.8,45.0,4.0,,,0,,,9.0,,
2025-12-24 01:00:00,351150400,ZIELONA GÓRA,2025,12,24,1,-0.4,84,-2.8,1005.8,1030.4,42.0,4.0,,,0,,,8.0,,
2025-12-24 02:00:00,351150400,ZIELONA GÓRA,2025,12,24,2,-1.1,86,-3.1,1006.4,1031.1,44.0,3.0,,,0,,,8.0,,
2025-12-24 03:00:00,351150400,ZIELONA GÓRA,2025,12,24,3,-1.7,85,-3.9,1006.6,1031.3,49.0,5.0,,,0,,,8.0,,
2025-12-24 04:00:00,351150400,ZIELONA GÓRA,2025,12,24,4,-2.0,86,-4.0,1006.9,1031.6,44.0,4.0,,,0,,,8.0,,
2025-12-24 05:00:00,351150400,ZIELONA GÓRA,2025,12,24,5,-2.0,82,-4.7,1007.2,1032.0,51.0,4.0,,,0,,,8.0,,
2025-12-24 06:00:00,351150400,ZIELONA GÓRA,2025,12,24,6,-2.2,80,-5.2,1007.8,1032.6,51.0,4.0,,8.0,0,,,9.0,,
2025-12-24 07:00:00,351150400,ZIELONA GÓRA,2025,12,24,7,-2.3,78,-5.6,1008.3,1033.1,51.0,4.0,,8.0,2,2.0,,8.0,,
2025-12-24 08:00:00,351150400,ZIELONA GÓRA,2025,12,24,8,-2.8,78,-6.1,1009.1,1034.0,43.0,4.0,,8.0,2,2.0,,8.0,,
2025-12-24 09:00:00,351150400,ZIELONA GÓRA,2025,12,24,9,-3.8,74,-7.8,1010.2,1035.2,37.0,4.0,,7.0,1,2.0,,8.0,,
2025-12-24 10:00:00,351150400,ZIELONA GÓRA,2025,12,24,10,-3.6,68,-8.7,1010.3,1035.3,53.0,4.0,,6.0,1,2.0,,8.0,,
2025-12-24 11:00:00,351150400,ZIELONA GÓRA,2025,12,24,11,-3.8,70,-8.5,1010.2,1035.2,50.0,3.0,,5.0,1,2.0,,8.0,,
2025-12-24 12:00:00,351150400,ZIELONA GÓRA,2025,12,24,12,-3.5,67,-8.8,1010.4,1035.4,45.0,3.0,8.0,1.0,1,1.0,,9.0,,
2025-12-24 13:00:00,351150400,ZIELONA GÓRA,2025,12,24,13,-3.7,63,-9.7,1010.7,1035.7,41.0,4.0,,1.0,2,0.0,,8.0,,
2025-12-24 14:00:00,351150400,ZIELONA GÓRA,2025,12,24,14,-4.3,65,-9.9,1011.0,1036.1,60.0,3.0,,1.0,2,0.0,,8.0,,
2025-12-24 15:00:00,351150400,ZIELONA GÓRA,2025,12,24,15,-5.5,73,-9.6,1011.3,1036.5,52.0,3.0,,1.0,2,0.0,,8.0,,
2025-12-24 16:00:00,351150400,ZIELONA GÓRA,2025,12,24,16,-6.0,75,-9.7,1011.9,1037.1,59.0,3.0,,6.0,3,1.0,,8.0,,
2025-12-24 17:00:00,351150400,ZIELONA GÓRA,2025,12,24,17,-6.3,76,-9.8,1012.2,1037.5,68.0,3.0,,7.0,3,2.0,,8.0,,
2025-12-24 18:00:00,351150400,ZIELONA GÓRA,2025,12,24,18,-7.0,79,-10.0,1012.6,1038.0,70.0,3.0,,6.0,1,1.0,,9.0,,
2025-12-24 19:00:00,351150400,ZIELONA GÓRA,2025,12,24,19,-7.2,80,-10.1,1013.1,1038.5,72.0,2.0,,7.0,3,2.0,,8.0,,
2025-12-24 20:00:00,351150400,ZIELONA GÓRA,2025,12,24,20,-7.4,79,-10.4,1013.4,1038.8,67.0,4.0,,7.0,2,2.0,,8.0,,
2025-12-24 21:00:00,351150400,ZIELONA GÓRA,2025,12,24,21,-8.0,83,-10.4,1013.3,1038.8,79.0,2.0,,6.0,1,2.0,,8.0,,
2025-12-24 22:00:00,351150400,ZIELONA GÓRA,2025,12,24,22,-8.1,83,-10.5,1013.6,1039.1,79.0,2.0,,,0,,,8.0,,
2025-12-24 23:00:00,351150400,ZIELONA GÓRA,2025,12,24,23,-8.2,83,-10.6,1013.8,1039.3,82.0,2.0,,,0,,,8.0,,
2025-12-25 00:00:00,351150400,ZIELONA GÓRA,2025,12,25,0,-9.1,87,-10.9,1013.7,1039.3,64.0,2.0,,,0,,,9.0,,
2025-12-25 01:00:00,351150400,ZIELONA GÓRA,2025,12,25,1,-9.5,87,-11.3,1013.7,1039.3,66.0,3.0,,,0,,,8.0,,
2025-12-25 02:00:00,351150400,ZIELONA GÓRA,2025,12,25,2,-9.7,88,-11.3,1014.1,1039.8,64.0,3.0,,,0,,,8.0,,
2025-12-25 03:00:00,351150400,ZIELONA GÓRA,2025,12,25,3,-10.0,89,-11.5,1013.5,1039.2,72.0,2.0,,,0,,,8.0,,
2025-12-25 04:00:00,351150400,ZIELONA GÓRA,2025,12,25,4,-10.3,90,-11.6,1013.2,1038.9,98.0,2.0,,,10,,,8.0,,
2025-12-25 05:00:00,351150400,ZIELONA GÓRA,2025,12,25,5,-10.5,90,-11.8,1013.6,1039.3,59.0,3.0,,,10,,,8.0,,
2025-12-25 06:00:00,351150400,ZIELONA GÓRA,2025,12,25,6,-10.5,89,-12.0,1013.6,1039.3,68.0,3.0,,0.0,0,,,9.0,,
2025-12-25 07:00:00,351150400,ZIELONA GÓRA,2025,12,25,7,-10.6,89,-12.1,1014.2,1040.0,59.0,3.0,,1.0,3,0.0,,8.0,,
2025-12-25 08:00:00,351150400,ZIELONA GÓRA,2025,12,25,8,-10.3,88,-11.9,1014.3,1040.0,70.0,3.0,,1.0,2,0.0,,8.0,,
2025-12-25 09:00:00,351150400,ZIELONA GÓRA,2025,12,25,9,-9.3,85,-11.4,1014.0,1039.6,103.0,2.0,,2.0,3,0.0,,8.0,,
2025-12-25 10:00:00,351150400,ZIELONA GÓRA,2025,12,25,10,-8.3,82,-10.8,1013.7,1039.2,117.0,2.0,,1.0,1,0.0,,8.0,,
2025-12-25 11:00:00,351150400,ZIELONA GÓRA,2025,12,25,11,-7.3,79,-10.3,1012.8,1038.2,100.0,2.0,,1.0,1,0.0,,8.0,,
2025-12-25 12:00:00,351150400,ZIELONA GÓRA,2025,12,25,12,-6.9,78,-10.1,1012.4,1037.7,51.0,3.0,,2.0,3,0.0,,9.0,,
2025-12-25 13:00:00,351150400,ZIELONA GÓRA,2025,12,25,13,-7.0,79,-10.0,1012.5,1037.9,59.0,3.0,,1.0,1,0.0,,8.0,,
2025-12-25 14:00:00,351150400,ZIELONA GÓRA,2025,12,25,14,-7.5,80,-10.4,1011.8,1037.2,115.0,3.0,,1.0,2,0.0,,8.0,,
2025-12-25 15:00:00,351150400,ZIELONA GÓRA,2025,12,25,15,-8.5,87,-10.3,1012.3,1037.8,117.0,2.0,,2.0,10,0.0,,8.0,,
2025-12-25 16:00:00,351150400,ZIELONA GÓRA,2025,12,25,16,-8.8,92,-9.9,1012.0,1037.5,116.0,3.0,,7.0,10,1.0,,8.0,,
2025-12-25 17:00:00,351150400,ZIELONA GÓRA,2025,12,25,17,-8.5,93,-9.4,1011.7,1037.2,109.0,2.0,,8.0,10,2.0,,8.0,,
2025-12-25 18:00:00,351150400,ZIELONA GÓRA,2025,12,25,18,-8.1,94,-8.9,1011.2,1036.6,128.0,3.0,,8.0,10,1.0,,9.0,,
2025-12-25 19:00:00,351150400,ZIELONA GÓRA,2025,12,25,19,-7.9,94,-8.7,1011.2,1036.6,109.0,2.0,,8.0,10,2.0,,8.0,,
2025-12-25 20:00:00,351150400,ZIELONA GÓRA,2025,12,25,20,-7.6,93,-8.5,1011.1,1036.5,122.0,2.0,,8.0,10,2.0,,8.0,,
2025-12-25 21:00:00,351150400,ZIELONA GÓRA,2025,12,25,21,-7.5,93,-8.4,1011.0,1036.4,130.0,2.0,,8.0,10,2.0,,8.0,,
2025-12-25 22:00:00,351150400,ZIELONA GÓRA,2025,12,25,22,-7.5,94,-8.3,1011.0,1036.4,141.0,1.0,,,10,,,8.0,,
2025-12-25 23:00:00,351150400,ZIELONA GÓRA,2025,12,25,23,-7.5,94,-8.3,1010.2,1035.5,149.0,1.0,,,10,,,8.0,,
2025-12-26 00:00:00,351150400,ZIELONA GÓRA,2025,12,26,0,-7.5,94,-8.3,1010.0,1035.3,0.0,0.0,,,10,,,9.0,,
2025-12-26 01:00:00,351150400,ZIELONA GÓRA,2025,12,26,1,-7.5,93,-8.4,1010.4,1035.8,0.0,0.0,,,10,,,8.0,,
2025-12-26 02:00:00,351150400,ZIELONA GÓRA,2025,12,26,2,-7.5,94,-8.3,1010.2,1035.5,0.0,0.0,,,20,,,8.0,,
2025-12-26 03:00:00,351150400,ZIELONA GÓRA,2025,12,26,3,-7.3,93,-8.2,1009.4,1034.7,243.0,1.0,,,10,,,8.0,,
2025-12-26 04:00:00,351150400,ZIELONA GÓRA,2025,12,26,4,-7.3,93,-8.2,1008.8,1034.1,208.0,1.0,,,10,,,8.0,,
2025-12-26 05:00:00,351150400,ZIELONA GÓRA,2025,12,26,5,-7.1,92,-8.2,1008.7,1034.0,247.0,1.0,,,10,,,8.0,,
2025-12-26 06:00:00,351150400,ZIELONA GÓRA,2025,12,26,6,-7.1,93,-8.0,1009.4,1034.7,333.0,1.0,,8.0,10,,,9.0,,
2025-12-26 07:00:00,351150400,ZIELONA GÓRA,2025,12,26,7,-7.4,93,-8.3,1009.1,1034.4,266.0,1.0,,8.0,48,4.0,,8.0,,
2025-12-26 08:00:00,351150400,ZIELONA GÓRA,2025,12,26,8,-7.4,91,-8.6,1009.0,1034.3,238.0,1.0,,5.0,10,2.0,,8.0,,
2025-12-26 09:00:00,351150400,ZIELONA GÓRA,2025,12,26,9,-6.6,92,-7.7,1009.4,1034.6,313.0,1.0,,6.0,10,4.0,,8.0,,
2025-12-26 10:00:00,351150400,ZIELONA GÓRA,2025,12,26,10,-5.4,89,-6.9,1009.6,1034.7,312.0,1.0,,6.0,10,1.0,,8.0,,
2025-12-26 11:00:00,351150400,ZIELONA GÓRA,2025,12,26,11,-4.4,81,-7.2,1009.3,1034.3,319.0,2.0,,2.0,10,1.0,,8.0,,
2025-12-26 12:00:00,351150400,ZIELONA GÓRA,2025,12,26,12,-2.8,64,-8.7,1009.0,1033.9,287.0,2.0,,1.0,1,4.0,,9.0,,
2025-12-26 13:00:00,351150400,ZIELONA GÓRA,2025,12,26,13,-2.6,70,-7.3,1008.9,1033.8,316.0,3.0,,2.0,3,0.0,,8.0,,
2025-12-26 14:00:00,351150400,ZIELONA GÓRA,2025,12,26,14,-2.7,85,-4.9,1009.1,1034.0,309.0,2.0,,7.0,3,1.0,,8.0,,
2025-12-26 15:00:00,351150400,ZIELONA GÓRA,2025,12,26,15,-2.7,93,-3.7,1009.4,1034.3,286.0,1.0,,8.0,10,1.0,,8.0,,
2025-12-26 16:00:00,351150400,ZIELONA GÓRA,2025,12,26,16,-2.7,95,-3.4,1009.3,1034.2,289.0,2.0,,8.0,56,2.0,,8.0,,
2025-12-26 17:00:00,351150400,ZIELONA GÓRA,2025,12,26,17,-2.8,96,-3.3,1009.2,1034.1,284.0,2.0,,8.0,56,5.0,,8.0,,
2025-12-26 18:00:00,351150400,ZIELONA GÓRA,2025,12,26,18,-2.7,94,-3.5,1009.4,1034.3,279.0,2.0,,8.0,56,1.0,0.0,,6.0,
2025-12-26 19:00:00,351150400,ZIELONA GÓRA,2025,12,26,19,-3.0,94,-3.8,1010.1,1035.0,305.0,2.0,,8.0,56,5.0,,8.0,,
2025-12-26 20:00:00,351150400,ZIELONA GÓRA,2025,12,26,20,-3.1,95,-3.8,1010.3,1035.2,298.0,2.0,,8.0,56,5.0,,8.0,,
2025-12-26 21:00:00,351150400,ZIELONA GÓRA,2025,12,26,21,-3.0,96,-3.5,1010.4,1035.3,278.0,1.0,,8.0,56,5.0,,8.0,,
2025-12-26 22:00:00,351150400,ZIELONA GÓRA,2025,12,26,22,-3.0,96,-3.5,1010.4,1035.3,287.0,1.0,,,10,,,8.0,,
2025-12-26 23:00:00,351150400,ZIELONA GÓRA,2025,12,26,23,-3.0,97,-3.4,1010.1,1035.0,289.0,2.0,,,10,,,8.0,,
2025-12-27 00:00:00,351150400,ZIELONA GÓRA,2025,12,27,0,-2.8,97,-3.2,1009.8,1034.7,297.0,1.0,,,33,,0.0,,,
2025-12-27 01:00:00,351150400,ZIELONA GÓRA,2025,12,27,1,-2.6,97,-3.0,1009.2,1034.1,267.0,2.0,,,20,,,8.0,,
2025-12-27 02:00:00,351150400,ZIELONA GÓRA,2025,12,27,2,-2.5,97,-2.9,1009.0,1033.8,269.0,2.0,,,10,,,8.0,,
2025-12-27 03:00:00,351150400,ZIELONA GÓRA,2025,12,27,3,-2.4,97,-2.8,1008.7,1033.5,269.0,2.0,,,33,,,8.0,,
2025-12-27 04:00:00,351150400,ZIELONA GÓRA,2025,12,27,4,-2.2,97,-2.6,1008.1,1032.9,271.0,2.0,,,85,,,8.0,,
2025-12-27 05:00:00,351150400,ZIELONA GÓRA,2025,12,27,5,-2.1,97,-2.5,1007.2,1032.0,260.0,3.0,,,34,,,8.0,,
2025-12-27 06:00:00,351150400,ZIELONA GÓRA,2025,12,27,6,-2.1,97,-2.5,1007.1,1031.9,260.0,2.0,,8.0,56,,0.0,,6.0,
2025-12-27 07:00:00,351150400,ZIELONA GÓRA,2025,12,27,7,-2.2,97,-2.6,1006.8,1031.6,257.0,3.0,,8.0,56,5.0,,8.0,,
2025-12-27 08:00:00,351150400,ZIELONA GÓRA,2025,12,27,8,-2.5,97,-2.9,1005.9,1030.7,259.0,4.0,,8.0,42,5.0,,8.0,,
2025-12-27 09:00:00,351150400,ZIELONA GÓRA,2025,12,27,9,-2.9,96,-3.4,1005.8,1030.6,264.0,4.0,9.0,8.0,77,5.0,,8.0,,
2025-12-27 10:00:00,351150400,ZIELONA GÓRA,2025,12,27,10,-2.9,96,-3.4,1004.7,1029.5,255.0,4.0,,8.0,20,7.0,,8.0,,
2025-12-27 11:00:00,351150400,ZIELONA GÓRA,2025,12,27,11,-2.9,96,-3.4,1003.1,1027.8,238.0,3.0,,8.0,28,7.0,,8.0,,
2025-12-27 12:00:00,351150400,ZIELONA GÓRA,2025,12,27,12,-3.2,96,-3.7,1001.9,1026.6,260.0,3.0,8.0,8.0,10,7.0,0.0,,7.0,
2025-12-27 13:00:00,351150400,ZIELONA GÓRA,2025,12,27,13,-3.4,95,-4.1,1001.2,1025.9,275.0,4.0,9.0,8.0,10,2.0,,8.0,,
2025-12-27 14:00:00,351150400,ZIELONA GÓRA,2025,12,27,14,-3.8,96,-4.3,1000.3,1025.1,263.0,5.0,,8.0,10,2.0,,8.0,,
2025-12-27 15:00:00,351150400,ZIELONA GÓRA,2025,12,27,15,-3.4,96,-3.9,1000.5,1025.2,273.0,4.0,,8.0,48,2.0,,8.0,,
2025-12-27 16:00:00,351150400,ZIELONA GÓRA,2025,12,27,16,-2.8,96,-3.3,999.8,1024.4,261.0,3.0,,8.0,56,5.0,,8.0,,
2025-12-27 17:00:00,351150400,ZIELONA GÓRA,2025,12,27,17,-2.0,96,-2.6,999.4,1024.0,269.0,4.0,,8.0,56,5.0,,8.0,,
2025-12-27 18:00:00,351150400,ZIELONA GÓRA,2025,12,27,18,-1.2,97,-1.6,999.3,1023.8,280.0,4.0,,8.0,56,4.0,0.0,,6.0,
2025-12-27 19:00:00,351150400,ZIELONA GÓRA,2025,12,27,19,-0.5,98,-0.8,1000.0,1024.4,291.0,4.0,,9.0,56,6.0,,8.0,,
2025-12-27 20:00:00,351150400,ZIELONA GÓRA,2025,12,27,20,0.1,98,-0.2,1000.3,1024.7,293.0,4.0,,9.0,47,7.0,,8.0,,
2025-12-27 21:00:00,351150400,ZIELONA GÓRA,2025,12,27,21,0.5,98,0.2,1000.7,1025.1,288.0,3.0,,9.0,47,7.0,,8.0,,
2025-12-27 22:00:00,351150400,ZIELONA GÓRA,2025,12,27,22,1.0,98,0.7,1000.8,1025.1,298.0,5.0,,,81,,,8.0,,
2025-12-27 23:00:00,351150400,ZIELONA GÓRA,2025,12,27,23,0.9,98,0.6,1001.2,1025.5,297.0,5.0,,,61,,,8.0,,
2025-12-28 00:00:00,351150400,ZIELONA GÓRA,2025,12,28,0,0.1,98,-0.2,1001.9,1026.3,304.0,3.0,,,0,,0.3,,,
2025-12-28 01:00:00,351150400,ZIELONA GÓRA,2025,12,28,1,-0.5,94,-1.3,1001.8,1026.3,294.0,4.0,,,0,,,8.0,,
2025-12-28 02:00:00,351150400,ZIELONA GÓRA,2025,12,28,2,-0.8,92,-1.9,1002.4,1026.9,294.0,4.0,,,0,,,8.0,,
2025-12-28 03:00:00,351150400,ZIELONA GÓRA,2025,12,28,3,-1.1,90,-2.5,1002.5,1027.1,300.0,3.0,,,0,,,8.0,,
2025-12-28 04:00:00,351150400,ZIELONA GÓRA,2025,12,28,4,-1.6,90,-3.0,1002.4,1027.0,296.0,4.0,,,0,,,8.0,,
2025-12-28 05:00:00,351150400,ZIELONA GÓRA,2025,12,28,5,-1.8,91,-3.1,1002.7,1027.3,298.0,4.0,,,0,,,8.0,,
2025-12-28 06:00:00,351150400,ZIELONA GÓRA,2025,12,28,6,-2.2,93,-3.2,1002.8,1027.5,292.0,3.0,,1.0,0,,,9.0,,
2025-12-28 07:00:00,351150400,ZIELONA GÓRA,2025,12,28,7,-1.9,91,-3.2,1003.8,1028.5,299.0,4.0,,6.0,3,1.0,,8.0,,
2025-12-28 08:00:00,351150400,ZIELONA GÓRA,2025,12,28,8,-2.1,90,-3.5,1004.2,1028.9,301.0,3.0,,2.0,1,1.0,,8.0,,
2025-12-28 09:00:00,351150400,ZIELONA GÓRA,2025,12,28,9,-1.3,86,-3.3,1004.6,1029.2,302.0,3.0,,1.0,1,1.0,,8.0,,
2025-12-28 10:00:00,351150400,ZIELONA GÓRA,2025,12,28,10,0.0,80,-3.0,1004.6,1029.1,317.0,3.0,,1.0,3,0.0,,8.0,,
2025-12-28 11:00:00,351150400,ZIELONA GÓRA,2025,12,28,11,0.8,76,-3.0,1003.9,1028.3,294.0,4.0,,0.0,1,0.0,,8.0,,
2025-12-28 12:00:00,351150400,ZIELONA GÓRA,2025,12,28,12,1.1,76,-2.7,1003.8,1028.2,289.0,4.0,,0.0,2,1.0,,9.0,,
2025-12-28 13:00:00,351150400,ZIELONA GÓRA,2025,12,28,13,1.1,76,-2.7,1003.9,1028.3,291.0,4.0,,1.0,3,0.0,,8.0,,
2025-12-28 14:00:00,351150400,ZIELONA GÓRA,2025,12,28,14,1.0,76,-2.8,1003.7,1028.1,277.0,3.0,,0.0,1,0.0,,8.0,,
2025-12-28 15:00:00,351150400,ZIELONA GÓRA,2025,12,28,15,-0.1,82,-2.8,1003.1,1027.6,266.0,3.0,,1.0,3,0.0,,8.0,,
2025-12-28 16:00:00,351150400,ZIELONA GÓRA,2025,12,28,16,-0.7,88,-2.4,1002.2,1026.7,273.0,4.0,9.0,0.0,1,0.0,,8.0,,
2025-12-28 17:00:00,351150400,ZIELONA GÓRA,2025,12,28,17,-1.0,87,-2.9,1001.8,1026.3,283.0,4.0,,0.0,2,0.0,,8.0,,
2025-12-28 18:00:00,351150400,ZIELONA GÓRA,2025,12,28,18,-1.3,89,-2.9,1001.8,1026.4,279.0,4.0,,0.0,2,0.0,,9.0,,
2025-12-28 19:00:00,351150400,ZIELONA GÓRA,2025,12,28,19,-1.7,92,-2.8,1001.4,1026.0,278.0,4.0,,1.0,3,0.0,,8.0,,
2025-12-28 20:00:00,351150400,ZIELONA GÓRA,2025,12,28,20,-1.9,94,-2.7,1001.0,1025.6,271.0,4.0,,7.0,3,1.0,,8.0,,
2025-12-28 21:00:00,351150400,ZIELONA GÓRA,2025,12,28,21,-2.0,94,-2.8,1000.1,1024.7,262.0,4.0,,7.0,2,1.0,,8.0,,
2025-12-28 22:00:00,351150400,ZIELONA GÓRA,2025,12,28,22,-2.1,95,-2.8,998.9,1023.5,228.0,3.0,,,10,,,8.0,,
2025-12-28 23:00:00,351150400,ZIELONA GÓRA,2025,12,28,23,-2.5,92,-3.6,997.8,1022.4,224.0,4.0,,,10,,,8.0,,
2025-12-29 00:00:00,351150400,ZIELONA GÓRA,2025,12,29,0,-2.8,92,-3.9,997.4,1022.0,246.0,3.0,,,0,,,9.0,,
2025-12-29 01:00:00,351150400,ZIELONA GÓRA,2025,12,29,1,-2.4,91,-3.7,996.7,1021.2,271.0,4.0,,,0,,,8.0,,
2025-12-29 02:00:00,351150400,ZIELONA GÓRA,2025,12,29,2,-2.2,96,-2.8,995.2,1019.7,269.0,4.0,,,85,,,8.0,,
2025-12-29 03:00:00,351150400,ZIELONA GÓRA,2025,12,29,3,-1.7,96,-2.3,995.2,1019.6,276.0,4.0,9.0,,71,,,8.0,,
2025-12-29 04:00:00,351150400,ZIELONA GÓRA,2025,12,29,4,-1.4,96,-2.0,994.6,1019.0,260.0,4.0,,,54,,,8.0,,
2025-12-29 05:00:00,351150400,ZIELONA GÓRA,2025,12,29,5,-1.0,96,-1.6,994.2,1018.5,262.0,4.0,,,24,,,8.0,,
2025-12-29 06:00:00,351150400,ZIELONA GÓRA,2025,12,29,6,-0.5,97,-0.9,994.0,1018.3,277.0,4.0,,8.0,56,,0.0,,6.0,
2025-12-29 07:00:00,351150400,ZIELONA GÓRA,2025,12,29,7,-0.1,96,-0.7,994.2,1018.5,275.0,3.0,,8.0,56,5.0,,8.0,,
2025-12-29 08:00:00,351150400,ZIELONA GÓRA,2025,12,29,8,0.0,96,-0.6,993.7,1017.9,264.0,3.0,,7.0,24,5.0,,8.0,,
2025-12-29 09:00:00,351150400,ZIELONA GÓRA,2025,12,29,9,0.3,95,-0.4,993.6,1017.8,265.0,3.0,,7.0,10,5.0,,8.0,,
2025-12-29 10:00:00,351150400,ZIELONA GÓRA,2025,12,29,10,0.6,93,-0.4,993.2,1017.4,258.0,3.0,,7.0,1,2.0,,8.0,,
2025-12-29 11:00:00,351150400,ZIELONA GÓRA,2025,12,29,11,1.0,92,-0.2,992.4,1016.5,268.0,4.0,,7.0,3,2.0,,8.0,,
2025-12-29 12:00:00,351150400,ZIELONA GÓRA,2025,12,29,12,1.2,91,-0.1,991.8,1015.9,269.0,3.0,,7.0,2,5.0,0.0,,6.0,
2025-12-29 13:00:00,351150400,ZIELONA GÓRA,2025,12,29,13,1.6,86,-0.5,991.4,1015.4,274.0,4.0,,7.0,2,2.0,,8.0,,
2025-12-29 14:00:00,351150400,ZIELONA GÓRA,2025,12,29,14,1.8,84,-0.6,991.3,1015.3,280.0,3.0,,7.0,2,2.0,,8.0,,
2025-12-29 15:00:00,351150400,ZIELONA GÓRA,2025,12,29,15,1.5,87,-0.4,990.6,1014.6,275.0,3.0,,5.0,1,2.0,,8.0,,
2025-12-29 16:00:00,351150400,ZIELONA GÓRA,2025,12,29,16,1.6,89,0.0,990.4,1014.4,270.0,2.0,,7.0,3,2.0,,8.0,,
2025-12-29 17:00:00,351150400,ZIELONA GÓRA,2025,12,29,17,1.7,92,0.5,990.1,1014.1,266.0,3.0,,8.0,3,2.0,,8.0,,
2025-12-29 18:00:00,351150400,ZIELONA GÓRA,2025,12,29,18,1.6,95,0.9,989.9,1013.9,312.0,3.0,,8.0,60,2.0,0.3,,6.0,
2025-12-29 19:00:00,351150400,ZIELONA GÓRA,2025,12,29,19,1.4,96,0.8,990.1,1014.1,297.0,3.0,,8.0,21,2.0,,8.0,,
2025-12-29 20:00:00,351150400,ZIELONA GÓRA,2025,12,29,20,1.0,96,0.4,990.4,1014.5,315.0,4.0,,8.0,21,6.0,,8.0,,
2025-12-29 21:00:00,351150400,ZIELONA GÓRA,2025,12,29,21,0.7,97,0.3,990.6,1014.7,309.0,3.0,,8.0,10,6.0,,8.0,,
2025-12-29 22:00:00,351150400,ZIELONA GÓRA,2025,12,29,22,0.2,94,-0.7,991.2,1015.4,318.0,3.0,,,0,,,8.0,,
2025-12-29 23:00:00,351150400,ZIELONA GÓRA,2025,12,29,23,-0.2,87,-2.1,991.7,1015.9,316.0,4.0,,,0,,,8.0,,
2025-12-30 00:00:00,351150400,ZIELONA GÓRA,2025,12,30,0,-1.2,85,-3.4,992.4,1016.7,313.0,3.0,,,0,,0.1,,,
2025-12-30 01:00:00,351150400,ZIELONA GÓRA,2025,12,30,1,-1.9,83,-4.4,992.5,1016.9,295.0,3.0,,,0,,,8.0,,
2025-12-30 02:00:00,351150400,ZIELONA GÓRA,2025,12,30,2,-2.3,79,-5.4,993.1,1017.5,303.0,4.0,,,0,,,8.0,,
2025-12-30 03:00:00,351150400,ZIELONA GÓRA,2025,12,30,3,-2.5,75,-6.3,993.3,1017.8,296.0,5.0,,,0,,,8.0,,
2025-12-30 04:00:00,351150400,ZIELONA GÓRA,2025,12,30,4,-2.7,71,-7.2,993.6,1018.1,296.0,5.0,,,0,,,8.0,,
2025-12-30 05:00:00,351150400,ZIELONA GÓRA,2025,12,30,5,-2.7,71,-7.2,993.9,1018.4,296.0,5.0,,,0,,,8.0,,
2025-12-30 06:00:00,351150400,ZIELONA GÓRA,2025,12,30,6,-2.9,75,-6.7,994.0,1018.5,292.0,4.0,,0.0,0,,,9.0,,
2025-12-30 07:00:00,351150400,ZIELONA GÓRA,2025,12,30,7,-3.1,79,-6.2,994.6,1019.1,288.0,3.0,,0.0,2,0.0,,8.0,,
2025-12-30 08:00:00,351150400,ZIELONA GÓRA,2025,12,30,8,-3.2,82,-5.8,995.0,1019.6,283.0,3.0,,1.0,3,0.0,,8.0,,
2025-12-30 09:00:00,351150400,ZIELONA GÓRA,2025,12,30,9,-2.3,80,-5.3,995.0,1019.5,283.0,4.0,,1.0,3,0.0,,8.0,,
2025-12-30 10:00:00,351150400,ZIELONA GÓRA,2025,12,30,10,-0.9,77,-4.4,994.8,1019.1,292.0,5.0,10.0,7.0,3,1.0,,8.0,,
2025-12-30 11:00:00,351150400,ZIELONA GÓRA,2025,12,30,11,-1.1,83,-3.6,994.5,1018.9,289.0,5.0,,7.0,26,8.0,,8.0,,
2025-12-30 12:00:00,351150400,ZIELONA GÓRA,2025,12,30,12,-0.2,75,-4.1,994.1,1018.4,300.0,5.0,12.0,7.0,1,8.0,0.0,,7.0,
2025-12-30 13:00:00,351150400,ZIELONA GÓRA,2025,12,30,13,0.2,65,-5.6,994.0,1018.2,307.0,5.0,11.0,6.0,3,2.0,,8.0,,
2025-12-30 14:00:00,351150400,ZIELONA GÓRA,2025,12,30,14,-0.2,64,-6.2,994.3,1018.6,301.0,5.0,10.0,3.0,1,1.0,,8.0,,
2025-12-30 15:00:00,351150400,ZIELONA GÓRA,2025,12,30,15,-0.8,59,-7.8,995.0,1019.3,310.0,5.0,,2.0,3,1.0,,8.0,,
2025-12-30 16:00:00,351150400,ZIELONA GÓRA,2025,12,30,16,-1.6,66,-7.1,995.3,1019.7,301.0,3.0,,2.0,1,0.0,,8.0,,
2025-12-30 17:00:00,351150400,ZIELONA GÓRA,2025,12,30,17,-1.9,70,-6.6,995.4,1019.9,301.0,4.0,,2.0,2,0.0,,8.0,,
2025-12-30 18:00:00,351150400,ZIELONA GÓRA,2025,12,30,18,-2.2,72,-6.6,995.4,1019.9,299.0,5.0,,0.0,1,1.0,,9.0,,
2025-12-30 19:00:00,351150400,ZIELONA GÓRA,2025,12,30,19,-2.3,73,-6.5,995.8,1020.3,298.0,5.0,,0.0,2,0.0,,8.0,,
2025-12-30 20:00:00,351150400,ZIELONA GÓRA,2025,12,30,20,-2.7,75,-6.5,996.2,1020.7,292.0,4.0,,0.0,2,0.0,,8.0,,
2025-12-30 21:00:00,351150400,ZIELONA GÓRA,2025,12,30,21,-3.0,75,-6.8,996.0,1020.6,297.0,5.0,,0.0,2,0.0,,8.0,,
2025-12-30 22:00:00,351150400,ZIELONA GÓRA,2025,12,30,22,-3.2,78,-6.5,996.1,1020.7,292.0,4.0,,,0,,,8.0,,
2025-12-30 23:00:00,351150400,ZIELONA GÓRA,2025,12,30,23,-3.3,81,-6.1,995.9,1020.5,289.0,4.0,,,0,,,8.0,,
2025-12-31 00:00:00,351150400,ZIELONA GÓRA,2025,12,31,0,-3.8,85,-6.0,995.8,1020.4,281.0,4.0,,,0,,,9.0,,
2025-12-31 01:00:00,351150400,ZIELONA GÓRA,2025,12,31,1,-4.1,88,-5.8,995.7,1020.4,283.0,3.0,,,0,,,8.0,,
2025-12-31 02:00:00,351150400,ZIELONA GÓRA,2025,12,31,2,-4.3,90,-5.7,995.5,1020.2,285.0,3.0,,,0,,,8.0,,
2025-12-31 03:00:00,351150400,ZIELONA GÓRA,2025,12,31,3,-4.4,94,-5.2,995.0,1019.7,281.0,4.0,,,0,,,8.0,,
2025-12-31 04:00:00,351150400,ZIELONA GÓRA,2025,12,31,4,-4.2,92,-5.3,994.2,1018.8,278.0,3.0,,,24,,,8.0,,
2025-12-31 05:00:00,351150400,ZIELONA GÓRA,2025,12,31,5,-4.0,91,-5.3,993.9,1018.5,283.0,4.0,,,0,,,8.0,,
2025-12-31 06:00:00,351150400,ZIELONA GÓRA,2025,12,31,6,-4.2,88,-5.9,993.5,1018.1,260.0,4.0,,1.0,0,,,9.0,,
2025-12-31 07:00:00,351150400,ZIELONA GÓRA,2025,12,31,7,-4.4,84,-6.7,993.3,1017.9,259.0,4.0,,1.0,2,0.0,,8.0,,
2025-12-31 08:00:00,351150400,ZIELONA GÓRA,2025,12,31,8,-4.3,82,-6.9,993.0,1017.6,218.0,2.0,,5.0,3,1.0,,8.0,,
2025-12-31 09:00:00,351150400,ZIELONA GÓRA,2025,12,31,9,-3.8,81,-6.6,992.0,1016.5,206.0,3.0,,6.0,3,1.0,,8.0,,
2025-12-31 10:00:00,351150400,ZIELONA GÓRA,2025,12,31,10,-3.7,89,-5.2,990.9,1015.4,210.0,4.0,,8.0,73,7.0,,8.0,,
2025-12-31 11:00:00,351150400,ZIELONA GÓRA,2025,12,31,11,-3.2,93,-4.2,989.2,1013.6,196.0,3.0,,8.0,71,7.0,,8.0,,
2025-12-31 12:00:00,351150400,ZIELONA GÓRA,2025,12,31,12,-2.7,94,-3.5,988.1,1012.4,196.0,3.0,,8.0,75,1.0,0.6,,7.0,
2025-12-31 13:00:00,351150400,ZIELONA GÓRA,2025,12,31,13,-2.1,94,-2.9,987.1,1011.4,217.0,3.0,,8.0,71,8.0,,8.0,,
2025-12-31 14:00:00,351150400,ZIELONA GÓRA,2025,12,31,14,-1.3,95,-2.0,986.5,1010.7,245.0,3.0,,8.0,71,7.0,,8.0,,
2025-12-31 15:00:00,351150400,ZIELONA GÓRA,2025,12,31,15,-0.6,97,-1.0,986.5,1010.6,279.0,3.0,,8.0,24,8.0,,8.0,,
2025-12-31 16:00:00,351150400,ZIELONA GÓRA,2025,12,31,16,-0.1,97,-0.5,986.4,1010.5,280.0,3.0,,8.0,70,7.0,,8.0,,
2025-12-31 17:00:00,351150400,ZIELONA GÓRA,2025,12,31,17,0.1,97,-0.3,986.7,1010.8,289.0,3.0,,8.0,71,7.0,,8.0,,
2025-12-31 18:00:00,351150400,ZIELONA GÓRA,2025,12,31,18,0.1,97,-0.3,986.9,1011.0,291.0,3.0,,8.0,70,8.0,0.4,,7.0,3.0
2025-12-31 19:00:00,351150400,ZIELONA GÓRA,2025,12,31,19,0.3,96,-0.3,987.2,1011.3,283.0,3.0,,8.0,70,7.0,,8.0,,
2025-12-31 20:00:00,351150400,ZIELONA GÓRA,2025,12,31,20,0.4,95,-0.3,987.2,1011.2,272.0,2.0,,8.0,22,7.0,,8.0,,
2025-12-31 21:00:00,351150400,ZIELONA GÓRA,2025,12,31,21,0.6,96,0.0,987.0,1011.0,268.0,3.0,,7.0,10,7.0,,8.0,,
2025-12-31 22:00:00,351150400,ZIELONA GÓRA,2025,12,31,22,0.5,96,-0.1,986.6,1010.6,263.0,3.0,,,10,,,8.0,,
2025-12-31 23:00:00,351150400,ZIELONA GÓRA,2025,12,31,23,0.8,97,0.4,985.8,1009.8,249.0,3.0,,,20,,,8.0,,
